{"bb_code": "1500544001110035", "bb_year": "2560", "amount": 7500, "min_code": "15000", "agc_code": "15005", "name": "ถังดับเพลิง ตำบลแม่กลองอำเภอเมืองสมุทรสงครามจังหวัดสมุทรสงคราม", "min": "กระทรวงมหาดไทย", "agc": "กรมที่ดิน", "plan_name": "แผนงานพื้นฐานด้านการปรับสมดุลและพัฒนาระบบการบริหารจัดการภาครัฐ", "stg_name": "ยุทธศาสตร์ด้านการปรับสมดุลและพัฒนาระบบบริหารจัดการภาครัฐ", "objc_level1_name": "งบลงทุน", "compare": [{"bb_amount": 7500, "bb_province": "สมุทรสงคราม", "gf_amount": 4815, "gf_province": "สมุทรสงคราม"}], "gf_amount_sum": 4815}
{"bb_code": "1500738002110005", "bb_year": "2560", "amount": 7000, "min_code": "15000", "agc_code": "15007", "name": "ชุดสว่านไขควงไร้สายแขวงสามเสนใน เขตพญาไท กรุงเทพมหานคร", "min": "กระทรวงมหาดไทย", "agc": "กรมโยธาธิการและผังเมือง", "plan_name": "แผนงานพื้นฐานด้านการจัดการน้ำและสร้างการเติบโตบนคุณภาพชีวิตที่เป็นมิตรกับสิ่งแวดล้อมอย่างยั่งยืน", "stg_name": "ยุทธศาสตร์ด้านการจัดการน้ำและสร้างการเติบโตบนคุณภาพชีวิตที่เป็นมิตรกับสิ่งแวดล้อมอย่างยั่งยืน", "objc_level1_name": "งบลงทุน", "compare": [{"bb_amount": 7000, "bb_province": "กรุงเทพมหานคร", "gf_amount": 7000, "gf_province": "ส่วนกลาง"}], "gf_amount_sum": 7000}
{"bb_code": "1500544001110116", "bb_year": "2560", "amount": 6900, "min_code": "15000", "agc_code": "15005", "name": "รถเข็น ชนิดนั่ง ตำบลคลองท่อมใต้ อำเภอคลองท่อมจังหวัดกระบี่", "min": "กระทรวงมหาดไทย", "agc": "กรมที่ดิน", "plan_name": "แผนงานพื้นฐานด้านการปรับสมดุลและพัฒนาระบบการบริหารจัดการภาครัฐ", "stg_name": "ยุทธศาสตร์ด้านการปรับสมดุลและพัฒนาระบบบริหารจัดการภาครัฐ", "objc_level1_name": "งบลงทุน", "compare": [{"bb_amount": 6900, "bb_province": "กระบี่", "gf_amount": 6900, "gf_province": "กระบี่"}], "gf_amount_sum": 6900}
{"bb_code": "1500844005110402", "bb_year": "2560", "amount": 6400, "min_code": "15000", "agc_code": "15008", "name": "เครื่องสำรองไฟฟ้า ขนาด800VA สำนักงานส่งเสริมการปกครองท้องถิ่นจังหวัดอุทัยธานี ตำบลอุทัยใหม่อำเภอเมืองอุทัยธานีจังหวัดอุทัยธานี", "min": "กระทรวงมหาดไทย", "agc": "กรมส่งเสริมการปกครองท้องถิ่น", "plan_name": "แผนงานพื้นฐานด้านการปรับสมดุลและพัฒนาระบบการบริหารจัดการภาครัฐ", "stg_name": "ยุทธศาสตร์ด้านการปรับสมดุลและพัฒนาระบบบริหารจัดการภาครัฐ", "objc_level1_name": "งบลงทุน", "compare": [{"bb_amount": 6400, "bb_province": "อุทัยธานี", "gf_amount": 4000, "gf_province": "อุทัยธานี"}], "gf_amount_sum": 4000}
{"bb_code": "1500844005110397", "bb_year": "2560", "amount": 6400, "min_code": "15000", "agc_code": "15008", "name": "เครื่องสำรองไฟฟ้า ขนาด800VA สำนักงานส่งเสริมการปกครองท้องถิ่นจังหวัดพิจิตร ตำบลท่าหลวงอำเภอเมืองพิจิตร จังหวัดพิจิตร", "min": "กระทรวงมหาดไทย", "agc": "กรมส่งเสริมการปกครองท้องถิ่น", "plan_name": "แผนงานพื้นฐานด้านการปรับสมดุลและพัฒนาระบบการบริหารจัดการภาครัฐ", "stg_name": "ยุทธศาสตร์ด้านการปรับสมดุลและพัฒนาระบบบริหารจัดการภาครัฐ", "objc_level1_name": "งบลงทุน", "compare": [{"bb_amount": 6400, "bb_province": "พิจิตร", "gf_amount": 28800, "gf_province": "พิจิตร"}], "gf_amount_sum": 28800}
{"bb_code": "1500711006110016", "bb_year": "2560", "amount": 4200, "min_code": "15000", "agc_code": "15007", "name": "อุปกรณ์อ่านบัตรแบบอเนกประสงค์ (Smart CardReader) แขวงสามเสนในเขตพญาไทกรุงเทพมหานคร", "min": "กระทรวงมหาดไทย", "agc": "กรมโยธาธิการและผังเมือง", "plan_name": "แผนงานพื้นฐานด้านการสร้างความสามารถในการแข่งขันของประเทศ ", "stg_name": "ยุทธศาสตร์ด้านการสร้างความสามารถในการแข่งขันของประเทศ", "objc_level1_name": "งบลงทุน", "compare": [{"bb_amount": 4200, "bb_province": "กรุงเทพมหานคร", "gf_amount": 4104, "gf_province": "ส่วนกลาง"}], "gf_amount_sum": 4104}
{"bb_code": "1500738002110034", "bb_year": "2560", "amount": 3900, "min_code": "15000", "agc_code": "15007", "name": "ไม้สต๊าฟอลูมิเนียม ความยาว 5 เมตร แขวงสามเสนใน เขตพญาไทกรุงเทพมหานคร", "min": "กระทรวงมหาดไทย", "agc": "กรมโยธาธิการและผังเมือง", "plan_name": "แผนงานพื้นฐานด้านการจัดการน้ำและสร้างการเติบโตบนคุณภาพชีวิตที่เป็นมิตรกับสิ่งแวดล้อมอย่างยั่งยืน", "stg_name": "ยุทธศาสตร์ด้านการจัดการน้ำและสร้างการเติบโตบนคุณภาพชีวิตที่เป็นมิตรกับสิ่งแวดล้อมอย่างยั่งยืน", "objc_level1_name": "งบลงทุน", "compare": [{"bb_amount": 3900, "bb_province": "กรุงเทพมหานคร", "gf_amount": 3900, "gf_province": "ส่วนกลาง"}], "gf_amount_sum": 3900}
{"bb_code": "1500738002110035", "bb_year": "2560", "amount": 3000, "min_code": "15000", "agc_code": "15007", "name": "เทปวัดระยะสแตนเลส 50เมตร แขวงสามเสนใน เขตพญาไท กรุงเทพมหานคร", "min": "กระทรวงมหาดไทย", "agc": "กรมโยธาธิการและผังเมือง", "plan_name": "แผนงานพื้นฐานด้านการจัดการน้ำและสร้างการเติบโตบนคุณภาพชีวิตที่เป็นมิตรกับสิ่งแวดล้อมอย่างยั่งยืน", "stg_name": "ยุทธศาสตร์ด้านการจัดการน้ำและสร้างการเติบโตบนคุณภาพชีวิตที่เป็นมิตรกับสิ่งแวดล้อมอย่างยั่งยืน", "objc_level1_name": "งบลงทุน", "compare": [{"bb_amount": 3000, "bb_province": "กรุงเทพมหานคร", "gf_amount": 3000, "gf_province": "ส่วนกลาง"}], "gf_amount_sum": 3000}
{"bb_code": "1500742031500002", "bb_year": "2560", "amount": 1000, "min_code": "15000", "agc_code": "15007", "name": "เงินอุดหนุนค่าบำรุงสมาคมอาเซียน - ประเทศไทย", "min": "กระทรวงมหาดไทย", "agc": "กรมโยธาธิการและผังเมือง", "plan_name": "แผนงานยุทธศาสตร์อนุรักษ์ ฟื้นฟู และป้องกันทรัพยากรธรรมชาติ", "stg_name": "ยุทธศาสตร์ด้านการจัดการน้ำและสร้างการเติบโตบนคุณภาพชีวิตที่เป็นมิตรกับสิ่งแวดล้อมอย่างยั่งยืน", "objc_level1_name": "งบอุดหนุน", "compare": [{"bb_amount": 1000, "bb_province": "กรุงเทพมหานคร", "gf_amount": 1000, "gf_province": "ส่วนกลาง"}], "gf_amount_sum": 1000}
