{"bb_code": "1500641007420001", "bb_year": "2560", "amount": 10000000, "min_code": "15000", "agc_code": "15006", "name": "ขุดลอกสระน้ำบ้านในลุ่มหมู่ที่ 3 บ้านในลุ่ม ตำบลควนรู อำเภอรัตภูมิ จังหวัดสงขลา", "min": "กระทรวงมหาดไทย", "agc": "กรมป้องกันและบรรเทาสาธารณภัย", "plan_name": "แผนงานบูรณาการบริหารจัดการทรัพยากรน้ำ", "stg_name": "ยุทธศาสตร์ด้านการจัดการน้ำและสร้างการเติบโตบนคุณภาพชีวิตที่เป็นมิตรกับสิ่งแวดล้อมอย่างยั่งยืน", "objc_level1_name": "งบลงทุน", "compare": [{"bb_amount": 10000000, "bb_province": "สงขลา"}], "gf_amount_sum": 0}
{"bb_code": "1500848002600878", "bb_year": "2560", "amount": 9999900, "min_code": "15000", "agc_code": "15008", "name": "ซ่อมแซมถนนลาดยางAsphaltic Concrete โดยวิธีPavement In-Place Recyclingสายแยกทางหลวง 23-บ้านภูเหล็ก(ถนนสายบ้านภูเหล็ก-บ้านหนองฮี) จำนวน4 ช่วง ยาวรวม 2,450 เมตรหรือพื้นที่ไม่น้อยกว่า19,420 ตารางเมตรองค์การบริหารส่วนตำบลภูเหล็ก อำเภอบ้านไผ่จังหวัดขอนแก่น", "min": "กระทรวงมหาดไทย", "agc": "กรมส่งเสริมการปกครองท้องถิ่น", "plan_name": "แผนงานบูรณาการส่งเสริมการกระจายอำนาจให้แก่องค์กรปกครองส่วนท้องถิ่น", "stg_name": "ยุทธศาสตร์ด้านการปรับสมดุลและพัฒนาระบบบริหารจัดการภาครัฐ", "objc_level1_name": "งบอุดหนุน", "compare": [{"bb_amount": 9999900, "bb_province": "ขอนแก่น", "gf_amount": 7200000, "gf_province": "ขอนแก่น"}], "gf_amount_sum": 7200000}
{"bb_code": "1500848002600910", "bb_year": "2560", "amount": 9999500, "min_code": "15000", "agc_code": "15008", "name": "ซ่อมสร้างถนนลาดยางพาราแอสฟัลท์ติกคอนกรีตสายกบ. ถ.53 - 002 บ้านคลองท่วง - พระตำหนัก หมู่ที่ 2บ้านคลองม่วง ตำบลหนองทะเล กว้าง 9 เมตร ยาว1,500 เมตร หนา 0.05เมตร องค์การบริหารส่วนตำบลหนองทะเล อำเภอเมืองกระบี่ จังหวัดกระบี่", "min": "กระทรวงมหาดไทย", "agc": "กรมส่งเสริมการปกครองท้องถิ่น", "plan_name": "แผนงานบูรณาการส่งเสริมการกระจายอำนาจให้แก่องค์กรปกครองส่วนท้องถิ่น", "stg_name": "ยุทธศาสตร์ด้านการปรับสมดุลและพัฒนาระบบบริหารจัดการภาครัฐ", "objc_level1_name": "งบอุดหนุน", "compare": [{"bb_amount": 9999500, "bb_province": "กระบี่", "gf_amount": 9963000, "gf_province": "กระบี่"}], "gf_amount_sum": 9963000}
{"bb_code": "1500848002600115", "bb_year": "2560", "amount": 9999000, "min_code": "15000", "agc_code": "15008", "name": "ปรับปรุงซ่อมสร้างถนนลาดยาง AsphalticConcrete โดยวิธี PavementIn-Place Recycling สายบ้านจุ้มปะ-บ้านควนขัน กว้าง 7เมตร ระยะทาง 3,290 เมตรหนา 0.04 เมตร เทศบาลตำบลคูหาใต้ อำเภอรัตภูมิจังหวัดสงขลา", "min": "กระทรวงมหาดไทย", "agc": "กรมส่งเสริมการปกครองท้องถิ่น", "plan_name": "แผนงานบูรณาการส่งเสริมการกระจายอำนาจให้แก่องค์กรปกครองส่วนท้องถิ่น", "stg_name": "ยุทธศาสตร์ด้านการปรับสมดุลและพัฒนาระบบบริหารจัดการภาครัฐ", "objc_level1_name": "งบอุดหนุน", "compare": [{"bb_amount": 9999000, "bb_province": "สงขลา", "gf_amount": 9985000, "gf_province": "สงขลา"}], "gf_amount_sum": 9985000}
{"bb_code": "1500848002600116", "bb_year": "2560", "amount": 9999000, "min_code": "15000", "agc_code": "15008", "name": "เสริมผิวจราจรลาดยาง ParaAsphaltic Concrete สาย สข2099 (บ้านนาจวก-กระอาน) หมู่ที่ 2 บ้านนาจวก ตำบลท่าม่วง ขนาดกว้าง 6 เมตร ยาว 4,063เมตร หนา 0.04 เมตรองค์การบริหารส่วนตำบลท่าม่วง อำเภอเทพา จังหวัดสงขลา", "min": "กระทรวงมหาดไทย", "agc": "กรมส่งเสริมการปกครองท้องถิ่น", "plan_name": "แผนงานบูรณาการส่งเสริมการกระจายอำนาจให้แก่องค์กรปกครองส่วนท้องถิ่น", "stg_name": "ยุทธศาสตร์ด้านการปรับสมดุลและพัฒนาระบบบริหารจัดการภาครัฐ", "objc_level1_name": "งบอุดหนุน", "compare": [{"bb_amount": 9999000, "bb_province": "สงขลา", "gf_amount": 9986000, "gf_province": "สงขลา"}], "gf_amount_sum": 9986000}
{"bb_code": "1500848002600090", "bb_year": "2560", "amount": 9999000, "min_code": "15000", "agc_code": "15008", "name": "ซ่อมสร้างถนนลาดยางผิวจราจร Asphaltic Concreteสายสำนักแต้ว- คลองยน ม.1- 6 กว้าง 6 เมตร ยาว4,350 เมตร องค์การบริหารส่วนตำบลสำนักแต้ว อำเภอสะเดา จังหวัดสงขลา", "min": "กระทรวงมหาดไทย", "agc": "กรมส่งเสริมการปกครองท้องถิ่น", "plan_name": "แผนงานบูรณาการส่งเสริมการกระจายอำนาจให้แก่องค์กรปกครองส่วนท้องถิ่น", "stg_name": "ยุทธศาสตร์ด้านการปรับสมดุลและพัฒนาระบบบริหารจัดการภาครัฐ", "objc_level1_name": "งบอุดหนุน", "compare": [{"bb_amount": 9999000, "bb_province": "สงขลา", "gf_amount": 9865000, "gf_province": "สงขลา"}], "gf_amount_sum": 9865000}
{"bb_code": "1500848002600281", "bb_year": "2560", "amount": 9999000, "min_code": "15000", "agc_code": "15008", "name": "ปรับปรุงผิวทางพาราแอสฟัลท์ติกคอนกรีต โดยวิธีOverlay ผิวจราจรกว้างประมาณ 6 เมตร ไหล่ทางผิวพาราแอสฟัสติกคอนกรีตกว้างประมาณข้างละ 0.50เมตร หนาเฉลี่ย 0.05 เมตรพื้นที่เฉลี่ยประมาณ20,584 ตารางเมตรองค์การบริหารส่วนตำบลพนานิคม อำเภอนิคมพัฒนาจังหวัดระยอง", "min": "กระทรวงมหาดไทย", "agc": "กรมส่งเสริมการปกครองท้องถิ่น", "plan_name": "แผนงานบูรณาการส่งเสริมการกระจายอำนาจให้แก่องค์กรปกครองส่วนท้องถิ่น", "stg_name": "ยุทธศาสตร์ด้านการปรับสมดุลและพัฒนาระบบบริหารจัดการภาครัฐ", "objc_level1_name": "งบอุดหนุน", "compare": [{"bb_amount": 9999000, "bb_province": "ระยอง", "gf_amount": 9633600, "gf_province": "ระยอง"}], "gf_amount_sum": 9633600}
{"bb_code": "1500848002600082", "bb_year": "2560", "amount": 9999000, "min_code": "15000", "agc_code": "15008", "name": "เสริมผิวจราจรลาดยาง ParaAsphaltic Concrete สายแยกทล.42 - บ้านลำลอง หมู่ที่12 ตำบลนาทวี กว้าง 6เมตร ยาว 2,900 เมตร หนา0.05 เมตร เทศบาลตำบลนาทวีนอก อำเภอนาทวีจังหวัดสงขลา", "min": "กระทรวงมหาดไทย", "agc": "กรมส่งเสริมการปกครองท้องถิ่น", "plan_name": "แผนงานบูรณาการส่งเสริมการกระจายอำนาจให้แก่องค์กรปกครองส่วนท้องถิ่น", "stg_name": "ยุทธศาสตร์ด้านการปรับสมดุลและพัฒนาระบบบริหารจัดการภาครัฐ", "objc_level1_name": "งบอุดหนุน", "compare": [{"bb_amount": 9999000, "bb_province": "สงขลา", "gf_amount": 9990000, "gf_province": "สงขลา"}], "gf_amount_sum": 9990000}
{"bb_code": "1500848002600672", "bb_year": "2560", "amount": 9999000, "min_code": "15000", "agc_code": "15008", "name": "บูรณะซ่อมแซมผิวจราจรแอสฟัลท์ติกคอนกรีต สายวัดถ้ำเขารังไก่ หมู่ที่ 6 บ้านน้ำพู ตำบลสะพานหิน พื้นที่ไม่น้อยกว่า 18,315 ตารางเมตร องค์การบริหารส่วนตำบลสะพานหิน อำเภอหนองมะโมง จังหวัดชัยนาท", "min": "กระทรวงมหาดไทย", "agc": "กรมส่งเสริมการปกครองท้องถิ่น", "plan_name": "แผนงานบูรณาการส่งเสริมการกระจายอำนาจให้แก่องค์กรปกครองส่วนท้องถิ่น", "stg_name": "ยุทธศาสตร์ด้านการปรับสมดุลและพัฒนาระบบบริหารจัดการภาครัฐ", "objc_level1_name": "งบอุดหนุน", "compare": [{"bb_amount": 9999000, "bb_province": "ชัยนาท", "gf_amount": 9977000, "gf_province": "ชัยนาท"}], "gf_amount_sum": 9977000}
{"bb_code": "1500848002600532", "bb_year": "2560", "amount": 9998500, "min_code": "15000", "agc_code": "15008", "name": "เสริมผิวพาราแอสฟัลท์ติกคอนกรีตสายบ้านบางขุนทอง - บ้านโคกชุมบกตำบลบางขุนทอง พื้นที่ไม่น้อยกว่า 25,900 ตารางเมตร องค์การบริหารส่วนตำบลบางขุนทอง อำเภอตากใบ จังหวัดนราธิวาส", "min": "กระทรวงมหาดไทย", "agc": "กรมส่งเสริมการปกครองท้องถิ่น", "plan_name": "แผนงานบูรณาการส่งเสริมการกระจายอำนาจให้แก่องค์กรปกครองส่วนท้องถิ่น", "stg_name": "ยุทธศาสตร์ด้านการปรับสมดุลและพัฒนาระบบบริหารจัดการภาครัฐ", "objc_level1_name": "งบอุดหนุน", "compare": [{"bb_amount": 9998500, "bb_province": "นราธิวาส", "gf_amount": 9990000, "gf_province": "นราธิวาส"}], "gf_amount_sum": 9990000}
{"bb_code": "1500848002600671", "bb_year": "2560", "amount": 9998000, "min_code": "15000", "agc_code": "15008", "name": "ซ่อมสร้างถนนลาดยางผิวทาง Para asphaltic concreteสายบ้านหัวตะเฆ่ - บ้านหนองโสน (ตอนที่ 1) หมู่ที่3 บ้านหัวตะเฆ่ ตำบลวังหมัน กว้าง 6 เมตร ยาว2,265 เมตร หนา 0.05เมตร ไหล่ทางข้างละ 1เมตร หรือพื้นที่ไม่น้อยกว่า18,120 ตารางเมตรองค์การบริหารส่วนตำบลวังหมัน อำเภอวัดสิงห์ จังหวัดชัยนาท", "min": "กระทรวงมหาดไทย", "agc": "กรมส่งเสริมการปกครองท้องถิ่น", "plan_name": "แผนงานบูรณาการส่งเสริมการกระจายอำนาจให้แก่องค์กรปกครองส่วนท้องถิ่น", "stg_name": "ยุทธศาสตร์ด้านการปรับสมดุลและพัฒนาระบบบริหารจัดการภาครัฐ", "objc_level1_name": "งบอุดหนุน", "compare": [{"bb_amount": 9998000, "bb_province": "ชัยนาท", "gf_amount": 9998000, "gf_province": "ชัยนาท"}], "gf_amount_sum": 9998000}
{"bb_code": "1500848002600719", "bb_year": "2560", "amount": 9998000, "min_code": "15000", "agc_code": "15008", "name": "ซ่อมสร้างถนนลาดยางผิวทาง Para asphaltic concreteสายบ้านหัวตะเฆ่ - บ้านหนองโสน( ตอนที่ 2) หมู่ที่3 บ้านหัวตะเฆ่ กว้าง 6เมตร ยาว 2,265 เมตร หนา0.05 เมตร ไหล่ทางข้างละ1 เมตร หรือมีพื้นที่ไม่น้อยกว่า18,120 ตารางเมตรองค์การบริหารส่วนตำบลวังหมัน อำเภอวัดสิงห์ จังหวัดชัยนาท", "min": "กระทรวงมหาดไทย", "agc": "กรมส่งเสริมการปกครองท้องถิ่น", "plan_name": "แผนงานบูรณาการส่งเสริมการกระจายอำนาจให้แก่องค์กรปกครองส่วนท้องถิ่น", "stg_name": "ยุทธศาสตร์ด้านการปรับสมดุลและพัฒนาระบบบริหารจัดการภาครัฐ", "objc_level1_name": "งบอุดหนุน", "compare": [{"bb_amount": 9998000, "bb_province": "ชัยนาท", "gf_amount": 9998000, "gf_province": "ชัยนาท"}], "gf_amount_sum": 9998000}
{"bb_code": "1500848002600960", "bb_year": "2560", "amount": 9998000, "min_code": "15000", "agc_code": "15008", "name": "ซ่อมสร้างผิวทาง ParaAsphalt Concrete (โดยวิธีPavement In - PlaceRecycling) สายบ้านท้ายน้ำ -บ้านบึงนาราง หมู่ที่ 1 กว้าง8 เมตร ยาว 2,244 เมตรหนา 0.05 เมตร ไหล่ทางกว้างข้างละ 1 เมตรองค์การบริหารส่วนตำบลบึงนาราง อำเภอบึงนารางจังหวัดพิจิตร", "min": "กระทรวงมหาดไทย", "agc": "กรมส่งเสริมการปกครองท้องถิ่น", "plan_name": "แผนงานบูรณาการส่งเสริมการกระจายอำนาจให้แก่องค์กรปกครองส่วนท้องถิ่น", "stg_name": "ยุทธศาสตร์ด้านการปรับสมดุลและพัฒนาระบบบริหารจัดการภาครัฐ", "objc_level1_name": "งบอุดหนุน", "compare": [{"bb_amount": 9998000, "bb_province": "พิจิตร", "gf_amount": 6488888, "gf_province": "พิจิตร"}], "gf_amount_sum": 6488888}
{"bb_code": "1500848002600A16", "bb_year": "2560", "amount": 9998000, "min_code": "15000", "agc_code": "15008", "name": "ซ่อมสร้างผิวทาง ParaAsphalt Concrete (โดยวิธีPavement In - PlaceRecycling) สายบ้านหนองครก - บ้านหนองในดง หมู่ที่6 กว้าง 8 เมตร ยาว 2,244เมตร หนา 0.05 เมตร ไหล่ทางกว้างข้างละ 1 เมตรองค์การบริหารส่วนตำบลบึงนาราง อำเภอบึงนารางจังหวัดพิจิตร", "min": "กระทรวงมหาดไทย", "agc": "กรมส่งเสริมการปกครองท้องถิ่น", "plan_name": "แผนงานบูรณาการส่งเสริมการกระจายอำนาจให้แก่องค์กรปกครองส่วนท้องถิ่น", "stg_name": "ยุทธศาสตร์ด้านการปรับสมดุลและพัฒนาระบบบริหารจัดการภาครัฐ", "objc_level1_name": "งบอุดหนุน", "compare": [{"bb_amount": 9998000, "bb_province": "พิจิตร", "gf_amount": 0, "gf_province": "พิจิตร"}], "gf_amount_sum": 0}
{"bb_code": "1500848002600150", "bb_year": "2560", "amount": 9997000, "min_code": "15000", "agc_code": "15008", "name": "ปรับปรุงผิวทางแอสฟัลท์ติกคอนกรึตสายแยกทางหลวง 4037-บ้านปากพังกว้าง 6 เมตร ยาว 4,600เมตร หนา 0.04 เมตรองค์การบริหารส่วนตำบลชัยบุรี อำเภอชัยบุรี จังหวัดสุราษฎร์ธานี", "min": "กระทรวงมหาดไทย", "agc": "กรมส่งเสริมการปกครองท้องถิ่น", "plan_name": "แผนงานบูรณาการส่งเสริมการกระจายอำนาจให้แก่องค์กรปกครองส่วนท้องถิ่น", "stg_name": "ยุทธศาสตร์ด้านการปรับสมดุลและพัฒนาระบบบริหารจัดการภาครัฐ", "objc_level1_name": "งบอุดหนุน", "compare": [{"bb_amount": 9997000, "bb_province": "สุราษฎร์ธานี", "gf_amount": 6048000, "gf_province": "สุราษฎร์ธานี"}], "gf_amount_sum": 6048000}
{"bb_code": "1500848002600261", "bb_year": "2560", "amount": 9996000, "min_code": "15000", "agc_code": "15008", "name": "ก่อสร้างถนนคอนกรีตเสริมเหล็กสายบ้านหนองกบ-บ้านยายดา หมู่ที่ 1,2,3ตำบลตะพง กว้าง 7 เมตรยาว 2,097 เมตร หนา 0.15เมตร หรือพื้นที่รวมไม่น้อยกว่า 14,679 ตารางเมตรองค์การบริหารส่วนตำบลตะพง อำเภอเมือง จังหวัดระยอง", "min": "กระทรวงมหาดไทย", "agc": "กรมส่งเสริมการปกครองท้องถิ่น", "plan_name": "แผนงานบูรณาการส่งเสริมการกระจายอำนาจให้แก่องค์กรปกครองส่วนท้องถิ่น", "stg_name": "ยุทธศาสตร์ด้านการปรับสมดุลและพัฒนาระบบบริหารจัดการภาครัฐ", "objc_level1_name": "งบอุดหนุน", "compare": [{"bb_amount": 9996000, "bb_province": "ระยอง", "gf_amount": 9991000, "gf_province": "ระยอง"}], "gf_amount_sum": 9991000}
{"bb_code": "1500848002600004", "bb_year": "2560", "amount": 9995000, "min_code": "15000", "agc_code": "15008", "name": "ซ่อมสร้างผิวทางแอสฟัลท์ติกคอนกรีตสายตลาดห้วยปริก-บ้านคลองสาย มีพื้นที่ไม่น้อยกว่า 31,500 ตารางเมตร องค์การบริหารส่วนตำบลห้วยปริก อำเภอฉวางจังหวัดนครศรีธรรมราช", "min": "กระทรวงมหาดไทย", "agc": "กรมส่งเสริมการปกครองท้องถิ่น", "plan_name": "แผนงานบูรณาการส่งเสริมการกระจายอำนาจให้แก่องค์กรปกครองส่วนท้องถิ่น", "stg_name": "ยุทธศาสตร์ด้านการปรับสมดุลและพัฒนาระบบบริหารจัดการภาครัฐ", "objc_level1_name": "งบอุดหนุน", "compare": [{"bb_amount": 9995000, "bb_province": "นครศรีธรรมราช", "gf_amount": 9990000, "gf_province": "นครศรีธรรมราช"}], "gf_amount_sum": 9990000}
{"bb_code": "1500848002600283", "bb_year": "2560", "amount": 9992000, "min_code": "15000", "agc_code": "15008", "name": "ปรับปรุง-ซ่อมแซมผิวจราจรถนนลาดยางแอสฟัลท์ติกคอนกรีต สาย 3385 หมู่ที่5 ตำบลหน้าพระลานจำนวน 2 ช่วง มีพื้นที่รวมไม่น้อยกว่า 15,642 ตารางเมตร องค์การบริหารส่วนตำบลหน้าพระลาน อำเภอเฉลิมพระเกียรติ จังหวัดสระบุรี", "min": "กระทรวงมหาดไทย", "agc": "กรมส่งเสริมการปกครองท้องถิ่น", "plan_name": "แผนงานบูรณาการส่งเสริมการกระจายอำนาจให้แก่องค์กรปกครองส่วนท้องถิ่น", "stg_name": "ยุทธศาสตร์ด้านการปรับสมดุลและพัฒนาระบบบริหารจัดการภาครัฐ", "objc_level1_name": "งบอุดหนุน", "compare": [{"bb_amount": 9992000, "bb_province": "สระบุรี", "gf_amount": 9977000, "gf_province": "สระบุรี"}], "gf_amount_sum": 9977000}
{"bb_code": "1500848002600338", "bb_year": "2560", "amount": 9990000, "min_code": "15000", "agc_code": "15008", "name": "ซ่อมสร้างผิวทางพาราแอสฟัลติกคอนกรีต (โดยวิธีPavement In-Place Recycling)สายทางบ้านนาโสก - บ้านนาหัวภู ตำบลนาโสกจำนวน 2 ช่วง ยาวรวม3,000 เมตร หรือมีพื้นที่ไม่น้อยกว่า 18,000 ตารางเมตร เทศบาลตำบลนาโสกอำเภอเมืองมุกดาหารจังหวัดมุกดาหาร", "min": "กระทรวงมหาดไทย", "agc": "กรมส่งเสริมการปกครองท้องถิ่น", "plan_name": "แผนงานบูรณาการส่งเสริมการกระจายอำนาจให้แก่องค์กรปกครองส่วนท้องถิ่น", "stg_name": "ยุทธศาสตร์ด้านการปรับสมดุลและพัฒนาระบบบริหารจัดการภาครัฐ", "objc_level1_name": "งบอุดหนุน", "compare": [{"bb_amount": 9990000, "bb_province": "มุกดาหาร", "gf_amount": 4396000, "gf_province": "มุกดาหาร"}], "gf_amount_sum": 4396000}
{"bb_code": "1500848002600A54", "bb_year": "2560", "amount": 9990000, "min_code": "15000", "agc_code": "15008", "name": "เสริมผิวพาราแอสฟัลท์ติกคอนกรีต อต.ถ.68-001บ้านผามูบ-บ้านบ่อแก้ว หมู่ที่ 11 บ้านมหาราช ตำบลแม่พลู กว้าง 6 เมตร ยาว3,550 เมตร หนา 0.05เมตร องค์การบริหารส่วนตำบลแม่พูล อำเภอลับแลจังหวัดอุตรดิตถ์", "min": "กระทรวงมหาดไทย", "agc": "กรมส่งเสริมการปกครองท้องถิ่น", "plan_name": "แผนงานบูรณาการส่งเสริมการกระจายอำนาจให้แก่องค์กรปกครองส่วนท้องถิ่น", "stg_name": "ยุทธศาสตร์ด้านการปรับสมดุลและพัฒนาระบบบริหารจัดการภาครัฐ", "objc_level1_name": "งบอุดหนุน", "compare": [{"bb_amount": 9990000, "bb_province": "อุตรดิตถ์", "gf_amount": 9948000, "gf_province": "อุตรดิตถ์"}], "gf_amount_sum": 9948000}
