{"bb_code": "1500848002600634", "bb_year": "2560", "amount": 9990000, "min_code": "15000", "agc_code": "15008", "name": "ซ่อมแซมถนนลาดยางผิวจราจรแอสฟัลท์ติกคอนกรีต(โดยวิธี Pavement In - PlaceRecycling) สาย บร.ถ.1-0015 บ้านเมืองโพธิ์-บ้านหนองน้ำขุ่น อำเภอห้วยราชมีพื้นที่ไม่น้อยกว่า 19,800ตารางเมตร องค์การบริหารส่วนจังหวัดบุรีรัมย์ อำเภอห้วยราช จังหวัดบุรีรัมย์", "min": "กระทรวงมหาดไทย", "agc": "กรมส่งเสริมการปกครองท้องถิ่น", "plan_name": "แผนงานบูรณาการส่งเสริมการกระจายอำนาจให้แก่องค์กรปกครองส่วนท้องถิ่น", "stg_name": "ยุทธศาสตร์ด้านการปรับสมดุลและพัฒนาระบบบริหารจัดการภาครัฐ", "objc_level1_name": "งบอุดหนุน", "compare": [{"bb_amount": 9990000, "bb_province": "บุรีรัมย์", "gf_amount": 8540000, "gf_province": "บุรีรัมย์"}], "gf_amount_sum": 8540000}
{"bb_code": "1500848002600592", "bb_year": "2560", "amount": 9990000, "min_code": "15000", "agc_code": "15008", "name": "ปรับปรุงซ่อมสร้างถนนคอนกรีตเสริมเหล็ก สายทาง ปท. 3052 บ้านคลองสี่หมู่ที่ 1 - บ้านคลองสี่ หมู่ที่16 (ช่วงหมู่ที่ 3 - หมู่ที่ 5)กว้าง 6 เมตร ยาว 2,000เมตร หนา 0.15 เมตร พื้นที่ไม่น้อยกว่า 12,000 ตารางเมตร ไหล่ทางแอสฟัลท์ติกคอนกรีตกว้างข้างละ 1เมตร องค์การบริหารส่วนตำบลคลองสี่ อำเภอคลองหลวง จังหวัดปทุมธานี", "min": "กระทรวงมหาดไทย", "agc": "กรมส่งเสริมการปกครองท้องถิ่น", "plan_name": "แผนงานบูรณาการส่งเสริมการกระจายอำนาจให้แก่องค์กรปกครองส่วนท้องถิ่น", "stg_name": "ยุทธศาสตร์ด้านการปรับสมดุลและพัฒนาระบบบริหารจัดการภาครัฐ", "objc_level1_name": "งบอุดหนุน", "compare": [{"bb_amount": 9990000, "bb_province": "ปทุมธานี", "gf_amount": 6293000, "gf_province": "ปทุมธานี"}], "gf_amount_sum": 6293000}
{"bb_code": "1500848002600108", "bb_year": "2560", "amount": 9990000, "min_code": "15000", "agc_code": "15008", "name": "เสริมผิวจราจร AsphalticConcrete สายบ้านทุ่งหรี่ -กม.56 ตำบลวังใหญ่ ขนาดกว้าง 6 เมตร ยาว 3,166เมตร ไหล่ทางข้างละ 1เมตร องค์การบริหารส่วนตำบลวังใหญ่ อำเภอเทพาจังหวัดสงขลา", "min": "กระทรวงมหาดไทย", "agc": "กรมส่งเสริมการปกครองท้องถิ่น", "plan_name": "แผนงานบูรณาการส่งเสริมการกระจายอำนาจให้แก่องค์กรปกครองส่วนท้องถิ่น", "stg_name": "ยุทธศาสตร์ด้านการปรับสมดุลและพัฒนาระบบบริหารจัดการภาครัฐ", "objc_level1_name": "งบอุดหนุน", "compare": [{"bb_amount": 9990000, "bb_province": "สงขลา", "gf_amount": 9985000, "gf_province": "สงขลา"}], "gf_amount_sum": 9985000}
{"bb_code": "1500848002600930", "bb_year": "2560", "amount": 9990000, "min_code": "15000", "agc_code": "15008", "name": "ซ่อมสร้างผิวทางพาราแอสฟัลท์ติกคอนกรีต (โดยวิธีPavement In - PlaceRecycling) พจ.3027 แยกทางหลวงหมายเลข 115(กม.ที่ 75.850) - บ้านบึงบัว (ช่วง กม. 27+600 -32+000) หมู่ที่ 5-2-10กว้าง 6 เมตร ยาว 2,500เมตร หนา 0.04 เมตร ไหล่ทางกว้างข้างละ 1 เมตรองค์การบริหารส่วนตำบลวังโมกข์ อำเภอวชิรบารมีจังหวัดพิจิตร", "min": "กระทรวงมหาดไทย", "agc": "กรมส่งเสริมการปกครองท้องถิ่น", "plan_name": "แผนงานบูรณาการส่งเสริมการกระจายอำนาจให้แก่องค์กรปกครองส่วนท้องถิ่น", "stg_name": "ยุทธศาสตร์ด้านการปรับสมดุลและพัฒนาระบบบริหารจัดการภาครัฐ", "objc_level1_name": "งบอุดหนุน", "compare": [{"bb_amount": 9990000, "bb_province": "พิจิตร", "gf_amount": 8484555, "gf_province": "พิจิตร"}], "gf_amount_sum": 8484555}
{"bb_code": "1500848002600633", "bb_year": "2560", "amount": 9990000, "min_code": "15000", "agc_code": "15008", "name": "ซ่อมแซมถนนลาดยางผิวจราจรแอสฟัลท์ติกคอนกรีต(โดยวิธี Pavement In - PlaceRecycling) สาย บร.ถ.1-0030 บ้านขี้เหล็ก-บ้านตารอง อำเภอสตึก มีพื้นที่ไม่น้อยกว่า 19,520 ตารางเมตร องค์การบริหารส่วนจังหวัดบุรีรัมย์ อำเภอสตึกจังหวัดบุรีรัมย์", "min": "กระทรวงมหาดไทย", "agc": "กรมส่งเสริมการปกครองท้องถิ่น", "plan_name": "แผนงานบูรณาการส่งเสริมการกระจายอำนาจให้แก่องค์กรปกครองส่วนท้องถิ่น", "stg_name": "ยุทธศาสตร์ด้านการปรับสมดุลและพัฒนาระบบบริหารจัดการภาครัฐ", "objc_level1_name": "งบอุดหนุน", "compare": [{"bb_amount": 9990000, "bb_province": "บุรีรัมย์", "gf_amount": 4950000, "gf_province": "บุรีรัมย์"}], "gf_amount_sum": 4950000}
{"bb_code": "1500848002600566", "bb_year": "2560", "amount": 9990000, "min_code": "15000", "agc_code": "15008", "name": "เสริมผิวถนนด้วยยางพาราแอสฟัลท์ติกคอนกรีตสายบ้านจือแร - บ้านควนกาแมหมู่ที่ 1-4 ตำบลแม่ดง มีพื้นที่ไม่น้อยกว่า 20,400ตารางเมตร องค์การบริหารส่วนตำบลแม่ดง อำเภอแว้งจังหวัดนราธิวาส", "min": "กระทรวงมหาดไทย", "agc": "กรมส่งเสริมการปกครองท้องถิ่น", "plan_name": "แผนงานบูรณาการส่งเสริมการกระจายอำนาจให้แก่องค์กรปกครองส่วนท้องถิ่น", "stg_name": "ยุทธศาสตร์ด้านการปรับสมดุลและพัฒนาระบบบริหารจัดการภาครัฐ", "objc_level1_name": "งบอุดหนุน", "compare": [{"bb_amount": 9990000, "bb_province": "นราธิวาส", "gf_amount": 9985000, "gf_province": "นราธิวาส"}], "gf_amount_sum": 9985000}
{"bb_code": "1500848002600A54", "bb_year": "2560", "amount": 9990000, "min_code": "15000", "agc_code": "15008", "name": "เสริมผิวพาราแอสฟัลท์ติกคอนกรีต อต.ถ.68-001บ้านผามูบ-บ้านบ่อแก้ว หมู่ที่ 11 บ้านมหาราช ตำบลแม่พลู กว้าง 6 เมตร ยาว3,550 เมตร หนา 0.05เมตร องค์การบริหารส่วนตำบลแม่พูล อำเภอลับแลจังหวัดอุตรดิตถ์", "min": "กระทรวงมหาดไทย", "agc": "กรมส่งเสริมการปกครองท้องถิ่น", "plan_name": "แผนงานบูรณาการส่งเสริมการกระจายอำนาจให้แก่องค์กรปกครองส่วนท้องถิ่น", "stg_name": "ยุทธศาสตร์ด้านการปรับสมดุลและพัฒนาระบบบริหารจัดการภาครัฐ", "objc_level1_name": "งบอุดหนุน", "compare": [{"bb_amount": 9990000, "bb_province": "อุตรดิตถ์", "gf_amount": 9948000, "gf_province": "อุตรดิตถ์"}], "gf_amount_sum": 9948000}
{"bb_code": "1500848002600816", "bb_year": "2560", "amount": 9990000, "min_code": "15000", "agc_code": "15008", "name": "ซ่อมสร้างปรับปรุงผิวจราจรลาดยางแอสฟัลท์ติกคอนกรีต (โดยวิธี Pavement InPlace Recycling) สาย ฉช.2029 อำเภอราชสาส์น - ดงน้อย อำเภอราชสาส์น(ฉช.ถ 1-0018) กว้าง 6เมตร ยาว 2,515 เมตร ไหล่ทางกว้างข้างละ 1เมตรองค์การบริหารส่วนจังหวัดฉะเชิงเทรา อำเภอเมืองฉะเชิงเทรา จังหวัดฉะเชิงเทรา", "min": "กระทรวงมหาดไทย", "agc": "กรมส่งเสริมการปกครองท้องถิ่น", "plan_name": "แผนงานบูรณาการส่งเสริมการกระจายอำนาจให้แก่องค์กรปกครองส่วนท้องถิ่น", "stg_name": "ยุทธศาสตร์ด้านการปรับสมดุลและพัฒนาระบบบริหารจัดการภาครัฐ", "objc_level1_name": "งบอุดหนุน", "compare": [{"bb_amount": 9990000, "bb_province": "ฉะเชิงเทรา", "gf_amount": 9500000, "gf_province": "ฉะเชิงเทรา"}], "gf_amount_sum": 9500000}
{"bb_code": "1500848002600586", "bb_year": "2560", "amount": 9990000, "min_code": "15000", "agc_code": "15008", "name": "ซ่อมแซมถนนลาดยางผิวจราจรแอสฟัลท์ติกคอนกรีต(โดยวิธี Pavement In - PlaceRecycling) สาย บร.ถ.1-0046 บ้านประโคนชัย-บ้านโคกสะอาด อำเภอประโคนชัย มีพื้นที่ไม่น้อยกว่า20,000 ตารางเมตรองค์การบริหารส่วนจังหวัดบุรีรัมย์ อำเภอประโคนชัยจังหวัดบุรีรัมย์", "min": "กระทรวงมหาดไทย", "agc": "กรมส่งเสริมการปกครองท้องถิ่น", "plan_name": "แผนงานบูรณาการส่งเสริมการกระจายอำนาจให้แก่องค์กรปกครองส่วนท้องถิ่น", "stg_name": "ยุทธศาสตร์ด้านการปรับสมดุลและพัฒนาระบบบริหารจัดการภาครัฐ", "objc_level1_name": "งบอุดหนุน", "compare": [{"bb_amount": 9990000, "bb_province": "บุรีรัมย์", "gf_amount": 8560000, "gf_province": "บุรีรัมย์"}], "gf_amount_sum": 8560000}
{"bb_code": "1500848002600338", "bb_year": "2560", "amount": 9990000, "min_code": "15000", "agc_code": "15008", "name": "ซ่อมสร้างผิวทางพาราแอสฟัลติกคอนกรีต (โดยวิธีPavement In-Place Recycling)สายทางบ้านนาโสก - บ้านนาหัวภู ตำบลนาโสกจำนวน 2 ช่วง ยาวรวม3,000 เมตร หรือมีพื้นที่ไม่น้อยกว่า 18,000 ตารางเมตร เทศบาลตำบลนาโสกอำเภอเมืองมุกดาหารจังหวัดมุกดาหาร", "min": "กระทรวงมหาดไทย", "agc": "กรมส่งเสริมการปกครองท้องถิ่น", "plan_name": "แผนงานบูรณาการส่งเสริมการกระจายอำนาจให้แก่องค์กรปกครองส่วนท้องถิ่น", "stg_name": "ยุทธศาสตร์ด้านการปรับสมดุลและพัฒนาระบบบริหารจัดการภาครัฐ", "objc_level1_name": "งบอุดหนุน", "compare": [{"bb_amount": 9990000, "bb_province": "มุกดาหาร", "gf_amount": 4396000, "gf_province": "มุกดาหาร"}], "gf_amount_sum": 4396000}
{"bb_code": "1500848002600178", "bb_year": "2560", "amount": 9990000, "min_code": "15000", "agc_code": "15008", "name": "ซ่อมสร้างถนนลาดยางผิวจราจรยางพารา ParaAsphaltic Concrete (โดยวิธีPavement In - PlaceRecycling) บ้านไพรษร หมู่ที่7 ตำบลขวาวใหญ่ - บ้านโพธิ์ ตำบลหนองบัว มีพื้นที่ไม่น้อยกว่า 17,458 ตารางเมตร องค์การบริหารส่วนตำบลขวาวใหญ่ อำเภอศีขรภูมิ จังหวัดสุรินทร์", "min": "กระทรวงมหาดไทย", "agc": "กรมส่งเสริมการปกครองท้องถิ่น", "plan_name": "แผนงานบูรณาการส่งเสริมการกระจายอำนาจให้แก่องค์กรปกครองส่วนท้องถิ่น", "stg_name": "ยุทธศาสตร์ด้านการปรับสมดุลและพัฒนาระบบบริหารจัดการภาครัฐ", "objc_level1_name": "งบอุดหนุน", "compare": [{"bb_amount": 9990000, "bb_province": "สุรินทร์", "gf_amount": 9958000, "gf_province": "สุรินทร์"}], "gf_amount_sum": 9958000}
{"bb_code": "1500848002600993", "bb_year": "2560", "amount": 9989900, "min_code": "15000", "agc_code": "15008", "name": "ซ่อมสร้าง/ซ่อมแซมผิวทางพาราแอสฟัลท์คอนกรีต(โดยวิธีPavement In - PlaceRecycling) สายแหลมดินสอ-บ้านเกาะนางคำ หมู่ที่ 8(ช่วงที่ 1 กม. 0+000 ถึงกม. 1+595) กว้าง 6 เมตรยาว 1.595 เมตร หนา 0.05เมตร ไหล่ทางข้างละ 1เมตร เทศบาลตำบลเกาะนางคำ อำเภอปากพะยูนจังหวัดพัทลุง", "min": "กระทรวงมหาดไทย", "agc": "กรมส่งเสริมการปกครองท้องถิ่น", "plan_name": "แผนงานบูรณาการส่งเสริมการกระจายอำนาจให้แก่องค์กรปกครองส่วนท้องถิ่น", "stg_name": "ยุทธศาสตร์ด้านการปรับสมดุลและพัฒนาระบบบริหารจัดการภาครัฐ", "objc_level1_name": "งบอุดหนุน", "compare": [{"bb_amount": 9989900, "bb_province": "พัทลุง", "gf_amount": 9988600, "gf_province": "พัทลุง"}], "gf_amount_sum": 9988600}
{"bb_code": "1500848002600886", "bb_year": "2560", "amount": 9989000, "min_code": "15000", "agc_code": "15008", "name": "ซ่อมสร้างปรับปรุงผิวจราจรลาดยางแอสฟัลท์ติกคอนกรีต (โดยวิธี Pavement InPlace Recycling) สาย ฉช.3157 บ้านบางไผ่ - บ้านดอนทราย อำเภอเมืองฉะเชิงเทรา - อำเภอบ้านโพธิ์ (ฉช.ถ 1-0003) กว้าง6 เมตร ยาว 2,535เมตรไหล่ทางกว้างข้างละ 1เมตร องค์การบริหารส่วนจังหวัดฉะเชิงเทรา อำเภอเมืองฉะเชิงเทรา จังหวัดฉะเชิงเทรา", "min": "กระทรวงมหาดไทย", "agc": "กรมส่งเสริมการปกครองท้องถิ่น", "plan_name": "แผนงานบูรณาการส่งเสริมการกระจายอำนาจให้แก่องค์กรปกครองส่วนท้องถิ่น", "stg_name": "ยุทธศาสตร์ด้านการปรับสมดุลและพัฒนาระบบบริหารจัดการภาครัฐ", "objc_level1_name": "งบอุดหนุน", "compare": [{"bb_amount": 9989000, "bb_province": "ฉะเชิงเทรา", "gf_amount": 9700000, "gf_province": "ฉะเชิงเทรา"}], "gf_amount_sum": 9700000}
{"bb_code": "1500848002600841", "bb_year": "2560", "amount": 9988600, "min_code": "15000", "agc_code": "15008", "name": "ซ่อมสร้างผิวทางแอสฟัลท์ติกคอนกรีต โดยวิธีPavement in-place recyclingสายหมู่ที่ 4-7 ตำบลลวงเหนือ กว้าง 6.60 เมตร ยาว1,810 เมตร หนา 0.05เมตร เทศบาลตำบล ลวงเหนือ อำเภอดอยสะเก็ดจังหวัดเชียงใหม่", "min": "กระทรวงมหาดไทย", "agc": "กรมส่งเสริมการปกครองท้องถิ่น", "plan_name": "แผนงานบูรณาการส่งเสริมการกระจายอำนาจให้แก่องค์กรปกครองส่วนท้องถิ่น", "stg_name": "ยุทธศาสตร์ด้านการปรับสมดุลและพัฒนาระบบบริหารจัดการภาครัฐ", "objc_level1_name": "งบอุดหนุน", "compare": [{"bb_amount": 9988600, "bb_province": "เชียงใหม่", "gf_amount": 9968000, "gf_province": "เชียงใหม่"}], "gf_amount_sum": 9968000}
{"bb_code": "1500848002600928", "bb_year": "2560", "amount": 9988000, "min_code": "15000", "agc_code": "15008", "name": "ปรับปรุง ซ่อมสร้างผิวทางพาราเคปซิล (Para capeseal) สายบ้านศาลายอด-บ.ศาลาเณร หมู่ที่ 7,2 บ้านศาลายอด - บ้านโคกโดนตำบลโตนดด้วน กว้าง 6.00เมตร ยาว 2,543 เมตร หนา0.05 เมตร. ไหล่ทางข้างละ1.00 เมตร เทศบาลตำบลโตนดด้วน อำเภอควนขนุนจังหวัดพัทลุง", "min": "กระทรวงมหาดไทย", "agc": "กรมส่งเสริมการปกครองท้องถิ่น", "plan_name": "แผนงานบูรณาการส่งเสริมการกระจายอำนาจให้แก่องค์กรปกครองส่วนท้องถิ่น", "stg_name": "ยุทธศาสตร์ด้านการปรับสมดุลและพัฒนาระบบบริหารจัดการภาครัฐ", "objc_level1_name": "งบอุดหนุน", "compare": [{"bb_amount": 9988000, "bb_province": "พัทลุง", "gf_amount": 9080000, "gf_province": "พัทลุง"}], "gf_amount_sum": 9080000}
{"bb_code": "1500848002600446", "bb_year": "2560", "amount": 9987000, "min_code": "15000", "agc_code": "15008", "name": "ปรับปรุงถนนลาดยางพาราแอสฟัลท์ติกคอนกรีต สายบ้านหัวสวน-บ้านปากพีค(ช่วงที่ 3) หมู่ที่ 5, 10ตำบลห้วยแร้ง กว้าง 8 เมตรยาว 2,500 เมตร หนา 0.05เมตร องค์การบริหารส่วนตำบลห้วยแร้ง อำเภอเมืองตราด จังหวัดตราด", "min": "กระทรวงมหาดไทย", "agc": "กรมส่งเสริมการปกครองท้องถิ่น", "plan_name": "แผนงานบูรณาการส่งเสริมการกระจายอำนาจให้แก่องค์กรปกครองส่วนท้องถิ่น", "stg_name": "ยุทธศาสตร์ด้านการปรับสมดุลและพัฒนาระบบบริหารจัดการภาครัฐ", "objc_level1_name": "งบอุดหนุน", "compare": [{"bb_amount": 9987000, "bb_province": "ตราด", "gf_amount": 9977000, "gf_province": "ตราด"}], "gf_amount_sum": 9977000}
{"bb_code": "1500848002600554", "bb_year": "2560", "amount": 9987000, "min_code": "15000", "agc_code": "15008", "name": "ซ่อมสร้างถนนลาดยางแอสฟัลท์ติกคอนกรีตสายบ้านไอร์แยง - บ้านไอร์จูโจ๊ะ(ช่วงที่ 2) ตำบลศรีสาคร มีพื้นที่ไม่น้อยกว่า 22,225ตารางเมตร รายละเอียดตามปริมาณงานและแบบแปลนที่กำหนด องค์การบริหารส่วนตำบลศรีสาครอำเภอศรีสาคร จังหวัดนราธิวาส", "min": "กระทรวงมหาดไทย", "agc": "กรมส่งเสริมการปกครองท้องถิ่น", "plan_name": "แผนงานบูรณาการส่งเสริมการกระจายอำนาจให้แก่องค์กรปกครองส่วนท้องถิ่น", "stg_name": "ยุทธศาสตร์ด้านการปรับสมดุลและพัฒนาระบบบริหารจัดการภาครัฐ", "objc_level1_name": "งบอุดหนุน", "compare": [{"bb_amount": 9987000, "bb_province": "นราธิวาส", "gf_amount": 9985000, "gf_province": "นราธิวาส"}], "gf_amount_sum": 9985000}
{"bb_code": "1500848002600100", "bb_year": "2560", "amount": 9986000, "min_code": "15000", "agc_code": "15008", "name": "บูรณะผิวทางแอสฟัลท์ติกคอนกรีตปรับปรุงคุณภาพด้วยยางธรรมชาติ (โดยวิธีPavement In - PlaceRecycling) สายบ้านโนนแดง- บ้านรักไทย หมู่ที่ 13กว้าง 6 เมตร ยาว 2,900เมตร หนา 0.04 เมตร ไหล่ทางกว้างข้างละ 1เมตรองค์การบริหารส่วนตำบลบุ่งคล้า อำเภอหล่มสัก จังหวัดเพชรบูรณ์", "min": "กระทรวงมหาดไทย", "agc": "กรมส่งเสริมการปกครองท้องถิ่น", "plan_name": "แผนงานบูรณาการส่งเสริมการกระจายอำนาจให้แก่องค์กรปกครองส่วนท้องถิ่น", "stg_name": "ยุทธศาสตร์ด้านการปรับสมดุลและพัฒนาระบบบริหารจัดการภาครัฐ", "objc_level1_name": "งบอุดหนุน", "compare": [{"bb_amount": 9986000, "bb_province": "เพชรบูรณ์", "gf_amount": 9914500, "gf_province": "เพชรบูรณ์"}], "gf_amount_sum": 9914500}
{"bb_code": "1500848002600078", "bb_year": "2560", "amount": 9986000, "min_code": "15000", "agc_code": "15008", "name": "ซ่อมสร้างถนนลาดยางผิวทางแอสฟัลท์ติกคอนกรีตบ้านดงเชียงเครือ หมู่ที่ 9 -บ้านดงคำโพธิ์ หมู่ที่ 11กว้าง 6 เมตร ยาว 3,510เมตร หนา 0.04 เมตร ไหล่ทางข้างละ 1 เมตรเทศบาลตำบลปลาโหลอำเภอวาริชภูมิ จังหวัดสกลนคร", "min": "กระทรวงมหาดไทย", "agc": "กรมส่งเสริมการปกครองท้องถิ่น", "plan_name": "แผนงานบูรณาการส่งเสริมการกระจายอำนาจให้แก่องค์กรปกครองส่วนท้องถิ่น", "stg_name": "ยุทธศาสตร์ด้านการปรับสมดุลและพัฒนาระบบบริหารจัดการภาครัฐ", "objc_level1_name": "งบอุดหนุน", "compare": [{"bb_amount": 9986000, "bb_province": "สกลนคร", "gf_amount": 6200000, "gf_province": "สกลนคร"}], "gf_amount_sum": 6200000}
{"bb_code": "1500848002600172", "bb_year": "2560", "amount": 9985000, "min_code": "15000", "agc_code": "15008", "name": "ปรับปรุงถนนลาดยางสายวังก์พง-ปากน้ำปราณ กว้าง8.00 เมตร ยาว 2,900.00เมตร หนา 0.05 เมตร หรือมีพื้นที่ผิวถนนไม่น้อยกว่า23,200.00 ตารางเมตรองค์การบริหารส่วนตำบลวังก์พง อำเภอปราณบุรีจังหวัดประจวบคีรีขันธ์", "min": "กระทรวงมหาดไทย", "agc": "กรมส่งเสริมการปกครองท้องถิ่น", "plan_name": "แผนงานบูรณาการส่งเสริมการกระจายอำนาจให้แก่องค์กรปกครองส่วนท้องถิ่น", "stg_name": "ยุทธศาสตร์ด้านการปรับสมดุลและพัฒนาระบบบริหารจัดการภาครัฐ", "objc_level1_name": "งบอุดหนุน", "compare": [{"bb_amount": 9985000, "bb_province": "ประจวบคีรีขันธ์", "gf_amount": 9318277, "gf_province": "ประจวบคีรีขันธ์"}], "gf_amount_sum": 9318277}
