{"bb_code": "1500848002600172", "bb_year": "2560", "amount": 9985000, "min_code": "15000", "agc_code": "15008", "name": "ปรับปรุงถนนลาดยางสายวังก์พง-ปากน้ำปราณ กว้าง8.00 เมตร ยาว 2,900.00เมตร หนา 0.05 เมตร หรือมีพื้นที่ผิวถนนไม่น้อยกว่า23,200.00 ตารางเมตรองค์การบริหารส่วนตำบลวังก์พง อำเภอปราณบุรีจังหวัดประจวบคีรีขันธ์", "min": "กระทรวงมหาดไทย", "agc": "กรมส่งเสริมการปกครองท้องถิ่น", "plan_name": "แผนงานบูรณาการส่งเสริมการกระจายอำนาจให้แก่องค์กรปกครองส่วนท้องถิ่น", "stg_name": "ยุทธศาสตร์ด้านการปรับสมดุลและพัฒนาระบบบริหารจัดการภาครัฐ", "objc_level1_name": "งบอุดหนุน", "compare": [{"bb_amount": 9985000, "bb_province": "ประจวบคีรีขันธ์", "gf_amount": 9318277, "gf_province": "ประจวบคีรีขันธ์"}], "gf_amount_sum": 9318277}
{"bb_code": "1500848002600129", "bb_year": "2560", "amount": 9985000, "min_code": "15000", "agc_code": "15008", "name": "ซ่อมสร้างถนนแอสฟัลท์ติกคอนกรีตสายหนองจอกตอนที่ 2 หมู่ที่ 4 บ้านหนองจอก กว้าง 6 เมตร ยาว2,410 เมตร หนา 0.05เมตร องค์การบริหารส่วนตำบลท่าสะท้อน อำเภอพุนพิน จังหวัดสุราษฎร์ธานี", "min": "กระทรวงมหาดไทย", "agc": "กรมส่งเสริมการปกครองท้องถิ่น", "plan_name": "แผนงานบูรณาการส่งเสริมการกระจายอำนาจให้แก่องค์กรปกครองส่วนท้องถิ่น", "stg_name": "ยุทธศาสตร์ด้านการปรับสมดุลและพัฒนาระบบบริหารจัดการภาครัฐ", "objc_level1_name": "งบอุดหนุน", "compare": [{"bb_amount": 9985000, "bb_province": "สุราษฎร์ธานี", "gf_amount": 9130000, "gf_province": "สุราษฎร์ธานี"}], "gf_amount_sum": 9130000}
{"bb_code": "1500848002600292", "bb_year": "2560", "amount": 9984000, "min_code": "15000", "agc_code": "15008", "name": "ปรับปรุงซ่อมแซมถนนแอสฟัลท์ติกคอนกรีตปรับปรุงคุณภาพด้วยยางธรรมชาติ(โดยวิธี NATURAL RUBBERMODIFED ASPHALTCONCRETE) สายทาง สห2004 วัดโพธิ์ศรี-โพชนไก่หมู่ที่ 1-6 ตำบลสิงห์ หมู่ที่1-5 ตำบลโพชนไก่ กว้าง 6เมตร ยาว 4,050 เมตร หนา0.04 เมตร เทศบาลเมืองบางระจัน อำเภอบางระจันจังหวัดสิงห์บุรี", "min": "กระทรวงมหาดไทย", "agc": "กรมส่งเสริมการปกครองท้องถิ่น", "plan_name": "แผนงานบูรณาการส่งเสริมการกระจายอำนาจให้แก่องค์กรปกครองส่วนท้องถิ่น", "stg_name": "ยุทธศาสตร์ด้านการปรับสมดุลและพัฒนาระบบบริหารจัดการภาครัฐ", "objc_level1_name": "งบอุดหนุน", "compare": [{"bb_amount": 9984000, "bb_province": "สิงห์บุรี", "gf_amount": 9045000, "gf_province": "สิงห์บุรี"}], "gf_amount_sum": 9045000}
{"bb_code": "1500848002600A22", "bb_year": "2560", "amount": 9984000, "min_code": "15000", "agc_code": "15008", "name": "ซ่อมสร้างผิวทางพาราแอสฟัลท์ติกคอนกรีต (โดยวิธีPavement In - PlaceRecycling) สายบ้านไดรังใต้- บ้านหนองสองห้องจำนวน 2 ช่วง มีพื้นที่รวมไม่น้อยกว่า 19,200 ตารางเมตร องค์การบริหารส่วนตำบลห้วยร่วม อำเภอดงเจริญ จังหวัดพิจิตร", "min": "กระทรวงมหาดไทย", "agc": "กรมส่งเสริมการปกครองท้องถิ่น", "plan_name": "แผนงานบูรณาการส่งเสริมการกระจายอำนาจให้แก่องค์กรปกครองส่วนท้องถิ่น", "stg_name": "ยุทธศาสตร์ด้านการปรับสมดุลและพัฒนาระบบบริหารจัดการภาครัฐ", "objc_level1_name": "งบอุดหนุน", "compare": [{"bb_amount": 9984000, "bb_province": "พิจิตร", "gf_amount": 5838000, "gf_province": "พิจิตร"}], "gf_amount_sum": 5838000}
{"bb_code": "1500848002600A23", "bb_year": "2560", "amount": 9984000, "min_code": "15000", "agc_code": "15008", "name": "ซ่อมสร้างผิวทางพาราแอสฟัลท์ติกคอนกรีต (โดยวิธีPavement In - PlaceRecycling) สาย พจ.2018บ้านไดรัง - บ้านห้วยน้ำโจนกว้าง 6 เมตร ยาว 3,200เมตร หนา 0.04 เมตรองค์การบริหารส่วนตำบลห้วยร่วม อำเภอดงเจริญจังหวัดพิจิตร", "min": "กระทรวงมหาดไทย", "agc": "กรมส่งเสริมการปกครองท้องถิ่น", "plan_name": "แผนงานบูรณาการส่งเสริมการกระจายอำนาจให้แก่องค์กรปกครองส่วนท้องถิ่น", "stg_name": "ยุทธศาสตร์ด้านการปรับสมดุลและพัฒนาระบบบริหารจัดการภาครัฐ", "objc_level1_name": "งบอุดหนุน", "compare": [{"bb_amount": 9984000, "bb_province": "พิจิตร", "gf_amount": 9620000, "gf_province": "พิจิตร"}], "gf_amount_sum": 9620000}
{"bb_code": "1500848002600699", "bb_year": "2560", "amount": 9983000, "min_code": "15000", "agc_code": "15008", "name": "ซ่อมแซมถนนแอสฟัลท์ติกคอนกรีตสายแยกเกษตร-เขาไม้หอม หมู่ที่ 4 บ้านบึงเจริญ ตำบลเกษตรสุวรรณจำนวน 3 ช่วง พื้นที่รวมไม่น้อยกว่า 22,500 ตารางเมตร องค์การบริหารส่วนตำบลเกษตรสุวรรณ อำเภอบ่อทอง จังหวัดชลบุรี", "min": "กระทรวงมหาดไทย", "agc": "กรมส่งเสริมการปกครองท้องถิ่น", "plan_name": "แผนงานบูรณาการส่งเสริมการกระจายอำนาจให้แก่องค์กรปกครองส่วนท้องถิ่น", "stg_name": "ยุทธศาสตร์ด้านการปรับสมดุลและพัฒนาระบบบริหารจัดการภาครัฐ", "objc_level1_name": "งบอุดหนุน", "compare": [{"bb_amount": 9983000, "bb_province": "ชลบุรี", "gf_amount": 9825000, "gf_province": "ชลบุรี"}], "gf_amount_sum": 9825000}
{"bb_code": "1500848002600996", "bb_year": "2560", "amount": 9982800, "min_code": "15000", "agc_code": "15008", "name": "ซ่อมสร้าง/ซ่อมแซมผิวทางพาราแอสฟัลท์คอนกรีต(โดยวิธีPavement In - PlaceRecycling) สายแหลมดินสอ-บ้านเกาะนางคำ หมู่ที่ 8(ช่วงที่ 2 กม. 1+595 ถึงกม. 3+995) พื้นที่ดำเนินการไม่น้อยกว่า12,700 ตารางเมตรเทศบาลตำบลเกาะนางคำอำเภอปากพะยูน จังหวัดพัทลุง", "min": "กระทรวงมหาดไทย", "agc": "กรมส่งเสริมการปกครองท้องถิ่น", "plan_name": "แผนงานบูรณาการส่งเสริมการกระจายอำนาจให้แก่องค์กรปกครองส่วนท้องถิ่น", "stg_name": "ยุทธศาสตร์ด้านการปรับสมดุลและพัฒนาระบบบริหารจัดการภาครัฐ", "objc_level1_name": "งบอุดหนุน", "compare": [{"bb_amount": 9982800, "bb_province": "พัทลุง", "gf_amount": 9981200, "gf_province": "พัทลุง"}], "gf_amount_sum": 9981200}
{"bb_code": "1500848002600456", "bb_year": "2560", "amount": 9981000, "min_code": "15000", "agc_code": "15008", "name": "ซ่อมสร้างผิวถนนลาดยางAsphaltic Concrete บ้านนาเคียน หมู่ที่ 8 - บ้านนาแฮนหมู่ที่ 4 - บ้านจอมจันทร์ หมู่ที่ 1 ตำบลจอมจันทร์ กว้าง6 เมตร ยาว 3,400 เมตรหนา 0.04 เมตร องค์การบริหารส่วนตำบลจอมจันทร์อำเภอเวียงสา จังหวัดน่าน", "min": "กระทรวงมหาดไทย", "agc": "กรมส่งเสริมการปกครองท้องถิ่น", "plan_name": "แผนงานบูรณาการส่งเสริมการกระจายอำนาจให้แก่องค์กรปกครองส่วนท้องถิ่น", "stg_name": "ยุทธศาสตร์ด้านการปรับสมดุลและพัฒนาระบบบริหารจัดการภาครัฐ", "objc_level1_name": "งบอุดหนุน", "compare": [{"bb_amount": 9981000, "bb_province": "น่าน", "gf_amount": 9980000, "gf_province": "น่าน"}], "gf_amount_sum": 9980000}
{"bb_code": "1500848002600815", "bb_year": "2560", "amount": 9980000, "min_code": "15000", "agc_code": "15008", "name": "ซ่อมสร้างปรับปรุงผิวจราจรลาดยางแอสฟัลท์ติกคอนกรีต (โดยวิธี Pavement InPlace Recycling) สาย ฉช.3025 บ้านโพธิ์ - บ้านคลองยายคำ อำเภอบ้านโพธิ์(ฉช.ถ 1-0006) กว้าง 6เมตร ยาว 2,540 เมตร ไหล่ทางกว้างข้างละ 1 เมตรองค์การบริหารส่วนจังหวัดฉะเชิงเทรา อำเภอเมืองฉะเชิงเทรา จังหวัดฉะเชิงเทรา", "min": "กระทรวงมหาดไทย", "agc": "กรมส่งเสริมการปกครองท้องถิ่น", "plan_name": "แผนงานบูรณาการส่งเสริมการกระจายอำนาจให้แก่องค์กรปกครองส่วนท้องถิ่น", "stg_name": "ยุทธศาสตร์ด้านการปรับสมดุลและพัฒนาระบบบริหารจัดการภาครัฐ", "objc_level1_name": "งบอุดหนุน", "compare": [{"bb_amount": 9980000, "bb_province": "ฉะเชิงเทรา", "gf_amount": 9664000, "gf_province": "ฉะเชิงเทรา"}], "gf_amount_sum": 9664000}
{"bb_code": "1500848002600940", "bb_year": "2560", "amount": 9980000, "min_code": "15000", "agc_code": "15008", "name": "ซ่อมสร้างผิวทาง ParaAsphalt Concrete (โดยวิธีPavement In - PlaceRecycling) สายบ้านหนองคล่อ - บ้านดงตะขบ หมู่ที่ 9กว้าง 6 เมตร ยาว 3,120เมตร หนา 0.04 เมตรองค์การบริหารส่วนตำบลดงตะขบ อำเภอตะพานหินจังหวัดพิจิตร", "min": "กระทรวงมหาดไทย", "agc": "กรมส่งเสริมการปกครองท้องถิ่น", "plan_name": "แผนงานบูรณาการส่งเสริมการกระจายอำนาจให้แก่องค์กรปกครองส่วนท้องถิ่น", "stg_name": "ยุทธศาสตร์ด้านการปรับสมดุลและพัฒนาระบบบริหารจัดการภาครัฐ", "objc_level1_name": "งบอุดหนุน", "compare": [{"bb_amount": 9980000, "bb_province": "พิจิตร", "gf_amount": 6298000, "gf_province": "พิจิตร"}], "gf_amount_sum": 6298000}
{"bb_code": "1500741009420049", "bb_year": "2560", "amount": 9980000, "min_code": "15000", "agc_code": "15007", "name": "เขื่อนป้องกันตลิ่งริมแม่น้ำปราจีนบุรี บริเวณ ม.3 ต.หาดนางแก้ว อ.กบินทร์บุรีจ.ปราจีนบุรี ความยาว 204เมตร", "min": "กระทรวงมหาดไทย", "agc": "กรมโยธาธิการและผังเมือง", "plan_name": "แผนงานบูรณาการบริหารจัดการทรัพยากรน้ำ", "stg_name": "ยุทธศาสตร์ด้านการจัดการน้ำและสร้างการเติบโตบนคุณภาพชีวิตที่เป็นมิตรกับสิ่งแวดล้อมอย่างยั่งยืน", "objc_level1_name": "งบลงทุน", "compare": [{"bb_amount": 9980000, "bb_province": "ปราจีนบุรี"}, {"gf_amount": 2660000, "gf_province": "ส่วนกลาง", "bb_amount": null, "bb_province": "กรุงเทพมหานคร"}], "gf_amount_sum": 2660000}
{"bb_code": "1500848002600632", "bb_year": "2560", "amount": 9980000, "min_code": "15000", "agc_code": "15008", "name": "ซ่อมแซมถนนลาดยางผิวจราจรแอสฟัลท์ติกคอนกรีต(โดยวิธี Pavement In - PlaceRecycling) สาย บร.ถ.1-0099 บ้านหนองไทร-บ้านกอกทุ่ง อำเภอคูเมือง มีพื้นที่ไม่น้อยกว่า 20,080ตารางเมตร องค์การบริหารส่วนจังหวัดบุรีรัมย์ อำเภอคูเมือง จังหวัดบุรีรัมย์", "min": "กระทรวงมหาดไทย", "agc": "กรมส่งเสริมการปกครองท้องถิ่น", "plan_name": "แผนงานบูรณาการส่งเสริมการกระจายอำนาจให้แก่องค์กรปกครองส่วนท้องถิ่น", "stg_name": "ยุทธศาสตร์ด้านการปรับสมดุลและพัฒนาระบบบริหารจัดการภาครัฐ", "objc_level1_name": "งบอุดหนุน", "compare": [{"bb_amount": 9980000, "bb_province": "บุรีรัมย์", "gf_amount": 8605000, "gf_province": "บุรีรัมย์"}], "gf_amount_sum": 8605000}
{"bb_code": "1500741009420529", "bb_year": "2560", "amount": 9980000, "min_code": "15000", "agc_code": "15007", "name": "เขื่อนป้องกันตลิ่งริมแม่น้ำเจ้าพระยาและปรับปรุงภูมิทัศน์ บริเวณ ม.1 ต.ภูเขาทอง อ.พระนครศรีอยุธยาจ.พระนครศรีอยุธยา ความยาว 534 เมตร", "min": "กระทรวงมหาดไทย", "agc": "กรมโยธาธิการและผังเมือง", "plan_name": "แผนงานบูรณาการบริหารจัดการทรัพยากรน้ำ", "stg_name": "ยุทธศาสตร์ด้านการจัดการน้ำและสร้างการเติบโตบนคุณภาพชีวิตที่เป็นมิตรกับสิ่งแวดล้อมอย่างยั่งยืน", "objc_level1_name": "งบลงทุน", "compare": [{"bb_amount": 9980000, "bb_province": "พระนครศรีอยุธยา"}, {"gf_amount": 7407000, "gf_province": "ส่วนกลาง", "bb_amount": null, "bb_province": "กรุงเทพมหานคร"}], "gf_amount_sum": 7407000}
{"bb_code": "1500848002600858", "bb_year": "2560", "amount": 9980000, "min_code": "15000", "agc_code": "15008", "name": "ซ่อมสร้างปรับปรุงผิวจราจรลาดยางแอสฟัลท์ติกคอนกรีต (โดยวิธี Pavement InPlace Recycling) สาย ฉช.3028 บ้านปากคลองท่าลาด - บ้านราชสาส์นอำเภอราชสาส์น (ฉช.ถ 1-0017) กว้าง 6 เมตร ยาว2,515 เมตร ไหล่ทางกว้างข้างละ 1 เมตร องค์การบริหารส่วนจังหวัดฉะเชิงเทรา อำเภอเมืองฉะเชิงเทรา จังหวัดฉะเชิงเทรา", "min": "กระทรวงมหาดไทย", "agc": "กรมส่งเสริมการปกครองท้องถิ่น", "plan_name": "แผนงานบูรณาการส่งเสริมการกระจายอำนาจให้แก่องค์กรปกครองส่วนท้องถิ่น", "stg_name": "ยุทธศาสตร์ด้านการปรับสมดุลและพัฒนาระบบบริหารจัดการภาครัฐ", "objc_level1_name": "งบอุดหนุน", "compare": [{"bb_amount": 9980000, "bb_province": "ฉะเชิงเทรา", "gf_amount": 9533000, "gf_province": "ฉะเชิงเทรา"}], "gf_amount_sum": 9533000}
{"bb_code": "1500848002600817", "bb_year": "2560", "amount": 9980000, "min_code": "15000", "agc_code": "15008", "name": "ซ่อมสร้างปรับปรุงผิวจราจรลาดยางแอสฟัลท์ติกคอนกรีต (โดยวิธี Pavement InPlace Recycling) สาย ฉช.3002 ร.ร.ฉิมพลีวิทยาคาร -บ้านไผ่ดำ อำเภอบางน้ำเปรี้ยว (ฉช.ถ 1-0011)กว้าง 6 เมตร ยาว 2,520เมตร ไหล่ทางกว้างข้างละ1 เมตร องค์การบริหารส่วนจังหวัดฉะเชิงเทรา อำเภอเมืองฉะเชิงเทรา จังหวัดฉะเชิงเทรา", "min": "กระทรวงมหาดไทย", "agc": "กรมส่งเสริมการปกครองท้องถิ่น", "plan_name": "แผนงานบูรณาการส่งเสริมการกระจายอำนาจให้แก่องค์กรปกครองส่วนท้องถิ่น", "stg_name": "ยุทธศาสตร์ด้านการปรับสมดุลและพัฒนาระบบบริหารจัดการภาครัฐ", "objc_level1_name": "งบอุดหนุน", "compare": [{"bb_amount": 9980000, "bb_province": "ฉะเชิงเทรา", "gf_amount": 9518000, "gf_province": "ฉะเชิงเทรา"}], "gf_amount_sum": 9518000}
{"bb_code": "1500741009420089", "bb_year": "2560", "amount": 9980000, "min_code": "15000", "agc_code": "15007", "name": "เขื่อนป้องกันตลิ่งริมกุดพระเหลา ต.พนา อ.พนา จ.อำนาจเจริญ ความยาว 710เมตร", "min": "กระทรวงมหาดไทย", "agc": "กรมโยธาธิการและผังเมือง", "plan_name": "แผนงานบูรณาการบริหารจัดการทรัพยากรน้ำ", "stg_name": "ยุทธศาสตร์ด้านการจัดการน้ำและสร้างการเติบโตบนคุณภาพชีวิตที่เป็นมิตรกับสิ่งแวดล้อมอย่างยั่งยืน", "objc_level1_name": "งบลงทุน", "compare": [{"bb_amount": 9980000, "bb_province": "อำนาจเจริญ"}, {"gf_amount": 9980000, "gf_province": "ส่วนกลาง", "bb_amount": null, "bb_province": "กรุงเทพมหานคร"}], "gf_amount_sum": 9980000}
{"bb_code": "1500848002600504", "bb_year": "2560", "amount": 9979000, "min_code": "15000", "agc_code": "15008", "name": "ปรับปรุงผิวถนนแอสฟัลท์ติกคอนกรีต สายบ้านสาลี่ หมู่4 - บ้านวนาไพร หมู่ 7ตำบลน้ำมวบ มีพื้นที่ไม่น้อยกว่า 21,840 ตารางเมตรองค์การบริหารส่วนตำบลน้ำมวบ อำเภอเวียงสา จังหวัดน่าน", "min": "กระทรวงมหาดไทย", "agc": "กรมส่งเสริมการปกครองท้องถิ่น", "plan_name": "แผนงานบูรณาการส่งเสริมการกระจายอำนาจให้แก่องค์กรปกครองส่วนท้องถิ่น", "stg_name": "ยุทธศาสตร์ด้านการปรับสมดุลและพัฒนาระบบบริหารจัดการภาครัฐ", "objc_level1_name": "งบอุดหนุน", "compare": [{"bb_amount": 9979000, "bb_province": "น่าน", "gf_amount": 9976000, "gf_province": "น่าน"}], "gf_amount_sum": 9976000}
{"bb_code": "1500848002600A35", "bb_year": "2560", "amount": 9974000, "min_code": "15000", "agc_code": "15008", "name": "ซ่อมสร้างถนนยางพาราแอสฟัลท์ติกคอนกรีตและขยายผิวจราจรด้วยวิธีRecycling สายหัวแหลม -ดอนสำโรง หมู่ที่ 6,7 ตำบลท่าช้าง กว้าง 6 เมตร ยาว1,865 เมตร หนา 0.05เมตร ไหล่ทางข้างละ 1เมตร องค์การบริหารส่วนตำบลท่าช้าง อำเภอเมืองจันทบุรี จังหวัดจันทบุรี", "min": "กระทรวงมหาดไทย", "agc": "กรมส่งเสริมการปกครองท้องถิ่น", "plan_name": "แผนงานบูรณาการส่งเสริมการกระจายอำนาจให้แก่องค์กรปกครองส่วนท้องถิ่น", "stg_name": "ยุทธศาสตร์ด้านการปรับสมดุลและพัฒนาระบบบริหารจัดการภาครัฐ", "objc_level1_name": "งบอุดหนุน", "compare": [{"bb_amount": 9974000, "bb_province": "จันทบุรี", "gf_amount": 0, "gf_province": "จันทบุรี"}], "gf_amount_sum": 0}
{"bb_code": "1500848002600739", "bb_year": "2560", "amount": 9972000, "min_code": "15000", "agc_code": "15008", "name": "ฉาบผิวลาดยางพาราสเลอรี่ซีลและซ่องสร้างผิวทางพาราเคพซีล สายบ้านโล๊ะป่าห้า - บ้านเวียงกลางจำนวน 4 ช่วง มีพื้นที่รวมไม่น้อยกว่า 36,480 ตารางเมตร องค์การบริหารส่วนตำบลแม่ข้าวต้ม อำเภอเมืองเชียงราย จังหวัดเชียงราย", "min": "กระทรวงมหาดไทย", "agc": "กรมส่งเสริมการปกครองท้องถิ่น", "plan_name": "แผนงานบูรณาการส่งเสริมการกระจายอำนาจให้แก่องค์กรปกครองส่วนท้องถิ่น", "stg_name": "ยุทธศาสตร์ด้านการปรับสมดุลและพัฒนาระบบบริหารจัดการภาครัฐ", "objc_level1_name": "งบอุดหนุน", "compare": [{"bb_amount": 9972000, "bb_province": "เชียงราย", "gf_amount": 8380000, "gf_province": "เชียงราย"}], "gf_amount_sum": 8380000}
{"bb_code": "1500848002600562", "bb_year": "2560", "amount": 9970000, "min_code": "15000", "agc_code": "15008", "name": "ซ่อมสร้างถนนผิวจราจรยางพาราแอสฟัลท์ติกคอนกรีตสายบ้านบลูกาฮูลู -บ้านตะแม็ง ตำบลบาตงจำนวน 2 ช่วง มีพื้นที่ไม่น้อยกว่า 14,620ตารางเมตรองค์การบริหารส่วนตำบลบาตง อำเภอรือเสาะ จังหวัดนราธิวาส", "min": "กระทรวงมหาดไทย", "agc": "กรมส่งเสริมการปกครองท้องถิ่น", "plan_name": "แผนงานบูรณาการส่งเสริมการกระจายอำนาจให้แก่องค์กรปกครองส่วนท้องถิ่น", "stg_name": "ยุทธศาสตร์ด้านการปรับสมดุลและพัฒนาระบบบริหารจัดการภาครัฐ", "objc_level1_name": "งบอุดหนุน", "compare": [{"bb_amount": 9970000, "bb_province": "นราธิวาส", "gf_amount": 9970000, "gf_province": "นราธิวาส"}], "gf_amount_sum": 9970000}
