{"bb_code": "1500848002600367", "bb_year": "2560", "amount": 9540000, "min_code": "15000", "agc_code": "15008", "name": "ซ่อมถนนลาดยางสายบ้านท่าลี่ - บ้านยาง หมู่ที่ 5ตำบลท่าลี่ กว้าง 6 เมตรยาว 5,000 เมตร หนา 0.03เมตร ไหล่ทางข้างละ 1เมตร องค์การบริหารส่วนตำบลท่าลี่ อำเภอท่าลี่จังหวัดเลย", "min": "กระทรวงมหาดไทย", "agc": "กรมส่งเสริมการปกครองท้องถิ่น", "plan_name": "แผนงานบูรณาการส่งเสริมการกระจายอำนาจให้แก่องค์กรปกครองส่วนท้องถิ่น", "stg_name": "ยุทธศาสตร์ด้านการปรับสมดุลและพัฒนาระบบบริหารจัดการภาครัฐ", "objc_level1_name": "งบอุดหนุน", "compare": [{"bb_amount": 9540000, "bb_province": "เลย", "gf_amount": 9500000, "gf_province": "เลย"}], "gf_amount_sum": 9500000}
{"bb_code": "1500848002600489", "bb_year": "2560", "amount": 9540000, "min_code": "15000", "agc_code": "15008", "name": "ปรับปรุงซ่อมแซมผิวทางCape Seal สายแยกทางหลวงแผ่นดินหมายเลข1081 ถึง บ้านน้ำรีพัฒนาหมู่ที่ 12 ตำบลขุนน่าน มีพื้นที่ไม่น้อยกว่า 17,700ตารางเมตร องค์การบริหารส่วนตำบลขุนน่าน อำเภอเฉลิมพระเกียรติ จังหวัดน่าน", "min": "กระทรวงมหาดไทย", "agc": "กรมส่งเสริมการปกครองท้องถิ่น", "plan_name": "แผนงานบูรณาการส่งเสริมการกระจายอำนาจให้แก่องค์กรปกครองส่วนท้องถิ่น", "stg_name": "ยุทธศาสตร์ด้านการปรับสมดุลและพัฒนาระบบบริหารจัดการภาครัฐ", "objc_level1_name": "งบอุดหนุน", "compare": [{"bb_amount": 9540000, "bb_province": "น่าน", "gf_amount": 9530000, "gf_province": "น่าน"}], "gf_amount_sum": 9530000}
{"bb_code": "1500848002600193", "bb_year": "2560", "amount": 9540000, "min_code": "15000", "agc_code": "15008", "name": "ซ่อมสร้างผิวทางพาราแอสฟัลท์ติกคอนกรีต โดยวิธีเสริมผิวทางแบบ PARAASPHALTIC CONCRETE บ้านบอบุ หมู่ที่ 2,9 ตำบลไก่คำกว้าง 4 เมตร ยาว 5,690เมตร หนา 0.04 เมตรเทศบาลตำบลไก่คำ อำเภอเมืองอำนาจเจริญ จังหวัดอำนาจเจริญ", "min": "กระทรวงมหาดไทย", "agc": "กรมส่งเสริมการปกครองท้องถิ่น", "plan_name": "แผนงานบูรณาการส่งเสริมการกระจายอำนาจให้แก่องค์กรปกครองส่วนท้องถิ่น", "stg_name": "ยุทธศาสตร์ด้านการปรับสมดุลและพัฒนาระบบบริหารจัดการภาครัฐ", "objc_level1_name": "งบอุดหนุน", "compare": [{"bb_amount": 9540000, "bb_province": "อำนาจเจริญ", "gf_amount": 4700000, "gf_province": "อำนาจเจริญ"}], "gf_amount_sum": 4700000}
{"bb_code": "1500848002600912", "bb_year": "2560", "amount": 9540000, "min_code": "15000", "agc_code": "15008", "name": "ซ่อมสร้างผิวทางแอสฟัลท์ติกคอนกรีตคอนกรีตสายกบ. 3016 สายบ้านหนองหงษ์ -บ้านน้ำจาน หมู่ที่2,3,6 กว้าง 6 เมตร ยาว2,500 เมตร หนา 0.04เมตร ไหล่ทางข้างละ 1เมตร องค์การบริหารส่วนตำบลอ่าวลึกเหนือ อำเภออ่าวลึก จังหวัดกระบี่", "min": "กระทรวงมหาดไทย", "agc": "กรมส่งเสริมการปกครองท้องถิ่น", "plan_name": "แผนงานบูรณาการส่งเสริมการกระจายอำนาจให้แก่องค์กรปกครองส่วนท้องถิ่น", "stg_name": "ยุทธศาสตร์ด้านการปรับสมดุลและพัฒนาระบบบริหารจัดการภาครัฐ", "objc_level1_name": "งบอุดหนุน", "compare": [{"bb_amount": 9540000, "bb_province": "กระบี่", "gf_amount": 9490000, "gf_province": "กระบี่"}], "gf_amount_sum": 9490000}
{"bb_code": "1500741009410015", "bb_year": "2560", "amount": 9520000, "min_code": "15000", "agc_code": "15007", "name": "เขื่อนป้องกันตลิ่งริมคลองบางเรือหัก พร้อมปรับปรุงภูมิทัศน์ (ต่อจากเขื่อนเดิม)บริเวณวัดปทุมคณาวาส ต.บางขันแตก อ.เมือง จ.สมุทรสงคราม ความยาว 56เมตร", "min": "กระทรวงมหาดไทย", "agc": "กรมโยธาธิการและผังเมือง", "plan_name": "แผนงานบูรณาการบริหารจัดการทรัพยากรน้ำ", "stg_name": "ยุทธศาสตร์ด้านการจัดการน้ำและสร้างการเติบโตบนคุณภาพชีวิตที่เป็นมิตรกับสิ่งแวดล้อมอย่างยั่งยืน", "objc_level1_name": "งบลงทุน", "compare": [{"bb_amount": 9520000, "bb_province": "สมุทรสงคราม", "gf_amount": 1349850, "gf_province": "สมุทรสงคราม"}], "gf_amount_sum": 1349850}
{"bb_code": "1500741009420439", "bb_year": "2560", "amount": 9517900, "min_code": "15000", "agc_code": "15007", "name": "เขื่อนป้องกันตลิ่งริมคลองสุนัขหอน บริเวณบ้านวังน้ำวน ม.4 ต.บางโทรัดอ.เมือง จ.สมุทรสาครความยาว 210 เมตร", "min": "กระทรวงมหาดไทย", "agc": "กรมโยธาธิการและผังเมือง", "plan_name": "แผนงานบูรณาการบริหารจัดการทรัพยากรน้ำ", "stg_name": "ยุทธศาสตร์ด้านการจัดการน้ำและสร้างการเติบโตบนคุณภาพชีวิตที่เป็นมิตรกับสิ่งแวดล้อมอย่างยั่งยืน", "objc_level1_name": "งบลงทุน", "compare": [{"bb_amount": 9517900, "bb_province": "สมุทรสาคร", "gf_amount": 14733500, "gf_province": "สมุทรสาคร"}], "gf_amount_sum": 14733500}
{"bb_code": "1500848002600196", "bb_year": "2560", "amount": 9510000, "min_code": "15000", "agc_code": "15008", "name": "ซ่อมสร้างผิวลาดยางแอสฟัลท์ติกคอนกรีต แบบPavement In-Place Recyclingหมู่ที่ 2 บ้านเค็งใหญ่ - หมู่ที่ 4,10 บ้านหัวดง ตำบลเค็งใหญ่ กว้าง 8 เมตร ยาว2,000 เมตร หนา 0.04เมตร เทศบาลตำบลเค็งใหญ่ อำเภอหัวตะพานจังหวัดอำนาจเจริญ", "min": "กระทรวงมหาดไทย", "agc": "กรมส่งเสริมการปกครองท้องถิ่น", "plan_name": "แผนงานบูรณาการส่งเสริมการกระจายอำนาจให้แก่องค์กรปกครองส่วนท้องถิ่น", "stg_name": "ยุทธศาสตร์ด้านการปรับสมดุลและพัฒนาระบบบริหารจัดการภาครัฐ", "objc_level1_name": "งบอุดหนุน", "compare": [{"bb_amount": 9510000, "bb_province": "อำนาจเจริญ", "gf_amount": 5168230, "gf_province": "อำนาจเจริญ"}], "gf_amount_sum": 5168230}
{"bb_code": "1500848002600872", "bb_year": "2560", "amount": 9500000, "min_code": "15000", "agc_code": "15008", "name": "ปรับปรุงถนนลาดยางพาราแอสฟัลท์ติกคอนกรีต สายแยก ทล.323-บ้านหนองสะแก บ้านหนองสะแก หมู่ที่ 5 ตำบลวังศาลา กว้าง 8เมตร ยาว 2,595 เมตร หนา0.05 เมตร เทศบาลตำบลวังศาลา อำเภอท่าม่วงจังหวัดกาญจนบุรี", "min": "กระทรวงมหาดไทย", "agc": "กรมส่งเสริมการปกครองท้องถิ่น", "plan_name": "แผนงานบูรณาการส่งเสริมการกระจายอำนาจให้แก่องค์กรปกครองส่วนท้องถิ่น", "stg_name": "ยุทธศาสตร์ด้านการปรับสมดุลและพัฒนาระบบบริหารจัดการภาครัฐ", "objc_level1_name": "งบอุดหนุน", "compare": [{"bb_amount": 9500000, "bb_province": "กาญจนบุรี", "gf_amount": 8924000, "gf_province": "กาญจนบุรี"}], "gf_amount_sum": 8924000}
{"bb_code": "1500848002600027", "bb_year": "2560", "amount": 9500000, "min_code": "15000", "agc_code": "15008", "name": "ซ่อมสร้างผิวทางพาราแอสฟัลท์ติกคอนกรีต สายบ้านห้วยลึก - บ้านวังรอ (นว.ถ.105-01) ตำบลวังมหากรกว้าง 6 เมตร ยาว 2,500เมตร หนา 0.04 เมตร ไหล่ทางข้างละ 1 เมตร พื้นที่ไม่น้อยกว่า 20,000 ตารางเมตร องค์การบริหารส่วนตำบลวังมหากร อำเภอท่าตะโก จังหวัดนครสวรรค์", "min": "กระทรวงมหาดไทย", "agc": "กรมส่งเสริมการปกครองท้องถิ่น", "plan_name": "แผนงานบูรณาการส่งเสริมการกระจายอำนาจให้แก่องค์กรปกครองส่วนท้องถิ่น", "stg_name": "ยุทธศาสตร์ด้านการปรับสมดุลและพัฒนาระบบบริหารจัดการภาครัฐ", "objc_level1_name": "งบอุดหนุน", "compare": [{"bb_amount": 9500000, "bb_province": "นครสวรรค์", "gf_amount": 8994000, "gf_province": "นครสวรรค์"}], "gf_amount_sum": 8994000}
{"bb_code": "1500848002600718", "bb_year": "2560", "amount": 9500000, "min_code": "15000", "agc_code": "15008", "name": "ซ่อมแซมผิวจราจรถนนแอสฟัลท์ติกตอนกรีต สายบ้านท่าบ้านหลวง-บ้านพราน หมู่ที่ 11 บ้านพราน ตำบลวังไก่เถื่อน กว้าง 6 เมตร ยาว2,510 เมตร หนา 0.05เมตร หรือพื้นที่ไม่น้อยกว่า15,060 ตารางเมตรองค์การบริหารส่วนตำบลวังไก่เถื่อน อำเภอหันคาจังหวัดชัยนาท", "min": "กระทรวงมหาดไทย", "agc": "กรมส่งเสริมการปกครองท้องถิ่น", "plan_name": "แผนงานบูรณาการส่งเสริมการกระจายอำนาจให้แก่องค์กรปกครองส่วนท้องถิ่น", "stg_name": "ยุทธศาสตร์ด้านการปรับสมดุลและพัฒนาระบบบริหารจัดการภาครัฐ", "objc_level1_name": "งบอุดหนุน", "compare": [{"bb_amount": 9500000, "bb_province": "ชัยนาท", "gf_amount": 9500000, "gf_province": "ชัยนาท"}], "gf_amount_sum": 9500000}
{"bb_code": "1500848002600482", "bb_year": "2560", "amount": 9490000, "min_code": "15000", "agc_code": "15008", "name": "ปรับปรุงถนนลาดยางแอสฟัลท์ติกคอนกรีต สายแยกทางหลวง 318-หาดบานชื่นหมู่ที่ 5 ตำบลคลองใหญ่กว้าง 6 เมตร ยาว 3,000เมตร หนา 0.05 เมตรองค์การบริหารส่วนจังหวัดตราด อำเภอเมืองตราดจังหวัดตราด", "min": "กระทรวงมหาดไทย", "agc": "กรมส่งเสริมการปกครองท้องถิ่น", "plan_name": "แผนงานบูรณาการส่งเสริมการกระจายอำนาจให้แก่องค์กรปกครองส่วนท้องถิ่น", "stg_name": "ยุทธศาสตร์ด้านการปรับสมดุลและพัฒนาระบบบริหารจัดการภาครัฐ", "objc_level1_name": "งบอุดหนุน", "compare": [{"bb_amount": 9490000, "bb_province": "ตราด", "gf_amount": 9450000, "gf_province": "ตราด"}], "gf_amount_sum": 9450000}
{"bb_code": "1500848002600913", "bb_year": "2560", "amount": 9475000, "min_code": "15000", "agc_code": "15008", "name": "ซ่อมสร้างผิวทางแอสฟัลท์ติกคอนกรีตสายพรุเตียว -เขาพนม หมู่ที่ 1-5 กว้าง 6เมตร ยาว 2,900 เมตร หนา0.04 เมตร ไหล่ทางข้างละ1 เมตร องค์การบริหารส่วนตำบลพรุเตียว อำเภอเขาพนม จังหวัดกระบี่", "min": "กระทรวงมหาดไทย", "agc": "กรมส่งเสริมการปกครองท้องถิ่น", "plan_name": "แผนงานบูรณาการส่งเสริมการกระจายอำนาจให้แก่องค์กรปกครองส่วนท้องถิ่น", "stg_name": "ยุทธศาสตร์ด้านการปรับสมดุลและพัฒนาระบบบริหารจัดการภาครัฐ", "objc_level1_name": "งบอุดหนุน", "compare": [{"bb_amount": 9475000, "bb_province": "กระบี่", "gf_amount": 9418862.41, "gf_province": "กระบี่"}], "gf_amount_sum": 9418862.41}
{"bb_code": "1500848002600723", "bb_year": "2560", "amount": 9470000, "min_code": "15000", "agc_code": "15008", "name": "ซ่อมแซมถนนลาดยางพาราแอสฟัลท์ติกคอนกรีตสายน้ำตกเหวโหลม หมู่ที่ 3กว้าง 6 เมตร ยาว 2,500เมตร หนา 0.05เมตร ไหล่ทางข้างละ 0.50 เมตรองค์การบริหารส่วนตำบลปากทรง อำเภอพะโต๊ะจังหวัดชุมพร", "min": "กระทรวงมหาดไทย", "agc": "กรมส่งเสริมการปกครองท้องถิ่น", "plan_name": "แผนงานบูรณาการส่งเสริมการกระจายอำนาจให้แก่องค์กรปกครองส่วนท้องถิ่น", "stg_name": "ยุทธศาสตร์ด้านการปรับสมดุลและพัฒนาระบบบริหารจัดการภาครัฐ", "objc_level1_name": "งบอุดหนุน", "compare": [{"bb_amount": 9470000, "bb_province": "ชุมพร", "gf_amount": 9200000, "gf_province": "ชุมพร"}], "gf_amount_sum": 9200000}
{"bb_code": "1500741009420452", "bb_year": "2560", "amount": 9465000, "min_code": "15000", "agc_code": "15007", "name": "เขื่อนป้องกันตลิ่ง บริเวณรอบโรงเรียนและแนวคลองหน้าวัดคู้สนามจันทร์ ม.3 ต.บ้านปรก อ.เมือง จ.สมุทรสงคราม ความยาว290 เมตร", "min": "กระทรวงมหาดไทย", "agc": "กรมโยธาธิการและผังเมือง", "plan_name": "แผนงานบูรณาการบริหารจัดการทรัพยากรน้ำ", "stg_name": "ยุทธศาสตร์ด้านการจัดการน้ำและสร้างการเติบโตบนคุณภาพชีวิตที่เป็นมิตรกับสิ่งแวดล้อมอย่างยั่งยืน", "objc_level1_name": "งบลงทุน", "compare": [{"bb_amount": 9465000, "bb_province": "สมุทรสงคราม", "gf_amount": 9465000, "gf_province": "สมุทรสงคราม"}], "gf_amount_sum": 9465000}
{"bb_code": "1500641007410007", "bb_year": "2560", "amount": 9450000, "min_code": "15000", "agc_code": "15006", "name": "ขุดลอกแหล่งน้ำริมหนองหาร หมู่ที่ 4 บ้านน้ำพุตำบลบ้านแป้น อำเภอโพนนาแก้ว จังหวัดสกลนคร", "min": "กระทรวงมหาดไทย", "agc": "กรมป้องกันและบรรเทาสาธารณภัย", "plan_name": "แผนงานบูรณาการบริหารจัดการทรัพยากรน้ำ", "stg_name": "ยุทธศาสตร์ด้านการจัดการน้ำและสร้างการเติบโตบนคุณภาพชีวิตที่เป็นมิตรกับสิ่งแวดล้อมอย่างยั่งยืน", "objc_level1_name": "งบลงทุน", "compare": [{"bb_amount": 9450000, "bb_province": "สกลนคร"}], "gf_amount_sum": 0}
{"bb_code": "1500848002600516", "bb_year": "2560", "amount": 9447000, "min_code": "15000", "agc_code": "15008", "name": "ซ่อมสร้างถนนลาดยางแบบผิวจราจรยางพาราแอสฟัลท์ติกคอนกรีต สายวัดพรหมประสิทธิ์-บ้านทุ่งใหญ่ ม.2 -ม.1 ตำบลบ้านนอก กว้าง 6เมตร ยาว 1,920 เมตร หนา0.05 เมตร ไหล่ทางข้างละ1 เมตร องค์การบริหารส่วนตำบลบ้านนอก อำเภอปะนาเระ จังหวัดปัตตานี", "min": "กระทรวงมหาดไทย", "agc": "กรมส่งเสริมการปกครองท้องถิ่น", "plan_name": "แผนงานบูรณาการส่งเสริมการกระจายอำนาจให้แก่องค์กรปกครองส่วนท้องถิ่น", "stg_name": "ยุทธศาสตร์ด้านการปรับสมดุลและพัฒนาระบบบริหารจัดการภาครัฐ", "objc_level1_name": "งบอุดหนุน", "compare": [{"bb_amount": 9447000, "bb_province": "ปัตตานี", "gf_amount": 9447000, "gf_province": "ปัตตานี"}], "gf_amount_sum": 9447000}
{"bb_code": "1500848002600065", "bb_year": "2560", "amount": 9431000, "min_code": "15000", "agc_code": "15008", "name": "ปรับปรุงผิวทางพาราแอสฟัลท์ติกคอนกรีต สายบ้านหนองแก หมู่ที่ 10 ตำบลวังไคร้ กว้าง 6 เมตร ยาว2,000 เมตร หนา 0.04เมตร ไหล่ทางข้างละ 1.5เมตร องค์การบริหารส่วนตำบลวังไคร้ อำเภอท่ายางจังหวัดเพชรบุรี", "min": "กระทรวงมหาดไทย", "agc": "กรมส่งเสริมการปกครองท้องถิ่น", "plan_name": "แผนงานบูรณาการส่งเสริมการกระจายอำนาจให้แก่องค์กรปกครองส่วนท้องถิ่น", "stg_name": "ยุทธศาสตร์ด้านการปรับสมดุลและพัฒนาระบบบริหารจัดการภาครัฐ", "objc_level1_name": "งบอุดหนุน", "compare": [{"bb_amount": 9431000, "bb_province": "เพชรบุรี", "gf_amount": 9400000, "gf_province": "เพชรบุรี"}], "gf_amount_sum": 9400000}
{"bb_code": "1500848002600540", "bb_year": "2560", "amount": 9429000, "min_code": "15000", "agc_code": "15008", "name": "ซ่อมแซมปรับปรุงถนนลาดยางพาราแอสฟัลท์ติกคอนกรีต นน.2056 บ้านสันทนา-บ้านหัวน้ำ ตำบลพระธาตุ ขนาดกว้าง 6 เมตรยาวรวม 3,773 เมตร หนา0.04 เมตร องค์การบริหารส่วนตำบลพระธาตุ อำเภอเชียงกลาง จังหวัดน่าน", "min": "กระทรวงมหาดไทย", "agc": "กรมส่งเสริมการปกครองท้องถิ่น", "plan_name": "แผนงานบูรณาการส่งเสริมการกระจายอำนาจให้แก่องค์กรปกครองส่วนท้องถิ่น", "stg_name": "ยุทธศาสตร์ด้านการปรับสมดุลและพัฒนาระบบบริหารจัดการภาครัฐ", "objc_level1_name": "งบอุดหนุน", "compare": [{"bb_amount": 9429000, "bb_province": "น่าน", "gf_amount": 8580000, "gf_province": "น่าน"}], "gf_amount_sum": 8580000}
{"bb_code": "1500848002600229", "bb_year": "2560", "amount": 9426000, "min_code": "15000", "agc_code": "15008", "name": "ซ่อมสร้างถนนคอนกรีตเสริมเหล็กสาย หมู่ที่ 6 บ้านคลองขวาง ตำบลคลองขวาง กว้าง 5 เมตร ยาว1,485 เมตร หนา 0.20เมตร องค์การบริหารส่วนตำบลคลองขวาง อำเภอไทรน้อย จังหวัดนนทบุรี", "min": "กระทรวงมหาดไทย", "agc": "กรมส่งเสริมการปกครองท้องถิ่น", "plan_name": "แผนงานบูรณาการส่งเสริมการกระจายอำนาจให้แก่องค์กรปกครองส่วนท้องถิ่น", "stg_name": "ยุทธศาสตร์ด้านการปรับสมดุลและพัฒนาระบบบริหารจัดการภาครัฐ", "objc_level1_name": "งบอุดหนุน", "compare": [{"bb_amount": 9426000, "bb_province": "นนทบุรี", "gf_amount": 9416000, "gf_province": "นนทบุรี"}], "gf_amount_sum": 9416000}
{"bb_code": "1500741009420103", "bb_year": "2560", "amount": 9425000, "min_code": "15000", "agc_code": "15007", "name": "เขื่อนป้องกันตลิ่งริมแม่น้ำแม่กลอง พร้อมปรับปรุงภูมิทัศน์ ม.1 บ้านวัดศรีโลหะราษฏร์บำรุง ต.ท่าม่วง อ.ท่าม่วง จ.กาญจนบุรี ความยาว 300 เมตร", "min": "กระทรวงมหาดไทย", "agc": "กรมโยธาธิการและผังเมือง", "plan_name": "แผนงานบูรณาการบริหารจัดการทรัพยากรน้ำ", "stg_name": "ยุทธศาสตร์ด้านการจัดการน้ำและสร้างการเติบโตบนคุณภาพชีวิตที่เป็นมิตรกับสิ่งแวดล้อมอย่างยั่งยืน", "objc_level1_name": "งบลงทุน", "compare": [{"bb_amount": 9425000, "bb_province": "กาญจนบุรี", "gf_amount": 8591997, "gf_province": "กาญจนบุรี"}], "gf_amount_sum": 8591997}
