{"bb_code": "1500848002600538", "bb_year": "2560", "amount": 9424000, "min_code": "15000", "agc_code": "15008", "name": "ซ่อมแซมถนนลาดยางพาราแอสฟัลท์ติกคอนกรีต บ้านปง - บ้านห้วยโป่ง (ช่วงที่1) ตำบลตาลชุม กว้าง 6เมตร ยาว 3,300 เมตร หนา0.04 เมตร ไหล่ทางกว้างข้างละ 0.50 เมตร องค์การบริหารส่วนตำบลตาลชุมอำเภอท่าวังผา จังหวัดน่าน", "min": "กระทรวงมหาดไทย", "agc": "กรมส่งเสริมการปกครองท้องถิ่น", "plan_name": "แผนงานบูรณาการส่งเสริมการกระจายอำนาจให้แก่องค์กรปกครองส่วนท้องถิ่น", "stg_name": "ยุทธศาสตร์ด้านการปรับสมดุลและพัฒนาระบบบริหารจัดการภาครัฐ", "objc_level1_name": "งบอุดหนุน", "compare": [{"bb_amount": 9424000, "bb_province": "น่าน", "gf_amount": 9420000, "gf_province": "น่าน"}], "gf_amount_sum": 9420000}
{"bb_code": "1500703014410035", "bb_year": "2560", "amount": 9410000, "min_code": "15000", "agc_code": "15007", "name": "โครงการปรับปรุงถนนในชุมชน สายในอ่าว - ศาลาแม่เหวียน บ้านคูตีน หมู่ที่ 2ตำบลน้ำขาว อำเภอจะนะจังหวัดสงขลา ความกว้าง4.00 เมตร ระยะทาง 3.360กิโลเมตร", "min": "กระทรวงมหาดไทย", "agc": "กรมโยธาธิการและผังเมือง", "plan_name": "แผนงานบูรณาการขับเคลื่อนการแก้ไขปัญหาจังหวัดชายแดนภาคใต้ ", "stg_name": "ยุทธศาสตร์ด้านความมั่นคงและการต่างประเทศ", "objc_level1_name": "งบลงทุน", "compare": [{"bb_amount": 9410000, "bb_province": "สงขลา", "gf_amount": 9400000, "gf_province": "สงขลา"}], "gf_amount_sum": 9400000}
{"bb_code": "1500848002600136", "bb_year": "2560", "amount": 9400000, "min_code": "15000", "agc_code": "15008", "name": "ซ่อมสร้างผิวถนนลาดยางแอสฟัลท์ติกคอนกรีต สายรัชตะวิถี-บ้านกุดหิน ตำบลฟากห้วย กว้าง 6.35 เมตรยาว 3,500 เมตร หนา 0.05เมตร เทศบาลตำบลฟากห้วย อำเภออรัญประเทศจังหวัดสระแก้ว", "min": "กระทรวงมหาดไทย", "agc": "กรมส่งเสริมการปกครองท้องถิ่น", "plan_name": "แผนงานบูรณาการส่งเสริมการกระจายอำนาจให้แก่องค์กรปกครองส่วนท้องถิ่น", "stg_name": "ยุทธศาสตร์ด้านการปรับสมดุลและพัฒนาระบบบริหารจัดการภาครัฐ", "objc_level1_name": "งบอุดหนุน", "compare": [{"bb_amount": 9400000, "bb_province": "สระแก้ว", "gf_amount": 9385000, "gf_province": "สระแก้ว"}], "gf_amount_sum": 9385000}
{"bb_code": "1500844005600001", "bb_year": "2560", "amount": 9400000, "min_code": "15000", "agc_code": "15008", "name": "โครงการก่อสร้างปรับปรุงถนนลาดยางแอลฟัลท์คอนกรีตสายสันติครามเชื่อมทางหลวงสายพิเศษหมายเลข 7 (มอเตอร์เวย์)เทศบาลตำบลหนองปลาไหล อำเภอบางละมุงจังหวัดชลบุรี", "min": "กระทรวงมหาดไทย", "agc": "กรมส่งเสริมการปกครองท้องถิ่น", "plan_name": "แผนงานพื้นฐานด้านการปรับสมดุลและพัฒนาระบบการบริหารจัดการภาครัฐ", "stg_name": "ยุทธศาสตร์ด้านการปรับสมดุลและพัฒนาระบบบริหารจัดการภาครัฐ", "objc_level1_name": "งบอุดหนุน", "compare": [{"bb_amount": 9400000, "bb_province": "ชลบุรี", "gf_amount": 7000000, "gf_province": "ชลบุรี"}], "gf_amount_sum": 7000000}
{"bb_code": "1500848002600237", "bb_year": "2560", "amount": 9400000, "min_code": "15000", "agc_code": "15008", "name": "ซ่อมสร้างผิวทางพาราเคพซีล ถนนสายบ้านชุมนุมสูง - บ้านโพธิ์ไทร หมู่ที่ 7ตำบลทุ่งควายกิน กว้าง 6เมตร ยาว 2,400 เมตร ไหล่ทางข้างละ 1 เมตร หรือมีพื้นที่ไม่น้อยกว่า 19,200ตารางเมตร องค์การบริหารส่วนตำบลทุ่งควายกินอำเภอแกลง จังหวัดระยอง", "min": "กระทรวงมหาดไทย", "agc": "กรมส่งเสริมการปกครองท้องถิ่น", "plan_name": "แผนงานบูรณาการส่งเสริมการกระจายอำนาจให้แก่องค์กรปกครองส่วนท้องถิ่น", "stg_name": "ยุทธศาสตร์ด้านการปรับสมดุลและพัฒนาระบบบริหารจัดการภาครัฐ", "objc_level1_name": "งบอุดหนุน", "compare": [{"bb_amount": 9400000, "bb_province": "ระยอง", "gf_amount": 9380000, "gf_province": "ระยอง"}], "gf_amount_sum": 9380000}
{"bb_code": "1500848002600635", "bb_year": "2560", "amount": 9398000, "min_code": "15000", "agc_code": "15008", "name": "ซ่อมสร้างผิวทางแอสฟัลท์ติกคอนกรีต (โดยวิธีPavement In-Place Recycling)สายบ้านจาน - บ้านดอนตำบลบ้านจาน มีพื้นที่ไม่น้อยกว่า 20,400 ตารางเมตร องค์การบริหารส่วนตำบลบ้านจาน อำเภอพุทไธสง จังหวัดบุรีรัมย์", "min": "กระทรวงมหาดไทย", "agc": "กรมส่งเสริมการปกครองท้องถิ่น", "plan_name": "แผนงานบูรณาการส่งเสริมการกระจายอำนาจให้แก่องค์กรปกครองส่วนท้องถิ่น", "stg_name": "ยุทธศาสตร์ด้านการปรับสมดุลและพัฒนาระบบบริหารจัดการภาครัฐ", "objc_level1_name": "งบอุดหนุน", "compare": [{"bb_amount": 9398000, "bb_province": "บุรีรัมย์", "gf_amount": 9375000, "gf_province": "บุรีรัมย์"}], "gf_amount_sum": 9375000}
{"bb_code": "1500742031700006", "bb_year": "2560", "amount": 9390000, "min_code": "15000", "agc_code": "15007", "name": "โครงการวางและจัดทำผังเมืองรวมจังหวัดนครศรีธรรมราช", "min": "กระทรวงมหาดไทย", "agc": "กรมโยธาธิการและผังเมือง", "plan_name": "แผนงานยุทธศาสตร์อนุรักษ์ ฟื้นฟู และป้องกันทรัพยากรธรรมชาติ", "stg_name": "ยุทธศาสตร์ด้านการจัดการน้ำและสร้างการเติบโตบนคุณภาพชีวิตที่เป็นมิตรกับสิ่งแวดล้อมอย่างยั่งยืน", "objc_level1_name": "รายจ่ายอื่น", "compare": [{"bb_amount": 9390000, "bb_province": "นครศรีธรรมราช"}], "gf_amount_sum": 0}
{"bb_code": "1500848029600775", "bb_year": "2560", "amount": 9389800, "min_code": "15000", "agc_code": "15008", "name": "ก่อสร้างระบบประปาหมู่บ้านแบบผิวดิน หอถัง ๓๐ลูกบาศก์เมตร หมู่ที่ 3 บ้านวังฆ้อง ตำบลสามตำบลองค์การบริหารส่วนตำบลสามตำบล อำเภอจุฬาภรณ์จังหวัดนครศรีธรรมราช", "min": "กระทรวงมหาดไทย", "agc": "กรมส่งเสริมการปกครองท้องถิ่น", "plan_name": "แผนงานบูรณาการส่งเสริมการกระจายอำนาจให้แก่องค์กรปกครองส่วนท้องถิ่น", "stg_name": "ยุทธศาสตร์ด้านการปรับสมดุลและพัฒนาระบบบริหารจัดการภาครัฐ", "objc_level1_name": "งบอุดหนุน", "compare": [{"bb_amount": 9389800, "bb_province": "นครศรีธรรมราช", "gf_amount": 9388000, "gf_province": "นครศรีธรรมราช"}], "gf_amount_sum": 9388000}
{"bb_code": "1500848002600272", "bb_year": "2560", "amount": 9389000, "min_code": "15000", "agc_code": "15008", "name": "ปรับปรุงซ่อมแซมถนนโดยการปูแอสฟัลท์ติกคอนกรีตสายบ้านปัญจาภิรมย์ หมู่ที่6 เชื่อมต่อหมู่ที่ 7 บ้านบ่อพระอินทร์ ตำบลสร่างโศกจำนวน 3 ช่วง มีพื้นที่รวมไม่น้อยกว่า 17,000 ตารางเมตร เทศบาลตำบลสร่างโศก อำเภอบ้านหมอจังหวัดสระบุรี", "min": "กระทรวงมหาดไทย", "agc": "กรมส่งเสริมการปกครองท้องถิ่น", "plan_name": "แผนงานบูรณาการส่งเสริมการกระจายอำนาจให้แก่องค์กรปกครองส่วนท้องถิ่น", "stg_name": "ยุทธศาสตร์ด้านการปรับสมดุลและพัฒนาระบบบริหารจัดการภาครัฐ", "objc_level1_name": "งบอุดหนุน", "compare": [{"bb_amount": 9389000, "bb_province": "สระบุรี", "gf_amount": 8259753, "gf_province": "สระบุรี"}], "gf_amount_sum": 8259753}
{"bb_code": "1500743018420002", "bb_year": "2560", "amount": 9388200, "min_code": "15000", "agc_code": "15007", "name": "โครงการก่อสร้างเขื่อนป้องกันน้ำท่วม บริเวณคลองสามัคคี(ฝั่งถนนสฤษดิ์) เริ่มจากสะพานรัตนโกสินทร์จนถึงแม่น้ำปัตตานี ต.สะบารัง อ.เมืองจ.ปัตตานีความยาว 780เมตร", "min": "กระทรวงมหาดไทย", "agc": "กรมโยธาธิการและผังเมือง", "plan_name": "แผนงานยุทธศาสตร์จัดการผลกระทบจากการเปลี่ยนแปลงสภาวะภูมิอากาศ และภัยพิบัติ", "stg_name": "ยุทธศาสตร์ด้านการจัดการน้ำและสร้างการเติบโตบนคุณภาพชีวิตที่เป็นมิตรกับสิ่งแวดล้อมอย่างยั่งยืน", "objc_level1_name": "งบลงทุน", "compare": [{"bb_amount": 9388200, "bb_province": "ปัตตานี", "gf_amount": 9388200, "gf_province": "ปัตตานี"}], "gf_amount_sum": 9388200}
{"bb_code": "1500703014410003", "bb_year": "2560", "amount": 9360000, "min_code": "15000", "agc_code": "15007", "name": "โครงการปรับปรุงถนนในชุมชน สายที่ทิ้งขยะ หมู่ที่1 ตำบลจวบ อำเภอเจาะไอร้อง จังหวัดนราธิวาส ความกว้าง 4.00 เมตร ระยะทาง3.000 กิโลเมตร", "min": "กระทรวงมหาดไทย", "agc": "กรมโยธาธิการและผังเมือง", "plan_name": "แผนงานบูรณาการขับเคลื่อนการแก้ไขปัญหาจังหวัดชายแดนภาคใต้ ", "stg_name": "ยุทธศาสตร์ด้านความมั่นคงและการต่างประเทศ", "objc_level1_name": "งบลงทุน", "compare": [{"bb_amount": 9360000, "bb_province": "นราธิวาส", "gf_amount": 9008000, "gf_province": "นราธิวาส"}], "gf_amount_sum": 9008000}
{"bb_code": "1500741009420419", "bb_year": "2560", "amount": 9360000, "min_code": "15000", "agc_code": "15007", "name": "เขื่อนป้องกันตลิ่งริมแม่น้ำเพชรบุรี ม.2 ต.ท่าเสน อ.บ้านลาด จ.เพชรบุรี ความยาว 500 เมตร", "min": "กระทรวงมหาดไทย", "agc": "กรมโยธาธิการและผังเมือง", "plan_name": "แผนงานบูรณาการบริหารจัดการทรัพยากรน้ำ", "stg_name": "ยุทธศาสตร์ด้านการจัดการน้ำและสร้างการเติบโตบนคุณภาพชีวิตที่เป็นมิตรกับสิ่งแวดล้อมอย่างยั่งยืน", "objc_level1_name": "งบลงทุน", "compare": [{"bb_amount": 9360000, "bb_province": "เพชรบุรี", "gf_amount": 9360000, "gf_province": "เพชรบุรี"}], "gf_amount_sum": 9360000}
{"bb_code": "1500848002600879", "bb_year": "2560", "amount": 9360000, "min_code": "15000", "agc_code": "15008", "name": "ซ่อมสร้างถนนลาดยางพาราเคพซิล (Para Cape Seal)สายบ้านโคกล่าม - บ้านหลุบกุง(ตอน 2) หมู่ที่ 1บ้านโคกล่าม กว้าง 6 เมตรยาว 3,500 เมตร ไหล่ทางข้างละ 1 เมตร องค์การบริหารส่วนตำบลท่าวัดอำเภอแวงน้อย จังหวัดขอนแก่น", "min": "กระทรวงมหาดไทย", "agc": "กรมส่งเสริมการปกครองท้องถิ่น", "plan_name": "แผนงานบูรณาการส่งเสริมการกระจายอำนาจให้แก่องค์กรปกครองส่วนท้องถิ่น", "stg_name": "ยุทธศาสตร์ด้านการปรับสมดุลและพัฒนาระบบบริหารจัดการภาครัฐ", "objc_level1_name": "งบอุดหนุน", "compare": [{"bb_amount": 9360000, "bb_province": "ขอนแก่น", "gf_amount": 4390000, "gf_province": "ขอนแก่น"}], "gf_amount_sum": 4390000}
{"bb_code": "1500741009420427", "bb_year": "2560", "amount": 9360000, "min_code": "15000", "agc_code": "15007", "name": "เขื่อนป้องกันตลิ่งริมแม่น้ำบริเวณหน้าวัดท่าราบ ต.บางแพ อ.บางแพ จ.ราชบุรีความยาว 240 เมตร", "min": "กระทรวงมหาดไทย", "agc": "กรมโยธาธิการและผังเมือง", "plan_name": "แผนงานบูรณาการบริหารจัดการทรัพยากรน้ำ", "stg_name": "ยุทธศาสตร์ด้านการจัดการน้ำและสร้างการเติบโตบนคุณภาพชีวิตที่เป็นมิตรกับสิ่งแวดล้อมอย่างยั่งยืน", "objc_level1_name": "งบลงทุน", "compare": [{"bb_amount": 9360000, "bb_province": "ราชบุรี", "gf_amount": 9360000, "gf_province": "ราชบุรี"}], "gf_amount_sum": 9360000}
{"bb_code": "1500741009420114", "bb_year": "2560", "amount": 9360000, "min_code": "15000", "agc_code": "15007", "name": "เขื่อนป้องกันตลิ่งริมแม่น้ำชีบ้านท่าแก ม.2 (ท่าวังกำแพง) ต.ลุ่มลำชี อ.บ้านเขว้า จ.ชัยภูมิ ความยาว258 เมตร", "min": "กระทรวงมหาดไทย", "agc": "กรมโยธาธิการและผังเมือง", "plan_name": "แผนงานบูรณาการบริหารจัดการทรัพยากรน้ำ", "stg_name": "ยุทธศาสตร์ด้านการจัดการน้ำและสร้างการเติบโตบนคุณภาพชีวิตที่เป็นมิตรกับสิ่งแวดล้อมอย่างยั่งยืน", "objc_level1_name": "งบลงทุน", "compare": [{"bb_amount": 9360000, "bb_province": "ชัยภูมิ", "gf_amount": 3032016, "gf_province": "ชัยภูมิ"}], "gf_amount_sum": 3032016}
{"bb_code": "1500738002420014", "bb_year": "2560", "amount": 9360000, "min_code": "15000", "agc_code": "15007", "name": "โครงการซ่อมแซมและปรับปรุงคันป้องกันน้ำท่วมริมแม่น้ำเจ้าพระยา บริเวณสำนักงานประปาส่วนภูมิภาคจังหวัดอ่างทอง ถึงบริเวณวัดต้นสน ตำบลตลาดหลวง อำเภอเมืองจังหวัดอ่างทอง", "min": "กระทรวงมหาดไทย", "agc": "กรมโยธาธิการและผังเมือง", "plan_name": "แผนงานพื้นฐานด้านการจัดการน้ำและสร้างการเติบโตบนคุณภาพชีวิตที่เป็นมิตรกับสิ่งแวดล้อมอย่างยั่งยืน", "stg_name": "ยุทธศาสตร์ด้านการจัดการน้ำและสร้างการเติบโตบนคุณภาพชีวิตที่เป็นมิตรกับสิ่งแวดล้อมอย่างยั่งยืน", "objc_level1_name": "งบลงทุน", "compare": [{"bb_amount": 9360000, "bb_province": "อ่างทอง"}, {"gf_amount": 7551000, "gf_province": "ส่วนกลาง", "bb_amount": null, "bb_province": "กรุงเทพมหานคร"}], "gf_amount_sum": 7551000}
{"bb_code": "1500741009420505", "bb_year": "2560", "amount": 9360000, "min_code": "15000", "agc_code": "15007", "name": "เขื่อนป้องกันตลิ่งริมแม่น้ำชีบ้านหินปูน ม.17 ต.เขวาใหญ่ อ.กันทรวิชัย จ.มหาสารคาม ความยาว 240เมตร", "min": "กระทรวงมหาดไทย", "agc": "กรมโยธาธิการและผังเมือง", "plan_name": "แผนงานบูรณาการบริหารจัดการทรัพยากรน้ำ", "stg_name": "ยุทธศาสตร์ด้านการจัดการน้ำและสร้างการเติบโตบนคุณภาพชีวิตที่เป็นมิตรกับสิ่งแวดล้อมอย่างยั่งยืน", "objc_level1_name": "งบลงทุน", "compare": [{"bb_amount": 9360000, "bb_province": "มหาสารคาม", "gf_amount": 18670000, "gf_province": "มหาสารคาม"}], "gf_amount_sum": 18670000}
{"bb_code": "1500741009420495", "bb_year": "2560", "amount": 9360000, "min_code": "15000", "agc_code": "15007", "name": "เขื่อนป้องกันตลิ่งริมแม่น้ำท่าจีน บริเวณวัดศรีจันต์ต.มดแดง อ.ศรีประจันต์ จ.สุพรรณบุรี ความยาว 200เมตร", "min": "กระทรวงมหาดไทย", "agc": "กรมโยธาธิการและผังเมือง", "plan_name": "แผนงานบูรณาการบริหารจัดการทรัพยากรน้ำ", "stg_name": "ยุทธศาสตร์ด้านการจัดการน้ำและสร้างการเติบโตบนคุณภาพชีวิตที่เป็นมิตรกับสิ่งแวดล้อมอย่างยั่งยืน", "objc_level1_name": "งบลงทุน", "compare": [{"bb_amount": 9360000, "bb_province": "สุพรรณบุรี", "gf_amount": 6682680, "gf_province": "สุพรรณบุรี"}], "gf_amount_sum": 6682680}
{"bb_code": "1500848002600799", "bb_year": "2560", "amount": 9359000, "min_code": "15000", "agc_code": "15008", "name": "ซ่อมสร้างถนนคอนกรีตเสริมเหล็กสายคลองแร่ - ทุ่งดินดำ หมู่ที่ 4 ตำบลลิพัง กว้าง5 เมตร ยาว 2,250 เมตรหนา 0.15 เมตร ไหล่ทางข้างละ 0.50 เมตร องค์การบริหารส่วนตำบลลิพังอำเภอปะเหลียน จังหวัดตรัง", "min": "กระทรวงมหาดไทย", "agc": "กรมส่งเสริมการปกครองท้องถิ่น", "plan_name": "แผนงานบูรณาการส่งเสริมการกระจายอำนาจให้แก่องค์กรปกครองส่วนท้องถิ่น", "stg_name": "ยุทธศาสตร์ด้านการปรับสมดุลและพัฒนาระบบบริหารจัดการภาครัฐ", "objc_level1_name": "งบอุดหนุน", "compare": [{"bb_amount": 9359000, "bb_province": "ตรัง", "gf_amount": 6835000, "gf_province": "ตรัง"}], "gf_amount_sum": 6835000}
{"bb_code": "1500848002600919", "bb_year": "2560", "amount": 9330000, "min_code": "15000", "agc_code": "15008", "name": "ปรับปรุงถนนลูกรังให้เป็นถนนลาดยางผิวทาง ParaCape Seal สาย พจ.3038สวนมะม่วง - หนองขอน(บ้านหนองลี หมู่ที่ 9) กว้าง6 เมตร ยาว 1,600 เมตรองค์การบริหารส่วนตำบลท่าเสา อำเภอโพทะเล จังหวัดพิจิตร", "min": "กระทรวงมหาดไทย", "agc": "กรมส่งเสริมการปกครองท้องถิ่น", "plan_name": "แผนงานบูรณาการส่งเสริมการกระจายอำนาจให้แก่องค์กรปกครองส่วนท้องถิ่น", "stg_name": "ยุทธศาสตร์ด้านการปรับสมดุลและพัฒนาระบบบริหารจัดการภาครัฐ", "objc_level1_name": "งบอุดหนุน", "compare": [{"bb_amount": 9330000, "bb_province": "พิจิตร", "gf_amount": 4900000, "gf_province": "พิจิตร"}], "gf_amount_sum": 4900000}
