{"bb_code": "1500948010500004", "bb_year": "2560", "amount": 97000000, "min_code": "15000", "agc_code": "15009", "name": "ค่าใช้จ่ายโครงการผลิตแพทย์เพิ่มของสำนักงานคณะกรรมการอุดมศึกษาตามความต้องการของกระทรวงสาธารณสุข", "min": "กระทรวงมหาดไทย", "agc": "กรุงเทพมหานคร", "plan_name": "แผนงานบูรณาการส่งเสริมการกระจายอำนาจให้แก่องค์กรปกครองส่วนท้องถิ่น", "stg_name": "ยุทธศาสตร์ด้านการปรับสมดุลและพัฒนาระบบบริหารจัดการภาครัฐ", "objc_level1_name": "งบอุดหนุน", "compare": [{"bb_amount": 97000000, "bb_province": "กรุงเทพมหานคร", "gf_amount": 97000000, "gf_province": "ส่วนกลาง"}], "gf_amount_sum": 97000000}
{"bb_code": "1500244003700087", "bb_year": "2560", "amount": 96727000, "min_code": "15000", "agc_code": "15002", "name": "ค่าใช้จ่ายในการบริหารงานศูนย์ดำรงธรรมกระทรวงมหาดไทย", "min": "กระทรวงมหาดไทย", "agc": "สำนักงานปลัดกระทรวงมหาดไทย", "plan_name": "แผนงานพื้นฐานด้านการปรับสมดุลและพัฒนาระบบการบริหารจัดการภาครัฐ", "stg_name": "ยุทธศาสตร์ด้านการปรับสมดุลและพัฒนาระบบบริหารจัดการภาครัฐ", "objc_level1_name": "รายจ่ายอื่น", "compare": [{"bb_amount": 96727000, "bb_province": "กรุงเทพมหานคร", "gf_amount": 6152376.62, "gf_province": "ส่วนกลาง"}, {"gf_amount": 1125500, "gf_province": "ตรัง", "bb_amount": null, "bb_province": "ตรัง"}, {"gf_amount": 1125500, "gf_province": "อุตรดิตถ์", "bb_amount": null, "bb_province": "อุตรดิตถ์"}, {"gf_amount": 1125500, "gf_province": "สุราษฎร์ธานี", "bb_amount": null, "bb_province": "สุราษฎร์ธานี"}, {"gf_amount": 1125500, "gf_province": "ขอนแก่น", "bb_amount": null, "bb_province": "ขอนแก่น"}, {"gf_amount": 1125500, "gf_province": "นครปฐม", "bb_amount": null, "bb_province": "นครปฐม"}, {"gf_amount": 1125500, "gf_province": "นครพนม", "bb_amount": null, "bb_province": "นครพนม"}, {"gf_amount": 1125500, "gf_province": "กาญจนบุรี", "bb_amount": null, "bb_province": "กาญจนบุรี"}, {"gf_amount": 1125500, "gf_province": "พิษณุโลก", "bb_amount": null, "bb_province": "พิษณุโลก"}, {"gf_amount": 1125500, "gf_province": "อุทัยธานี", "bb_amount": null, "bb_province": "อุทัยธานี"}, {"gf_amount": 1125500, "gf_province": "พิจิตร", "bb_amount": null, "bb_province": "พิจิตร"}, {"gf_amount": 1125500, "gf_province": "ภูเก็ต", "bb_amount": null, "bb_province": "ภูเก็ต"}, {"gf_amount": 1125500, "gf_province": "ฉะเชิงเทรา", "bb_amount": null, "bb_province": "ฉะเชิงเทรา"}, {"gf_amount": 1125500, "gf_province": "บึงกาฬ", "bb_amount": null, "bb_province": "บึงกาฬ"}, {"gf_amount": 1125500, "gf_province": "ปทุมธานี", "bb_amount": null, "bb_province": "ปทุมธานี"}, {"gf_amount": 1125499.99, "gf_province": "ยะลา", "bb_amount": null, "bb_province": "ยะลา"}, {"gf_amount": 1125499.88, "gf_province": "สตูล", "bb_amount": null, "bb_province": "สตูล"}, {"gf_amount": 1125499.25, "gf_province": "ชุมพร", "bb_amount": null, "bb_province": "ชุมพร"}, {"gf_amount": 1125498.22, "gf_province": "อ่างทอง", "bb_amount": null, "bb_province": "อ่างทอง"}, {"gf_amount": 1125497.89, "gf_province": "ตาก", "bb_amount": null, "bb_province": "ตาก"}, {"gf_amount": 1125495, "gf_province": "เชียงราย", "bb_amount": null, "bb_province": "เชียงราย"}, {"gf_amount": 1125495, "gf_province": "ชัยนาท", "bb_amount": null, "bb_province": "ชัยนาท"}, {"gf_amount": 1125494.72, "gf_province": "จันทบุรี", "bb_amount": null, "bb_province": "จันทบุรี"}, {"gf_amount": 1125493.57, "gf_province": "ชัยภูมิ", "bb_amount": null, "bb_province": "ชัยภูมิ"}, {"gf_amount": 1125434.95, "gf_province": "อุดรธานี", "bb_amount": null, "bb_province": "อุดรธานี"}, {"gf_amount": 1125416.69, "gf_province": "แพร่", "bb_amount": null, "bb_province": "แพร่"}, {"gf_amount": 1125410.25, "gf_province": "ปัตตานี", "bb_amount": null, "bb_province": "ปัตตานี"}, {"gf_amount": 1125397.99, "gf_province": "กำแพงเพชร", "bb_amount": null, "bb_province": "กำแพงเพชร"}, {"gf_amount": 1125350.08, "gf_province": "เลย", "bb_amount": null, "bb_province": "เลย"}, {"gf_amount": 1125299.43, "gf_province": "สมุทรปราการ", "bb_amount": null, "bb_province": "สมุทรปราการ"}, {"gf_amount": 1125278.95, "gf_province": "นครสวรรค์", "bb_amount": null, "bb_province": "นครสวรรค์"}, {"gf_amount": 1125226.11, "gf_province": "นครศรีธรรมราช", "bb_amount": null, "bb_province": "นครศรีธรรมราช"}, {"gf_amount": 1125190.8, "gf_province": "สุโขทัย", "bb_amount": null, "bb_province": "สุโขทัย"}, {"gf_amount": 1124899.47, "gf_province": "สมุทรสงคราม", "bb_amount": null, "bb_province": "สมุทรสงคราม"}, {"gf_amount": 1124810, "gf_province": "กระบี่", "bb_amount": null, "bb_province": "กระบี่"}, {"gf_amount": 1124790.98, "gf_province": "ระยอง", "bb_amount": null, "bb_province": "ระยอง"}, {"gf_amount": 1124762.67, "gf_province": "สมุทรสาคร", "bb_amount": null, "bb_province": "สมุทรสาคร"}, {"gf_amount": 1124699.61, "gf_province": "อุบลราชธานี", "bb_amount": null, "bb_province": "อุบลราชธานี"}, {"gf_amount": 1124643.28, "gf_province": "มหาสารคาม", "bb_amount": null, "bb_province": "มหาสารคาม"}, {"gf_amount": 1124642.35, "gf_province": "ศรีสะเกษ", "bb_amount": null, "bb_province": "ศรีสะเกษ"}, {"gf_amount": 1124412.3, "gf_province": "เพชรบูรณ์", "bb_amount": null, "bb_province": "เพชรบูรณ์"}, {"gf_amount": 1124140, "gf_province": "สกลนคร", "bb_amount": null, "bb_province": "สกลนคร"}, {"gf_amount": 1124079.37, "gf_province": "สงขลา", "bb_amount": null, "bb_province": "สงขลา"}, {"gf_amount": 1123799.06, "gf_province": "บุรีรัมย์", "bb_amount": null, "bb_province": "บุรีรัมย์"}, {"gf_amount": 1123000, "gf_province": "ตราด", "bb_amount": null, "bb_province": "ตราด"}, {"gf_amount": 1122977.25, "gf_province": "อำนาจเจริญ", "bb_amount": null, "bb_province": "อำนาจเจริญ"}, {"gf_amount": 1121629.58, "gf_province": "พัทลุง", "bb_amount": null, "bb_province": "พัทลุง"}, {"gf_amount": 1121500, "gf_province": "เชียงใหม่", "bb_amount": null, "bb_province": "เชียงใหม่"}, {"gf_amount": 1121137.56, "gf_province": "ลำพูน", "bb_amount": null, "bb_province": "ลำพูน"}, {"gf_amount": 1120114.85, "gf_province": "ลำปาง", "bb_amount": null, "bb_province": "ลำปาง"}, {"gf_amount": 1119789.25, "gf_province": "สุพรรณบุรี", "bb_amount": null, "bb_province": "สุพรรณบุรี"}, {"gf_amount": 1118172.39, "gf_province": "ปราจีนบุรี", "bb_amount": null, "bb_province": "ปราจีนบุรี"}, {"gf_amount": 1117466, "gf_province": "ร้อยเอ็ด", "bb_amount": null, "bb_province": "ร้อยเอ็ด"}, {"gf_amount": 1113079.97, "gf_province": "สิงห์บุรี", "bb_amount": null, "bb_province": "สิงห์บุรี"}, {"gf_amount": 1111390.91, "gf_province": "มุกดาหาร", "bb_amount": null, "bb_province": "มุกดาหาร"}, {"gf_amount": 1110963.15, "gf_province": "ชลบุรี", "bb_amount": null, "bb_province": "ชลบุรี"}, {"gf_amount": 1110628.69, "gf_province": "หนองบัวลำภู", "bb_amount": null, "bb_province": "หนองบัวลำภู"}, {"gf_amount": 1110506.11, "gf_province": "ลพบุรี", "bb_amount": null, "bb_province": "ลพบุรี"}, {"gf_amount": 1110497.33, "gf_province": "สุรินทร์", "bb_amount": null, "bb_province": "สุรินทร์"}, {"gf_amount": 1110291.81, "gf_province": "ประจวบคีรีขันธ์", "bb_amount": null, "bb_province": "ประจวบคีรีขันธ์"}, {"gf_amount": 1110173.24, "gf_province": "นครนายก", "bb_amount": null, "bb_province": "นครนายก"}, {"gf_amount": 1108450, "gf_province": "นนทบุรี", "bb_amount": null, "bb_province": "นนทบุรี"}, {"gf_amount": 1107005.89, "gf_province": "ระนอง", "bb_amount": null, "bb_province": "ระนอง"}, {"gf_amount": 1106717, "gf_province": "นครราชสีมา", "bb_amount": null, "bb_province": "นครราชสีมา"}, {"gf_amount": 1104045.56, "gf_province": "หนองคาย", "bb_amount": null, "bb_province": "หนองคาย"}, {"gf_amount": 1103488.47, "gf_province": "กาฬสินธุ์", "bb_amount": null, "bb_province": "กาฬสินธุ์"}, {"gf_amount": 1101677.12, "gf_province": "สระบุรี", "bb_amount": null, "bb_province": "สระบุรี"}, {"gf_amount": 1096535.07, "gf_province": "พระนครศรีอยุธยา", "bb_amount": null, "bb_province": "พระนครศรีอยุธยา"}, {"gf_amount": 1096207.23, "gf_province": "พังงา", "bb_amount": null, "bb_province": "พังงา"}, {"gf_amount": 1092271.42, "gf_province": "พะเยา", "bb_amount": null, "bb_province": "พะเยา"}, {"gf_amount": 1087037.42, "gf_province": "เพชรบุรี", "bb_amount": null, "bb_province": "เพชรบุรี"}, {"gf_amount": 1077063.89, "gf_province": "สระแก้ว", "bb_amount": null, "bb_province": "สระแก้ว"}, {"gf_amount": 1070154.49, "gf_province": "ยโสธร", "bb_amount": null, "bb_province": "ยโสธร"}, {"gf_amount": 1058912.06, "gf_province": "น่าน", "bb_amount": null, "bb_province": "น่าน"}, {"gf_amount": 1054849.29, "gf_province": "นราธิวาส", "bb_amount": null, "bb_province": "นราธิวาส"}, {"gf_amount": 1035402.99, "gf_province": "แม่ฮ่องสอน", "bb_amount": null, "bb_province": "แม่ฮ่องสอน"}, {"gf_amount": 966500.56, "gf_province": "ราชบุรี", "bb_amount": null, "bb_province": "ราชบุรี"}], "gf_amount_sum": 90776171.03}
{"bb_code": "1500638002110001", "bb_year": "2560", "amount": 94275000, "min_code": "15000", "agc_code": "15006", "name": "ค่าซ่อมใหญ่เครื่องจักรกลแขวงวชิระ เขตดุสิตกรุงเทพมหานคร", "min": "กระทรวงมหาดไทย", "agc": "กรมป้องกันและบรรเทาสาธารณภัย", "plan_name": "แผนงานพื้นฐานด้านการจัดการน้ำและสร้างการเติบโตบนคุณภาพชีวิตที่เป็นมิตรกับสิ่งแวดล้อมอย่างยั่งยืน", "stg_name": "ยุทธศาสตร์ด้านการจัดการน้ำและสร้างการเติบโตบนคุณภาพชีวิตที่เป็นมิตรกับสิ่งแวดล้อมอย่างยั่งยืน", "objc_level1_name": "งบลงทุน", "compare": [{"bb_amount": 94275000, "bb_province": "กรุงเทพมหานคร", "gf_amount": 0, "gf_province": "ส่วนกลาง"}, {"gf_amount": 9009996.8, "gf_province": "นครราชสีมา", "bb_amount": null, "bb_province": "นครราชสีมา"}, {"gf_amount": 5113740, "gf_province": "ขอนแก่น", "bb_amount": null, "bb_province": "ขอนแก่น"}, {"gf_amount": 5100000, "gf_province": "สกลนคร", "bb_amount": null, "bb_province": "สกลนคร"}, {"gf_amount": 4936865, "gf_province": "สุราษฎร์ธานี", "bb_amount": null, "bb_province": "สุราษฎร์ธานี"}, {"gf_amount": 4894365.56, "gf_province": "สงขลา", "bb_amount": null, "bb_province": "สงขลา"}, {"gf_amount": 4845000, "gf_province": "ประจวบคีรีขันธ์", "bb_amount": null, "bb_province": "ประจวบคีรีขันธ์"}, {"gf_amount": 4809353, "gf_province": "สุพรรณบุรี", "bb_amount": null, "bb_province": "สุพรรณบุรี"}, {"gf_amount": 4759777.15, "gf_province": "พิษณุโลก", "bb_amount": null, "bb_province": "พิษณุโลก"}, {"gf_amount": 4717163, "gf_province": "ลำปาง", "bb_amount": null, "bb_province": "ลำปาง"}, {"gf_amount": 4624000, "gf_province": "กำแพงเพชร", "bb_amount": null, "bb_province": "กำแพงเพชร"}, {"gf_amount": 4249999, "gf_province": "ปราจีนบุรี", "bb_amount": null, "bb_province": "ปราจีนบุรี"}, {"gf_amount": 4082000, "gf_province": "ภูเก็ต", "bb_amount": null, "bb_province": "ภูเก็ต"}, {"gf_amount": 4080000, "gf_province": "ชัยนาท", "bb_amount": null, "bb_province": "ชัยนาท"}, {"gf_amount": 3740000, "gf_province": "จันทบุรี", "bb_amount": null, "bb_province": "จันทบุรี"}, {"gf_amount": 3017500, "gf_province": "เชียงราย", "bb_amount": null, "bb_province": "เชียงราย"}, {"gf_amount": 2889997, "gf_province": "ปทุมธานี", "bb_amount": null, "bb_province": "ปทุมธานี"}, {"gf_amount": 2847500, "gf_province": "อุบลราชธานี", "bb_amount": null, "bb_province": "อุบลราชธานี"}, {"gf_amount": 2422500, "gf_province": "อุดรธานี", "bb_amount": null, "bb_province": "อุดรธานี"}], "gf_amount_sum": 80139756.51}
{"bb_code": "1500741028420037", "bb_year": "2560", "amount": 93985700, "min_code": "15000", "agc_code": "15007", "name": "ก่อสร้างระบบป้องกันน้ำท่วมพื้นที่ชุมชนท่าจีน ระยะที่ 2 ตำบลท่าจีน อำเภอเมือง จังหวัดสมุทรสาคร", "min": "กระทรวงมหาดไทย", "agc": "กรมโยธาธิการและผังเมือง", "plan_name": "แผนงานบูรณาการบริหารจัดการทรัพยากรน้ำ", "stg_name": "ยุทธศาสตร์ด้านการจัดการน้ำและสร้างการเติบโตบนคุณภาพชีวิตที่เป็นมิตรกับสิ่งแวดล้อมอย่างยั่งยืน", "objc_level1_name": "งบลงทุน", "compare": [{"bb_amount": 93985700, "bb_province": "สมุทรสาคร"}, {"gf_amount": 39550000, "gf_province": "ส่วนกลาง", "bb_amount": null, "bb_province": "กรุงเทพมหานคร"}], "gf_amount_sum": 39550000}
{"bb_code": "1500741028420003", "bb_year": "2560", "amount": 93888600, "min_code": "15000", "agc_code": "15007", "name": "ก่อสร้างระบบป้องกันน้ำท่วมพื้นที่ชุมชนอ้อมน้อยระยะที่ 3 ตำบลอ้อมน้อยอำเภอกระทุ่มแบน จังหวัดสมุทรสาคร", "min": "กระทรวงมหาดไทย", "agc": "กรมโยธาธิการและผังเมือง", "plan_name": "แผนงานบูรณาการบริหารจัดการทรัพยากรน้ำ", "stg_name": "ยุทธศาสตร์ด้านการจัดการน้ำและสร้างการเติบโตบนคุณภาพชีวิตที่เป็นมิตรกับสิ่งแวดล้อมอย่างยั่งยืน", "objc_level1_name": "งบลงทุน", "compare": [{"bb_amount": 93888600, "bb_province": "สมุทรสาคร"}], "gf_amount_sum": 0}
{"bb_code": "1500741028420041", "bb_year": "2560", "amount": 93666100, "min_code": "15000", "agc_code": "15007", "name": "ก่อสร้างระบบป้องกันน้ำท่วมพื้นที่ชุมชนท่างามตำบลท่างาม อำเภออินทร์บุรี จังหวัดสิงห์บุรี", "min": "กระทรวงมหาดไทย", "agc": "กรมโยธาธิการและผังเมือง", "plan_name": "แผนงานบูรณาการบริหารจัดการทรัพยากรน้ำ", "stg_name": "ยุทธศาสตร์ด้านการจัดการน้ำและสร้างการเติบโตบนคุณภาพชีวิตที่เป็นมิตรกับสิ่งแวดล้อมอย่างยั่งยืน", "objc_level1_name": "งบลงทุน", "compare": [{"bb_amount": 93666100, "bb_province": "สิงห์บุรี"}, {"gf_amount": 93666100, "gf_province": "ส่วนกลาง", "bb_amount": null, "bb_province": "กรุงเทพมหานคร"}], "gf_amount_sum": 93666100}
{"bb_code": "1500848002500016", "bb_year": "2560", "amount": 92445100, "min_code": "15000", "agc_code": "15008", "name": "เงินอุดหนุนสำหรับสนับสนุนสถานสงเคราะห์คนชรา", "min": "กระทรวงมหาดไทย", "agc": "กรมส่งเสริมการปกครองท้องถิ่น", "plan_name": "แผนงานบูรณาการส่งเสริมการกระจายอำนาจให้แก่องค์กรปกครองส่วนท้องถิ่น", "stg_name": "ยุทธศาสตร์ด้านการปรับสมดุลและพัฒนาระบบบริหารจัดการภาครัฐ", "objc_level1_name": "งบอุดหนุน", "compare": [{"bb_amount": 92445100, "bb_province": "กรุงเทพมหานคร", "gf_amount": 92445100, "gf_province": "ส่วนกลาง"}], "gf_amount_sum": 92445100}
{"bb_code": "1500244003700062", "bb_year": "2560", "amount": 91000000, "min_code": "15000", "agc_code": "15002", "name": "ค่าใช้จ่ายในการสนับสนุนการดำเนินการแก้ไขปัญหาความเดือดร้อนเร่งด่วนของประชาชนในจังหวัด/และนโยบายของรัฐบาล", "min": "กระทรวงมหาดไทย", "agc": "สำนักงานปลัดกระทรวงมหาดไทย", "plan_name": "แผนงานพื้นฐานด้านการปรับสมดุลและพัฒนาระบบการบริหารจัดการภาครัฐ", "stg_name": "ยุทธศาสตร์ด้านการปรับสมดุลและพัฒนาระบบบริหารจัดการภาครัฐ", "objc_level1_name": "รายจ่ายอื่น", "compare": [{"bb_amount": 91000000, "bb_province": "กรุงเทพมหานคร", "gf_amount": 0, "gf_province": "ส่วนกลาง"}], "gf_amount_sum": 0}
{"bb_code": "1500303020500002", "bb_year": "2560", "amount": 90960000, "min_code": "15000", "agc_code": "15003", "name": "เงินอุดหนุนโครงการเสริมสร้างความเข้มแข็งในการรักษาความสงบเรียบร้อยและป้องกันตนเองของประชาชนในหมู่บ้านจังหวัดชายแดนภาคใต้", "min": "กระทรวงมหาดไทย", "agc": "กรมการปกครอง", "plan_name": "แผนงานบูรณาการขับเคลื่อนการแก้ไขปัญหาจังหวัดชายแดนภาคใต้ ", "stg_name": "ยุทธศาสตร์ด้านความมั่นคงและการต่างประเทศ", "objc_level1_name": "งบอุดหนุน", "compare": [{"bb_amount": 90960000, "bb_province": "ยะลา", "gf_amount": 90960000, "gf_province": "ยะลา"}], "gf_amount_sum": 90960000}
{"bb_code": "1500244003420011", "bb_year": "2560", "amount": 90943200, "min_code": "15000", "agc_code": "15002", "name": "ค่าก่อสร้างศาลากลางจังหวัดสุรินทร์ ตำบลนอกเมือง อำเภอเมืองสุรินทร์จังหวัดสุรินทร์", "min": "กระทรวงมหาดไทย", "agc": "สำนักงานปลัดกระทรวงมหาดไทย", "plan_name": "แผนงานพื้นฐานด้านการปรับสมดุลและพัฒนาระบบการบริหารจัดการภาครัฐ", "stg_name": "ยุทธศาสตร์ด้านการปรับสมดุลและพัฒนาระบบบริหารจัดการภาครัฐ", "objc_level1_name": "งบลงทุน", "compare": [{"bb_amount": 90943200, "bb_province": "สุรินทร์", "gf_amount": 0, "gf_province": "สุรินทร์"}], "gf_amount_sum": 0}
{"bb_code": "1500741028420047", "bb_year": "2560", "amount": 88962400, "min_code": "15000", "agc_code": "15007", "name": "ก่อสร้างระบบป้องกันน้ำท่วมพื้นที่ชุมชนเมืองมหาสารคาม อำเภอเมืองจังหวัดมหาสารคาม", "min": "กระทรวงมหาดไทย", "agc": "กรมโยธาธิการและผังเมือง", "plan_name": "แผนงานบูรณาการบริหารจัดการทรัพยากรน้ำ", "stg_name": "ยุทธศาสตร์ด้านการจัดการน้ำและสร้างการเติบโตบนคุณภาพชีวิตที่เป็นมิตรกับสิ่งแวดล้อมอย่างยั่งยืน", "objc_level1_name": "งบลงทุน", "compare": [{"bb_amount": 88962400, "bb_province": "มหาสารคาม"}, {"gf_amount": 48440000, "gf_province": "ส่วนกลาง", "bb_amount": null, "bb_province": "กรุงเทพมหานคร"}], "gf_amount_sum": 48440000}
{"bb_code": "1500538003000000", "bb_year": "2560", "amount": 88649700, "min_code": "15000", "agc_code": "15005", "name": "รายการงบประจำ", "min": "กระทรวงมหาดไทย", "agc": "กรมที่ดิน", "plan_name": "แผนงานพื้นฐานด้านการจัดการน้ำและสร้างการเติบโตบนคุณภาพชีวิตที่เป็นมิตรกับสิ่งแวดล้อมอย่างยั่งยืน", "stg_name": "ยุทธศาสตร์ด้านการจัดการน้ำและสร้างการเติบโตบนคุณภาพชีวิตที่เป็นมิตรกับสิ่งแวดล้อมอย่างยั่งยืน", "objc_level1_name": "งบดำเนินงาน", "compare": [{"bb_amount": 88649700, "bb_province": "กรุงเทพมหานคร", "gf_amount": 58422811.1, "gf_province": "ส่วนกลาง"}, {"gf_amount": 1341548.97, "gf_province": "อุบลราชธานี", "bb_amount": null, "bb_province": "อุบลราชธานี"}, {"gf_amount": 1072086.15, "gf_province": "อุดรธานี", "bb_amount": null, "bb_province": "อุดรธานี"}, {"gf_amount": 1052727.05, "gf_province": "เชียงใหม่", "bb_amount": null, "bb_province": "เชียงใหม่"}, {"gf_amount": 904823.58, "gf_province": "ราชบุรี", "bb_amount": null, "bb_province": "ราชบุรี"}, {"gf_amount": 893389.35, "gf_province": "บุรีรัมย์", "bb_amount": null, "bb_province": "บุรีรัมย์"}, {"gf_amount": 868826.84, "gf_province": "อุตรดิตถ์", "bb_amount": null, "bb_province": "อุตรดิตถ์"}, {"gf_amount": 844214.13, "gf_province": "นครสวรรค์", "bb_amount": null, "bb_province": "นครสวรรค์"}, {"gf_amount": 783594.2, "gf_province": "นครราชสีมา", "bb_amount": null, "bb_province": "นครราชสีมา"}, {"gf_amount": 707890, "gf_province": "สุโขทัย", "bb_amount": null, "bb_province": "สุโขทัย"}, {"gf_amount": 672530.92, "gf_province": "กำแพงเพชร", "bb_amount": null, "bb_province": "กำแพงเพชร"}, {"gf_amount": 665995, "gf_province": "สุพรรณบุรี", "bb_amount": null, "bb_province": "สุพรรณบุรี"}, {"gf_amount": 657445, "gf_province": "พะเยา", "bb_amount": null, "bb_province": "พะเยา"}, {"gf_amount": 633180.66, "gf_province": "ประจวบคีรีขันธ์", "bb_amount": null, "bb_province": "ประจวบคีรีขันธ์"}, {"gf_amount": 618900, "gf_province": "แพร่", "bb_amount": null, "bb_province": "แพร่"}, {"gf_amount": 572200, "gf_province": "ตาก", "bb_amount": null, "bb_province": "ตาก"}, {"gf_amount": 572200, "gf_province": "ลำปาง", "bb_amount": null, "bb_province": "ลำปาง"}, {"gf_amount": 571724.28, "gf_province": "พิษณุโลก", "bb_amount": null, "bb_province": "พิษณุโลก"}, {"gf_amount": 567978, "gf_province": "พระนครศรีอยุธยา", "bb_amount": null, "bb_province": "พระนครศรีอยุธยา"}, {"gf_amount": 557895, "gf_province": "เชียงราย", "bb_amount": null, "bb_province": "เชียงราย"}, {"gf_amount": 548477.55, "gf_province": "นครปฐม", "bb_amount": null, "bb_province": "นครปฐม"}, {"gf_amount": 548403, "gf_province": "สงขลา", "bb_amount": null, "bb_province": "สงขลา"}, {"gf_amount": 545875, "gf_province": "สุรินทร์", "bb_amount": null, "bb_province": "สุรินทร์"}, {"gf_amount": 511069.04, "gf_province": "ลำพูน", "bb_amount": null, "bb_province": "ลำพูน"}, {"gf_amount": 462975.77, "gf_province": "สุราษฎร์ธานี", "bb_amount": null, "bb_province": "สุราษฎร์ธานี"}, {"gf_amount": 457586.41, "gf_province": "ปราจีนบุรี", "bb_amount": null, "bb_province": "ปราจีนบุรี"}, {"gf_amount": 454532.11, "gf_province": "เพชรบุรี", "bb_amount": null, "bb_province": "เพชรบุรี"}, {"gf_amount": 430740.35, "gf_province": "กาญจนบุรี", "bb_amount": null, "bb_province": "กาญจนบุรี"}, {"gf_amount": 394010.5, "gf_province": "ร้อยเอ็ด", "bb_amount": null, "bb_province": "ร้อยเอ็ด"}, {"gf_amount": 392866.45, "gf_province": "ยโสธร", "bb_amount": null, "bb_province": "ยโสธร"}, {"gf_amount": 391630, "gf_province": "น่าน", "bb_amount": null, "bb_province": "น่าน"}, {"gf_amount": 386230, "gf_province": "สระบุรี", "bb_amount": null, "bb_province": "สระบุรี"}, {"gf_amount": 370733, "gf_province": "พิจิตร", "bb_amount": null, "bb_province": "พิจิตร"}, {"gf_amount": 365108.86, "gf_province": "หนองคาย", "bb_amount": null, "bb_province": "หนองคาย"}, {"gf_amount": 335052.36, "gf_province": "หนองบัวลำภู", "bb_amount": null, "bb_province": "หนองบัวลำภู"}, {"gf_amount": 317377.47, "gf_province": "นราธิวาส", "bb_amount": null, "bb_province": "นราธิวาส"}, {"gf_amount": 293692.09, "gf_province": "เพชรบูรณ์", "bb_amount": null, "bb_province": "เพชรบูรณ์"}, {"gf_amount": 274435.59, "gf_province": "ปทุมธานี", "bb_amount": null, "bb_province": "ปทุมธานี"}, {"gf_amount": 272377.74, "gf_province": "นครพนม", "bb_amount": null, "bb_province": "นครพนม"}, {"gf_amount": 267684.68, "gf_province": "เลย", "bb_amount": null, "bb_province": "เลย"}, {"gf_amount": 267390, "gf_province": "สตูล", "bb_amount": null, "bb_province": "สตูล"}, {"gf_amount": 223839.7, "gf_province": "แม่ฮ่องสอน", "bb_amount": null, "bb_province": "แม่ฮ่องสอน"}, {"gf_amount": 215885.91, "gf_province": "นครศรีธรรมราช", "bb_amount": null, "bb_province": "นครศรีธรรมราช"}, {"gf_amount": 193193, "gf_province": "อุทัยธานี", "bb_amount": null, "bb_province": "อุทัยธานี"}, {"gf_amount": 188927, "gf_province": "อ่างทอง", "bb_amount": null, "bb_province": "อ่างทอง"}, {"gf_amount": 182986.83, "gf_province": "ลพบุรี", "bb_amount": null, "bb_province": "ลพบุรี"}, {"gf_amount": 172386, "gf_province": "สระแก้ว", "bb_amount": null, "bb_province": "สระแก้ว"}, {"gf_amount": 166089.11, "gf_province": "ภูเก็ต", "bb_amount": null, "bb_province": "ภูเก็ต"}, {"gf_amount": 160672.28, "gf_province": "พัทลุง", "bb_amount": null, "bb_province": "พัทลุง"}, {"gf_amount": 159200.12, "gf_province": "อำนาจเจริญ", "bb_amount": null, "bb_province": "อำนาจเจริญ"}, {"gf_amount": 134873.29, "gf_province": "พังงา", "bb_amount": null, "bb_province": "พังงา"}, {"gf_amount": 126161.96, "gf_province": "บึงกาฬ", "bb_amount": null, "bb_province": "บึงกาฬ"}, {"gf_amount": 124445.27, "gf_province": "จันทบุรี", "bb_amount": null, "bb_province": "จันทบุรี"}, {"gf_amount": 120386.17, "gf_province": "สิงห์บุรี", "bb_amount": null, "bb_province": "สิงห์บุรี"}, {"gf_amount": 115098.24, "gf_province": "ตราด", "bb_amount": null, "bb_province": "ตราด"}, {"gf_amount": 114440, "gf_province": "ชุมพร", "bb_amount": null, "bb_province": "ชุมพร"}, {"gf_amount": 113371.98, "gf_province": "นนทบุรี", "bb_amount": null, "bb_province": "นนทบุรี"}, {"gf_amount": 100377.25, "gf_province": "มุกดาหาร", "bb_amount": null, "bb_province": "มุกดาหาร"}, {"gf_amount": 89709, "gf_province": "ปัตตานี", "bb_amount": null, "bb_province": "ปัตตานี"}, {"gf_amount": 80961, "gf_province": "ศรีสะเกษ", "bb_amount": null, "bb_province": "ศรีสะเกษ"}, {"gf_amount": 69223.84, "gf_province": "สกลนคร", "bb_amount": null, "bb_province": "สกลนคร"}, {"gf_amount": 52930, "gf_province": "ยะลา", "bb_amount": null, "bb_province": "ยะลา"}, {"gf_amount": 44191.45, "gf_province": "ระยอง", "bb_amount": null, "bb_province": "ระยอง"}, {"gf_amount": 34600, "gf_province": "มหาสารคาม", "bb_amount": null, "bb_province": "มหาสารคาม"}, {"gf_amount": 13890, "gf_province": "สมุทรสาคร", "bb_amount": null, "bb_province": "สมุทรสาคร"}], "gf_amount_sum": 84268047.6}
{"bb_code": "1500742024420006", "bb_year": "2560", "amount": 88594300, "min_code": "15000", "agc_code": "15007", "name": "โครงการพัฒนาตามผังเมืองรวมเมืองลำพูน ค่าก่อสร้างถนนเลี่ยงเมืองสาย ค1 และค3 และระบบเชื่อมต่อสายข2 และ ก1 จังหวัดลำพูนระยะที่ 2", "min": "กระทรวงมหาดไทย", "agc": "กรมโยธาธิการและผังเมือง", "plan_name": "แผนงานยุทธศาสตร์อนุรักษ์ ฟื้นฟู และป้องกันทรัพยากรธรรมชาติ", "stg_name": "ยุทธศาสตร์ด้านการจัดการน้ำและสร้างการเติบโตบนคุณภาพชีวิตที่เป็นมิตรกับสิ่งแวดล้อมอย่างยั่งยืน", "objc_level1_name": "งบลงทุน", "compare": [{"bb_amount": 88594300, "bb_province": "ลำพูน"}, {"gf_amount": 120960000, "gf_province": "ส่วนกลาง", "bb_amount": null, "bb_province": "กรุงเทพมหานคร"}], "gf_amount_sum": 120960000}
{"bb_code": "1500741009420001", "bb_year": "2560", "amount": 88000000, "min_code": "15000", "agc_code": "15007", "name": "ค่าสำรวจออกแบบ ควบคุมงานและบำรุงรักษา", "min": "กระทรวงมหาดไทย", "agc": "กรมโยธาธิการและผังเมือง", "plan_name": "แผนงานบูรณาการบริหารจัดการทรัพยากรน้ำ", "stg_name": "ยุทธศาสตร์ด้านการจัดการน้ำและสร้างการเติบโตบนคุณภาพชีวิตที่เป็นมิตรกับสิ่งแวดล้อมอย่างยั่งยืน", "objc_level1_name": "งบลงทุน", "compare": [{"bb_amount": 88000000, "bb_province": "กรุงเทพมหานคร", "gf_amount": 61455845.94, "gf_province": "ส่วนกลาง"}, {"gf_amount": 650000, "gf_province": "สมุทรสาคร", "bb_amount": null, "bb_province": "สมุทรสาคร"}, {"gf_amount": 499885.17, "gf_province": "พิจิตร", "bb_amount": null, "bb_province": "พิจิตร"}, {"gf_amount": 398861.88, "gf_province": "พะเยา", "bb_amount": null, "bb_province": "พะเยา"}, {"gf_amount": 328000, "gf_province": "ฉะเชิงเทรา", "bb_amount": null, "bb_province": "ฉะเชิงเทรา"}, {"gf_amount": 309744.5, "gf_province": "เพชรบุรี", "bb_amount": null, "bb_province": "เพชรบุรี"}, {"gf_amount": 275185.69, "gf_province": "พังงา", "bb_amount": null, "bb_province": "พังงา"}, {"gf_amount": 244900, "gf_province": "น่าน", "bb_amount": null, "bb_province": "น่าน"}, {"gf_amount": 223145, "gf_province": "ปราจีนบุรี", "bb_amount": null, "bb_province": "ปราจีนบุรี"}, {"gf_amount": 200000, "gf_province": "สงขลา", "bb_amount": null, "bb_province": "สงขลา"}, {"gf_amount": 190250, "gf_province": "สุรินทร์", "bb_amount": null, "bb_province": "สุรินทร์"}, {"gf_amount": 181433.43, "gf_province": "ชัยนาท", "bb_amount": null, "bb_province": "ชัยนาท"}, {"gf_amount": 163400, "gf_province": "ระยอง", "bb_amount": null, "bb_province": "ระยอง"}, {"gf_amount": 150000, "gf_province": "ตรัง", "bb_amount": null, "bb_province": "ตรัง"}, {"gf_amount": 135500, "gf_province": "พิษณุโลก", "bb_amount": null, "bb_province": "พิษณุโลก"}, {"gf_amount": 124400, "gf_province": "กาญจนบุรี", "bb_amount": null, "bb_province": "กาญจนบุรี"}, {"gf_amount": 115000, "gf_province": "นครนายก", "bb_amount": null, "bb_province": "นครนายก"}, {"gf_amount": 100000, "gf_province": "เพชรบูรณ์", "bb_amount": null, "bb_province": "เพชรบูรณ์"}, {"gf_amount": 95600, "gf_province": "นครพนม", "bb_amount": null, "bb_province": "นครพนม"}, {"gf_amount": 82550, "gf_province": "สมุทรปราการ", "bb_amount": null, "bb_province": "สมุทรปราการ"}, {"gf_amount": 79999.96, "gf_province": "สตูล", "bb_amount": null, "bb_province": "สตูล"}, {"gf_amount": 72316, "gf_province": "อุบลราชธานี", "bb_amount": null, "bb_province": "อุบลราชธานี"}, {"gf_amount": 69992, "gf_province": "สุราษฎร์ธานี", "bb_amount": null, "bb_province": "สุราษฎร์ธานี"}, {"gf_amount": 64440, "gf_province": "ยะลา", "bb_amount": null, "bb_province": "ยะลา"}, {"gf_amount": 59758.2, "gf_province": "ชลบุรี", "bb_amount": null, "bb_province": "ชลบุรี"}, {"gf_amount": 50000, "gf_province": "ระนอง", "bb_amount": null, "bb_province": "ระนอง"}, {"gf_amount": 49990, "gf_province": "นครราชสีมา", "bb_amount": null, "bb_province": "นครราชสีมา"}, {"gf_amount": 49600.6, "gf_province": "นครศรีธรรมราช", "bb_amount": null, "bb_province": "นครศรีธรรมราช"}, {"gf_amount": 39764.15, "gf_province": "ปทุมธานี", "bb_amount": null, "bb_province": "ปทุมธานี"}, {"gf_amount": 31975, "gf_province": "ราชบุรี", "bb_amount": null, "bb_province": "ราชบุรี"}, {"gf_amount": 22600, "gf_province": "เชียงราย", "bb_amount": null, "bb_province": "เชียงราย"}, {"gf_amount": 6160, "gf_province": "เลย", "bb_amount": null, "bb_province": "เลย"}], "gf_amount_sum": 66520297.52}
{"bb_code": "1500757052420001", "bb_year": "2560", "amount": 87590000, "min_code": "15000", "agc_code": "15007", "name": "ปรับปรุงภูมิทัศน์แหล่งท่องเทียวตลาดโคยกี๊ 200 ปี", "min": "กระทรวงมหาดไทย", "agc": "กรมโยธาธิการและผังเมือง", "plan_name": "ไม่ระบุ", "stg_name": "ยุทธศาสตร์ด้านการสร้างความสามารถในการแข่งขันของประเทศ", "objc_level1_name": "งบลงทุน", "compare": [{"bb_amount": 87590000, "bb_province": "ราชบุรี"}, {"gf_amount": 8348550, "gf_province": "ส่วนกลาง", "bb_amount": null, "bb_province": "กรุงเทพมหานคร"}], "gf_amount_sum": 8348550}
{"bb_code": "1500344035700001", "bb_year": "2560", "amount": 86760700, "min_code": "15000", "agc_code": "15003", "name": "ค่าใช้จ่ายในการประเมินผลการปฏิบัติหน้าที่ของกำนันผู้ใหญ่บ้าน ฯลฯ", "min": "กระทรวงมหาดไทย", "agc": "กรมการปกครอง", "plan_name": "แผนงานพื้นฐานด้านการปรับสมดุลและพัฒนาระบบการบริหารจัดการภาครัฐ", "stg_name": "ยุทธศาสตร์ด้านการปรับสมดุลและพัฒนาระบบบริหารจัดการภาครัฐ", "objc_level1_name": "รายจ่ายอื่น", "compare": [{"bb_amount": 86760700, "bb_province": "กรุงเทพมหานคร", "gf_amount": 5664659.46, "gf_province": "ส่วนกลาง"}, {"gf_amount": 3957230, "gf_province": "นครราชสีมา", "bb_amount": null, "bb_province": "นครราชสีมา"}, {"gf_amount": 2928940, "gf_province": "อุบลราชธานี", "bb_amount": null, "bb_province": "อุบลราชธานี"}, {"gf_amount": 2838900, "gf_province": "ศรีสะเกษ", "bb_amount": null, "bb_province": "ศรีสะเกษ"}, {"gf_amount": 2768647, "gf_province": "บุรีรัมย์", "bb_amount": null, "bb_province": "บุรีรัมย์"}, {"gf_amount": 2610860, "gf_province": "ร้อยเอ็ด", "bb_amount": null, "bb_province": "ร้อยเอ็ด"}, {"gf_amount": 2382660, "gf_province": "ขอนแก่น", "bb_amount": null, "bb_province": "ขอนแก่น"}, {"gf_amount": 2296630, "gf_province": "สุรินทร์", "bb_amount": null, "bb_province": "สุรินทร์"}, {"gf_amount": 2098460, "gf_province": "มหาสารคาม", "bb_amount": null, "bb_province": "มหาสารคาม"}, {"gf_amount": 1941550, "gf_province": "อุดรธานี", "bb_amount": null, "bb_province": "อุดรธานี"}, {"gf_amount": 1841974.5, "gf_province": "เชียงใหม่", "bb_amount": null, "bb_province": "เชียงใหม่"}, {"gf_amount": 1705060, "gf_province": "นครศรีธรรมราช", "bb_amount": null, "bb_province": "นครศรีธรรมราช"}, {"gf_amount": 1670480, "gf_province": "ชัยภูมิ", "bb_amount": null, "bb_province": "ชัยภูมิ"}, {"gf_amount": 1555250, "gf_province": "สกลนคร", "bb_amount": null, "bb_province": "สกลนคร"}, {"gf_amount": 1528760, "gf_province": "กาฬสินธุ์", "bb_amount": null, "bb_province": "กาฬสินธุ์"}, {"gf_amount": 1513750, "gf_province": "เชียงราย", "bb_amount": null, "bb_province": "เชียงราย"}, {"gf_amount": 1508850, "gf_province": "เพชรบูรณ์", "bb_amount": null, "bb_province": "เพชรบูรณ์"}, {"gf_amount": 1359893, "gf_province": "นครสวรรค์", "bb_amount": null, "bb_province": "นครสวรรค์"}, {"gf_amount": 1275470, "gf_province": "นครพนม", "bb_amount": null, "bb_province": "นครพนม"}, {"gf_amount": 1206970, "gf_province": "พระนครศรีอยุธยา", "bb_amount": null, "bb_province": "พระนครศรีอยุธยา"}, {"gf_amount": 1151618, "gf_province": "ลพบุรี", "bb_amount": null, "bb_province": "ลพบุรี"}, {"gf_amount": 1149120, "gf_province": "สุราษฎร์ธานี", "bb_amount": null, "bb_province": "สุราษฎร์ธานี"}, {"gf_amount": 1140160, "gf_province": "พิษณุโลก", "bb_amount": null, "bb_province": "พิษณุโลก"}, {"gf_amount": 1054410, "gf_province": "สงขลา", "bb_amount": null, "bb_province": "สงขลา"}, {"gf_amount": 1025430, "gf_province": "สระบุรี", "bb_amount": null, "bb_province": "สระบุรี"}, {"gf_amount": 1006880, "gf_province": "กาญจนบุรี", "bb_amount": null, "bb_province": "กาญจนบุรี"}, {"gf_amount": 994840, "gf_province": "สุพรรณบุรี", "bb_amount": null, "bb_province": "สุพรรณบุรี"}, {"gf_amount": 955780, "gf_province": "ฉะเชิงเทรา", "bb_amount": null, "bb_province": "ฉะเชิงเทรา"}, {"gf_amount": 950250, "gf_province": "พิจิตร", "bb_amount": null, "bb_province": "พิจิตร"}, {"gf_amount": 924980, "gf_province": "เลย", "bb_amount": null, "bb_province": "เลย"}, {"gf_amount": 917700, "gf_province": "ลำปาง", "bb_amount": null, "bb_province": "ลำปาง"}, {"gf_amount": 913640, "gf_province": "สุโขทัย", "bb_amount": null, "bb_province": "สุโขทัย"}, {"gf_amount": 902428, "gf_province": "กำแพงเพชร", "bb_amount": null, "bb_province": "กำแพงเพชร"}, {"gf_amount": 897960, "gf_province": "ยโสธร", "bb_amount": null, "bb_province": "ยโสธร"}, {"gf_amount": 897100, "gf_province": "นครปฐม", "bb_amount": null, "bb_province": "นครปฐม"}, {"gf_amount": 816576, "gf_province": "ชุมพร", "bb_amount": null, "bb_province": "ชุมพร"}, {"gf_amount": 816200, "gf_province": "น่าน", "bb_amount": null, "bb_province": "น่าน"}, {"gf_amount": 759430, "gf_province": "พัทลุง", "bb_amount": null, "bb_province": "พัทลุง"}, {"gf_amount": 751800, "gf_province": "สระแก้ว", "bb_amount": null, "bb_province": "สระแก้ว"}, {"gf_amount": 740970, "gf_province": "พะเยา", "bb_amount": null, "bb_province": "พะเยา"}, {"gf_amount": 732130, "gf_province": "ตรัง", "bb_amount": null, "bb_province": "ตรัง"}, {"gf_amount": 722276, "gf_province": "หนองคาย", "bb_amount": null, "bb_province": "หนองคาย"}, {"gf_amount": 712110, "gf_province": "หนองบัวลำภู", "bb_amount": null, "bb_province": "หนองบัวลำภู"}, {"gf_amount": 699860, "gf_province": "แพร่", "bb_amount": null, "bb_province": "แพร่"}, {"gf_amount": 679280, "gf_province": "จันทบุรี", "bb_amount": null, "bb_province": "จันทบุรี"}, {"gf_amount": 676970, "gf_province": "ปราจีนบุรี", "bb_amount": null, "bb_province": "ปราจีนบุรี"}, {"gf_amount": 670810, "gf_province": "ชลบุรี", "bb_amount": null, "bb_province": "ชลบุรี"}, {"gf_amount": 656370, "gf_province": "อุทัยธานี", "bb_amount": null, "bb_province": "อุทัยธานี"}, {"gf_amount": 647474, "gf_province": "ราชบุรี", "bb_amount": null, "bb_province": "ราชบุรี"}, {"gf_amount": 621386, "gf_province": "เพชรบุรี", "bb_amount": null, "bb_province": "เพชรบุรี"}, {"gf_amount": 596680, "gf_province": "บึงกาฬ", "bb_amount": null, "bb_province": "บึงกาฬ"}, {"gf_amount": 536310, "gf_province": "ปัตตานี", "bb_amount": null, "bb_province": "ปัตตานี"}, {"gf_amount": 527240, "gf_province": "มุกดาหาร", "bb_amount": null, "bb_province": "มุกดาหาร"}, {"gf_amount": 527162, "gf_province": "ตาก", "bb_amount": null, "bb_province": "ตาก"}, {"gf_amount": 521110, "gf_province": "นราธิวาส", "bb_amount": null, "bb_province": "นราธิวาส"}, {"gf_amount": 488740, "gf_province": "ลำพูน", "bb_amount": null, "bb_province": "ลำพูน"}, {"gf_amount": 483980, "gf_province": "อ่างทอง", "bb_amount": null, "bb_province": "อ่างทอง"}, {"gf_amount": 461930, "gf_province": "อำนาจเจริญ", "bb_amount": null, "bb_province": "อำนาจเจริญ"}, {"gf_amount": 458452, "gf_province": "อุตรดิตถ์", "bb_amount": null, "bb_province": "อุตรดิตถ์"}, {"gf_amount": 445060, "gf_province": "ระยอง", "bb_amount": null, "bb_province": "ระยอง"}, {"gf_amount": 443520, "gf_province": "ประจวบคีรีขันธ์", "bb_amount": null, "bb_province": "ประจวบคีรีขันธ์"}, {"gf_amount": 435242, "gf_province": "ชัยนาท", "bb_amount": null, "bb_province": "ชัยนาท"}, {"gf_amount": 412976, "gf_province": "ปทุมธานี", "bb_amount": null, "bb_province": "ปทุมธานี"}, {"gf_amount": 409320, "gf_province": "กระบี่", "bb_amount": null, "bb_province": "กระบี่"}, {"gf_amount": 400120, "gf_province": "ยะลา", "bb_amount": null, "bb_province": "ยะลา"}, {"gf_amount": 389900, "gf_province": "แม่ฮ่องสอน", "bb_amount": null, "bb_province": "แม่ฮ่องสอน"}, {"gf_amount": 360103, "gf_province": "สมุทรปราการ", "bb_amount": null, "bb_province": "สมุทรปราการ"}, {"gf_amount": 339150, "gf_province": "นนทบุรี", "bb_amount": null, "bb_province": "นนทบุรี"}, {"gf_amount": 331170, "gf_province": "พังงา", "bb_amount": null, "bb_province": "พังงา"}, {"gf_amount": 330838, "gf_province": "นครนายก", "bb_amount": null, "bb_province": "นครนายก"}, {"gf_amount": 319480, "gf_province": "สิงห์บุรี", "bb_amount": null, "bb_province": "สิงห์บุรี"}, {"gf_amount": 312410, "gf_province": "สตูล", "bb_amount": null, "bb_province": "สตูล"}, {"gf_amount": 298770, "gf_province": "สมุทรสาคร", "bb_amount": null, "bb_province": "สมุทรสาคร"}, {"gf_amount": 288540, "gf_province": "สมุทรสงคราม", "bb_amount": null, "bb_province": "สมุทรสงคราม"}, {"gf_amount": 284670, "gf_province": "ตราด", "bb_amount": null, "bb_province": "ตราด"}, {"gf_amount": 170170, "gf_province": "ระนอง", "bb_amount": null, "bb_province": "ระนอง"}, {"gf_amount": 81409, "gf_province": "ภูเก็ต", "bb_amount": null, "bb_province": "ภูเก็ต"}], "gf_amount_sum": 80895383.96}
{"bb_code": "1500303020500001", "bb_year": "2560", "amount": 86400000, "min_code": "15000", "agc_code": "15003", "name": "เงินอุดหนุนโครงการเสริมสร้างความเข้มแข็งในการรักษาความสงบเรียบร้อยและป้องกันตนเองของประชาชนในหมู่บ้านจังหวัดชายแดนภาคใต้", "min": "กระทรวงมหาดไทย", "agc": "กรมการปกครอง", "plan_name": "แผนงานบูรณาการขับเคลื่อนการแก้ไขปัญหาจังหวัดชายแดนภาคใต้ ", "stg_name": "ยุทธศาสตร์ด้านความมั่นคงและการต่างประเทศ", "objc_level1_name": "งบอุดหนุน", "compare": [{"bb_amount": 86400000, "bb_province": "สงขลา", "gf_amount": 86259000, "gf_province": "สงขลา"}], "gf_amount_sum": 86259000}
{"bb_code": "1500742024420066", "bb_year": "2560", "amount": 86100000, "min_code": "15000", "agc_code": "15007", "name": "โครงการพัฒนาพื้นที่เฉพาะเมืองหัวหิน ปรับปรุงระบบระบายน้ำ เทศบาลเมืองหัวหิน จังหวัดประจวบคีรีขันธ์ระยะที่ 1", "min": "กระทรวงมหาดไทย", "agc": "กรมโยธาธิการและผังเมือง", "plan_name": "แผนงานยุทธศาสตร์อนุรักษ์ ฟื้นฟู และป้องกันทรัพยากรธรรมชาติ", "stg_name": "ยุทธศาสตร์ด้านการจัดการน้ำและสร้างการเติบโตบนคุณภาพชีวิตที่เป็นมิตรกับสิ่งแวดล้อมอย่างยั่งยืน", "objc_level1_name": "งบลงทุน", "compare": [{"bb_amount": 86100000, "bb_province": "ประจวบคีรีขันธ์"}, {"gf_amount": 96100000, "gf_province": "ส่วนกลาง", "bb_amount": null, "bb_province": "กรุงเทพมหานคร"}], "gf_amount_sum": 96100000}
{"bb_code": "1500244003420010", "bb_year": "2560", "amount": 85680000, "min_code": "15000", "agc_code": "15002", "name": "ค่าก่อสร้างศาลากลางจังหวัดนราธิวาส แห่งที่ 2ตำบลโคกเคียน อำเภอเมืองนราธิวาส จังหวัดนราธิวาส", "min": "กระทรวงมหาดไทย", "agc": "สำนักงานปลัดกระทรวงมหาดไทย", "plan_name": "แผนงานพื้นฐานด้านการปรับสมดุลและพัฒนาระบบการบริหารจัดการภาครัฐ", "stg_name": "ยุทธศาสตร์ด้านการปรับสมดุลและพัฒนาระบบบริหารจัดการภาครัฐ", "objc_level1_name": "งบลงทุน", "compare": [{"bb_amount": 85680000, "bb_province": "นราธิวาส", "gf_amount": 72002496, "gf_province": "นราธิวาส"}], "gf_amount_sum": 72002496}
{"bb_code": "1500741028420050", "bb_year": "2560", "amount": 84825000, "min_code": "15000", "agc_code": "15007", "name": "ก่อสร้างระบบป้องกันน้ำท่วมพื้นที่ชุมชนท่างามระยะที่ 2 อำเภออินทร์บุรีจังหวัดสิงห์บุรี", "min": "กระทรวงมหาดไทย", "agc": "กรมโยธาธิการและผังเมือง", "plan_name": "แผนงานบูรณาการบริหารจัดการทรัพยากรน้ำ", "stg_name": "ยุทธศาสตร์ด้านการจัดการน้ำและสร้างการเติบโตบนคุณภาพชีวิตที่เป็นมิตรกับสิ่งแวดล้อมอย่างยั่งยืน", "objc_level1_name": "งบลงทุน", "compare": [{"bb_amount": 84825000, "bb_province": "สิงห์บุรี"}, {"gf_amount": 30169700, "gf_province": "ส่วนกลาง", "bb_amount": null, "bb_province": "กรุงเทพมหานคร"}], "gf_amount_sum": 30169700}
