{"bb_code": "1500848002600113", "bb_year": "2560", "amount": 9209000, "min_code": "15000", "agc_code": "15008", "name": "ซ่อมสร้างถนนยางพาราผสมแอสฟัลท์ สายบ้านทุ่งไหม้-ห้วยใหญ่ หมู่ที่ 1ตำบลน้ำผุด กว้าง 5 เมตรยาว 2,000 เมตร หนา 0.05เมตร ไหล่ทางข้างละ 0.25เมตร องค์การบริหารส่วนตำบลน้ำผุด อำเภอละงูจังหวัดสตูล", "min": "กระทรวงมหาดไทย", "agc": "กรมส่งเสริมการปกครองท้องถิ่น", "plan_name": "แผนงานบูรณาการส่งเสริมการกระจายอำนาจให้แก่องค์กรปกครองส่วนท้องถิ่น", "stg_name": "ยุทธศาสตร์ด้านการปรับสมดุลและพัฒนาระบบบริหารจัดการภาครัฐ", "objc_level1_name": "งบอุดหนุน", "compare": [{"bb_amount": 9209000, "bb_province": "สตูล", "gf_amount": 9208400, "gf_province": "สตูล"}], "gf_amount_sum": 9208400}
{"bb_code": "1500703014410018", "bb_year": "2560", "amount": 9204000, "min_code": "15000", "agc_code": "15007", "name": "โครงการปรับปรุงถนนในชุมชน บ้านทำนบ (สายปลักปรือ - บ้านทำนบ) หมู่ที่ 5 ตำบลม่วงเตี้ย อำเภอแม่ลาน จังหวัดปัตตานีกว้าง 6.00 เมตร ระยะทาง2.950 กิโลเมตร", "min": "กระทรวงมหาดไทย", "agc": "กรมโยธาธิการและผังเมือง", "plan_name": "แผนงานบูรณาการขับเคลื่อนการแก้ไขปัญหาจังหวัดชายแดนภาคใต้ ", "stg_name": "ยุทธศาสตร์ด้านความมั่นคงและการต่างประเทศ", "objc_level1_name": "งบลงทุน", "compare": [{"bb_amount": 9204000, "bb_province": "ปัตตานี", "gf_amount": 9204000, "gf_province": "ปัตตานี"}], "gf_amount_sum": 9204000}
{"bb_code": "1500848002600A50", "bb_year": "2560", "amount": 9200000, "min_code": "15000", "agc_code": "15008", "name": "ซ่อมสร้างผิวจราจรเคพซิล(Cape seal) บ้านหนองขุย -บ้านเขาปฐวี ตำบลหนองกระทุ่ม กว้าง 8 เมตร ยาว4,160 เมตร ไหล่ทางข้างละ 1.00 เมตร องค์การบริหารส่วนตำบลหนองกระทุ่ม อำเภอทัพทันจังหวัดอุทัยธานี", "min": "กระทรวงมหาดไทย", "agc": "กรมส่งเสริมการปกครองท้องถิ่น", "plan_name": "แผนงานบูรณาการส่งเสริมการกระจายอำนาจให้แก่องค์กรปกครองส่วนท้องถิ่น", "stg_name": "ยุทธศาสตร์ด้านการปรับสมดุลและพัฒนาระบบบริหารจัดการภาครัฐ", "objc_level1_name": "งบอุดหนุน", "compare": [{"bb_amount": 9200000, "bb_province": "อุทัยธานี", "gf_amount": 9185000, "gf_province": "อุทัยธานี"}], "gf_amount_sum": 9185000}
{"bb_code": "1500848002600481", "bb_year": "2560", "amount": 9200000, "min_code": "15000", "agc_code": "15008", "name": "ปรับปรุงถนนลาดยางแอสฟัลท์ติกคอนกรีต สายบ้านมุมสงบ-บ้านเกษมสุข หมู่ที่2 ตำบลเทพนิมิต กว้าง 6เมตร ยาว 3,200 เมตร หนา0.05 เมตร องค์การบริหารส่วนจังหวัดตราด อำเภอเมืองตราด จังหวัดตราด", "min": "กระทรวงมหาดไทย", "agc": "กรมส่งเสริมการปกครองท้องถิ่น", "plan_name": "แผนงานบูรณาการส่งเสริมการกระจายอำนาจให้แก่องค์กรปกครองส่วนท้องถิ่น", "stg_name": "ยุทธศาสตร์ด้านการปรับสมดุลและพัฒนาระบบบริหารจัดการภาครัฐ", "objc_level1_name": "งบอุดหนุน", "compare": [{"bb_amount": 9200000, "bb_province": "ตราด", "gf_amount": 8567000, "gf_province": "ตราด"}], "gf_amount_sum": 8567000}
{"bb_code": "1500742024420100", "bb_year": "2560", "amount": 9200000, "min_code": "15000", "agc_code": "15007", "name": "โครงการพัฒนาพื้นที่เฉพาะเทศบาลนครเชียงรายอำเภอเมือง จังหวัดเชียงราย ระยะที่ 2", "min": "กระทรวงมหาดไทย", "agc": "กรมโยธาธิการและผังเมือง", "plan_name": "แผนงานยุทธศาสตร์อนุรักษ์ ฟื้นฟู และป้องกันทรัพยากรธรรมชาติ", "stg_name": "ยุทธศาสตร์ด้านการจัดการน้ำและสร้างการเติบโตบนคุณภาพชีวิตที่เป็นมิตรกับสิ่งแวดล้อมอย่างยั่งยืน", "objc_level1_name": "งบลงทุน", "compare": [{"bb_amount": 9200000, "bb_province": "เชียงราย"}, {"gf_amount": 6798000, "gf_province": "ส่วนกลาง", "bb_amount": null, "bb_province": "กรุงเทพมหานคร"}], "gf_amount_sum": 6798000}
{"bb_code": "1500848002600167", "bb_year": "2560", "amount": 9195000, "min_code": "15000", "agc_code": "15008", "name": "ฉาบผิวพาราแอสฟัลท์ติกคอนกรีต ถนนสายแยกอบจ.โนนหนามแท่ง-ป่าติ้วเชื่อมสายแยก อบจ.โคกกอก-นาวัด หมู่ที่ 5 ชุมชนหนองมะแซว ตำบลนาวังกว้าง 8 เมตร ยาว 2,418เมตร หนา 0.05 เมตรเทศบาลตำบลนาวัง อำเภอเมือง จังหวัดอำนาจเจริญ", "min": "กระทรวงมหาดไทย", "agc": "กรมส่งเสริมการปกครองท้องถิ่น", "plan_name": "แผนงานบูรณาการส่งเสริมการกระจายอำนาจให้แก่องค์กรปกครองส่วนท้องถิ่น", "stg_name": "ยุทธศาสตร์ด้านการปรับสมดุลและพัฒนาระบบบริหารจัดการภาครัฐ", "objc_level1_name": "งบอุดหนุน", "compare": [{"bb_amount": 9195000, "bb_province": "อำนาจเจริญ", "gf_amount": 4950000, "gf_province": "อำนาจเจริญ"}], "gf_amount_sum": 4950000}
{"bb_code": "1500738002420015", "bb_year": "2560", "amount": 9194000, "min_code": "15000", "agc_code": "15007", "name": "โครงการซ่อมแซมและปรับปรุงคันป้องกันน้ำท่วมริมแม่น้ำเจ้าพระยา บริเวณเทศบาลตำบลไชโย(พื้นที่ชะไว) ต.ชะไวอ.ไชโย  จ.อ่างทอง", "min": "กระทรวงมหาดไทย", "agc": "กรมโยธาธิการและผังเมือง", "plan_name": "แผนงานพื้นฐานด้านการจัดการน้ำและสร้างการเติบโตบนคุณภาพชีวิตที่เป็นมิตรกับสิ่งแวดล้อมอย่างยั่งยืน", "stg_name": "ยุทธศาสตร์ด้านการจัดการน้ำและสร้างการเติบโตบนคุณภาพชีวิตที่เป็นมิตรกับสิ่งแวดล้อมอย่างยั่งยืน", "objc_level1_name": "งบลงทุน", "compare": [{"bb_amount": 9194000, "bb_province": "อ่างทอง"}, {"gf_amount": 8186723, "gf_province": "ส่วนกลาง", "bb_amount": null, "bb_province": "กรุงเทพมหานคร"}], "gf_amount_sum": 8186723}
{"bb_code": "1500741009420502", "bb_year": "2560", "amount": 9192900, "min_code": "15000", "agc_code": "15007", "name": "เขื่อนป้องกันตลิ่งคันคลองใสยาง ม.3 ต.เขาเจียก อ.เมือง จ.พัทลุง ความยาว400 เมตร", "min": "กระทรวงมหาดไทย", "agc": "กรมโยธาธิการและผังเมือง", "plan_name": "แผนงานบูรณาการบริหารจัดการทรัพยากรน้ำ", "stg_name": "ยุทธศาสตร์ด้านการจัดการน้ำและสร้างการเติบโตบนคุณภาพชีวิตที่เป็นมิตรกับสิ่งแวดล้อมอย่างยั่งยืน", "objc_level1_name": "งบลงทุน", "compare": [{"bb_amount": 9192900, "bb_province": "พัทลุง", "gf_amount": 13709500, "gf_province": "พัทลุง"}], "gf_amount_sum": 13709500}
{"bb_code": "1500848002600881", "bb_year": "2560", "amount": 9192000, "min_code": "15000", "agc_code": "15008", "name": "ซ่อมสร้างถนนลาดยางแบบผิวจราจรยางพาราแอสฟัลท์ติกคอนกรีต สาย ฉช.3017แยกทางหลวงหมายเลข304 - บ้านปากคลองม่วงตำบลเกาะขนุน กว้าง 8เมตร ยาว 2,000 เมตร หนา0.05 เมตร ไหล่ทางข้างละ1 เมตร องค์การบริหารส่วนตำบลเกาะขนุน อำเภอพนมสารคาม จังหวัดฉะเชิงเทรา", "min": "กระทรวงมหาดไทย", "agc": "กรมส่งเสริมการปกครองท้องถิ่น", "plan_name": "แผนงานบูรณาการส่งเสริมการกระจายอำนาจให้แก่องค์กรปกครองส่วนท้องถิ่น", "stg_name": "ยุทธศาสตร์ด้านการปรับสมดุลและพัฒนาระบบบริหารจัดการภาครัฐ", "objc_level1_name": "งบอุดหนุน", "compare": [{"bb_amount": 9192000, "bb_province": "ฉะเชิงเทรา", "gf_amount": 9080000, "gf_province": "ฉะเชิงเทรา"}], "gf_amount_sum": 9080000}
{"bb_code": "1500848002600270", "bb_year": "2560", "amount": 9186000, "min_code": "15000", "agc_code": "15008", "name": "ซ่อมสร้างถนนลาดยางAsphaltic Concrete หมู่ที่ 6หนองระกำ,หมูที่ 7หนองงิ้วตำบลหนองโดน กว้าง 4เมตร ยาว 3,000 เมตร หนา0.05 เมตร องค์การบริหารส่วนตำบลหนองโดน อำเภอหนองโดน จังหวัดสระบุรี", "min": "กระทรวงมหาดไทย", "agc": "กรมส่งเสริมการปกครองท้องถิ่น", "plan_name": "แผนงานบูรณาการส่งเสริมการกระจายอำนาจให้แก่องค์กรปกครองส่วนท้องถิ่น", "stg_name": "ยุทธศาสตร์ด้านการปรับสมดุลและพัฒนาระบบบริหารจัดการภาครัฐ", "objc_level1_name": "งบอุดหนุน", "compare": [{"bb_amount": 9186000, "bb_province": "สระบุรี", "gf_amount": 7600000, "gf_province": "สระบุรี"}], "gf_amount_sum": 7600000}
{"bb_code": "1500848002600015", "bb_year": "2560", "amount": 9185000, "min_code": "15000", "agc_code": "15008", "name": "เสริมผิวถนนลาดยางแอสฟัลท์ติกคอนกรีตสายบ้านสระกำ-บ้านทาบทอง กว้าง6 เมตร ยาว 2,500 เมตรหนา 0.05 เมตร ไหล่ทางข้างละ 1 เมตร องค์การบริหารส่วนตำบลไสหมากอำเภอเชียรใหญ่ จังหวัดนครศรีธรรมราช", "min": "กระทรวงมหาดไทย", "agc": "กรมส่งเสริมการปกครองท้องถิ่น", "plan_name": "แผนงานบูรณาการส่งเสริมการกระจายอำนาจให้แก่องค์กรปกครองส่วนท้องถิ่น", "stg_name": "ยุทธศาสตร์ด้านการปรับสมดุลและพัฒนาระบบบริหารจัดการภาครัฐ", "objc_level1_name": "งบอุดหนุน", "compare": [{"bb_amount": 9185000, "bb_province": "นครศรีธรรมราช", "gf_amount": 9160000, "gf_province": "นครศรีธรรมราช"}], "gf_amount_sum": 9160000}
{"bb_code": "1500848002600783", "bb_year": "2560", "amount": 9173000, "min_code": "15000", "agc_code": "15008", "name": "ก่อสร้างบูรณะและปรับปรุงถนนลาดยางแอสฟัลท์ติกคอนกรีต แบบโอเวอร์เลย์สายบ้านกาด - บ้านเฝ้าไร่ตำบลดอนเปา กว้าง 6เมตร ยาว 4,184 เมตร หนา0.05 เมตร องค์การบริหารส่วนตำบล ดอนเปา อำเภอแม่วาง จังหวัดเชียงใหม่", "min": "กระทรวงมหาดไทย", "agc": "กรมส่งเสริมการปกครองท้องถิ่น", "plan_name": "แผนงานบูรณาการส่งเสริมการกระจายอำนาจให้แก่องค์กรปกครองส่วนท้องถิ่น", "stg_name": "ยุทธศาสตร์ด้านการปรับสมดุลและพัฒนาระบบบริหารจัดการภาครัฐ", "objc_level1_name": "งบอุดหนุน", "compare": [{"bb_amount": 9173000, "bb_province": "เชียงใหม่", "gf_amount": 9166000, "gf_province": "เชียงใหม่"}], "gf_amount_sum": 9166000}
{"bb_code": "1500741009420015", "bb_year": "2560", "amount": 9168400, "min_code": "15000", "agc_code": "15007", "name": "เขื่อนป้องกันตลิ่งริมแม่น้ำมูล บ้านท่ากกแห่ หมู่ที่ 8(บริเวณปากมูลน้อย)ตำบลแจระแม อ.เมือง จ.อุบลราชธานี ความยาว 543เมตร", "min": "กระทรวงมหาดไทย", "agc": "กรมโยธาธิการและผังเมือง", "plan_name": "แผนงานบูรณาการบริหารจัดการทรัพยากรน้ำ", "stg_name": "ยุทธศาสตร์ด้านการจัดการน้ำและสร้างการเติบโตบนคุณภาพชีวิตที่เป็นมิตรกับสิ่งแวดล้อมอย่างยั่งยืน", "objc_level1_name": "งบลงทุน", "compare": [{"bb_amount": 9168400, "bb_province": "อุบลราชธานี"}], "gf_amount_sum": 0}
{"bb_code": "1500741009420438", "bb_year": "2560", "amount": 9168200, "min_code": "15000", "agc_code": "15007", "name": "เขื่อนป้องกันตลิ่งริมคลองดำเนินสะดวก หน้าวัดหลักสองราษฎร์บำรุง ม.2 ต.หลักสอง อ.บ้านแพ้ว จ.สมุทรสาคร ความยาว 178เมตร", "min": "กระทรวงมหาดไทย", "agc": "กรมโยธาธิการและผังเมือง", "plan_name": "แผนงานบูรณาการบริหารจัดการทรัพยากรน้ำ", "stg_name": "ยุทธศาสตร์ด้านการจัดการน้ำและสร้างการเติบโตบนคุณภาพชีวิตที่เป็นมิตรกับสิ่งแวดล้อมอย่างยั่งยืน", "objc_level1_name": "งบลงทุน", "compare": [{"bb_amount": 9168200, "bb_province": "สมุทรสาคร", "gf_amount": 14151000, "gf_province": "สมุทรสาคร"}], "gf_amount_sum": 14151000}
{"bb_code": "1500741009420433", "bb_year": "2560", "amount": 9164900, "min_code": "15000", "agc_code": "15007", "name": "เขื่อนป้องกันตลิ่งริมแม่น้ำเลย บ้านกำเนิดเพชร ม.12ต.เมือง อ.เมือง จ.เลยความยาว 280 เมตร", "min": "กระทรวงมหาดไทย", "agc": "กรมโยธาธิการและผังเมือง", "plan_name": "แผนงานบูรณาการบริหารจัดการทรัพยากรน้ำ", "stg_name": "ยุทธศาสตร์ด้านการจัดการน้ำและสร้างการเติบโตบนคุณภาพชีวิตที่เป็นมิตรกับสิ่งแวดล้อมอย่างยั่งยืน", "objc_level1_name": "งบลงทุน", "compare": [{"bb_amount": 9164900, "bb_province": "เลย", "gf_amount": 9164900, "gf_province": "เลย"}], "gf_amount_sum": 9164900}
{"bb_code": "1500848002600101", "bb_year": "2560", "amount": 9140000, "min_code": "15000", "agc_code": "15008", "name": "ซ่อมสร้างผิวทางแอสฟัลท์ติกคอนกรีต สายบ้านวงษ์ทอง - บ้านหนองกระทุ่มกว้าง 6 เมตร ยาว 3,560เมตร ไหล่ทางกว้างข้างละ1.50 เมตร องค์การบริหารส่วนตำบลพุเตย อำเภอวิเชียรบุรี จังหวัดเพชรบูรณ์", "min": "กระทรวงมหาดไทย", "agc": "กรมส่งเสริมการปกครองท้องถิ่น", "plan_name": "แผนงานบูรณาการส่งเสริมการกระจายอำนาจให้แก่องค์กรปกครองส่วนท้องถิ่น", "stg_name": "ยุทธศาสตร์ด้านการปรับสมดุลและพัฒนาระบบบริหารจัดการภาครัฐ", "objc_level1_name": "งบอุดหนุน", "compare": [{"bb_amount": 9140000, "bb_province": "เพชรบูรณ์", "gf_amount": 9120000, "gf_province": "เพชรบูรณ์"}], "gf_amount_sum": 9120000}
{"bb_code": "1500848002600061", "bb_year": "2560", "amount": 9134000, "min_code": "15000", "agc_code": "15008", "name": "ซ่อมสร้างผิวทางพาราแอสฟัลท์ติกคอนกรีต (โดยวิธีPavement In - PlaceRecycling) สายบ้านไร่ใหม่พัฒนา - บ้านหนองเขื่อนหมู่ที่ 2 - หมู่ที่ 4 กว้าง 8เมตร ยาว 2,100 เมตร หนา0.05 เมตร องค์การบริหารส่วนตำบลไร่ใหม่พัฒนาอำเภอชะอำ จังหวัดเพชรบุรี", "min": "กระทรวงมหาดไทย", "agc": "กรมส่งเสริมการปกครองท้องถิ่น", "plan_name": "แผนงานบูรณาการส่งเสริมการกระจายอำนาจให้แก่องค์กรปกครองส่วนท้องถิ่น", "stg_name": "ยุทธศาสตร์ด้านการปรับสมดุลและพัฒนาระบบบริหารจัดการภาครัฐ", "objc_level1_name": "งบอุดหนุน", "compare": [{"bb_amount": 9134000, "bb_province": "เพชรบุรี", "gf_amount": 9134000, "gf_province": "เพชรบุรี"}], "gf_amount_sum": 9134000}
{"bb_code": "1500848002600788", "bb_year": "2560", "amount": 9120000, "min_code": "15000", "agc_code": "15008", "name": "เสริมผิวทางจราจรพาราแอสฟัลท์ติกคอนกรีตสายบ้านนาโพธิ์-บ้านหัวถนน หมู่ที่ 7, 5 ตำบลท่างิ้ว กว้าง 8เมตร ยาว 1,880 เมตร หนาหนา 0.05 เมตร ไหล่ทางกว้างข้างละ 1 เมตรเทศบาลตำบลท่างิ้ว อำเภอห้วยยอด จังหวัดตรัง", "min": "กระทรวงมหาดไทย", "agc": "กรมส่งเสริมการปกครองท้องถิ่น", "plan_name": "แผนงานบูรณาการส่งเสริมการกระจายอำนาจให้แก่องค์กรปกครองส่วนท้องถิ่น", "stg_name": "ยุทธศาสตร์ด้านการปรับสมดุลและพัฒนาระบบบริหารจัดการภาครัฐ", "objc_level1_name": "งบอุดหนุน", "compare": [{"bb_amount": 9120000, "bb_province": "ตรัง", "gf_amount": 9058000, "gf_province": "ตรัง"}], "gf_amount_sum": 9058000}
{"bb_code": "1500741009420577", "bb_year": "2560", "amount": 9120000, "min_code": "15000", "agc_code": "15007", "name": "เขื่อนป้องกันตลิ่งริมแม่น้ำท่าจีน บริเวณวัดสวนหงส์(ระยะที่ 6) ต.บางปลาม้าอ.บางปลาม้า จ.สุพรรณบุรีความยาว 375 เมตร", "min": "กระทรวงมหาดไทย", "agc": "กรมโยธาธิการและผังเมือง", "plan_name": "แผนงานบูรณาการบริหารจัดการทรัพยากรน้ำ", "stg_name": "ยุทธศาสตร์ด้านการจัดการน้ำและสร้างการเติบโตบนคุณภาพชีวิตที่เป็นมิตรกับสิ่งแวดล้อมอย่างยั่งยืน", "objc_level1_name": "งบลงทุน", "compare": [{"bb_amount": 9120000, "bb_province": "สุพรรณบุรี"}, {"gf_amount": 6765600, "gf_province": "ส่วนกลาง", "bb_amount": null, "bb_province": "กรุงเทพมหานคร"}], "gf_amount_sum": 6765600}
{"bb_code": "1500741009420023", "bb_year": "2560", "amount": 9116300, "min_code": "15000", "agc_code": "15007", "name": "เขื่อนป้องกันตลิ่งริมแม่น้ำบางปะกง บริเวณโรงเรียนราชินีแห่งที่ 3 ต.คลองเขื่อน อ.คลองเขื่อน จ.ฉะเชิงเทรา ความยาว 580เมตร", "min": "กระทรวงมหาดไทย", "agc": "กรมโยธาธิการและผังเมือง", "plan_name": "แผนงานบูรณาการบริหารจัดการทรัพยากรน้ำ", "stg_name": "ยุทธศาสตร์ด้านการจัดการน้ำและสร้างการเติบโตบนคุณภาพชีวิตที่เป็นมิตรกับสิ่งแวดล้อมอย่างยั่งยืน", "objc_level1_name": "งบลงทุน", "compare": [{"bb_amount": 9116300, "bb_province": "ฉะเชิงเทรา"}], "gf_amount_sum": 0}
