{"bb_code": "1500848002600A44", "bb_year": "2560", "amount": 9017000, "min_code": "15000", "agc_code": "15008", "name": "ปรับปรุงถนนลาดยางแบบผิวจราจรพาราแอสฟัสติกคอนกรีต บ้านโสร่าง-บ้านโคกขี้เหล็ก ม.3 , 6 มีพื้นที่รวมไม่น้อยกว่า 17,600ตารางเมตร องค์การบริหารส่วนตำบลเขาตูม อำเภอยะรัง จังหวัดปัตตานี", "min": "กระทรวงมหาดไทย", "agc": "กรมส่งเสริมการปกครองท้องถิ่น", "plan_name": "แผนงานบูรณาการส่งเสริมการกระจายอำนาจให้แก่องค์กรปกครองส่วนท้องถิ่น", "stg_name": "ยุทธศาสตร์ด้านการปรับสมดุลและพัฒนาระบบบริหารจัดการภาครัฐ", "objc_level1_name": "งบอุดหนุน", "compare": [{"bb_amount": 9017000, "bb_province": "ปัตตานี", "gf_amount": 9015000, "gf_province": "ปัตตานี"}], "gf_amount_sum": 9015000}
{"bb_code": "1500741009420587", "bb_year": "2560", "amount": 9000000, "min_code": "15000", "agc_code": "15007", "name": "ค่าจ้างที่ปรึกษาออกแบบเขื่อนริมแม่น้ำภายในประเทศ ระยะที่ 5สัญญา 2 ความยาวไม่น้อยกว่า 30,000 เมตร", "min": "กระทรวงมหาดไทย", "agc": "กรมโยธาธิการและผังเมือง", "plan_name": "แผนงานบูรณาการบริหารจัดการทรัพยากรน้ำ", "stg_name": "ยุทธศาสตร์ด้านการจัดการน้ำและสร้างการเติบโตบนคุณภาพชีวิตที่เป็นมิตรกับสิ่งแวดล้อมอย่างยั่งยืน", "objc_level1_name": "งบลงทุน", "compare": [{"bb_amount": 9000000, "bb_province": "กรุงเทพมหานคร", "gf_amount": 8990000, "gf_province": "ส่วนกลาง"}], "gf_amount_sum": 8990000}
{"bb_code": "1500743018420015", "bb_year": "2560", "amount": 9000000, "min_code": "15000", "agc_code": "15007", "name": "โครงการก่อสร้างเขื่อนป้องกันตลิ่งแม่น้ำสายบุรีบ้านสันติสุข หมู่ที่ 2 ตำบลบาตง อำเภอรือเสาะจังหวัดนราธิวาส ความยาว1.000 กิโลเมตร", "min": "กระทรวงมหาดไทย", "agc": "กรมโยธาธิการและผังเมือง", "plan_name": "แผนงานยุทธศาสตร์จัดการผลกระทบจากการเปลี่ยนแปลงสภาวะภูมิอากาศ และภัยพิบัติ", "stg_name": "ยุทธศาสตร์ด้านการจัดการน้ำและสร้างการเติบโตบนคุณภาพชีวิตที่เป็นมิตรกับสิ่งแวดล้อมอย่างยั่งยืน", "objc_level1_name": "งบลงทุน", "compare": [{"bb_amount": 9000000, "bb_province": "นราธิวาส", "gf_amount": 4721850, "gf_province": "นราธิวาส"}], "gf_amount_sum": 4721850}
{"bb_code": "1500742031700067", "bb_year": "2560", "amount": 9000000, "min_code": "15000", "agc_code": "15007", "name": "การศึกษา ออกแบบวางผังพื้นที่เฉพาะชุมชนชายแดนบ้านหนาดท่า จังหวัดครพนม", "min": "กระทรวงมหาดไทย", "agc": "กรมโยธาธิการและผังเมือง", "plan_name": "แผนงานยุทธศาสตร์อนุรักษ์ ฟื้นฟู และป้องกันทรัพยากรธรรมชาติ", "stg_name": "ยุทธศาสตร์ด้านการจัดการน้ำและสร้างการเติบโตบนคุณภาพชีวิตที่เป็นมิตรกับสิ่งแวดล้อมอย่างยั่งยืน", "objc_level1_name": "รายจ่ายอื่น", "compare": [{"bb_amount": 9000000, "bb_province": "นครพนม"}, {"gf_amount": 5400000, "gf_province": "ส่วนกลาง", "bb_amount": null, "bb_province": "กรุงเทพมหานคร"}], "gf_amount_sum": 5400000}
{"bb_code": "1500848002600497", "bb_year": "2560", "amount": 9000000, "min_code": "15000", "agc_code": "15008", "name": "ปรับปรุงซ่อมแซมผิวจราจรเดิม ด้วยผิวยางพาราแอสฟัลท์ติกคอนกรีต ช่วงที่ 2บ้านห้วยสะแตง หมู่ที่ 2 ผิวจราจรกว้าง 6.00 เมตร ยาว2,500 เมตร หนา 0.04เมตร หรือมีพื้นที่ไม่น้อยกว่า15,000 ตารางเมตรเทศบาลตำบลงอบ อำเภอทุ่งช้าง จังหวัดน่าน", "min": "กระทรวงมหาดไทย", "agc": "กรมส่งเสริมการปกครองท้องถิ่น", "plan_name": "แผนงานบูรณาการส่งเสริมการกระจายอำนาจให้แก่องค์กรปกครองส่วนท้องถิ่น", "stg_name": "ยุทธศาสตร์ด้านการปรับสมดุลและพัฒนาระบบบริหารจัดการภาครัฐ", "objc_level1_name": "งบอุดหนุน", "compare": [{"bb_amount": 9000000, "bb_province": "น่าน", "gf_amount": 8970000, "gf_province": "น่าน"}], "gf_amount_sum": 8970000}
{"bb_code": "1500742031700068", "bb_year": "2560", "amount": 9000000, "min_code": "15000", "agc_code": "15007", "name": "การศึกษา ออกแบบวางผังพื้นที่เฉพาะชุมชนชายแดนบริเวณช่องทางบ้านเสาหินจังหวัดแม่ฮ่องสอน", "min": "กระทรวงมหาดไทย", "agc": "กรมโยธาธิการและผังเมือง", "plan_name": "แผนงานยุทธศาสตร์อนุรักษ์ ฟื้นฟู และป้องกันทรัพยากรธรรมชาติ", "stg_name": "ยุทธศาสตร์ด้านการจัดการน้ำและสร้างการเติบโตบนคุณภาพชีวิตที่เป็นมิตรกับสิ่งแวดล้อมอย่างยั่งยืน", "objc_level1_name": "รายจ่ายอื่น", "compare": [{"bb_amount": 9000000, "bb_province": "แม่ฮ่องสอน"}, {"gf_amount": 5737500, "gf_province": "ส่วนกลาง", "bb_amount": null, "bb_province": "กรุงเทพมหานคร"}], "gf_amount_sum": 5737500}
{"bb_code": "1500848002600496", "bb_year": "2560", "amount": 9000000, "min_code": "15000", "agc_code": "15008", "name": "ปรับปรุงซ่อมแซมผิวจราจรเดิมด้วยผิวยางพาราแอสฟัลท์ติก คอนกรีต ช่วงที่ 1บ้านห้วยสะแตง หมู่ที่ 2 ผิวจราจรกว้าง 6.00 เมตร ยาว2,500 เมตร หนา 0.04เมตร หรือมีพื้นที่ไม่น้อยกว่า15,000 ตารางเมตรเทศบาลตำบลงอบ อำเภอทุ่งช้าง จังหวัดน่าน", "min": "กระทรวงมหาดไทย", "agc": "กรมส่งเสริมการปกครองท้องถิ่น", "plan_name": "แผนงานบูรณาการส่งเสริมการกระจายอำนาจให้แก่องค์กรปกครองส่วนท้องถิ่น", "stg_name": "ยุทธศาสตร์ด้านการปรับสมดุลและพัฒนาระบบบริหารจัดการภาครัฐ", "objc_level1_name": "งบอุดหนุน", "compare": [{"bb_amount": 9000000, "bb_province": "น่าน", "gf_amount": 8970000, "gf_province": "น่าน"}], "gf_amount_sum": 8970000}
{"bb_code": "1500742031700065", "bb_year": "2560", "amount": 9000000, "min_code": "15000", "agc_code": "15007", "name": "การศึกษา ออกแบบวางผังพื้นที่เฉพาะชุมชนชายแดนบ้านยักษ์คุ จังหวัดอำนาจเจริญ", "min": "กระทรวงมหาดไทย", "agc": "กรมโยธาธิการและผังเมือง", "plan_name": "แผนงานยุทธศาสตร์อนุรักษ์ ฟื้นฟู และป้องกันทรัพยากรธรรมชาติ", "stg_name": "ยุทธศาสตร์ด้านการจัดการน้ำและสร้างการเติบโตบนคุณภาพชีวิตที่เป็นมิตรกับสิ่งแวดล้อมอย่างยั่งยืน", "objc_level1_name": "รายจ่ายอื่น", "compare": [{"bb_amount": 9000000, "bb_province": "อำนาจเจริญ"}, {"gf_amount": 5400000, "gf_province": "ส่วนกลาง", "bb_amount": null, "bb_province": "กรุงเทพมหานคร"}], "gf_amount_sum": 5400000}
{"bb_code": "1500742031700066", "bb_year": "2560", "amount": 9000000, "min_code": "15000", "agc_code": "15007", "name": "การศึกษา ออกแบบวางผังพื้นที่เฉพาะชุมชนชายแดนบ้านห้วยคาด จังหวัดบึงกาฬ", "min": "กระทรวงมหาดไทย", "agc": "กรมโยธาธิการและผังเมือง", "plan_name": "แผนงานยุทธศาสตร์อนุรักษ์ ฟื้นฟู และป้องกันทรัพยากรธรรมชาติ", "stg_name": "ยุทธศาสตร์ด้านการจัดการน้ำและสร้างการเติบโตบนคุณภาพชีวิตที่เป็นมิตรกับสิ่งแวดล้อมอย่างยั่งยืน", "objc_level1_name": "รายจ่ายอื่น", "compare": [{"bb_amount": 9000000, "bb_province": "บึงกาฬ"}, {"gf_amount": 3600000, "gf_province": "ส่วนกลาง", "bb_amount": null, "bb_province": "กรุงเทพมหานคร"}], "gf_amount_sum": 3600000}
{"bb_code": "1500742031700063", "bb_year": "2560", "amount": 9000000, "min_code": "15000", "agc_code": "15007", "name": "การศึกษา ออกแบบวางผังพื้นที่เฉพาะชุมชนชายแดนบ้านดอนแพง จังหวัดครพนม", "min": "กระทรวงมหาดไทย", "agc": "กรมโยธาธิการและผังเมือง", "plan_name": "แผนงานยุทธศาสตร์อนุรักษ์ ฟื้นฟู และป้องกันทรัพยากรธรรมชาติ", "stg_name": "ยุทธศาสตร์ด้านการจัดการน้ำและสร้างการเติบโตบนคุณภาพชีวิตที่เป็นมิตรกับสิ่งแวดล้อมอย่างยั่งยืน", "objc_level1_name": "รายจ่ายอื่น", "compare": [{"bb_amount": 9000000, "bb_province": "นครพนม"}, {"gf_amount": 3600000, "gf_province": "ส่วนกลาง", "bb_amount": null, "bb_province": "กรุงเทพมหานคร"}], "gf_amount_sum": 3600000}
{"bb_code": "1500741009420579", "bb_year": "2560", "amount": 9000000, "min_code": "15000", "agc_code": "15007", "name": "เขื่อนป้องกันตลิ่งริมคลองน้ำร้อน วัดทักษิณาราม ม.3ต.น้ำร้อน อ.เมือง จ.เพชรบูรณ์ ความยาว 665เมตร", "min": "กระทรวงมหาดไทย", "agc": "กรมโยธาธิการและผังเมือง", "plan_name": "แผนงานบูรณาการบริหารจัดการทรัพยากรน้ำ", "stg_name": "ยุทธศาสตร์ด้านการจัดการน้ำและสร้างการเติบโตบนคุณภาพชีวิตที่เป็นมิตรกับสิ่งแวดล้อมอย่างยั่งยืน", "objc_level1_name": "งบลงทุน", "compare": [{"bb_amount": 9000000, "bb_province": "เพชรบูรณ์"}, {"gf_amount": 6669675, "gf_province": "ส่วนกลาง", "bb_amount": null, "bb_province": "กรุงเทพมหานคร"}], "gf_amount_sum": 6669675}
{"bb_code": "1500741009420191", "bb_year": "2560", "amount": 9000000, "min_code": "15000", "agc_code": "15007", "name": "เขื่อนป้องกันตลิ่งริมคลองบางบาลและปรับปรุงภูมิทัศน์ บริเวณวัดธรรมโชติการาม ม.4 และ ม.5 ต.บ้านคลัง อ.บางบาล จ.พระนครศรีอยุธยา ความยาว468 เมตร", "min": "กระทรวงมหาดไทย", "agc": "กรมโยธาธิการและผังเมือง", "plan_name": "แผนงานบูรณาการบริหารจัดการทรัพยากรน้ำ", "stg_name": "ยุทธศาสตร์ด้านการจัดการน้ำและสร้างการเติบโตบนคุณภาพชีวิตที่เป็นมิตรกับสิ่งแวดล้อมอย่างยั่งยืน", "objc_level1_name": "งบลงทุน", "compare": [{"bb_amount": 9000000, "bb_province": "พระนครศรีอยุธยา"}, {"gf_amount": 6675000, "gf_province": "ส่วนกลาง", "bb_amount": null, "bb_province": "กรุงเทพมหานคร"}], "gf_amount_sum": 6675000}
{"bb_code": "1500742031700070", "bb_year": "2560", "amount": 9000000, "min_code": "15000", "agc_code": "15007", "name": "การศึกษา ออกแบบวางผังพื้นที่เฉพาะชุมชนชายแดนบ้านน้ำเพียงดิน จังหวัดแม่ฮ่องสอน", "min": "กระทรวงมหาดไทย", "agc": "กรมโยธาธิการและผังเมือง", "plan_name": "แผนงานยุทธศาสตร์อนุรักษ์ ฟื้นฟู และป้องกันทรัพยากรธรรมชาติ", "stg_name": "ยุทธศาสตร์ด้านการจัดการน้ำและสร้างการเติบโตบนคุณภาพชีวิตที่เป็นมิตรกับสิ่งแวดล้อมอย่างยั่งยืน", "objc_level1_name": "รายจ่ายอื่น", "compare": [{"bb_amount": 9000000, "bb_province": "แม่ฮ่องสอน"}, {"gf_amount": 5737500, "gf_province": "ส่วนกลาง", "bb_amount": null, "bb_province": "กรุงเทพมหานคร"}], "gf_amount_sum": 5737500}
{"bb_code": "1500741009420586", "bb_year": "2560", "amount": 9000000, "min_code": "15000", "agc_code": "15007", "name": "ค่าจ้างที่ปรึกษาออกแบบเขื่อนริมแม่น้ำภายในประเทศ ระยะที่ 5สัญญา 1 ความยาวไม่น้อยกว่า 30,000 เมตร", "min": "กระทรวงมหาดไทย", "agc": "กรมโยธาธิการและผังเมือง", "plan_name": "แผนงานบูรณาการบริหารจัดการทรัพยากรน้ำ", "stg_name": "ยุทธศาสตร์ด้านการจัดการน้ำและสร้างการเติบโตบนคุณภาพชีวิตที่เป็นมิตรกับสิ่งแวดล้อมอย่างยั่งยืน", "objc_level1_name": "งบลงทุน", "compare": [{"bb_amount": 9000000, "bb_province": "กรุงเทพมหานคร", "gf_amount": 6742500, "gf_province": "ส่วนกลาง"}], "gf_amount_sum": 6742500}
{"bb_code": "1500848002600980", "bb_year": "2560", "amount": 9000000, "min_code": "15000", "agc_code": "15008", "name": "ปรับปรุงซ่อมแซมถนนลาดยางแอสฟัลท์ติกคอนกรีต สายบ้านตะลุโบะ-บ้านกือยา หมู่ที่ 2 -3ขนาดกว้าง 6 เมตร ยาว2,120 เมตร หนา 0.05เมตร องค์การบริหารส่วนตำบลปะกาฮะรัง อำเภอเมืองปัตตานี จังหวัดปัตตานี", "min": "กระทรวงมหาดไทย", "agc": "กรมส่งเสริมการปกครองท้องถิ่น", "plan_name": "แผนงานบูรณาการส่งเสริมการกระจายอำนาจให้แก่องค์กรปกครองส่วนท้องถิ่น", "stg_name": "ยุทธศาสตร์ด้านการปรับสมดุลและพัฒนาระบบบริหารจัดการภาครัฐ", "objc_level1_name": "งบอุดหนุน", "compare": [{"bb_amount": 9000000, "bb_province": "ปัตตานี", "gf_amount": 9000000, "gf_province": "ปัตตานี"}], "gf_amount_sum": 9000000}
{"bb_code": "1500742031700064", "bb_year": "2560", "amount": 9000000, "min_code": "15000", "agc_code": "15007", "name": "การศึกษา ออกแบบวางผังพื้นที่เฉพาะชุมชนชายแดนบริเวณเทศบาลเมืองท่าบ่อจังหวัดหนองคาย", "min": "กระทรวงมหาดไทย", "agc": "กรมโยธาธิการและผังเมือง", "plan_name": "แผนงานยุทธศาสตร์อนุรักษ์ ฟื้นฟู และป้องกันทรัพยากรธรรมชาติ", "stg_name": "ยุทธศาสตร์ด้านการจัดการน้ำและสร้างการเติบโตบนคุณภาพชีวิตที่เป็นมิตรกับสิ่งแวดล้อมอย่างยั่งยืน", "objc_level1_name": "รายจ่ายอื่น", "compare": [{"bb_amount": 9000000, "bb_province": "หนองคาย"}, {"gf_amount": 1800000, "gf_province": "ส่วนกลาง", "bb_amount": null, "bb_province": "กรุงเทพมหานคร"}], "gf_amount_sum": 1800000}
{"bb_code": "1500742031700071", "bb_year": "2560", "amount": 9000000, "min_code": "15000", "agc_code": "15007", "name": "การศึกษา ออกแบบวางผังพื้นที่เฉพาะชุมชนชายแดนบ้านใหม่ชายแดน จังหวัดน่าน", "min": "กระทรวงมหาดไทย", "agc": "กรมโยธาธิการและผังเมือง", "plan_name": "แผนงานยุทธศาสตร์อนุรักษ์ ฟื้นฟู และป้องกันทรัพยากรธรรมชาติ", "stg_name": "ยุทธศาสตร์ด้านการจัดการน้ำและสร้างการเติบโตบนคุณภาพชีวิตที่เป็นมิตรกับสิ่งแวดล้อมอย่างยั่งยืน", "objc_level1_name": "รายจ่ายอื่น", "compare": [{"bb_amount": 9000000, "bb_province": "น่าน"}, {"gf_amount": 3600000, "gf_province": "ส่วนกลาง", "bb_amount": null, "bb_province": "กรุงเทพมหานคร"}], "gf_amount_sum": 3600000}
{"bb_code": "1500742031700069", "bb_year": "2560", "amount": 9000000, "min_code": "15000", "agc_code": "15007", "name": "การศึกษา ออกแบบวางผังพื้นที่เฉพาะชุมชนชายแดนบริเวณช่องทางบ้านห้วยผึ้งจังหวัดแม่ฮ่องสอน", "min": "กระทรวงมหาดไทย", "agc": "กรมโยธาธิการและผังเมือง", "plan_name": "แผนงานยุทธศาสตร์อนุรักษ์ ฟื้นฟู และป้องกันทรัพยากรธรรมชาติ", "stg_name": "ยุทธศาสตร์ด้านการจัดการน้ำและสร้างการเติบโตบนคุณภาพชีวิตที่เป็นมิตรกับสิ่งแวดล้อมอย่างยั่งยืน", "objc_level1_name": "รายจ่ายอื่น", "compare": [{"bb_amount": 9000000, "bb_province": "แม่ฮ่องสอน"}, {"gf_amount": 5737500, "gf_province": "ส่วนกลาง", "bb_amount": null, "bb_province": "กรุงเทพมหานคร"}], "gf_amount_sum": 5737500}
{"bb_code": "1500742031700033", "bb_year": "2560", "amount": 9000000, "min_code": "15000", "agc_code": "15007", "name": "การศึกษา ออกแบบวางผังพื้นที่เฉพาะชุมชนชายแดนบ้านโพธิ์ชัย จังหวัดครพนม", "min": "กระทรวงมหาดไทย", "agc": "กรมโยธาธิการและผังเมือง", "plan_name": "แผนงานยุทธศาสตร์อนุรักษ์ ฟื้นฟู และป้องกันทรัพยากรธรรมชาติ", "stg_name": "ยุทธศาสตร์ด้านการจัดการน้ำและสร้างการเติบโตบนคุณภาพชีวิตที่เป็นมิตรกับสิ่งแวดล้อมอย่างยั่งยืน", "objc_level1_name": "รายจ่ายอื่น", "compare": [{"bb_amount": 9000000, "bb_province": "นครพนม"}, {"gf_amount": 3600000, "gf_province": "ส่วนกลาง", "bb_amount": null, "bb_province": "กรุงเทพมหานคร"}], "gf_amount_sum": 3600000}
{"bb_code": "1500742031700031", "bb_year": "2560", "amount": 9000000, "min_code": "15000", "agc_code": "15007", "name": "การศึกษา ออกแบบวางผังพื้นที่เฉพาะชุมชนชายแดนในตำบลจุมพล จังหวัดหนองคาย", "min": "กระทรวงมหาดไทย", "agc": "กรมโยธาธิการและผังเมือง", "plan_name": "แผนงานยุทธศาสตร์อนุรักษ์ ฟื้นฟู และป้องกันทรัพยากรธรรมชาติ", "stg_name": "ยุทธศาสตร์ด้านการจัดการน้ำและสร้างการเติบโตบนคุณภาพชีวิตที่เป็นมิตรกับสิ่งแวดล้อมอย่างยั่งยืน", "objc_level1_name": "รายจ่ายอื่น", "compare": [{"bb_amount": 9000000, "bb_province": "หนองคาย"}, {"gf_amount": 1800000, "gf_province": "ส่วนกลาง", "bb_amount": null, "bb_province": "กรุงเทพมหานคร"}], "gf_amount_sum": 1800000}
