{"bb_code": "1500848002600907", "bb_year": "2560", "amount": 8905000, "min_code": "15000", "agc_code": "15008", "name": "ปรับปรุงถนนคอนกรีตเสริมเหล็กสายบ้านนิคมหน้าเขาหมู่ที่ 1 มีพื้นที่ไม่น้อยกว่า20,800 ตารางเมตรองค์การบริหารส่วนตำบลคลองท่อมเหนือ อำเภอคลองท่อม จังหวัดกระบี่", "min": "กระทรวงมหาดไทย", "agc": "กรมส่งเสริมการปกครองท้องถิ่น", "plan_name": "แผนงานบูรณาการส่งเสริมการกระจายอำนาจให้แก่องค์กรปกครองส่วนท้องถิ่น", "stg_name": "ยุทธศาสตร์ด้านการปรับสมดุลและพัฒนาระบบบริหารจัดการภาครัฐ", "objc_level1_name": "งบอุดหนุน", "compare": [{"bb_amount": 8905000, "bb_province": "กระบี่", "gf_amount": 8857000, "gf_province": "กระบี่"}], "gf_amount_sum": 8857000}
{"bb_code": "1500848002600681", "bb_year": "2560", "amount": 8900000, "min_code": "15000", "agc_code": "15008", "name": "ซ่อมสร้างผิวทางแอสฟัลท์ติกคอนกรีตสายชพ. 3053บ้านปังหวาน - บ้านท่าแพหมู่ที่ 4 มีพื้นที่ไม่น้อยกว่า29,760 ตารางเมตรองค์การบริหารส่วนตำบลปังหวาน อำเภอพะโต๊ะ จังหวัดชุมพร", "min": "กระทรวงมหาดไทย", "agc": "กรมส่งเสริมการปกครองท้องถิ่น", "plan_name": "แผนงานบูรณาการส่งเสริมการกระจายอำนาจให้แก่องค์กรปกครองส่วนท้องถิ่น", "stg_name": "ยุทธศาสตร์ด้านการปรับสมดุลและพัฒนาระบบบริหารจัดการภาครัฐ", "objc_level1_name": "งบอุดหนุน", "compare": [{"bb_amount": 8900000, "bb_province": "ชุมพร", "gf_amount": 8886000, "gf_province": "ชุมพร"}], "gf_amount_sum": 8886000}
{"bb_code": "1500743018420052", "bb_year": "2560", "amount": 8900000, "min_code": "15000", "agc_code": "15007", "name": "โครงการก่อสร้างเขื่อนป้องกันตลิ่งริมแม่น้ำสายบุรีหมู่ที่ 5 ตำบลบาลอ อำเภอรามัน จังหวัดยะลา ความยาว 500 เมตร", "min": "กระทรวงมหาดไทย", "agc": "กรมโยธาธิการและผังเมือง", "plan_name": "แผนงานยุทธศาสตร์จัดการผลกระทบจากการเปลี่ยนแปลงสภาวะภูมิอากาศ และภัยพิบัติ", "stg_name": "ยุทธศาสตร์ด้านการจัดการน้ำและสร้างการเติบโตบนคุณภาพชีวิตที่เป็นมิตรกับสิ่งแวดล้อมอย่างยั่งยืน", "objc_level1_name": "งบลงทุน", "compare": [{"bb_amount": 8900000, "bb_province": "ยะลา", "gf_amount": 6673500, "gf_province": "ยะลา"}], "gf_amount_sum": 6673500}
{"bb_code": "1500848002600438", "bb_year": "2560", "amount": 8900000, "min_code": "15000", "agc_code": "15008", "name": "ซ่อมสร้างถนนคอนกรีตเสริมเหล็ก สายบ้านโนนสำราญหมู่ที่ 3 กว้าง 5 เมตร ยาว3,127 เมตร หนา 0.15เมตร เทศบาลตำบลนิคมสร้างตนเองลำโดมน้อยอำเภอสิรินธร จังหวัดอุบลราชธานี", "min": "กระทรวงมหาดไทย", "agc": "กรมส่งเสริมการปกครองท้องถิ่น", "plan_name": "แผนงานบูรณาการส่งเสริมการกระจายอำนาจให้แก่องค์กรปกครองส่วนท้องถิ่น", "stg_name": "ยุทธศาสตร์ด้านการปรับสมดุลและพัฒนาระบบบริหารจัดการภาครัฐ", "objc_level1_name": "งบอุดหนุน", "compare": [{"bb_amount": 8900000, "bb_province": "อุบลราชธานี", "gf_amount": 5770000, "gf_province": "อุบลราชธานี"}], "gf_amount_sum": 5770000}
{"bb_code": "1500703014410050", "bb_year": "2560", "amount": 8893000, "min_code": "15000", "agc_code": "15007", "name": "โครงการปรับปรุงถนนในชุมชน สายธารไม้แก้ว หมู่ที่4 ตำบลตาเนาะแมเราะอำเภอเบตง จังหวัดยะลากว้าง 5.00 เมตร ระยะทาง2.000 กิโลเมตร", "min": "กระทรวงมหาดไทย", "agc": "กรมโยธาธิการและผังเมือง", "plan_name": "แผนงานบูรณาการขับเคลื่อนการแก้ไขปัญหาจังหวัดชายแดนภาคใต้ ", "stg_name": "ยุทธศาสตร์ด้านความมั่นคงและการต่างประเทศ", "objc_level1_name": "งบลงทุน", "compare": [{"bb_amount": 8893000, "bb_province": "ยะลา", "gf_amount": 8833000, "gf_province": "ยะลา"}], "gf_amount_sum": 8833000}
{"bb_code": "1500741009420072", "bb_year": "2560", "amount": 8892000, "min_code": "15000", "agc_code": "15007", "name": "เขื่อนป้องกันตลิ่งริมแม่น้ำยม พื้นที่บ้านร้องเอี่ยน ม.8ต.ปง อ.ปง จ.พะเยา ความยาว 434 เมตร", "min": "กระทรวงมหาดไทย", "agc": "กรมโยธาธิการและผังเมือง", "plan_name": "แผนงานบูรณาการบริหารจัดการทรัพยากรน้ำ", "stg_name": "ยุทธศาสตร์ด้านการจัดการน้ำและสร้างการเติบโตบนคุณภาพชีวิตที่เป็นมิตรกับสิ่งแวดล้อมอย่างยั่งยืน", "objc_level1_name": "งบลงทุน", "compare": [{"bb_amount": 8892000, "bb_province": "พะเยา"}, {"gf_amount": 3502000, "gf_province": "ส่วนกลาง", "bb_amount": null, "bb_province": "กรุงเทพมหานคร"}], "gf_amount_sum": 3502000}
{"bb_code": "1500741009420296", "bb_year": "2560", "amount": 8891000, "min_code": "15000", "agc_code": "15007", "name": "เขื่อนป้องกันตลิ่งริมแม่น้ำปิง บริเวณหน้าจวนผู้ว่าฯ ต.หนองหลวง อ.เมือง จ.ตากความยาว 305 เมตร", "min": "กระทรวงมหาดไทย", "agc": "กรมโยธาธิการและผังเมือง", "plan_name": "แผนงานบูรณาการบริหารจัดการทรัพยากรน้ำ", "stg_name": "ยุทธศาสตร์ด้านการจัดการน้ำและสร้างการเติบโตบนคุณภาพชีวิตที่เป็นมิตรกับสิ่งแวดล้อมอย่างยั่งยืน", "objc_level1_name": "งบลงทุน", "compare": [{"bb_amount": 8891000, "bb_province": "ตาก"}], "gf_amount_sum": 0}
{"bb_code": "1500848002600134", "bb_year": "2560", "amount": 8882000, "min_code": "15000", "agc_code": "15008", "name": "ซ่อมแซมปรับปรุงถนนแอสฟัลท์ติกคอนกรีต สายภายในเขตเทศบาลหลักห้าหมู่ที่ 2 บ้านหลักสี่ หมู่ที่ 3บ้านดอนไข่นก หมู่ที่ 7 บ้านดอนราวสามัคคี ตำบลยกกระบัตร กว้าง 8 เมตรยาว 2,005 เมตร พื้นที่ไม่น้อยกว่า 16,040 ตารางเมตร เทศบาลตำบลหลักห้า อำเภอบ้านแพ้ว จังหวัดสมุทรสาคร", "min": "กระทรวงมหาดไทย", "agc": "กรมส่งเสริมการปกครองท้องถิ่น", "plan_name": "แผนงานบูรณาการส่งเสริมการกระจายอำนาจให้แก่องค์กรปกครองส่วนท้องถิ่น", "stg_name": "ยุทธศาสตร์ด้านการปรับสมดุลและพัฒนาระบบบริหารจัดการภาครัฐ", "objc_level1_name": "งบอุดหนุน", "compare": [{"bb_amount": 8882000, "bb_province": "สมุทรสาคร", "gf_amount": 8315353.55, "gf_province": "สมุทรสาคร"}], "gf_amount_sum": 8315353.55}
{"bb_code": "1500741009420099", "bb_year": "2560", "amount": 8880000, "min_code": "15000", "agc_code": "15007", "name": "เขื่อนป้องกันตลิ่งพร้อมปรับปรุงภูมิทัศน์ริมคลองอ้อม วัดราษฎร์ประคองธรรม ต.เสาธงหิน อ.บางใหญ่ จ.นนทบุรี ความยาว173 เมตร", "min": "กระทรวงมหาดไทย", "agc": "กรมโยธาธิการและผังเมือง", "plan_name": "แผนงานบูรณาการบริหารจัดการทรัพยากรน้ำ", "stg_name": "ยุทธศาสตร์ด้านการจัดการน้ำและสร้างการเติบโตบนคุณภาพชีวิตที่เป็นมิตรกับสิ่งแวดล้อมอย่างยั่งยืน", "objc_level1_name": "งบลงทุน", "compare": [{"bb_amount": 8880000, "bb_province": "นนทบุรี"}], "gf_amount_sum": 0}
{"bb_code": "1500741009420501", "bb_year": "2560", "amount": 8875000, "min_code": "15000", "agc_code": "15007", "name": "เขื่อนป้องกันตลิ่งริมแม่น้ำป่าสักพร้อมปรับปรุงภูมิทัศน์ ม.2,6,7,8 ต.ท่าช้างอ.นครหลวง จ.พระนครศรีอยุธยา ความยาว58.5 เมตร", "min": "กระทรวงมหาดไทย", "agc": "กรมโยธาธิการและผังเมือง", "plan_name": "แผนงานบูรณาการบริหารจัดการทรัพยากรน้ำ", "stg_name": "ยุทธศาสตร์ด้านการจัดการน้ำและสร้างการเติบโตบนคุณภาพชีวิตที่เป็นมิตรกับสิ่งแวดล้อมอย่างยั่งยืน", "objc_level1_name": "งบลงทุน", "compare": [{"bb_amount": 8875000, "bb_province": "พระนครศรีอยุธยา", "gf_amount": 7598518.36, "gf_province": "พระนครศรีอยุธยา"}], "gf_amount_sum": 7598518.36}
{"bb_code": "1500741009420043", "bb_year": "2560", "amount": 8872000, "min_code": "15000", "agc_code": "15007", "name": "เขื่อนป้องกันตลิ่งริมแม่น้ำน่าน ช่วงบ้านดอนมูล ม.2ต.ศรีภูมิ อ.ท่าวังผา จ.น่านความยาว 364 เมตร", "min": "กระทรวงมหาดไทย", "agc": "กรมโยธาธิการและผังเมือง", "plan_name": "แผนงานบูรณาการบริหารจัดการทรัพยากรน้ำ", "stg_name": "ยุทธศาสตร์ด้านการจัดการน้ำและสร้างการเติบโตบนคุณภาพชีวิตที่เป็นมิตรกับสิ่งแวดล้อมอย่างยั่งยืน", "objc_level1_name": "งบลงทุน", "compare": [{"bb_amount": 8872000, "bb_province": "น่าน"}, {"gf_amount": 8872000, "gf_province": "ส่วนกลาง", "bb_amount": null, "bb_province": "กรุงเทพมหานคร"}], "gf_amount_sum": 8872000}
{"bb_code": "1500741009420071", "bb_year": "2560", "amount": 8870000, "min_code": "15000", "agc_code": "15007", "name": "เขื่อนป้องกันตลิ่งริมห้วยน้ำภู บ้านโพนไทร ม.9 ต.เมือง อ.เมือง จ.เลย ความยาว 330 เมตร", "min": "กระทรวงมหาดไทย", "agc": "กรมโยธาธิการและผังเมือง", "plan_name": "แผนงานบูรณาการบริหารจัดการทรัพยากรน้ำ", "stg_name": "ยุทธศาสตร์ด้านการจัดการน้ำและสร้างการเติบโตบนคุณภาพชีวิตที่เป็นมิตรกับสิ่งแวดล้อมอย่างยั่งยืน", "objc_level1_name": "งบลงทุน", "compare": [{"bb_amount": 8870000, "bb_province": "เลย"}], "gf_amount_sum": 0}
{"bb_code": "1500848002600A53", "bb_year": "2560", "amount": 8870000, "min_code": "15000", "agc_code": "15008", "name": "ซ่อมสร้างผิวทางถนนลาดยางแบบผิวจราจรยางพาราแอสฟัลท์ติกคอนกรีต (โดยวิธี Pavement In- Place Recycling) สายบ้านเขาน้อย - บ้านหัวเขา หมู่ที่2 ตำบลเขากวางทอง กว้าง6 เมตร ยาว 2,346 เมตรหนา 0.04 เมตร ไหล่ทางกว้างข้างละ 1 เมตรองค์การบริหารส่วนตำบลเขากวางทอง อำเภอหนองฉาง จังหวัดอุทัยธานี", "min": "กระทรวงมหาดไทย", "agc": "กรมส่งเสริมการปกครองท้องถิ่น", "plan_name": "แผนงานบูรณาการส่งเสริมการกระจายอำนาจให้แก่องค์กรปกครองส่วนท้องถิ่น", "stg_name": "ยุทธศาสตร์ด้านการปรับสมดุลและพัฒนาระบบบริหารจัดการภาครัฐ", "objc_level1_name": "งบอุดหนุน", "compare": [{"bb_amount": 8870000, "bb_province": "อุทัยธานี", "gf_amount": 7967000, "gf_province": "อุทัยธานี"}], "gf_amount_sum": 7967000}
{"bb_code": "1500848002600959", "bb_year": "2560", "amount": 8866000, "min_code": "15000", "agc_code": "15008", "name": "ซ่อมสร้างถนนลาดยางผิวจราจร ASPHALTICCONCRETE (สาย พจ.3091บ้านวัดป่าเรไร - บ้านท้ายทุ่ง) หมู่ที่ 13 บ้านน้ำเคืองกว้าง 6 เมตร ยาว 2,300เมตร หนา 0.05 เมตร ไหล่ทางกว้างข้างละ 1 เมตรองค์การบริหารส่วนตำบลท้ายทุ่ง อำเภอทับคล้อจังหวัดพิจิตร", "min": "กระทรวงมหาดไทย", "agc": "กรมส่งเสริมการปกครองท้องถิ่น", "plan_name": "แผนงานบูรณาการส่งเสริมการกระจายอำนาจให้แก่องค์กรปกครองส่วนท้องถิ่น", "stg_name": "ยุทธศาสตร์ด้านการปรับสมดุลและพัฒนาระบบบริหารจัดการภาครัฐ", "objc_level1_name": "งบอุดหนุน", "compare": [{"bb_amount": 8866000, "bb_province": "พิจิตร", "gf_amount": 5440000, "gf_province": "พิจิตร"}], "gf_amount_sum": 5440000}
{"bb_code": "1500741009420295", "bb_year": "2560", "amount": 8850000, "min_code": "15000", "agc_code": "15007", "name": "เขื่อนป้องกันตลิ่งริมคลองแสนแสบ บริเวณวัดบางน้ำเปรี้ยว ม.1 ต.บางน้ำเปรี้ยวอ.บางน้ำเปรี้ยว จ.ฉะเชิงเทรา ความยาว 165เมตร", "min": "กระทรวงมหาดไทย", "agc": "กรมโยธาธิการและผังเมือง", "plan_name": "แผนงานบูรณาการบริหารจัดการทรัพยากรน้ำ", "stg_name": "ยุทธศาสตร์ด้านการจัดการน้ำและสร้างการเติบโตบนคุณภาพชีวิตที่เป็นมิตรกับสิ่งแวดล้อมอย่างยั่งยืน", "objc_level1_name": "งบลงทุน", "compare": [{"bb_amount": 8850000, "bb_province": "ฉะเชิงเทรา"}, {"gf_amount": 8850000, "gf_province": "ส่วนกลาง", "bb_amount": null, "bb_province": "กรุงเทพมหานคร"}], "gf_amount_sum": 8850000}
{"bb_code": "1500848002600099", "bb_year": "2560", "amount": 8841000, "min_code": "15000", "agc_code": "15008", "name": "ซ่อมสร้างถนนลาดยางแอสฟัลท์ติกคอนกรีต แบบรีไซกิ้ง สายบ้านคีรีวงศ์ -บ้านเนินพุรัง ช่วง กม.3+600 - 5+600 หมู่ที่ 5บ้านเนินรัก ตำบลหนองชุมพลเหนือ กว้าง 8 เมตร ยาว2,000 เมตร หนา 0.05เมตร องค์การบริหารส่วนตำบลหนองชุมพลเหนืออำเภอเขาย้อย จังหวัดเพชรบุรี", "min": "กระทรวงมหาดไทย", "agc": "กรมส่งเสริมการปกครองท้องถิ่น", "plan_name": "แผนงานบูรณาการส่งเสริมการกระจายอำนาจให้แก่องค์กรปกครองส่วนท้องถิ่น", "stg_name": "ยุทธศาสตร์ด้านการปรับสมดุลและพัฒนาระบบบริหารจัดการภาครัฐ", "objc_level1_name": "งบอุดหนุน", "compare": [{"bb_amount": 8841000, "bb_province": "เพชรบุรี", "gf_amount": 4280000, "gf_province": "เพชรบุรี"}], "gf_amount_sum": 4280000}
{"bb_code": "1500741009420085", "bb_year": "2560", "amount": 8839000, "min_code": "15000", "agc_code": "15007", "name": "เขื่อนป้องกันตลิ่งริมคลองทับทัน ม.5 บ้านกุดงิ้ว ต.หมื่นศรี อ.สำโรงทาบ จ.สุรินทร์ ความยาว 400 เมตร", "min": "กระทรวงมหาดไทย", "agc": "กรมโยธาธิการและผังเมือง", "plan_name": "แผนงานบูรณาการบริหารจัดการทรัพยากรน้ำ", "stg_name": "ยุทธศาสตร์ด้านการจัดการน้ำและสร้างการเติบโตบนคุณภาพชีวิตที่เป็นมิตรกับสิ่งแวดล้อมอย่างยั่งยืน", "objc_level1_name": "งบลงทุน", "compare": [{"bb_amount": 8839000, "bb_province": "สุรินทร์"}, {"gf_amount": 5589000, "gf_province": "ส่วนกลาง", "bb_amount": null, "bb_province": "กรุงเทพมหานคร"}], "gf_amount_sum": 5589000}
{"bb_code": "1500848002600944", "bb_year": "2560", "amount": 8821800, "min_code": "15000", "agc_code": "15008", "name": "ซ่อมสร้างถนนลาดยาง ParaAsphaltic (โดยวิธี PavementIn - Place Recycling) สายบ้านท่าบัว - บ้านยางแล หมู่ที่12 - หมู่ที่ 3 กว้าง 6 เมตรยาว 2,250 เมตร ไหล่ทางกว้างข้างละ 1 เมตรองค์การบริหารส่วนตำบลท่าบัว อำเภอโพทะเล จังหวัดพิจิตร", "min": "กระทรวงมหาดไทย", "agc": "กรมส่งเสริมการปกครองท้องถิ่น", "plan_name": "แผนงานบูรณาการส่งเสริมการกระจายอำนาจให้แก่องค์กรปกครองส่วนท้องถิ่น", "stg_name": "ยุทธศาสตร์ด้านการปรับสมดุลและพัฒนาระบบบริหารจัดการภาครัฐ", "objc_level1_name": "งบอุดหนุน", "compare": [{"bb_amount": 8821800, "bb_province": "พิจิตร", "gf_amount": 8740000, "gf_province": "พิจิตร"}], "gf_amount_sum": 8740000}
{"bb_code": "1500848002600153", "bb_year": "2560", "amount": 8821000, "min_code": "15000", "agc_code": "15008", "name": "ซ่อมสร้างถนนพาราแอสฟัลท์ติกคอนกรีตสายบ้านถ้ำน้ำ-บ้านช่องไผ่หัก กว้าง6 เมตร ยาว 2,500 เมตรหนา 0.05 เมตร องค์การบริหารส่วนตำบลเขาวงอำเภอบ้านตาขุน จังหวัดสุราษฎร์ธานี", "min": "กระทรวงมหาดไทย", "agc": "กรมส่งเสริมการปกครองท้องถิ่น", "plan_name": "แผนงานบูรณาการส่งเสริมการกระจายอำนาจให้แก่องค์กรปกครองส่วนท้องถิ่น", "stg_name": "ยุทธศาสตร์ด้านการปรับสมดุลและพัฒนาระบบบริหารจัดการภาครัฐ", "objc_level1_name": "งบอุดหนุน", "compare": [{"bb_amount": 8821000, "bb_province": "สุราษฎร์ธานี", "gf_amount": 0, "gf_province": "สุราษฎร์ธานี"}], "gf_amount_sum": 0}
{"bb_code": "1500742024420078", "bb_year": "2560", "amount": 8819200, "min_code": "15000", "agc_code": "15007", "name": "โครงการพัฒนาพื้นที่เฉพาะท้ายเหมือง อำเภอท้ายเหมือง จังหวัดพังงา", "min": "กระทรวงมหาดไทย", "agc": "กรมโยธาธิการและผังเมือง", "plan_name": "แผนงานยุทธศาสตร์อนุรักษ์ ฟื้นฟู และป้องกันทรัพยากรธรรมชาติ", "stg_name": "ยุทธศาสตร์ด้านการจัดการน้ำและสร้างการเติบโตบนคุณภาพชีวิตที่เป็นมิตรกับสิ่งแวดล้อมอย่างยั่งยืน", "objc_level1_name": "งบลงทุน", "compare": [{"bb_amount": 8819200, "bb_province": "พังงา"}, {"gf_amount": 8790443.2, "gf_province": "ส่วนกลาง", "bb_amount": null, "bb_province": "กรุงเทพมหานคร"}], "gf_amount_sum": 8790443.2}
