{"bb_code": "1500848002600802", "bb_year": "2560", "amount": 8818000, "min_code": "15000", "agc_code": "15008", "name": "ปรับปรุงถนนลาดยางเสริมผิวแอสฟัลท์ติกคอนกรีตสายทางบ้านโสกห้าง หมู่ที่9 - บ้านโนนอุดม หมู่ที่ 6ตำบลนาหว้า กว้าง 6 เมตรยาว 4,000 เมตร หนา 0.04เมตร องค์การบริหารส่วนตำบลนาหว้า อำเภอภูเวียงจังหวัดขอนแก่น", "min": "กระทรวงมหาดไทย", "agc": "กรมส่งเสริมการปกครองท้องถิ่น", "plan_name": "แผนงานบูรณาการส่งเสริมการกระจายอำนาจให้แก่องค์กรปกครองส่วนท้องถิ่น", "stg_name": "ยุทธศาสตร์ด้านการปรับสมดุลและพัฒนาระบบบริหารจัดการภาครัฐ", "objc_level1_name": "งบอุดหนุน", "compare": [{"bb_amount": 8818000, "bb_province": "ขอนแก่น", "gf_amount": 4170000, "gf_province": "ขอนแก่น"}], "gf_amount_sum": 4170000}
{"bb_code": "1500743020420128", "bb_year": "2560", "amount": 8813000, "min_code": "15000", "agc_code": "15007", "name": "เขื่อนป้องกันตลิ่งริมทะเลม.12 ต.บางมะพร้าว อ.หลังสวน จ.ชุมพร ความยาว239 เมตร", "min": "กระทรวงมหาดไทย", "agc": "กรมโยธาธิการและผังเมือง", "plan_name": "แผนงานยุทธศาสตร์จัดการผลกระทบจากการเปลี่ยนแปลงสภาวะภูมิอากาศ และภัยพิบัติ", "stg_name": "ยุทธศาสตร์ด้านการจัดการน้ำและสร้างการเติบโตบนคุณภาพชีวิตที่เป็นมิตรกับสิ่งแวดล้อมอย่างยั่งยืน", "objc_level1_name": "งบลงทุน", "compare": [{"bb_amount": 8813000, "bb_province": "ชุมพร"}, {"gf_amount": 8813000, "gf_province": "ส่วนกลาง", "bb_amount": null, "bb_province": "กรุงเทพมหานคร"}], "gf_amount_sum": 8813000}
{"bb_code": "1500848002600720", "bb_year": "2560", "amount": 8806000, "min_code": "15000", "agc_code": "15008", "name": "บูรณะซ่อมแซมผิวจราจรสายบ้านภิรมย์สุข-บ้านสะพานหิน หมู่ที่ 1 บ้านสะพานหิน ตำบลสะพานหินกว้าง 6 เมตร ยาว 2,525เมตร หรือพื้นที่ไม่น้อยกว่า15,150 ตารางเมตรองค์การบริหารส่วนตำบลสะพานหิน อำเภอหนองมะโมงจังหวัดชัยนาท", "min": "กระทรวงมหาดไทย", "agc": "กรมส่งเสริมการปกครองท้องถิ่น", "plan_name": "แผนงานบูรณาการส่งเสริมการกระจายอำนาจให้แก่องค์กรปกครองส่วนท้องถิ่น", "stg_name": "ยุทธศาสตร์ด้านการปรับสมดุลและพัฒนาระบบบริหารจัดการภาครัฐ", "objc_level1_name": "งบอุดหนุน", "compare": [{"bb_amount": 8806000, "bb_province": "ชัยนาท", "gf_amount": 8590000, "gf_province": "ชัยนาท"}], "gf_amount_sum": 8590000}
{"bb_code": "1500741009420187", "bb_year": "2560", "amount": 8800000, "min_code": "15000", "agc_code": "15007", "name": "เขื่อนป้องกันตลิ่ง บริเวณคลองท่างิ้ว บ้านสะพานยางม.7 ต.เขาปูน อ.ห้วยยอดจ.ตรัง ความยาว 900 เมตร", "min": "กระทรวงมหาดไทย", "agc": "กรมโยธาธิการและผังเมือง", "plan_name": "แผนงานบูรณาการบริหารจัดการทรัพยากรน้ำ", "stg_name": "ยุทธศาสตร์ด้านการจัดการน้ำและสร้างการเติบโตบนคุณภาพชีวิตที่เป็นมิตรกับสิ่งแวดล้อมอย่างยั่งยืน", "objc_level1_name": "งบลงทุน", "compare": [{"bb_amount": 8800000, "bb_province": "ตรัง"}, {"gf_amount": 6529500, "gf_province": "ส่วนกลาง", "bb_amount": null, "bb_province": "กรุงเทพมหานคร"}], "gf_amount_sum": 6529500}
{"bb_code": "1500844005120003", "bb_year": "2560", "amount": 8800000, "min_code": "15000", "agc_code": "15008", "name": "โครงการปรับปรุงระบบไปรษณีย์อิเล็กทรอนิกส์ของกรมส่งเสริมการปกครองท้องถิ่นให้รองรับมาตรฐาน IPv6", "min": "กระทรวงมหาดไทย", "agc": "กรมส่งเสริมการปกครองท้องถิ่น", "plan_name": "แผนงานพื้นฐานด้านการปรับสมดุลและพัฒนาระบบการบริหารจัดการภาครัฐ", "stg_name": "ยุทธศาสตร์ด้านการปรับสมดุลและพัฒนาระบบบริหารจัดการภาครัฐ", "objc_level1_name": "งบลงทุน", "compare": [{"bb_amount": 8800000, "bb_province": "กรุงเทพมหานคร", "gf_amount": 8690000, "gf_province": "ส่วนกลาง"}], "gf_amount_sum": 8690000}
{"bb_code": "1500741009420513", "bb_year": "2560", "amount": 8800000, "min_code": "15000", "agc_code": "15007", "name": "เขื่อนป้องกันตลิ่งริมลำน้ำจักราช พร้อมปรับปรุงภูมิทัศน์ ม.1 บ้านในเมือง ต.ในเมือง อ.พิมาย จ.นครราชสีมา ความยาว 525เมตร", "min": "กระทรวงมหาดไทย", "agc": "กรมโยธาธิการและผังเมือง", "plan_name": "แผนงานบูรณาการบริหารจัดการทรัพยากรน้ำ", "stg_name": "ยุทธศาสตร์ด้านการจัดการน้ำและสร้างการเติบโตบนคุณภาพชีวิตที่เป็นมิตรกับสิ่งแวดล้อมอย่างยั่งยืน", "objc_level1_name": "งบลงทุน", "compare": [{"bb_amount": 8800000, "bb_province": "นครราชสีมา"}, {"gf_amount": 6054000, "gf_province": "ส่วนกลาง", "bb_amount": null, "bb_province": "กรุงเทพมหานคร"}], "gf_amount_sum": 6054000}
{"bb_code": "1500738002410009", "bb_year": "2560", "amount": 8800000, "min_code": "15000", "agc_code": "15007", "name": "ค่าปรับปรุงและก่อสร้างอาคารสำนักงาน และโรงเก็บพัสดุ บ้านพักข้าราชการโรงจอดรถ ก่อสร้างรั้ว คสล.และถมดิน ฯลฯ ของสำนักงานโยธาธิการและผังเมืองจังหวัดสุโขทัย ตำบลบ้านกล้วย อำเภอเมืองสุโขทัย จังหวัดสุโขทัย", "min": "กระทรวงมหาดไทย", "agc": "กรมโยธาธิการและผังเมือง", "plan_name": "แผนงานพื้นฐานด้านการจัดการน้ำและสร้างการเติบโตบนคุณภาพชีวิตที่เป็นมิตรกับสิ่งแวดล้อมอย่างยั่งยืน", "stg_name": "ยุทธศาสตร์ด้านการจัดการน้ำและสร้างการเติบโตบนคุณภาพชีวิตที่เป็นมิตรกับสิ่งแวดล้อมอย่างยั่งยืน", "objc_level1_name": "งบลงทุน", "compare": [{"bb_amount": 8800000, "bb_province": "สุโขทัย", "gf_amount": 734533, "gf_province": "สุโขทัย"}], "gf_amount_sum": 734533}
{"bb_code": "1500743020420151", "bb_year": "2560", "amount": 8781600, "min_code": "15000", "agc_code": "15007", "name": "เขื่อนป้องกันตลิ่งริมแม่น้ำโขง บ้านท่าแพ หมู่ที่ 10 ต.โขงเจียม อ.โขงเจียม จ.อุบลราชธานี ความยาว 345เมตร", "min": "กระทรวงมหาดไทย", "agc": "กรมโยธาธิการและผังเมือง", "plan_name": "แผนงานยุทธศาสตร์จัดการผลกระทบจากการเปลี่ยนแปลงสภาวะภูมิอากาศ และภัยพิบัติ", "stg_name": "ยุทธศาสตร์ด้านการจัดการน้ำและสร้างการเติบโตบนคุณภาพชีวิตที่เป็นมิตรกับสิ่งแวดล้อมอย่างยั่งยืน", "objc_level1_name": "งบลงทุน", "compare": [{"bb_amount": 8781600, "bb_province": "อุบลราชธานี"}, {"gf_amount": 8538600, "gf_province": "ส่วนกลาง", "bb_amount": null, "bb_province": "กรุงเทพมหานคร"}], "gf_amount_sum": 8538600}
{"bb_code": "1500344035700010", "bb_year": "2560", "amount": 8780000, "min_code": "15000", "agc_code": "15003", "name": "ค่าใช้จ่ายในการขับเคลื่อนขยายผลศูนย์เรียนรู้โครงการอันเนื่องมาจากพระราชดำริระดับอำเภอ", "min": "กระทรวงมหาดไทย", "agc": "กรมการปกครอง", "plan_name": "แผนงานพื้นฐานด้านการปรับสมดุลและพัฒนาระบบการบริหารจัดการภาครัฐ", "stg_name": "ยุทธศาสตร์ด้านการปรับสมดุลและพัฒนาระบบบริหารจัดการภาครัฐ", "objc_level1_name": "รายจ่ายอื่น", "compare": [{"bb_amount": 8780000, "bb_province": "กรุงเทพมหานคร", "gf_amount": 0, "gf_province": "ส่วนกลาง"}, {"gf_amount": 320000, "gf_province": "นครราชสีมา", "bb_amount": null, "bb_province": "นครราชสีมา"}, {"gf_amount": 260000, "gf_province": "ขอนแก่น", "bb_amount": null, "bb_province": "ขอนแก่น"}, {"gf_amount": 250000, "gf_province": "อุบลราชธานี", "bb_amount": null, "bb_province": "อุบลราชธานี"}, {"gf_amount": 250000, "gf_province": "เชียงใหม่", "bb_amount": null, "bb_province": "เชียงใหม่"}, {"gf_amount": 230000, "gf_province": "บุรีรัมย์", "bb_amount": null, "bb_province": "บุรีรัมย์"}, {"gf_amount": 230000, "gf_province": "นครศรีธรรมราช", "bb_amount": null, "bb_province": "นครศรีธรรมราช"}, {"gf_amount": 220000, "gf_province": "ศรีสะเกษ", "bb_amount": null, "bb_province": "ศรีสะเกษ"}, {"gf_amount": 200000, "gf_province": "อุดรธานี", "bb_amount": null, "bb_province": "อุดรธานี"}, {"gf_amount": 199948, "gf_province": "ร้อยเอ็ด", "bb_amount": null, "bb_province": "ร้อยเอ็ด"}, {"gf_amount": 189780, "gf_province": "สุราษฎร์ธานี", "bb_amount": null, "bb_province": "สุราษฎร์ธานี"}, {"gf_amount": 180000, "gf_province": "เชียงราย", "bb_amount": null, "bb_province": "เชียงราย"}, {"gf_amount": 180000, "gf_province": "กาฬสินธุ์", "bb_amount": null, "bb_province": "กาฬสินธุ์"}, {"gf_amount": 180000, "gf_province": "สกลนคร", "bb_amount": null, "bb_province": "สกลนคร"}, {"gf_amount": 170000, "gf_province": "สุรินทร์", "bb_amount": null, "bb_province": "สุรินทร์"}, {"gf_amount": 160000, "gf_province": "ชัยภูมิ", "bb_amount": null, "bb_province": "ชัยภูมิ"}, {"gf_amount": 160000, "gf_province": "สงขลา", "bb_amount": null, "bb_province": "สงขลา"}, {"gf_amount": 150000, "gf_province": "น่าน", "bb_amount": null, "bb_province": "น่าน"}, {"gf_amount": 150000, "gf_province": "พระนครศรีอยุธยา", "bb_amount": null, "bb_province": "พระนครศรีอยุธยา"}, {"gf_amount": 149995, "gf_province": "นครสวรรค์", "bb_amount": null, "bb_province": "นครสวรรค์"}, {"gf_amount": 140000, "gf_province": "เลย", "bb_amount": null, "bb_province": "เลย"}, {"gf_amount": 130000, "gf_province": "มหาสารคาม", "bb_amount": null, "bb_province": "มหาสารคาม"}, {"gf_amount": 130000, "gf_province": "สระบุรี", "bb_amount": null, "bb_province": "สระบุรี"}, {"gf_amount": 130000, "gf_province": "นราธิวาส", "bb_amount": null, "bb_province": "นราธิวาส"}, {"gf_amount": 130000, "gf_province": "ลำปาง", "bb_amount": null, "bb_province": "ลำปาง"}, {"gf_amount": 130000, "gf_province": "กาญจนบุรี", "bb_amount": null, "bb_province": "กาญจนบุรี"}, {"gf_amount": 120000, "gf_province": "นครพนม", "bb_amount": null, "bb_province": "นครพนม"}, {"gf_amount": 120000, "gf_province": "พิจิตร", "bb_amount": null, "bb_province": "พิจิตร"}, {"gf_amount": 120000, "gf_province": "ปัตตานี", "bb_amount": null, "bb_province": "ปัตตานี"}, {"gf_amount": 110000, "gf_province": "เพชรบูรณ์", "bb_amount": null, "bb_province": "เพชรบูรณ์"}, {"gf_amount": 110000, "gf_province": "พัทลุง", "bb_amount": null, "bb_province": "พัทลุง"}, {"gf_amount": 110000, "gf_province": "ลพบุรี", "bb_amount": null, "bb_province": "ลพบุรี"}, {"gf_amount": 110000, "gf_province": "กำแพงเพชร", "bb_amount": null, "bb_province": "กำแพงเพชร"}, {"gf_amount": 110000, "gf_province": "ชลบุรี", "bb_amount": null, "bb_province": "ชลบุรี"}, {"gf_amount": 110000, "gf_province": "ฉะเชิงเทรา", "bb_amount": null, "bb_province": "ฉะเชิงเทรา"}, {"gf_amount": 100000, "gf_province": "จันทบุรี", "bb_amount": null, "bb_province": "จันทบุรี"}, {"gf_amount": 100000, "gf_province": "สุพรรณบุรี", "bb_amount": null, "bb_province": "สุพรรณบุรี"}, {"gf_amount": 100000, "gf_province": "ตรัง", "bb_amount": null, "bb_province": "ตรัง"}, {"gf_amount": 100000, "gf_province": "ราชบุรี", "bb_amount": null, "bb_province": "ราชบุรี"}, {"gf_amount": 90000, "gf_province": "สุโขทัย", "bb_amount": null, "bb_province": "สุโขทัย"}, {"gf_amount": 90000, "gf_province": "หนองคาย", "bb_amount": null, "bb_province": "หนองคาย"}, {"gf_amount": 90000, "gf_province": "อุตรดิตถ์", "bb_amount": null, "bb_province": "อุตรดิตถ์"}, {"gf_amount": 90000, "gf_province": "ตาก", "bb_amount": null, "bb_province": "ตาก"}, {"gf_amount": 90000, "gf_province": "พะเยา", "bb_amount": null, "bb_province": "พะเยา"}, {"gf_amount": 90000, "gf_province": "พิษณุโลก", "bb_amount": null, "bb_province": "พิษณุโลก"}, {"gf_amount": 90000, "gf_province": "ยโสธร", "bb_amount": null, "bb_province": "ยโสธร"}, {"gf_amount": 90000, "gf_province": "สระแก้ว", "bb_amount": null, "bb_province": "สระแก้ว"}, {"gf_amount": 80000, "gf_province": "กระบี่", "bb_amount": null, "bb_province": "กระบี่"}, {"gf_amount": 80000, "gf_province": "เพชรบุรี", "bb_amount": null, "bb_province": "เพชรบุรี"}, {"gf_amount": 80000, "gf_province": "ระยอง", "bb_amount": null, "bb_province": "ระยอง"}, {"gf_amount": 80000, "gf_province": "บึงกาฬ", "bb_amount": null, "bb_province": "บึงกาฬ"}, {"gf_amount": 80000, "gf_province": "ชัยนาท", "bb_amount": null, "bb_province": "ชัยนาท"}, {"gf_amount": 80000, "gf_province": "ยะลา", "bb_amount": null, "bb_province": "ยะลา"}, {"gf_amount": 80000, "gf_province": "แพร่", "bb_amount": null, "bb_province": "แพร่"}, {"gf_amount": 80000, "gf_province": "อุทัยธานี", "bb_amount": null, "bb_province": "อุทัยธานี"}, {"gf_amount": 80000, "gf_province": "พังงา", "bb_amount": null, "bb_province": "พังงา"}, {"gf_amount": 80000, "gf_province": "ลำพูน", "bb_amount": null, "bb_province": "ลำพูน"}, {"gf_amount": 80000, "gf_province": "ประจวบคีรีขันธ์", "bb_amount": null, "bb_province": "ประจวบคีรีขันธ์"}, {"gf_amount": 80000, "gf_province": "ชุมพร", "bb_amount": null, "bb_province": "ชุมพร"}, {"gf_amount": 70000, "gf_province": "นครปฐม", "bb_amount": null, "bb_province": "นครปฐม"}, {"gf_amount": 70000, "gf_province": "สตูล", "bb_amount": null, "bb_province": "สตูล"}, {"gf_amount": 70000, "gf_province": "ตราด", "bb_amount": null, "bb_province": "ตราด"}, {"gf_amount": 70000, "gf_province": "ปราจีนบุรี", "bb_amount": null, "bb_province": "ปราจีนบุรี"}, {"gf_amount": 70000, "gf_province": "มุกดาหาร", "bb_amount": null, "bb_province": "มุกดาหาร"}, {"gf_amount": 70000, "gf_province": "ปทุมธานี", "bb_amount": null, "bb_province": "ปทุมธานี"}, {"gf_amount": 70000, "gf_province": "อ่างทอง", "bb_amount": null, "bb_province": "อ่างทอง"}, {"gf_amount": 70000, "gf_province": "แม่ฮ่องสอน", "bb_amount": null, "bb_province": "แม่ฮ่องสอน"}, {"gf_amount": 60000, "gf_province": "อำนาจเจริญ", "bb_amount": null, "bb_province": "อำนาจเจริญ"}, {"gf_amount": 60000, "gf_province": "สิงห์บุรี", "bb_amount": null, "bb_province": "สิงห์บุรี"}, {"gf_amount": 60000, "gf_province": "หนองบัวลำภู", "bb_amount": null, "bb_province": "หนองบัวลำภู"}, {"gf_amount": 60000, "gf_province": "สมุทรปราการ", "bb_amount": null, "bb_province": "สมุทรปราการ"}, {"gf_amount": 60000, "gf_province": "นนทบุรี", "bb_amount": null, "bb_province": "นนทบุรี"}, {"gf_amount": 50000, "gf_province": "ระนอง", "bb_amount": null, "bb_province": "ระนอง"}, {"gf_amount": 40000, "gf_province": "นครนายก", "bb_amount": null, "bb_province": "นครนายก"}, {"gf_amount": 30000, "gf_province": "สมุทรสงคราม", "bb_amount": null, "bb_province": "สมุทรสงคราม"}, {"gf_amount": 30000, "gf_province": "สมุทรสาคร", "bb_amount": null, "bb_province": "สมุทรสาคร"}, {"gf_amount": 30000, "gf_province": "ภูเก็ต", "bb_amount": null, "bb_province": "ภูเก็ต"}], "gf_amount_sum": 8759723}
{"bb_code": "1500741009420172", "bb_year": "2560", "amount": 8780000, "min_code": "15000", "agc_code": "15007", "name": "เขื่อนป้องกันตลิ่งริมแม่น้ำสงคราม บ้านท่าเรือ ม.8 ต.ซาง อ.เซกา จ.บึงกาฬความยาว 200 เมตร", "min": "กระทรวงมหาดไทย", "agc": "กรมโยธาธิการและผังเมือง", "plan_name": "แผนงานบูรณาการบริหารจัดการทรัพยากรน้ำ", "stg_name": "ยุทธศาสตร์ด้านการจัดการน้ำและสร้างการเติบโตบนคุณภาพชีวิตที่เป็นมิตรกับสิ่งแวดล้อมอย่างยั่งยืน", "objc_level1_name": "งบลงทุน", "compare": [{"bb_amount": 8780000, "bb_province": "บึงกาฬ", "gf_amount": 8780000, "gf_province": "บึงกาฬ"}], "gf_amount_sum": 8780000}
{"bb_code": "1500741009420480", "bb_year": "2560", "amount": 8775000, "min_code": "15000", "agc_code": "15007", "name": "เขื่อนป้องกันตลิ่งริมแม่น้ำเจ้าพระยา ระยะที่ 1 (หน้าร้านน้องอุ๋ม) ม.5 ต.เกาะเทโพ อ.เมือง จ.อุทัยธานีความยาว 150 เมตร", "min": "กระทรวงมหาดไทย", "agc": "กรมโยธาธิการและผังเมือง", "plan_name": "แผนงานบูรณาการบริหารจัดการทรัพยากรน้ำ", "stg_name": "ยุทธศาสตร์ด้านการจัดการน้ำและสร้างการเติบโตบนคุณภาพชีวิตที่เป็นมิตรกับสิ่งแวดล้อมอย่างยั่งยืน", "objc_level1_name": "งบลงทุน", "compare": [{"bb_amount": 8775000, "bb_province": "อุทัยธานี", "gf_amount": 9417000, "gf_province": "อุทัยธานี"}], "gf_amount_sum": 9417000}
{"bb_code": "1500741009420131", "bb_year": "2560", "amount": 8775000, "min_code": "15000", "agc_code": "15007", "name": "เขื่อนป้องกันตลิ่งริมแม่น้ำน่าน ถ.พุทธบูชา (ปากซอยมหาวิชัย) อ.เมืองพิษณุโลกจ.พิษณุโลก(ต่อเนื่องเขื่อนเดิม)ความยาว 150 เมตร", "min": "กระทรวงมหาดไทย", "agc": "กรมโยธาธิการและผังเมือง", "plan_name": "แผนงานบูรณาการบริหารจัดการทรัพยากรน้ำ", "stg_name": "ยุทธศาสตร์ด้านการจัดการน้ำและสร้างการเติบโตบนคุณภาพชีวิตที่เป็นมิตรกับสิ่งแวดล้อมอย่างยั่งยืน", "objc_level1_name": "งบลงทุน", "compare": [{"bb_amount": 8775000, "bb_province": "พิษณุโลก", "gf_amount": 10858274, "gf_province": "พิษณุโลก"}], "gf_amount_sum": 10858274}
{"bb_code": "1500741009420445", "bb_year": "2560", "amount": 8775000, "min_code": "15000", "agc_code": "15007", "name": "เขื่อนป้องกันตลิ่งริมแม่น้ำเจ้าพระยา ม.2 (ต่อเนื่อง ม.2 เดิม) ต.เกาะเทโพ อ.เมือง จ.อุทัยธานี ความยาว150 เมตร", "min": "กระทรวงมหาดไทย", "agc": "กรมโยธาธิการและผังเมือง", "plan_name": "แผนงานบูรณาการบริหารจัดการทรัพยากรน้ำ", "stg_name": "ยุทธศาสตร์ด้านการจัดการน้ำและสร้างการเติบโตบนคุณภาพชีวิตที่เป็นมิตรกับสิ่งแวดล้อมอย่างยั่งยืน", "objc_level1_name": "งบลงทุน", "compare": [{"bb_amount": 8775000, "bb_province": "อุทัยธานี", "gf_amount": 5907600, "gf_province": "อุทัยธานี"}], "gf_amount_sum": 5907600}
{"bb_code": "1500848002600A34", "bb_year": "2560", "amount": 8771000, "min_code": "15000", "agc_code": "15008", "name": "ซ่อมสร้างถนนลาดยางชนิดพาราเสลอรี่ซีล สายทางหลวงที่ จบ.4031 แยกทางหลวง 3193 บ้านโอลำเจียก(เดิมทางหลวงหมายเลข3227) หมู่ที่ 7-หมู่ที่ 3ตำบลคลองใหญ่ กว้าง 8เมตร ยาว 3,000 เมตร ไหล่ทางข้างละ 1 เมตรเทศบาลตำบลคลองใหญ่อำเภอโป่งน้ำร้อน จังหวัดจันทบุรี", "min": "กระทรวงมหาดไทย", "agc": "กรมส่งเสริมการปกครองท้องถิ่น", "plan_name": "แผนงานบูรณาการส่งเสริมการกระจายอำนาจให้แก่องค์กรปกครองส่วนท้องถิ่น", "stg_name": "ยุทธศาสตร์ด้านการปรับสมดุลและพัฒนาระบบบริหารจัดการภาครัฐ", "objc_level1_name": "งบอุดหนุน", "compare": [{"bb_amount": 8771000, "bb_province": "จันทบุรี", "gf_amount": 8750000, "gf_province": "จันทบุรี"}], "gf_amount_sum": 8750000}
{"bb_code": "1500848002600444", "bb_year": "2560", "amount": 8770000, "min_code": "15000", "agc_code": "15008", "name": "ปรับปรุงถนนลาดยางแอสฟัลท์ติกคอนกรีต สายบ้านชุมแสง-บ้านอ่างกระป่องหมู่ที่ 4 ตำบลท่าโสม กว้าง6 เมตร ยาว 3,100 เมตรหนา 0.05 เมตร องค์การบริหารส่วนจังหวัดตราดอำเภอเมืองตราด จังหวัดตราด", "min": "กระทรวงมหาดไทย", "agc": "กรมส่งเสริมการปกครองท้องถิ่น", "plan_name": "แผนงานบูรณาการส่งเสริมการกระจายอำนาจให้แก่องค์กรปกครองส่วนท้องถิ่น", "stg_name": "ยุทธศาสตร์ด้านการปรับสมดุลและพัฒนาระบบบริหารจัดการภาครัฐ", "objc_level1_name": "งบอุดหนุน", "compare": [{"bb_amount": 8770000, "bb_province": "ตราด", "gf_amount": 8770000, "gf_province": "ตราด"}], "gf_amount_sum": 8770000}
{"bb_code": "1500741009420055", "bb_year": "2560", "amount": 8760000, "min_code": "15000", "agc_code": "15007", "name": "เขื่อนป้องกันตลิ่งริมแม่น้ำเพชรบุรี หมู่ที่ 9 บ้านแสมชาย ต.บางครก อ.บ้านแหลม จ.เพชรบุรี ความยาว230 เมตร", "min": "กระทรวงมหาดไทย", "agc": "กรมโยธาธิการและผังเมือง", "plan_name": "แผนงานบูรณาการบริหารจัดการทรัพยากรน้ำ", "stg_name": "ยุทธศาสตร์ด้านการจัดการน้ำและสร้างการเติบโตบนคุณภาพชีวิตที่เป็นมิตรกับสิ่งแวดล้อมอย่างยั่งยืน", "objc_level1_name": "งบลงทุน", "compare": [{"bb_amount": 8760000, "bb_province": "เพชรบุรี"}, {"gf_amount": 8760000, "gf_province": "ส่วนกลาง", "bb_amount": null, "bb_province": "กรุงเทพมหานคร"}], "gf_amount_sum": 8760000}
{"bb_code": "1500848002600A68", "bb_year": "2560", "amount": 8740000, "min_code": "15000", "agc_code": "15008", "name": "ซ่อมสร้างผิวทางแอสฟัลท์ติกคอนกรีต บ้านไคร้ป่าคาหมู่ที่ 3 - บ้านสนธิ์พัฒนาหมู่ที่ 8 กว้าง 6 เมตร ยาว3,250 เมตร องค์การบริหารส่วนตำบลน้ำแวน อำเภอเชียงคำ จังหวัดพะเยา", "min": "กระทรวงมหาดไทย", "agc": "กรมส่งเสริมการปกครองท้องถิ่น", "plan_name": "แผนงานบูรณาการส่งเสริมการกระจายอำนาจให้แก่องค์กรปกครองส่วนท้องถิ่น", "stg_name": "ยุทธศาสตร์ด้านการปรับสมดุลและพัฒนาระบบบริหารจัดการภาครัฐ", "objc_level1_name": "งบอุดหนุน", "compare": [{"bb_amount": 8740000, "bb_province": "พะเยา", "gf_amount": 5414200, "gf_province": "พะเยา"}], "gf_amount_sum": 5414200}
{"bb_code": "1500848002600884", "bb_year": "2560", "amount": 8740000, "min_code": "15000", "agc_code": "15008", "name": "ปรับปรุงผิวทางแอสฟัลท์ติกคอนกรีต สายบ้านคลองหกวา - เลียบคลองสิบสี่(ฝั่งตะวันออก) หมู่ 15,1,2กว้าง 6 เมตร ยาว 3,200เมตร หนา 0.05 เมตรองค์การบริหารส่วนตำบลบึงน้ำรักษ์ อำเภอบางน้ำเปรี้ยวจังหวัดฉะเชิงเทรา", "min": "กระทรวงมหาดไทย", "agc": "กรมส่งเสริมการปกครองท้องถิ่น", "plan_name": "แผนงานบูรณาการส่งเสริมการกระจายอำนาจให้แก่องค์กรปกครองส่วนท้องถิ่น", "stg_name": "ยุทธศาสตร์ด้านการปรับสมดุลและพัฒนาระบบบริหารจัดการภาครัฐ", "objc_level1_name": "งบอุดหนุน", "compare": [{"bb_amount": 8740000, "bb_province": "ฉะเชิงเทรา", "gf_amount": 6255100, "gf_province": "ฉะเชิงเทรา"}], "gf_amount_sum": 6255100}
{"bb_code": "1500741009420432", "bb_year": "2560", "amount": 8736000, "min_code": "15000", "agc_code": "15007", "name": "เขื่อนป้องกันตลิ่งริมแม่น้ำกวง ม.3 ต.เวียงยอง อ.เมืองลำพูน จ.ลำพูน ความยาว475 เมตร", "min": "กระทรวงมหาดไทย", "agc": "กรมโยธาธิการและผังเมือง", "plan_name": "แผนงานบูรณาการบริหารจัดการทรัพยากรน้ำ", "stg_name": "ยุทธศาสตร์ด้านการจัดการน้ำและสร้างการเติบโตบนคุณภาพชีวิตที่เป็นมิตรกับสิ่งแวดล้อมอย่างยั่งยืน", "objc_level1_name": "งบลงทุน", "compare": [{"bb_amount": 8736000, "bb_province": "ลำพูน", "gf_amount": 8736000, "gf_province": "ลำพูน"}], "gf_amount_sum": 8736000}
{"bb_code": "1500848002600043", "bb_year": "2560", "amount": 8734000, "min_code": "15000", "agc_code": "15008", "name": "ซ่อมสร้างถนนลาดยางผิวจราจรแบบพาราแอสฟัลท์ติกคอนกรีตสายบ้านหมนเหนือ-บ้านช้าง หมู่ที่ 7กว้าง 6 เมตร ยาว 1,750เมตร ไหล่ทางพาราแอสฟัลท์ติกคอนกรีต กว้างข้างละ 1.50 เมตร องค์การบริหารส่วนตำบลท่าเรืออำเภอนครศรีฯ จังหวัดนครศรีธรรมราช", "min": "กระทรวงมหาดไทย", "agc": "กรมส่งเสริมการปกครองท้องถิ่น", "plan_name": "แผนงานบูรณาการส่งเสริมการกระจายอำนาจให้แก่องค์กรปกครองส่วนท้องถิ่น", "stg_name": "ยุทธศาสตร์ด้านการปรับสมดุลและพัฒนาระบบบริหารจัดการภาครัฐ", "objc_level1_name": "งบอุดหนุน", "compare": [{"bb_amount": 8734000, "bb_province": "นครศรีธรรมราช", "gf_amount": 8660000, "gf_province": "นครศรีธรรมราช"}], "gf_amount_sum": 8660000}
