{"bb_code": "1500742031700038", "bb_year": "2560", "amount": 8385000, "min_code": "15000", "agc_code": "15007", "name": "โครงการวางและจัดทำผังเมืองรวมจังหวัดสุรินทร์", "min": "กระทรวงมหาดไทย", "agc": "กรมโยธาธิการและผังเมือง", "plan_name": "แผนงานยุทธศาสตร์อนุรักษ์ ฟื้นฟู และป้องกันทรัพยากรธรรมชาติ", "stg_name": "ยุทธศาสตร์ด้านการจัดการน้ำและสร้างการเติบโตบนคุณภาพชีวิตที่เป็นมิตรกับสิ่งแวดล้อมอย่างยั่งยืน", "objc_level1_name": "รายจ่ายอื่น", "compare": [{"bb_amount": 8385000, "bb_province": "สุรินทร์"}], "gf_amount_sum": 0}
{"bb_code": "1500848002600042", "bb_year": "2560", "amount": 8370000, "min_code": "15000", "agc_code": "15008", "name": "ซ่อมสร้างผิวทางแอสฟัลท์ติกคอนกรีต (โดยวิธีPavement In-Place Recycling)สายบ้านพังปริง-บ้านชมเลจำนวน 2 ช่วง มีพื้นที่ไม่น้อยกว่า 12,300 ตารางเมตร องค์การบริหารส่วนตำบลกลาย อำเภอท่าศาลา จังหวัดนครศรีธรรมราช", "min": "กระทรวงมหาดไทย", "agc": "กรมส่งเสริมการปกครองท้องถิ่น", "plan_name": "แผนงานบูรณาการส่งเสริมการกระจายอำนาจให้แก่องค์กรปกครองส่วนท้องถิ่น", "stg_name": "ยุทธศาสตร์ด้านการปรับสมดุลและพัฒนาระบบบริหารจัดการภาครัฐ", "objc_level1_name": "งบอุดหนุน", "compare": [{"bb_amount": 8370000, "bb_province": "นครศรีธรรมราช", "gf_amount": 7535000, "gf_province": "นครศรีธรรมราช"}], "gf_amount_sum": 7535000}
{"bb_code": "1500741009420392", "bb_year": "2560", "amount": 8340000, "min_code": "15000", "agc_code": "15007", "name": "เขื่อนป้องกันตลิ่งริมแม่น้ำชีบ้านชีกกค้อ ม.17 และ ม.13 ต.เมืองเพีย อ.บ้านไผ่จ.ขอนแก่น ความยาว 150เมตร", "min": "กระทรวงมหาดไทย", "agc": "กรมโยธาธิการและผังเมือง", "plan_name": "แผนงานบูรณาการบริหารจัดการทรัพยากรน้ำ", "stg_name": "ยุทธศาสตร์ด้านการจัดการน้ำและสร้างการเติบโตบนคุณภาพชีวิตที่เป็นมิตรกับสิ่งแวดล้อมอย่างยั่งยืน", "objc_level1_name": "งบลงทุน", "compare": [{"bb_amount": 8340000, "bb_province": "ขอนแก่น", "gf_amount": 8340000, "gf_province": "ขอนแก่น"}], "gf_amount_sum": 8340000}
{"bb_code": "1500848002600971", "bb_year": "2560", "amount": 8340000, "min_code": "15000", "agc_code": "15008", "name": "ซ่อมสร้างผิวทาง ParaAsphalt Concrete (โดยวิธีPavement In - PlaceRecycling) สายบ้านหนองหญ้าไทร หมู่ที่ 2 บ้านคลองทราย กว้าง 6 เมตรยาว 2,000 เมตร หนา 0.04เมตร ไหล่ทางกว้างข้างละ1 เมตร องค์การบริหารส่วนตำบลหนองหญ้าไทรอำเภอสากเหล็ก จังหวัดพิจิตร", "min": "กระทรวงมหาดไทย", "agc": "กรมส่งเสริมการปกครองท้องถิ่น", "plan_name": "แผนงานบูรณาการส่งเสริมการกระจายอำนาจให้แก่องค์กรปกครองส่วนท้องถิ่น", "stg_name": "ยุทธศาสตร์ด้านการปรับสมดุลและพัฒนาระบบบริหารจัดการภาครัฐ", "objc_level1_name": "งบอุดหนุน", "compare": [{"bb_amount": 8340000, "bb_province": "พิจิตร", "gf_amount": 3940000, "gf_province": "พิจิตร"}], "gf_amount_sum": 3940000}
{"bb_code": "1500848002600615", "bb_year": "2560", "amount": 8320000, "min_code": "15000", "agc_code": "15008", "name": "ซ่อมสร้างผิวทาง Para CapeSeal สาย บก.3096 - บ้านโคกสะอาด - บ้านหนองเข็งอำเภอเมืองบึงกาฬ (ช่วงที่1) กว้าง 6 เมตร ยาว 3,300เมตร หนา 0.04 เมตรเทศบาลตำบลหอคำอำเภอเมืองบึงกาฬ จังหวัดบึงกาฬ", "min": "กระทรวงมหาดไทย", "agc": "กรมส่งเสริมการปกครองท้องถิ่น", "plan_name": "แผนงานบูรณาการส่งเสริมการกระจายอำนาจให้แก่องค์กรปกครองส่วนท้องถิ่น", "stg_name": "ยุทธศาสตร์ด้านการปรับสมดุลและพัฒนาระบบบริหารจัดการภาครัฐ", "objc_level1_name": "งบอุดหนุน", "compare": [{"bb_amount": 8320000, "bb_province": "บึงกาฬ", "gf_amount": 3800000, "gf_province": "บึงกาฬ"}], "gf_amount_sum": 3800000}
{"bb_code": "1500848002600222", "bb_year": "2560", "amount": 8316000, "min_code": "15000", "agc_code": "15008", "name": "เสริมผิวลาดยางแบบผิวจราจรพาราแอสฟัลท์ติกคอนกรีต สายทาง (บก.13)บ้านตะพังมะกอก-บ้านขุนนาวัง (ช่วงที่ 2) หมู่ที่ 9ตำบลบ้านกล้วย มีพื้นที่ไม่น้อยกว่า 21,600 ตารางเมตร เทศบาลตำบลบ้านกล้วย อำเภอเมืองสุโขทัยจังหวัดสุโขทัย", "min": "กระทรวงมหาดไทย", "agc": "กรมส่งเสริมการปกครองท้องถิ่น", "plan_name": "แผนงานบูรณาการส่งเสริมการกระจายอำนาจให้แก่องค์กรปกครองส่วนท้องถิ่น", "stg_name": "ยุทธศาสตร์ด้านการปรับสมดุลและพัฒนาระบบบริหารจัดการภาครัฐ", "objc_level1_name": "งบอุดหนุน", "compare": [{"bb_amount": 8316000, "bb_province": "สุโขทัย", "gf_amount": 7149000, "gf_province": "สุโขทัย"}], "gf_amount_sum": 7149000}
{"bb_code": "1500848002600102", "bb_year": "2560", "amount": 8311000, "min_code": "15000", "agc_code": "15008", "name": "เสริมผิวจราจรแอสฟัลท์ติกคอนกรีต สายบ้านนาจาร-บ้านมหาชัย กว้าง 6 เมตรยาว 3,000 เมตร หนา 0.04เมตร เทศบาลตำบลบ้านโพน อำเภอโพนนาแก้วจังหวัดสกลนคร", "min": "กระทรวงมหาดไทย", "agc": "กรมส่งเสริมการปกครองท้องถิ่น", "plan_name": "แผนงานบูรณาการส่งเสริมการกระจายอำนาจให้แก่องค์กรปกครองส่วนท้องถิ่น", "stg_name": "ยุทธศาสตร์ด้านการปรับสมดุลและพัฒนาระบบบริหารจัดการภาครัฐ", "objc_level1_name": "งบอุดหนุน", "compare": [{"bb_amount": 8311000, "bb_province": "สกลนคร", "gf_amount": 5199990, "gf_province": "สกลนคร"}], "gf_amount_sum": 5199990}
{"bb_code": "1500741009420337", "bb_year": "2560", "amount": 8300000, "min_code": "15000", "agc_code": "15007", "name": "เขื่อนป้องกันตลิ่งริมแม่น้ำป่าสัก บริเวณวัดท่าสีโพธิ์เหนือ ม.3 ต.ท่าตูม อ.แก่งคอย จ.สระบุรี ความยาว 732 เมตร", "min": "กระทรวงมหาดไทย", "agc": "กรมโยธาธิการและผังเมือง", "plan_name": "แผนงานบูรณาการบริหารจัดการทรัพยากรน้ำ", "stg_name": "ยุทธศาสตร์ด้านการจัดการน้ำและสร้างการเติบโตบนคุณภาพชีวิตที่เป็นมิตรกับสิ่งแวดล้อมอย่างยั่งยืน", "objc_level1_name": "งบลงทุน", "compare": [{"bb_amount": 8300000, "bb_province": "สระบุรี"}, {"gf_amount": 6206250, "gf_province": "ส่วนกลาง", "bb_amount": null, "bb_province": "กรุงเทพมหานคร"}], "gf_amount_sum": 6206250}
{"bb_code": "1500848002600003", "bb_year": "2560", "amount": 8299000, "min_code": "15000", "agc_code": "15008", "name": "ซ่อมแซมผิวจราจรแอสฟัลท์ติกคอนกรีตถนนสาย4215 ตอนแยกทางหลวงหมายเลข 401 (สิชล) -บ้านสี่ขีด (ตอนที่ 2) หมู่ที่2,7 บ้านท่าโคก ตำบลสี่ขีดมีพื้นที่ไม่น้อยกว่า 22,400ตารางเมตร องค์การบริหารส่วนตำบลสี่ขีดอำเภอสิชลจังหวัดนครศรีธรรมราช", "min": "กระทรวงมหาดไทย", "agc": "กรมส่งเสริมการปกครองท้องถิ่น", "plan_name": "แผนงานบูรณาการส่งเสริมการกระจายอำนาจให้แก่องค์กรปกครองส่วนท้องถิ่น", "stg_name": "ยุทธศาสตร์ด้านการปรับสมดุลและพัฒนาระบบบริหารจัดการภาครัฐ", "objc_level1_name": "งบอุดหนุน", "compare": [{"bb_amount": 8299000, "bb_province": "นครศรีธรรมราช", "gf_amount": 8280000, "gf_province": "นครศรีธรรมราช"}], "gf_amount_sum": 8280000}
{"bb_code": "1500848002600473", "bb_year": "2560", "amount": 8296000, "min_code": "15000", "agc_code": "15008", "name": "ซ่อมสร้างผิวทางพาราแอสฟัลท์ติกคอนกรีต โดยวิธีPavement In-Place Recyclingช่วงที่ 3 (สายบ้านโคกสมบูรณ์-บ้านสว่าง) กว้าง 8เมตร ยาว 1,730เมตร หนา0.04 เมตร เทศบาลตำบลสว่าง อำเภอสว่างวีระวงศ์จังหวัดอุบลราชธานี", "min": "กระทรวงมหาดไทย", "agc": "กรมส่งเสริมการปกครองท้องถิ่น", "plan_name": "แผนงานบูรณาการส่งเสริมการกระจายอำนาจให้แก่องค์กรปกครองส่วนท้องถิ่น", "stg_name": "ยุทธศาสตร์ด้านการปรับสมดุลและพัฒนาระบบบริหารจัดการภาครัฐ", "objc_level1_name": "งบอุดหนุน", "compare": [{"bb_amount": 8296000, "bb_province": "อุบลราชธานี", "gf_amount": 4259000, "gf_province": "อุบลราชธานี"}], "gf_amount_sum": 4259000}
{"bb_code": "1500848002600A37", "bb_year": "2560", "amount": 8292900, "min_code": "15000", "agc_code": "15008", "name": "ซ่อมแซมถนนลาดยาง โดยการเสริมผิวทางแอสฟัลท์คอนกรีตปรับปรุงคุณภาพด้วยยางธรรมชาติ (Naturalrubber modified asphalltconcrete) สายบ้านแสลง-ชำตาสุข หมู่ที่ 4,5,6 ตำบลแสลง กว้าง 6 เมตร ยาว4,474 เมตร หนา 0.03เมตร เทศบาลตำบลแสลงอำเภอเมืองจันทบุรี จังหวัดจันทบุรี", "min": "กระทรวงมหาดไทย", "agc": "กรมส่งเสริมการปกครองท้องถิ่น", "plan_name": "แผนงานบูรณาการส่งเสริมการกระจายอำนาจให้แก่องค์กรปกครองส่วนท้องถิ่น", "stg_name": "ยุทธศาสตร์ด้านการปรับสมดุลและพัฒนาระบบบริหารจัดการภาครัฐ", "objc_level1_name": "งบอุดหนุน", "compare": [{"bb_amount": 8292900, "bb_province": "จันทบุรี", "gf_amount": 6973000, "gf_province": "จันทบุรี"}], "gf_amount_sum": 6973000}
{"bb_code": "1500741009420128", "bb_year": "2560", "amount": 8284800, "min_code": "15000", "agc_code": "15007", "name": "เขื่อนป้องกันตลิ่งริมแม่น้ำเจ้าพระยา ช่วงที่ 2 ต.บ้านโพ อ.บางปะอิน จ.พระนครศรีอยุธยา ความยาว204 เมตร", "min": "กระทรวงมหาดไทย", "agc": "กรมโยธาธิการและผังเมือง", "plan_name": "แผนงานบูรณาการบริหารจัดการทรัพยากรน้ำ", "stg_name": "ยุทธศาสตร์ด้านการจัดการน้ำและสร้างการเติบโตบนคุณภาพชีวิตที่เป็นมิตรกับสิ่งแวดล้อมอย่างยั่งยืน", "objc_level1_name": "งบลงทุน", "compare": [{"bb_amount": 8284800, "bb_province": "พระนครศรีอยุธยา", "gf_amount": 8284800, "gf_province": "พระนครศรีอยุธยา"}], "gf_amount_sum": 8284800}
{"bb_code": "1500848002600325", "bb_year": "2560", "amount": 8280000, "min_code": "15000", "agc_code": "15008", "name": "ปรับปรุงผิวจราจรถนนลาดยางแบบพาราแอสฟัลท์ติกคอนกรีต (PARA AC)สายทาง สห 4085 บ้านหนองลาด ตำบลไม้ดัดกว้าง 6 เมตร ยาว 3,000เมตร หนา 0.04 เมตรองค์การบริหารส่วนตำบลไม้ดัด อำเภอบางระจัน จังหวัดสิงห์บุรี", "min": "กระทรวงมหาดไทย", "agc": "กรมส่งเสริมการปกครองท้องถิ่น", "plan_name": "แผนงานบูรณาการส่งเสริมการกระจายอำนาจให้แก่องค์กรปกครองส่วนท้องถิ่น", "stg_name": "ยุทธศาสตร์ด้านการปรับสมดุลและพัฒนาระบบบริหารจัดการภาครัฐ", "objc_level1_name": "งบอุดหนุน", "compare": [{"bb_amount": 8280000, "bb_province": "สิงห์บุรี", "gf_amount": 7359000, "gf_province": "สิงห์บุรี"}], "gf_amount_sum": 7359000}
{"bb_code": "1500848002600364", "bb_year": "2560", "amount": 8280000, "min_code": "15000", "agc_code": "15008", "name": "ซ่อมแซมถนน (ปูแอสฟัลท์ติก) สายบ้านตูบโกบ - บ้านกกดู่ หมู่ที่ 2 , 8 และ 10บ้านตูบโกบและบ้านกกดู่จำนวน 2 ช่วง มีพื้นที่ไม่น้อยกว่า 23,100ตารางเมตรองค์การบริหารส่วนตำบลกกดู่ อำเภอเมืองเลยจังหวัดเลย", "min": "กระทรวงมหาดไทย", "agc": "กรมส่งเสริมการปกครองท้องถิ่น", "plan_name": "แผนงานบูรณาการส่งเสริมการกระจายอำนาจให้แก่องค์กรปกครองส่วนท้องถิ่น", "stg_name": "ยุทธศาสตร์ด้านการปรับสมดุลและพัฒนาระบบบริหารจัดการภาครัฐ", "objc_level1_name": "งบอุดหนุน", "compare": [{"bb_amount": 8280000, "bb_province": "เลย", "gf_amount": 8049000, "gf_province": "เลย"}], "gf_amount_sum": 8049000}
{"bb_code": "1500848002600117", "bb_year": "2560", "amount": 8272000, "min_code": "15000", "agc_code": "15008", "name": "ซ่อมสร้างผิวแอสฟัลท์ติกคอนกรีตสาย สต 2010 ผัง13-ปาล์ม 6 หมู่7 ,หมู่ที่ 4ตำบลนิคมพัฒนา กว้าง 6เมตร ยาว 1,761 เมตร หนา0.04 เมตร ไหล่ทางข้างละ1.50 เมตร พร้อมวางท่อระบายน้ำ 1 จุด องค์การบริหารส่วนตำบลนิคมพัฒนา อำเภอมะนัง จังหวัดสตูล", "min": "กระทรวงมหาดไทย", "agc": "กรมส่งเสริมการปกครองท้องถิ่น", "plan_name": "แผนงานบูรณาการส่งเสริมการกระจายอำนาจให้แก่องค์กรปกครองส่วนท้องถิ่น", "stg_name": "ยุทธศาสตร์ด้านการปรับสมดุลและพัฒนาระบบบริหารจัดการภาครัฐ", "objc_level1_name": "งบอุดหนุน", "compare": [{"bb_amount": 8272000, "bb_province": "สตูล", "gf_amount": 8270800, "gf_province": "สตูล"}], "gf_amount_sum": 8270800}
{"bb_code": "1500741009420420", "bb_year": "2560", "amount": 8225000, "min_code": "15000", "agc_code": "15007", "name": "เขื่อนป้องกันตลิ่งริมแม่น้ำยม บริเวณบ้านบุญเจริญ ม.8 ต.แม่หล่าย อ.เมือง จ.แพร่ ความยาว 320 เมตร", "min": "กระทรวงมหาดไทย", "agc": "กรมโยธาธิการและผังเมือง", "plan_name": "แผนงานบูรณาการบริหารจัดการทรัพยากรน้ำ", "stg_name": "ยุทธศาสตร์ด้านการจัดการน้ำและสร้างการเติบโตบนคุณภาพชีวิตที่เป็นมิตรกับสิ่งแวดล้อมอย่างยั่งยืน", "objc_level1_name": "งบลงทุน", "compare": [{"bb_amount": 8225000, "bb_province": "แพร่", "gf_amount": 8225000, "gf_province": "แพร่"}], "gf_amount_sum": 8225000}
{"bb_code": "1500848002600983", "bb_year": "2560", "amount": 8210000, "min_code": "15000", "agc_code": "15008", "name": "เสริมผิวถนนพาราแอสฟัลท์ติก สาย แยกนาเกลือ ม.11- ม.3 ขนาดกว้าง 8 เมตรยาว 1,990 เมตร หนา 0.05เมตร องค์การบริหารส่วนตำบลบานา อำเภอเมืองปัตตานี จังหวัดปัตตานี", "min": "กระทรวงมหาดไทย", "agc": "กรมส่งเสริมการปกครองท้องถิ่น", "plan_name": "แผนงานบูรณาการส่งเสริมการกระจายอำนาจให้แก่องค์กรปกครองส่วนท้องถิ่น", "stg_name": "ยุทธศาสตร์ด้านการปรับสมดุลและพัฒนาระบบบริหารจัดการภาครัฐ", "objc_level1_name": "งบอุดหนุน", "compare": [{"bb_amount": 8210000, "bb_province": "ปัตตานี", "gf_amount": 7760000, "gf_province": "ปัตตานี"}], "gf_amount_sum": 7760000}
{"bb_code": "1500848002600A49", "bb_year": "2560", "amount": 8210000, "min_code": "15000", "agc_code": "15008", "name": "ปรับปรุงผิวทาง AsphalticConcrete บ้านหนองน้ำคัน -บ้านท่าทอง หมู่ที่ 6-4ตำบลน้ำซึม กว้าง 6 เมตรยาว 3,095 เมตร ไหล่ทางข้างละ 1.00 เมตร หนา0.05 เมตร องค์การบริหารส่วนตำบลน้ำซึม อำเภอเมืองอุทัยธานี จังหวัดอุทัยธานี", "min": "กระทรวงมหาดไทย", "agc": "กรมส่งเสริมการปกครองท้องถิ่น", "plan_name": "แผนงานบูรณาการส่งเสริมการกระจายอำนาจให้แก่องค์กรปกครองส่วนท้องถิ่น", "stg_name": "ยุทธศาสตร์ด้านการปรับสมดุลและพัฒนาระบบบริหารจัดการภาครัฐ", "objc_level1_name": "งบอุดหนุน", "compare": [{"bb_amount": 8210000, "bb_province": "อุทัยธานี", "gf_amount": 7770000, "gf_province": "อุทัยธานี"}], "gf_amount_sum": 7770000}
{"bb_code": "1500848002600A43", "bb_year": "2560", "amount": 8210000, "min_code": "15000", "agc_code": "15008", "name": "เสริมผิวจราจรยางพาราแอสฟัลท์ติกคอนกรีต สายบ้านสะนิง -บ้านปากาลิมาปุโล๊ะหมู่ที่ 3 บ้านลดา ถึงหมู่ที่ 8บ้านบลีดอ ขนาดวกว้าง 8เมตร ยาว 2,000 เมตร หนา0.05 เมตร องค์การบริหารส่วนตำบลบาราเฮาะ อำเภอเมืองปัตตานี จังหวัดปัตตานี", "min": "กระทรวงมหาดไทย", "agc": "กรมส่งเสริมการปกครองท้องถิ่น", "plan_name": "แผนงานบูรณาการส่งเสริมการกระจายอำนาจให้แก่องค์กรปกครองส่วนท้องถิ่น", "stg_name": "ยุทธศาสตร์ด้านการปรับสมดุลและพัฒนาระบบบริหารจัดการภาครัฐ", "objc_level1_name": "งบอุดหนุน", "compare": [{"bb_amount": 8210000, "bb_province": "ปัตตานี", "gf_amount": 7978000, "gf_province": "ปัตตานี"}], "gf_amount_sum": 7978000}
{"bb_code": "1500848002600262", "bb_year": "2560", "amount": 8208000, "min_code": "15000", "agc_code": "15008", "name": "ก่อสร้างถนนคอนกรีตเสริมเหล็กสายตะพงนอก-เนินเสาธง-ชากลาว หมู่ที่ 8,12ตำบลตะพง กว้าง 7 เมตรยาว 1,695 เมตร หนา 0.15เมตร มีพื้นที่รวมไม่น้อยกว่า11,865 ตาราเมตร องค์การบริหารส่วนตำบลตะพงอำเภอเมือง จังหวัดระยอง", "min": "กระทรวงมหาดไทย", "agc": "กรมส่งเสริมการปกครองท้องถิ่น", "plan_name": "แผนงานบูรณาการส่งเสริมการกระจายอำนาจให้แก่องค์กรปกครองส่วนท้องถิ่น", "stg_name": "ยุทธศาสตร์ด้านการปรับสมดุลและพัฒนาระบบบริหารจัดการภาครัฐ", "objc_level1_name": "งบอุดหนุน", "compare": [{"bb_amount": 8208000, "bb_province": "ระยอง", "gf_amount": 8203500, "gf_province": "ระยอง"}], "gf_amount_sum": 8203500}
