{"bb_code": "1500848002600494", "bb_year": "2560", "amount": 8200000, "min_code": "15000", "agc_code": "15008", "name": "ซ่อมสร้างถนนลาดยางแอสฟัลท์ติกคอนกรีต สาย นน2022 บ้านสบยาว หมู่ที่ 7ตำบลเมืองจัง จำนวน 3ช่วง ยาวรวม 2,450 เมตรรื้อ Searity ขึ้นรูปคันทางใหม่เสริมหินคลุกหนาเฉลี่ย0.10 เมตร หรือมีพื้นที่รวมไม่น้อยกว่า 19,600 ตารางเมตร องค์การบริหารส่วนตำบลเมืองจัง อำเภอภูเพียง จังหวัดน่าน", "min": "กระทรวงมหาดไทย", "agc": "กรมส่งเสริมการปกครองท้องถิ่น", "plan_name": "แผนงานบูรณาการส่งเสริมการกระจายอำนาจให้แก่องค์กรปกครองส่วนท้องถิ่น", "stg_name": "ยุทธศาสตร์ด้านการปรับสมดุลและพัฒนาระบบบริหารจัดการภาครัฐ", "objc_level1_name": "งบอุดหนุน", "compare": [{"bb_amount": 8200000, "bb_province": "น่าน", "gf_amount": 8200000, "gf_province": "น่าน"}], "gf_amount_sum": 8200000}
{"bb_code": "1500848002600287", "bb_year": "2560", "amount": 8200000, "min_code": "15000", "agc_code": "15008", "name": "ปรับปรุงซ่อมแซมถนนลาดยางพาราแอสฟัลท์ติกคอนกรีต จากสามแยกบ้านกอก หมู่ 6 ถึงบ้านลาดเขาปูน หมู่ที่ 8 ตำบลบ้านแก้ง ช่วงที่ 2 (จากสามแยกบ้านนายประยงค์ กลิ่นมณฑา-ทางเข้าสำนักสงฆ์ถ้ำเขาหินปูน) มีพื้นที่ไม่น้อยกว่า 16,464 ตารางเมตร องค์การบริหารส่วนตำบลบ้านแก้ง อำเภอเฉลิมพระเกียรติ จังหวัดสระบุรี", "min": "กระทรวงมหาดไทย", "agc": "กรมส่งเสริมการปกครองท้องถิ่น", "plan_name": "แผนงานบูรณาการส่งเสริมการกระจายอำนาจให้แก่องค์กรปกครองส่วนท้องถิ่น", "stg_name": "ยุทธศาสตร์ด้านการปรับสมดุลและพัฒนาระบบบริหารจัดการภาครัฐ", "objc_level1_name": "งบอุดหนุน", "compare": [{"bb_amount": 8200000, "bb_province": "สระบุรี", "gf_amount": 8179500, "gf_province": "สระบุรี"}], "gf_amount_sum": 8179500}
{"bb_code": "1500741009420547", "bb_year": "2560", "amount": 8200000, "min_code": "15000", "agc_code": "15007", "name": "เขื่อนป้องกันตลิ่งริมแม่น้ำว้าชุมชนบ้านศรีมงคลเหนือม.7 ต.ขึ่ง อ.เวียงสาจ.น่าน ความยาว 810 เมตร", "min": "กระทรวงมหาดไทย", "agc": "กรมโยธาธิการและผังเมือง", "plan_name": "แผนงานบูรณาการบริหารจัดการทรัพยากรน้ำ", "stg_name": "ยุทธศาสตร์ด้านการจัดการน้ำและสร้างการเติบโตบนคุณภาพชีวิตที่เป็นมิตรกับสิ่งแวดล้อมอย่างยั่งยืน", "objc_level1_name": "งบลงทุน", "compare": [{"bb_amount": 8200000, "bb_province": "น่าน"}, {"gf_amount": 6084600, "gf_province": "ส่วนกลาง", "bb_amount": null, "bb_province": "กรุงเทพมหานคร"}], "gf_amount_sum": 6084600}
{"bb_code": "1500741009420435", "bb_year": "2560", "amount": 8190000, "min_code": "15000", "agc_code": "15007", "name": "เขื่อนป้องกันตลิ่งริมห้วยทับทัน บริเวณวัดศรีบึงบูรพ์บ้านโนนสาวสวย ม.4 ต.บึงบูรพ์ อ.บึงบูรพ์ จ.ศรีสะเกษความยาว 250 เมตร", "min": "กระทรวงมหาดไทย", "agc": "กรมโยธาธิการและผังเมือง", "plan_name": "แผนงานบูรณาการบริหารจัดการทรัพยากรน้ำ", "stg_name": "ยุทธศาสตร์ด้านการจัดการน้ำและสร้างการเติบโตบนคุณภาพชีวิตที่เป็นมิตรกับสิ่งแวดล้อมอย่างยั่งยืน", "objc_level1_name": "งบลงทุน", "compare": [{"bb_amount": 8190000, "bb_province": "ศรีสะเกษ", "gf_amount": 13385000, "gf_province": "ศรีสะเกษ"}], "gf_amount_sum": 13385000}
{"bb_code": "1500741009420456", "bb_year": "2560", "amount": 8190000, "min_code": "15000", "agc_code": "15007", "name": "เขื่อนป้องกันตลิ่งริมแม่น้ำน่าน (ตอนที่ 1) ม.6 บ้านวังกะพี้ ต.วังกะพี้ อ.เมือง จ.อุตรดิตถ์ ความยาว 150เมตร", "min": "กระทรวงมหาดไทย", "agc": "กรมโยธาธิการและผังเมือง", "plan_name": "แผนงานบูรณาการบริหารจัดการทรัพยากรน้ำ", "stg_name": "ยุทธศาสตร์ด้านการจัดการน้ำและสร้างการเติบโตบนคุณภาพชีวิตที่เป็นมิตรกับสิ่งแวดล้อมอย่างยั่งยืน", "objc_level1_name": "งบลงทุน", "compare": [{"bb_amount": 8190000, "bb_province": "อุตรดิตถ์", "gf_amount": 2999800, "gf_province": "อุตรดิตถ์"}], "gf_amount_sum": 2999800}
{"bb_code": "1500741009420028", "bb_year": "2560", "amount": 8190000, "min_code": "15000", "agc_code": "15007", "name": "เขื่อนป้องกันตลิ่งริมแม่น้ำปิง บริเวณบ้านไร่ ม.2 ต.ทรงธรรม อ.เมืองกำแพงเพชร จ.กำแพงเพชร ความยาว 660เมตร", "min": "กระทรวงมหาดไทย", "agc": "กรมโยธาธิการและผังเมือง", "plan_name": "แผนงานบูรณาการบริหารจัดการทรัพยากรน้ำ", "stg_name": "ยุทธศาสตร์ด้านการจัดการน้ำและสร้างการเติบโตบนคุณภาพชีวิตที่เป็นมิตรกับสิ่งแวดล้อมอย่างยั่งยืน", "objc_level1_name": "งบลงทุน", "compare": [{"bb_amount": 8190000, "bb_province": "กำแพงเพชร", "gf_amount": 4397900, "gf_province": "กำแพงเพชร"}], "gf_amount_sum": 4397900}
{"bb_code": "1500848002600404", "bb_year": "2560", "amount": 8177000, "min_code": "15000", "agc_code": "15008", "name": "ซ่อมสร้างถนนลาดยางสายบ้านสงเปือย - บ้านสูบ หมู่ที่ 8 บ้านผากลางดง ตำบลธาตุ กว้าง 6 เมตร ยาว3,500 เมตร หนา 0.04เมตร เทศบาลตำบลธาตุอำเภอเชียงคาน จังหวัดเลย", "min": "กระทรวงมหาดไทย", "agc": "กรมส่งเสริมการปกครองท้องถิ่น", "plan_name": "แผนงานบูรณาการส่งเสริมการกระจายอำนาจให้แก่องค์กรปกครองส่วนท้องถิ่น", "stg_name": "ยุทธศาสตร์ด้านการปรับสมดุลและพัฒนาระบบบริหารจัดการภาครัฐ", "objc_level1_name": "งบอุดหนุน", "compare": [{"bb_amount": 8177000, "bb_province": "เลย", "gf_amount": 8140000, "gf_province": "เลย"}], "gf_amount_sum": 8140000}
{"bb_code": "1500848002600894", "bb_year": "2560", "amount": 8150000, "min_code": "15000", "agc_code": "15008", "name": "ปรับปรุงเสริมผิวแอสฟัลท์ติกคอนกรีต ถนนสายบ้านดงสวาง - บ้านเหล่าสูง จำนวน4 ช่วง มีพื้นที่รวมไม่น้อยกว่า 26,915 ตารางเมตรเทศบาลตำบลห้วยโพธิ์อำเภอเมืองกาฬสินธุ์จังหวัดกาฬสินธุ์", "min": "กระทรวงมหาดไทย", "agc": "กรมส่งเสริมการปกครองท้องถิ่น", "plan_name": "แผนงานบูรณาการส่งเสริมการกระจายอำนาจให้แก่องค์กรปกครองส่วนท้องถิ่น", "stg_name": "ยุทธศาสตร์ด้านการปรับสมดุลและพัฒนาระบบบริหารจัดการภาครัฐ", "objc_level1_name": "งบอุดหนุน", "compare": [{"bb_amount": 8150000, "bb_province": "กาฬสินธุ์", "gf_amount": 4999999, "gf_province": "กาฬสินธุ์"}], "gf_amount_sum": 4999999}
{"bb_code": "1500741009420122", "bb_year": "2560", "amount": 8141200, "min_code": "15000", "agc_code": "15007", "name": "เขื่อนป้องกันตลิ่งริมแควพระปรง ม.5 ต.กบินทร์ อ.กบินทร์บุรี จ.ปราจีนบุรีความยาว 200 เมตร", "min": "กระทรวงมหาดไทย", "agc": "กรมโยธาธิการและผังเมือง", "plan_name": "แผนงานบูรณาการบริหารจัดการทรัพยากรน้ำ", "stg_name": "ยุทธศาสตร์ด้านการจัดการน้ำและสร้างการเติบโตบนคุณภาพชีวิตที่เป็นมิตรกับสิ่งแวดล้อมอย่างยั่งยืน", "objc_level1_name": "งบลงทุน", "compare": [{"bb_amount": 8141200, "bb_province": "ปราจีนบุรี", "gf_amount": 8141200, "gf_province": "ปราจีนบุรี"}], "gf_amount_sum": 8141200}
{"bb_code": "1500741009420497", "bb_year": "2560", "amount": 8141200, "min_code": "15000", "agc_code": "15007", "name": "เขื่อนป้องกันตลิ่งริมแม่น้ำปราจีนบุรี บริเวณต่อเนื่องวัดอรัญญไพรศรี ม.5 ต.บ้านทาม อ.ศรีมหาโพธิ จ.ปราจีนบุรี ความยาว 200เมตร", "min": "กระทรวงมหาดไทย", "agc": "กรมโยธาธิการและผังเมือง", "plan_name": "แผนงานบูรณาการบริหารจัดการทรัพยากรน้ำ", "stg_name": "ยุทธศาสตร์ด้านการจัดการน้ำและสร้างการเติบโตบนคุณภาพชีวิตที่เป็นมิตรกับสิ่งแวดล้อมอย่างยั่งยืน", "objc_level1_name": "งบลงทุน", "compare": [{"bb_amount": 8141200, "bb_province": "ปราจีนบุรี", "gf_amount": 8141200, "gf_province": "ปราจีนบุรี"}], "gf_amount_sum": 8141200}
{"bb_code": "1500848002600291", "bb_year": "2560", "amount": 8139000, "min_code": "15000", "agc_code": "15008", "name": "เสริมผิวทางแอสฟัลท์ติกคอนกรีต ปรับปรุงคุณภาพด้วยยางพาราธรรมชาติ สายสห.4074 บ้านคลองใหม่ -บ้านแหลมทอง หมู่ที่ 9 -10 ตำบลทับยา กว้าง 6เมตร ยาว 3,059 เมตร หนา0.05 เมตร เทศบาลตำบลทับยา อำเภออินทร์บุรีจังหวัดสิงห์บุรี", "min": "กระทรวงมหาดไทย", "agc": "กรมส่งเสริมการปกครองท้องถิ่น", "plan_name": "แผนงานบูรณาการส่งเสริมการกระจายอำนาจให้แก่องค์กรปกครองส่วนท้องถิ่น", "stg_name": "ยุทธศาสตร์ด้านการปรับสมดุลและพัฒนาระบบบริหารจัดการภาครัฐ", "objc_level1_name": "งบอุดหนุน", "compare": [{"bb_amount": 8139000, "bb_province": "สิงห์บุรี", "gf_amount": 8110000, "gf_province": "สิงห์บุรี"}], "gf_amount_sum": 8110000}
{"bb_code": "1500743020420144", "bb_year": "2560", "amount": 8126000, "min_code": "15000", "agc_code": "15007", "name": "เขื่อนป้องกันตลิ่งริมแม่น้ำโขง บ้านป่าสัก (ต่อเนื่องเขื่อนเดิมท้ายน้ำ) ต.บ้านหม้อ อ.ศรีเชียงใหม่ จ.หนองคาย ความยาว 840เมตร", "min": "กระทรวงมหาดไทย", "agc": "กรมโยธาธิการและผังเมือง", "plan_name": "แผนงานยุทธศาสตร์จัดการผลกระทบจากการเปลี่ยนแปลงสภาวะภูมิอากาศ และภัยพิบัติ", "stg_name": "ยุทธศาสตร์ด้านการจัดการน้ำและสร้างการเติบโตบนคุณภาพชีวิตที่เป็นมิตรกับสิ่งแวดล้อมอย่างยั่งยืน", "objc_level1_name": "งบลงทุน", "compare": [{"bb_amount": 8126000, "bb_province": "หนองคาย"}], "gf_amount_sum": 0}
{"bb_code": "1500741009420052", "bb_year": "2560", "amount": 8112000, "min_code": "15000", "agc_code": "15007", "name": "เขื่อนป้องกันตลิ่งริมแม่น้ำหน้าวัดสำโรง ต.วัดสำโรงอ.นครชัยศรี จ.นครปฐมความยาว 219 เมตร", "min": "กระทรวงมหาดไทย", "agc": "กรมโยธาธิการและผังเมือง", "plan_name": "แผนงานบูรณาการบริหารจัดการทรัพยากรน้ำ", "stg_name": "ยุทธศาสตร์ด้านการจัดการน้ำและสร้างการเติบโตบนคุณภาพชีวิตที่เป็นมิตรกับสิ่งแวดล้อมอย่างยั่งยืน", "objc_level1_name": "งบลงทุน", "compare": [{"bb_amount": 8112000, "bb_province": "นครปฐม", "gf_amount": 733794.6, "gf_province": "นครปฐม"}], "gf_amount_sum": 733794.6}
{"bb_code": "1500741009420544", "bb_year": "2560", "amount": 8100000, "min_code": "15000", "agc_code": "15007", "name": "เขื่อนป้องกันตลิ่งริมแม่น้ำป่าสัก วัดบ้านใหม่สีมาราม ม.5 ต.ระวิง อ.เมือง จ.เพชรบูรณ์ ความยาว 448เมตร", "min": "กระทรวงมหาดไทย", "agc": "กรมโยธาธิการและผังเมือง", "plan_name": "แผนงานบูรณาการบริหารจัดการทรัพยากรน้ำ", "stg_name": "ยุทธศาสตร์ด้านการจัดการน้ำและสร้างการเติบโตบนคุณภาพชีวิตที่เป็นมิตรกับสิ่งแวดล้อมอย่างยั่งยืน", "objc_level1_name": "งบลงทุน", "compare": [{"bb_amount": 8100000, "bb_province": "เพชรบูรณ์"}, {"gf_amount": 6045000, "gf_province": "ส่วนกลาง", "bb_amount": null, "bb_province": "กรุงเทพมหานคร"}], "gf_amount_sum": 6045000}
{"bb_code": "1500742031700052", "bb_year": "2560", "amount": 8094000, "min_code": "15000", "agc_code": "15007", "name": "การวางและจัดทำผังเมืองรวมจังหวัดชัยภูมิ", "min": "กระทรวงมหาดไทย", "agc": "กรมโยธาธิการและผังเมือง", "plan_name": "แผนงานยุทธศาสตร์อนุรักษ์ ฟื้นฟู และป้องกันทรัพยากรธรรมชาติ", "stg_name": "ยุทธศาสตร์ด้านการจัดการน้ำและสร้างการเติบโตบนคุณภาพชีวิตที่เป็นมิตรกับสิ่งแวดล้อมอย่างยั่งยืน", "objc_level1_name": "รายจ่ายอื่น", "compare": [{"bb_amount": 8094000, "bb_province": "ชัยภูมิ"}, {"gf_amount": 8094000, "gf_province": "ส่วนกลาง", "bb_amount": null, "bb_province": "กรุงเทพมหานคร"}], "gf_amount_sum": 8094000}
{"bb_code": "1500848002600658", "bb_year": "2560", "amount": 8089000, "min_code": "15000", "agc_code": "15008", "name": "ซ่อมสร้างผิวทางแอสฟัลท์ติกคอนกรีตสาย นศ.2068แยก ทล.41 (กม.ที่248+115) - บ้านนาแยะ มีพื้นที่ไม่น้อยกว่า 17,250ตารางเมตร องค์การบริหารส่วนตำบลคลองเส อำเภอถ้ำพรรณรา จังหวัดนครศรีธรรมราช", "min": "กระทรวงมหาดไทย", "agc": "กรมส่งเสริมการปกครองท้องถิ่น", "plan_name": "แผนงานบูรณาการส่งเสริมการกระจายอำนาจให้แก่องค์กรปกครองส่วนท้องถิ่น", "stg_name": "ยุทธศาสตร์ด้านการปรับสมดุลและพัฒนาระบบบริหารจัดการภาครัฐ", "objc_level1_name": "งบอุดหนุน", "compare": [{"bb_amount": 8089000, "bb_province": "นครศรีธรรมราช", "gf_amount": 8050000, "gf_province": "นครศรีธรรมราช"}], "gf_amount_sum": 8050000}
{"bb_code": "1500848002600713", "bb_year": "2560", "amount": 8080000, "min_code": "15000", "agc_code": "15008", "name": "ซ่อมสร้างถนนลาดยางพาราแอสฟัลท์ติกคอนกรีต สายชน.6026 บ้านนางลือ-บ้านหนองจอก หมู่ที่ 6 บ้านหนองจอก ตำบลนางลือกว้าง 6 เมตร ยาว 2,514เมตร หนา 0.05 เมตร หรือพื้นที่ไม่น้อยกว่า 15,084ตารางเมตร เทศบาลตำบลนางลือ อำเภอเมืองชัยนาทจังหวัดชัยนาท", "min": "กระทรวงมหาดไทย", "agc": "กรมส่งเสริมการปกครองท้องถิ่น", "plan_name": "แผนงานบูรณาการส่งเสริมการกระจายอำนาจให้แก่องค์กรปกครองส่วนท้องถิ่น", "stg_name": "ยุทธศาสตร์ด้านการปรับสมดุลและพัฒนาระบบบริหารจัดการภาครัฐ", "objc_level1_name": "งบอุดหนุน", "compare": [{"bb_amount": 8080000, "bb_province": "ชัยนาท", "gf_amount": 7500000, "gf_province": "ชัยนาท"}], "gf_amount_sum": 7500000}
{"bb_code": "1500741009420108", "bb_year": "2560", "amount": 8078000, "min_code": "15000", "agc_code": "15007", "name": "เขื่อนป้องกันตลิ่งริมแม่น้ำปิง บริเวณบ้านท้องคุ้ง ม.7ต.ท่าพุทรา อ.คลองขลุง จ.กำแพงเพชร ความยาว 330เมตร", "min": "กระทรวงมหาดไทย", "agc": "กรมโยธาธิการและผังเมือง", "plan_name": "แผนงานบูรณาการบริหารจัดการทรัพยากรน้ำ", "stg_name": "ยุทธศาสตร์ด้านการจัดการน้ำและสร้างการเติบโตบนคุณภาพชีวิตที่เป็นมิตรกับสิ่งแวดล้อมอย่างยั่งยืน", "objc_level1_name": "งบลงทุน", "compare": [{"bb_amount": 8078000, "bb_province": "กำแพงเพชร", "gf_amount": 8078000, "gf_province": "กำแพงเพชร"}], "gf_amount_sum": 8078000}
{"bb_code": "1500743020420005", "bb_year": "2560", "amount": 8071300, "min_code": "15000", "agc_code": "15007", "name": "เขื่อนป้องกันตลิ่งริมแม่น้ำโขง บริเวณหน้าวัดศรีบุญเรือง (ต่อเนื่องเขื่อนเดิมท้ายน้ำ) ต.ศรีบุญเรือง อ.เมือง จ.มุกดาหาร ความยาว450 เมตร", "min": "กระทรวงมหาดไทย", "agc": "กรมโยธาธิการและผังเมือง", "plan_name": "แผนงานยุทธศาสตร์จัดการผลกระทบจากการเปลี่ยนแปลงสภาวะภูมิอากาศ และภัยพิบัติ", "stg_name": "ยุทธศาสตร์ด้านการจัดการน้ำและสร้างการเติบโตบนคุณภาพชีวิตที่เป็นมิตรกับสิ่งแวดล้อมอย่างยั่งยืน", "objc_level1_name": "งบลงทุน", "compare": [{"bb_amount": 8071300, "bb_province": "มุกดาหาร"}], "gf_amount_sum": 0}
{"bb_code": "1500743020420154", "bb_year": "2560", "amount": 8056500, "min_code": "15000", "agc_code": "15007", "name": "เขื่อนป้องกันตลิ่งริมแม่น้ำโขง บ้านไร่ หมู่ 5 (ต่อเนื่องเขื่อนเดิม) ต.ปะโค อ.เมืองจ.หนองคาย ความยาว 375เมตร", "min": "กระทรวงมหาดไทย", "agc": "กรมโยธาธิการและผังเมือง", "plan_name": "แผนงานยุทธศาสตร์จัดการผลกระทบจากการเปลี่ยนแปลงสภาวะภูมิอากาศ และภัยพิบัติ", "stg_name": "ยุทธศาสตร์ด้านการจัดการน้ำและสร้างการเติบโตบนคุณภาพชีวิตที่เป็นมิตรกับสิ่งแวดล้อมอย่างยั่งยืน", "objc_level1_name": "งบลงทุน", "compare": [{"bb_amount": 8056500, "bb_province": "หนองคาย"}, {"gf_amount": 8056500, "gf_province": "ส่วนกลาง", "bb_amount": null, "bb_province": "กรุงเทพมหานคร"}], "gf_amount_sum": 8056500}
