{"bb_code": "1500344035410318", "bb_year": "2560", "amount": 7353800, "min_code": "15000", "agc_code": "15003", "name": "ค่าก่อสร้างหอประชุมอำเภอปาย จังหวัดแม่ฮ่องสอน", "min": "กระทรวงมหาดไทย", "agc": "กรมการปกครอง", "plan_name": "แผนงานพื้นฐานด้านการปรับสมดุลและพัฒนาระบบการบริหารจัดการภาครัฐ", "stg_name": "ยุทธศาสตร์ด้านการปรับสมดุลและพัฒนาระบบบริหารจัดการภาครัฐ", "objc_level1_name": "งบลงทุน", "compare": [{"bb_amount": 7353800, "bb_province": "แม่ฮ่องสอน", "gf_amount": 7079000, "gf_province": "แม่ฮ่องสอน"}], "gf_amount_sum": 7079000}
{"bb_code": "1500344035410317", "bb_year": "2560", "amount": 7353800, "min_code": "15000", "agc_code": "15003", "name": "ค่าก่อสร้างหอประชุมอำเภอไพศาลี จังหวัดนครสวรรค์", "min": "กระทรวงมหาดไทย", "agc": "กรมการปกครอง", "plan_name": "แผนงานพื้นฐานด้านการปรับสมดุลและพัฒนาระบบการบริหารจัดการภาครัฐ", "stg_name": "ยุทธศาสตร์ด้านการปรับสมดุลและพัฒนาระบบบริหารจัดการภาครัฐ", "objc_level1_name": "งบลงทุน", "compare": [{"bb_amount": 7353800, "bb_province": "นครสวรรค์", "gf_amount": 5016919.21, "gf_province": "นครสวรรค์"}], "gf_amount_sum": 5016919.21}
{"bb_code": "1500344035410285", "bb_year": "2560", "amount": 7353800, "min_code": "15000", "agc_code": "15003", "name": "ค่าก่อสร้างหอประชุมอำเภอยะหริ่ง จังหวัดปัตตานี", "min": "กระทรวงมหาดไทย", "agc": "กรมการปกครอง", "plan_name": "แผนงานพื้นฐานด้านการปรับสมดุลและพัฒนาระบบการบริหารจัดการภาครัฐ", "stg_name": "ยุทธศาสตร์ด้านการปรับสมดุลและพัฒนาระบบบริหารจัดการภาครัฐ", "objc_level1_name": "งบลงทุน", "compare": [{"bb_amount": 7353800, "bb_province": "ปัตตานี", "gf_amount": 6352101.47, "gf_province": "ปัตตานี"}], "gf_amount_sum": 6352101.47}
{"bb_code": "1500344035410284", "bb_year": "2560", "amount": 7353800, "min_code": "15000", "agc_code": "15003", "name": "ค่าก่อสร้างหอประชุมอำเภอพระพรหม จังหวัดนครศรีธรรมราช", "min": "กระทรวงมหาดไทย", "agc": "กรมการปกครอง", "plan_name": "แผนงานพื้นฐานด้านการปรับสมดุลและพัฒนาระบบการบริหารจัดการภาครัฐ", "stg_name": "ยุทธศาสตร์ด้านการปรับสมดุลและพัฒนาระบบบริหารจัดการภาครัฐ", "objc_level1_name": "งบลงทุน", "compare": [{"bb_amount": 7353800, "bb_province": "นครศรีธรรมราช", "gf_amount": 2311720, "gf_province": "นครศรีธรรมราช"}], "gf_amount_sum": 2311720}
{"bb_code": "1500344035410283", "bb_year": "2560", "amount": 7353800, "min_code": "15000", "agc_code": "15003", "name": "ค่าก่อสร้างหอประชุมอำเภอองครักษ์ จังหวัดนครนายก", "min": "กระทรวงมหาดไทย", "agc": "กรมการปกครอง", "plan_name": "แผนงานพื้นฐานด้านการปรับสมดุลและพัฒนาระบบการบริหารจัดการภาครัฐ", "stg_name": "ยุทธศาสตร์ด้านการปรับสมดุลและพัฒนาระบบบริหารจัดการภาครัฐ", "objc_level1_name": "งบลงทุน", "compare": [{"bb_amount": 7353800, "bb_province": "นครนายก", "gf_amount": 1874000, "gf_province": "นครนายก"}], "gf_amount_sum": 1874000}
{"bb_code": "1500344035410282", "bb_year": "2560", "amount": 7353800, "min_code": "15000", "agc_code": "15003", "name": "ค่าก่อสร้างหอประชุมอำเภอดอนตาล จังหวัดมุกดาหาร", "min": "กระทรวงมหาดไทย", "agc": "กรมการปกครอง", "plan_name": "แผนงานพื้นฐานด้านการปรับสมดุลและพัฒนาระบบการบริหารจัดการภาครัฐ", "stg_name": "ยุทธศาสตร์ด้านการปรับสมดุลและพัฒนาระบบบริหารจัดการภาครัฐ", "objc_level1_name": "งบลงทุน", "compare": [{"bb_amount": 7353800, "bb_province": "มุกดาหาร", "gf_amount": 2321831, "gf_province": "มุกดาหาร"}], "gf_amount_sum": 2321831}
{"bb_code": "1500703014410040", "bb_year": "2560", "amount": 7350000, "min_code": "15000", "agc_code": "15007", "name": "โครงการปรับปรุงถนนในชุมชนสายวังใหญ่ - หลังสำนัก - ฌาปนสถานบ้านวังใหญ่ ตำบลวังใหญ่ อำเภอเทพา จังหวัดสงขลา ความกว้าง 5.00 เมตร ระยะทาง2.100 กิโลเมตร", "min": "กระทรวงมหาดไทย", "agc": "กรมโยธาธิการและผังเมือง", "plan_name": "แผนงานบูรณาการขับเคลื่อนการแก้ไขปัญหาจังหวัดชายแดนภาคใต้ ", "stg_name": "ยุทธศาสตร์ด้านความมั่นคงและการต่างประเทศ", "objc_level1_name": "งบลงทุน", "compare": [{"bb_amount": 7350000, "bb_province": "สงขลา", "gf_amount": 7345000, "gf_province": "สงขลา"}], "gf_amount_sum": 7345000}
{"bb_code": "1500848002600667", "bb_year": "2560", "amount": 7330500, "min_code": "15000", "agc_code": "15008", "name": "ซ่อมสร้างถนนลาดยางแอสฟัลท์ติกคอนกรีตสายบึงกระโดน-แยกหนองยาง หมู่ที่ 4,3 บ้านบึงกระโดน, บ้านหนองสรวง ตำบลหนองอิรุณ พื้นที่ไม่น้อยกว่า13,424 ตารางเมตรองค์การบริหารส่วนตำบลหนองอิรุณ อำเภอบ้านบึงจังหวัดชลบุรี", "min": "กระทรวงมหาดไทย", "agc": "กรมส่งเสริมการปกครองท้องถิ่น", "plan_name": "แผนงานบูรณาการส่งเสริมการกระจายอำนาจให้แก่องค์กรปกครองส่วนท้องถิ่น", "stg_name": "ยุทธศาสตร์ด้านการปรับสมดุลและพัฒนาระบบบริหารจัดการภาครัฐ", "objc_level1_name": "งบอุดหนุน", "compare": [{"bb_amount": 7330500, "bb_province": "ชลบุรี", "gf_amount": 7287000, "gf_province": "ชลบุรี"}], "gf_amount_sum": 7287000}
{"bb_code": "1500741009420153", "bb_year": "2560", "amount": 7330000, "min_code": "15000", "agc_code": "15007", "name": "เขื่อนป้องกันตลิ่งริมแม่น้ำตาปี เทศบาลตำบลย่านดินแดง หมู่ที่ 1 ตำบลอิปันอำเภอพระแสง จ.สุราษฎร์ธานี ความยาว 300 เมตร", "min": "กระทรวงมหาดไทย", "agc": "กรมโยธาธิการและผังเมือง", "plan_name": "แผนงานบูรณาการบริหารจัดการทรัพยากรน้ำ", "stg_name": "ยุทธศาสตร์ด้านการจัดการน้ำและสร้างการเติบโตบนคุณภาพชีวิตที่เป็นมิตรกับสิ่งแวดล้อมอย่างยั่งยืน", "objc_level1_name": "งบลงทุน", "compare": [{"bb_amount": 7330000, "bb_province": "สุราษฎร์ธานี", "gf_amount": 1474488, "gf_province": "สุราษฎร์ธานี"}], "gf_amount_sum": 1474488}
{"bb_code": "1500848002600555", "bb_year": "2560", "amount": 7330000, "min_code": "15000", "agc_code": "15008", "name": "ปรับปรุงผิวจราจรลาดยางแบบแอสฟัลท์ติกคอนกรีตสายบ้านโคกสยา หมู่ที่ 8 -บ้านใหม่ หมู่ที่ 5 ตำบลกะลุวอเหนือ กว้าง 6 เมตร ยาว2,607 เมตร หนา 0.05เมตร เทศบาลตำบลกะลุวอเหนือ อำเภอเมืองนราธิวาสจังหวัดนราธิวาส", "min": "กระทรวงมหาดไทย", "agc": "กรมส่งเสริมการปกครองท้องถิ่น", "plan_name": "แผนงานบูรณาการส่งเสริมการกระจายอำนาจให้แก่องค์กรปกครองส่วนท้องถิ่น", "stg_name": "ยุทธศาสตร์ด้านการปรับสมดุลและพัฒนาระบบบริหารจัดการภาครัฐ", "objc_level1_name": "งบอุดหนุน", "compare": [{"bb_amount": 7330000, "bb_province": "นราธิวาส", "gf_amount": 7310000, "gf_province": "นราธิวาส"}], "gf_amount_sum": 7310000}
{"bb_code": "1500742024420065", "bb_year": "2560", "amount": 7317400, "min_code": "15000", "agc_code": "15007", "name": "โครงการพัฒนาเมืองอนุรักษ์ เพื่อการท่องเที่ยวชุมชนอัมพวา ตามผังพัฒนาพื้นที่เฉพาะชุมชนอัมพวา อำเภออัมพวาจังหวัดสมุทรสงคราม ระยะที่ 3", "min": "กระทรวงมหาดไทย", "agc": "กรมโยธาธิการและผังเมือง", "plan_name": "แผนงานยุทธศาสตร์อนุรักษ์ ฟื้นฟู และป้องกันทรัพยากรธรรมชาติ", "stg_name": "ยุทธศาสตร์ด้านการจัดการน้ำและสร้างการเติบโตบนคุณภาพชีวิตที่เป็นมิตรกับสิ่งแวดล้อมอย่างยั่งยืน", "objc_level1_name": "งบลงทุน", "compare": [{"bb_amount": 7317400, "bb_province": "สมุทรสงคราม"}, {"gf_amount": 17317400, "gf_province": "ส่วนกลาง", "bb_amount": null, "bb_province": "กรุงเทพมหานคร"}], "gf_amount_sum": 17317400}
{"bb_code": "1500848002600742", "bb_year": "2560", "amount": 7317000, "min_code": "15000", "agc_code": "15008", "name": "ปรับปรุงถนนผิวจราจรยางพาราแอสฟัลท์ติกคอนกรีต ช่วงบ้านคาวโตน หมู่ที่ 6 - บ้านป่าข่า หมู่ที่ 4จำนวน 1 ช่วง มีพื้นที่รวมไม่น้อยกว่า 18,000 ตารางเมตร องค์การบริหารส่วนตำบลสันกลาง อำเภอพานจังหวัดเชียงราย", "min": "กระทรวงมหาดไทย", "agc": "กรมส่งเสริมการปกครองท้องถิ่น", "plan_name": "แผนงานบูรณาการส่งเสริมการกระจายอำนาจให้แก่องค์กรปกครองส่วนท้องถิ่น", "stg_name": "ยุทธศาสตร์ด้านการปรับสมดุลและพัฒนาระบบบริหารจัดการภาครัฐ", "objc_level1_name": "งบอุดหนุน", "compare": [{"bb_amount": 7317000, "bb_province": "เชียงราย", "gf_amount": 4820000, "gf_province": "เชียงราย"}], "gf_amount_sum": 4820000}
{"bb_code": "1500741009420285", "bb_year": "2560", "amount": 7302600, "min_code": "15000", "agc_code": "15007", "name": "เขื่อนป้องกันตลิ่งริมแม่น้ำท่าจีนและริมคลองสองพี่น้อง บริเวณวัดบางสาม ต.บางตะเคียน อ.สองพี่น้องจ.สุพรรณบุรี ความยาว 375เมตร", "min": "กระทรวงมหาดไทย", "agc": "กรมโยธาธิการและผังเมือง", "plan_name": "แผนงานบูรณาการบริหารจัดการทรัพยากรน้ำ", "stg_name": "ยุทธศาสตร์ด้านการจัดการน้ำและสร้างการเติบโตบนคุณภาพชีวิตที่เป็นมิตรกับสิ่งแวดล้อมอย่างยั่งยืน", "objc_level1_name": "งบลงทุน", "compare": [{"bb_amount": 7302600, "bb_province": "สุพรรณบุรี"}], "gf_amount_sum": 0}
{"bb_code": "1500848002600600", "bb_year": "2560", "amount": 7300000, "min_code": "15000", "agc_code": "15008", "name": "ซ่อมสร้างผิวจราจรยางพาราแอสฟัลท์ติกคอนกรีต สายบ้านหนองขนาน-บ้านดอนกระเพรา หมู่ที่ 1 บ้านหนองขนาน ตำบลหนองกระทุ่มกว้าง 6 เมตร ยาว 2,000เมตร หนา 0.05 เมตร พื้นที่ไม่น้อยกว่า 12,000 ตารางเมตร องค์การบริหารส่วนตำบลหนองกระทุ่ม อำเภอกำแพงแสน จังหวัดนครปฐม", "min": "กระทรวงมหาดไทย", "agc": "กรมส่งเสริมการปกครองท้องถิ่น", "plan_name": "แผนงานบูรณาการส่งเสริมการกระจายอำนาจให้แก่องค์กรปกครองส่วนท้องถิ่น", "stg_name": "ยุทธศาสตร์ด้านการปรับสมดุลและพัฒนาระบบบริหารจัดการภาครัฐ", "objc_level1_name": "งบอุดหนุน", "compare": [{"bb_amount": 7300000, "bb_province": "นครปฐม", "gf_amount": 6660000, "gf_province": "นครปฐม"}], "gf_amount_sum": 6660000}
{"bb_code": "1500741009420274", "bb_year": "2560", "amount": 7290000, "min_code": "15000", "agc_code": "15007", "name": "เขื่อนป้องกันตลิ่งริมคลองบางพระครู วัดตาลเอน ต.ตาลเอน อ.บางประหัน จ.พระนครศรีอยุธยา ความยาว405 เมตร", "min": "กระทรวงมหาดไทย", "agc": "กรมโยธาธิการและผังเมือง", "plan_name": "แผนงานบูรณาการบริหารจัดการทรัพยากรน้ำ", "stg_name": "ยุทธศาสตร์ด้านการจัดการน้ำและสร้างการเติบโตบนคุณภาพชีวิตที่เป็นมิตรกับสิ่งแวดล้อมอย่างยั่งยืน", "objc_level1_name": "งบลงทุน", "compare": [{"bb_amount": 7290000, "bb_province": "พระนครศรีอยุธยา"}, {"gf_amount": 5413200, "gf_province": "ส่วนกลาง", "bb_amount": null, "bb_province": "กรุงเทพมหานคร"}], "gf_amount_sum": 5413200}
{"bb_code": "1500848002600779", "bb_year": "2560", "amount": 7290000, "min_code": "15000", "agc_code": "15008", "name": "ปรับปรุงผิวถนนลาดยางผิวจราจรแอสฟัลท์ติกคอนกรีตสายบ้านสันกอง - อุทยานแห่งชาติดอยหลวง (หมู่ที่ 7- 10 สายน้ำตกปูแกงช่วงบ้านสันต้นแหน - บ้านอิงดอย จำนวน 1 ช่วง มีพื้นที่รวมไม่น้อยกว่า 24,000ตารางเมตร องค์การบริหารส่วนตำบลแม่เย็น อำเภอพาน จังหวัดเชียงราย", "min": "กระทรวงมหาดไทย", "agc": "กรมส่งเสริมการปกครองท้องถิ่น", "plan_name": "แผนงานบูรณาการส่งเสริมการกระจายอำนาจให้แก่องค์กรปกครองส่วนท้องถิ่น", "stg_name": "ยุทธศาสตร์ด้านการปรับสมดุลและพัฒนาระบบบริหารจัดการภาครัฐ", "objc_level1_name": "งบอุดหนุน", "compare": [{"bb_amount": 7290000, "bb_province": "เชียงราย", "gf_amount": 7245000, "gf_province": "เชียงราย"}], "gf_amount_sum": 7245000}
{"bb_code": "1500742031700021", "bb_year": "2560", "amount": 7288100, "min_code": "15000", "agc_code": "15007", "name": "การวางและจัดทำผังเมืองรวมจังหวัดตาก", "min": "กระทรวงมหาดไทย", "agc": "กรมโยธาธิการและผังเมือง", "plan_name": "แผนงานยุทธศาสตร์อนุรักษ์ ฟื้นฟู และป้องกันทรัพยากรธรรมชาติ", "stg_name": "ยุทธศาสตร์ด้านการจัดการน้ำและสร้างการเติบโตบนคุณภาพชีวิตที่เป็นมิตรกับสิ่งแวดล้อมอย่างยั่งยืน", "objc_level1_name": "รายจ่ายอื่น", "compare": [{"bb_amount": 7288100, "bb_province": "ตาก"}, {"gf_amount": 7288100, "gf_province": "ส่วนกลาง", "bb_amount": null, "bb_province": "กรุงเทพมหานคร"}], "gf_amount_sum": 7288100}
{"bb_code": "1500848029600E98", "bb_year": "2560", "amount": 7284000, "min_code": "15000", "agc_code": "15008", "name": "ก่อสร้างระบบประปาหมู่บ้านแบบผิวดินขนาดใหญ่ หมู่ที่6 บ้านกูวิง ตามแบบมาตรฐานกรมทรัพยากรน้ำองค์การบริหารส่วนตำบลบาโร๊ะ อำเภอยะหา จังหวัดยะลา", "min": "กระทรวงมหาดไทย", "agc": "กรมส่งเสริมการปกครองท้องถิ่น", "plan_name": "แผนงานบูรณาการส่งเสริมการกระจายอำนาจให้แก่องค์กรปกครองส่วนท้องถิ่น", "stg_name": "ยุทธศาสตร์ด้านการปรับสมดุลและพัฒนาระบบบริหารจัดการภาครัฐ", "objc_level1_name": "งบอุดหนุน", "compare": [{"bb_amount": 7284000, "bb_province": "ยะลา", "gf_amount": 1330899.21, "gf_province": "ยะลา"}], "gf_amount_sum": 1330899.21}
{"bb_code": "1500742024420070", "bb_year": "2560", "amount": 7274800, "min_code": "15000", "agc_code": "15007", "name": "โครงการพัฒนาพื้นที่เฉพาะหนองบึงกาฬ ระยะที่ 1อำเภอเมือง จังหวัดบึงกาฬ", "min": "กระทรวงมหาดไทย", "agc": "กรมโยธาธิการและผังเมือง", "plan_name": "แผนงานยุทธศาสตร์อนุรักษ์ ฟื้นฟู และป้องกันทรัพยากรธรรมชาติ", "stg_name": "ยุทธศาสตร์ด้านการจัดการน้ำและสร้างการเติบโตบนคุณภาพชีวิตที่เป็นมิตรกับสิ่งแวดล้อมอย่างยั่งยืน", "objc_level1_name": "งบลงทุน", "compare": [{"bb_amount": 7274800, "bb_province": "บึงกาฬ"}, {"gf_amount": 11711800, "gf_province": "ส่วนกลาง", "bb_amount": null, "bb_province": "กรุงเทพมหานคร"}], "gf_amount_sum": 11711800}
{"bb_code": "1500848002600A27", "bb_year": "2560", "amount": 7270000, "min_code": "15000", "agc_code": "15008", "name": "เสริมผิวถนนลาดยางพาราแอสฟัลท์ติกคอนกรีต สายทางบ้านม่อนหินขาว หมู่ที่10-บ้านคลองนาพง หมู่ที่ 7ตำบลผาจุก กว้าง 6 เมตรยาว 2,600 เมตร เทศบาลตำบลผาจุก อำเภอเมืองอุตรดิตถ์ จังหวัดอุตรดิตถ์", "min": "กระทรวงมหาดไทย", "agc": "กรมส่งเสริมการปกครองท้องถิ่น", "plan_name": "แผนงานบูรณาการส่งเสริมการกระจายอำนาจให้แก่องค์กรปกครองส่วนท้องถิ่น", "stg_name": "ยุทธศาสตร์ด้านการปรับสมดุลและพัฒนาระบบบริหารจัดการภาครัฐ", "objc_level1_name": "งบอุดหนุน", "compare": [{"bb_amount": 7270000, "bb_province": "อุตรดิตถ์", "gf_amount": 7133027, "gf_province": "อุตรดิตถ์"}], "gf_amount_sum": 7133027}
