{"bb_code": "1500848002600420", "bb_year": "2560", "amount": 6998000, "min_code": "15000", "agc_code": "15008", "name": "ปรับปรุงซ่อมแซมถนนลาดยาง สาย อด.2163บ้านตะเคียนทอง - บ้านโพธิ์งาม - บ้านสมดี ขนาดกว้าง 6 เมตร ยาว 2,870เมตร หรือมีพื้นที่ไม่น้อยกว่า20,090 ตารางเมตรเทศบาลตำบลบ้านโปร่งอำเภอศรีธาตุ จังหวัดอุดรธานี", "min": "กระทรวงมหาดไทย", "agc": "กรมส่งเสริมการปกครองท้องถิ่น", "plan_name": "แผนงานบูรณาการส่งเสริมการกระจายอำนาจให้แก่องค์กรปกครองส่วนท้องถิ่น", "stg_name": "ยุทธศาสตร์ด้านการปรับสมดุลและพัฒนาระบบบริหารจัดการภาครัฐ", "objc_level1_name": "งบอุดหนุน", "compare": [{"bb_amount": 6998000, "bb_province": "อุดรธานี", "gf_amount": 6078000, "gf_province": "อุดรธานี"}], "gf_amount_sum": 6078000}
{"bb_code": "1500848002600559", "bb_year": "2560", "amount": 6998000, "min_code": "15000", "agc_code": "15008", "name": "ปรับปรุงผิวจราจรพาราแอสฟัลท์ติกคอนกรีตสายบ้านปะดาดอ - บ้านตาเซ๊ะ (ช่วง2) หมู่ที่ 2 - หมู่ที่ 3 ตำบลนานาค มีพื้นที่ไม่น้อยกว่า11,295 ตารางเมตรองค์การบริหารส่วนตำบลนานาค อำเภอตากใบ จังหวัดนราธิวาส", "min": "กระทรวงมหาดไทย", "agc": "กรมส่งเสริมการปกครองท้องถิ่น", "plan_name": "แผนงานบูรณาการส่งเสริมการกระจายอำนาจให้แก่องค์กรปกครองส่วนท้องถิ่น", "stg_name": "ยุทธศาสตร์ด้านการปรับสมดุลและพัฒนาระบบบริหารจัดการภาครัฐ", "objc_level1_name": "งบอุดหนุน", "compare": [{"bb_amount": 6998000, "bb_province": "นราธิวาส", "gf_amount": 6997000, "gf_province": "นราธิวาส"}], "gf_amount_sum": 6997000}
{"bb_code": "1500848002600429", "bb_year": "2560", "amount": 6970000, "min_code": "15000", "agc_code": "15008", "name": "ซ่อมสร้างถนนคอนกรีตเสริมเหล็ก สายทาง บ้านม่วง หมู่ที่ 5 - บ้านหนองงิ้ว หมู่ที่ 1กว้าง 6 เมตร ยาว 2,080เมตร หนา 0.15 เมตร หรือมีพื้นที่ไม่น้อยกว่า 12,480ตารางเมตร องค์การบริหารส่วนตำบลหนองหานอำเภอหนองหาน จังหวัดอุดรธานี", "min": "กระทรวงมหาดไทย", "agc": "กรมส่งเสริมการปกครองท้องถิ่น", "plan_name": "แผนงานบูรณาการส่งเสริมการกระจายอำนาจให้แก่องค์กรปกครองส่วนท้องถิ่น", "stg_name": "ยุทธศาสตร์ด้านการปรับสมดุลและพัฒนาระบบบริหารจัดการภาครัฐ", "objc_level1_name": "งบอุดหนุน", "compare": [{"bb_amount": 6970000, "bb_province": "อุดรธานี", "gf_amount": 6968000, "gf_province": "อุดรธานี"}], "gf_amount_sum": 6968000}
{"bb_code": "1500742031700053", "bb_year": "2560", "amount": 6969500, "min_code": "15000", "agc_code": "15007", "name": "การวางและจัดทำผังเมืองรวมจังหวัดแม่ฮ่องสอน", "min": "กระทรวงมหาดไทย", "agc": "กรมโยธาธิการและผังเมือง", "plan_name": "แผนงานยุทธศาสตร์อนุรักษ์ ฟื้นฟู และป้องกันทรัพยากรธรรมชาติ", "stg_name": "ยุทธศาสตร์ด้านการจัดการน้ำและสร้างการเติบโตบนคุณภาพชีวิตที่เป็นมิตรกับสิ่งแวดล้อมอย่างยั่งยืน", "objc_level1_name": "รายจ่ายอื่น", "compare": [{"bb_amount": 6969500, "bb_province": "แม่ฮ่องสอน"}, {"gf_amount": 6969500, "gf_province": "ส่วนกลาง", "bb_amount": null, "bb_province": "กรุงเทพมหานคร"}], "gf_amount_sum": 6969500}
{"bb_code": "1500848002600710", "bb_year": "2560", "amount": 6960000, "min_code": "15000", "agc_code": "15008", "name": "ซ่อมสร้างถนนลาดยางผิวจราจร Cape Seal สายบ้านทุ่งโพธิ์-บ้านหนองหัวแรด(กม.ที่ 5.200-กม.ที่8.000) หมู่ที่ 1 บ้านทุ่งโพธิ์- หมู่ที่ 12 บ้านหนองหัวแรด ตำบลกระบกเตี้ย กว้าง6 เมตร ยาว 2,800 เมตรไหล่ทางกว้างข้างละ 1เมตร หรือพื้นที่ไม่น้อยกว่า22,400 ตารางเมตรองค์การบริหารส่วนตำบลกะบกเตี้ย อำเภอเนินขามจังหวัดชัยนาท", "min": "กระทรวงมหาดไทย", "agc": "กรมส่งเสริมการปกครองท้องถิ่น", "plan_name": "แผนงานบูรณาการส่งเสริมการกระจายอำนาจให้แก่องค์กรปกครองส่วนท้องถิ่น", "stg_name": "ยุทธศาสตร์ด้านการปรับสมดุลและพัฒนาระบบบริหารจัดการภาครัฐ", "objc_level1_name": "งบอุดหนุน", "compare": [{"bb_amount": 6960000, "bb_province": "ชัยนาท", "gf_amount": 6610000, "gf_province": "ชัยนาท"}], "gf_amount_sum": 6610000}
{"bb_code": "1500848002600020", "bb_year": "2560", "amount": 6943000, "min_code": "15000", "agc_code": "15008", "name": "ซ่อมสร้างถนนลาดยางเป็นคอนกรีตเสริมเหล็ก สาย นว3014 แยกทางหลวงหมายเลข 117 - บ้านเก้าเลี้ยว (เก้าเลี้ยว - ยางใหญ่หมู่ที่ 1,2 ตำบลเก้าเลี้ยวกว้าง 8 เมตร ยาว 1,410เมตร หนา 0.20 เมตร พื้นที่ไม่น้อยกว่า11,280 ตารางเมตร เทศบาลตำบลเก้าเลี้ยว อำเภอเก้าเลี้ยวจังหวัดนครสวรรค์", "min": "กระทรวงมหาดไทย", "agc": "กรมส่งเสริมการปกครองท้องถิ่น", "plan_name": "แผนงานบูรณาการส่งเสริมการกระจายอำนาจให้แก่องค์กรปกครองส่วนท้องถิ่น", "stg_name": "ยุทธศาสตร์ด้านการปรับสมดุลและพัฒนาระบบบริหารจัดการภาครัฐ", "objc_level1_name": "งบอุดหนุน", "compare": [{"bb_amount": 6943000, "bb_province": "นครสวรรค์", "gf_amount": 6740000, "gf_province": "นครสวรรค์"}], "gf_amount_sum": 6740000}
{"bb_code": "1500848002600465", "bb_year": "2560", "amount": 6901000, "min_code": "15000", "agc_code": "15008", "name": "ซ่อมสร้างผิวทางแอสฟัลท์คอนกรีตปรับปรุงด้วยวิธีธรรมชาติ โดยวิธี Asphalticconcrete Natural Rubber สายบ้านค้อ - บ้านหนองกอง -ท่าบ่อ ขนาดกว้าง 7 เมตรยาว 1,690 เมตร หรือมีพื้นที่ไม่น้อยกว่า 11,830ตารางเมตร องค์การบริหารส่วนตำบลบ้านค้อ อำเภอบ้านผือ จังหวัดอุดรธานี", "min": "กระทรวงมหาดไทย", "agc": "กรมส่งเสริมการปกครองท้องถิ่น", "plan_name": "แผนงานบูรณาการส่งเสริมการกระจายอำนาจให้แก่องค์กรปกครองส่วนท้องถิ่น", "stg_name": "ยุทธศาสตร์ด้านการปรับสมดุลและพัฒนาระบบบริหารจัดการภาครัฐ", "objc_level1_name": "งบอุดหนุน", "compare": [{"bb_amount": 6901000, "bb_province": "อุดรธานี", "gf_amount": 6860000, "gf_province": "อุดรธานี"}], "gf_amount_sum": 6860000}
{"bb_code": "1500848002600290", "bb_year": "2560", "amount": 6885000, "min_code": "15000", "agc_code": "15008", "name": "เสริมผิวทางแอสฟัลท์ติกคอนกรีต ปรับปรุงคุณภาพด้วยยางธรรมชาติ สาย สห.2009 สิงห์บุรี - ชัยนาท หมู่ที่ 4 - 7 ตำบลทับยา กว้าง6 เมตร ยาว 2,617 เมตรหนา 0.05 เมตร เทศบาลตำบลทับยา อำเภออินทร์บุรี จังหวัดสิงห์บุรี", "min": "กระทรวงมหาดไทย", "agc": "กรมส่งเสริมการปกครองท้องถิ่น", "plan_name": "แผนงานบูรณาการส่งเสริมการกระจายอำนาจให้แก่องค์กรปกครองส่วนท้องถิ่น", "stg_name": "ยุทธศาสตร์ด้านการปรับสมดุลและพัฒนาระบบบริหารจัดการภาครัฐ", "objc_level1_name": "งบอุดหนุน", "compare": [{"bb_amount": 6885000, "bb_province": "สิงห์บุรี", "gf_amount": 6860000, "gf_province": "สิงห์บุรี"}], "gf_amount_sum": 6860000}
{"bb_code": "1500848002600362", "bb_year": "2560", "amount": 6872000, "min_code": "15000", "agc_code": "15008", "name": "ปรับปรุงถนนผิวลาดยางสายบ้านเดิ่น -บ้านนาเวียงหมู่ที่ ๓ บ้านเดิ่น และ หมู่ที่๙ บ้านนาเวียง ตำบลด่านซ้าย กว้าง 6 เมตร ยาว1,765 เมตร หนา 0.05เมตร เทศบาลตำบลศรีสองรัก อำเภอด่านซ้าย จังหวัดเลย", "min": "กระทรวงมหาดไทย", "agc": "กรมส่งเสริมการปกครองท้องถิ่น", "plan_name": "แผนงานบูรณาการส่งเสริมการกระจายอำนาจให้แก่องค์กรปกครองส่วนท้องถิ่น", "stg_name": "ยุทธศาสตร์ด้านการปรับสมดุลและพัฒนาระบบบริหารจัดการภาครัฐ", "objc_level1_name": "งบอุดหนุน", "compare": [{"bb_amount": 6872000, "bb_province": "เลย", "gf_amount": 5937000, "gf_province": "เลย"}], "gf_amount_sum": 5937000}
{"bb_code": "1500741009420342", "bb_year": "2560", "amount": 6864000, "min_code": "15000", "agc_code": "15007", "name": "เขื่อนป้องกันตลิ่งริมแม่น้ำชีบ้านกุดกว้าง ม.17 ต.เมืองเก่า อ.เมือง จ.ขอนแก่นความยาว 272 เมตร", "min": "กระทรวงมหาดไทย", "agc": "กรมโยธาธิการและผังเมือง", "plan_name": "แผนงานบูรณาการบริหารจัดการทรัพยากรน้ำ", "stg_name": "ยุทธศาสตร์ด้านการจัดการน้ำและสร้างการเติบโตบนคุณภาพชีวิตที่เป็นมิตรกับสิ่งแวดล้อมอย่างยั่งยืน", "objc_level1_name": "งบลงทุน", "compare": [{"bb_amount": 6864000, "bb_province": "ขอนแก่น"}, {"gf_amount": 4015200, "gf_province": "ส่วนกลาง", "bb_amount": null, "bb_province": "กรุงเทพมหานคร"}], "gf_amount_sum": 4015200}
{"bb_code": "1500848002600A67", "bb_year": "2560", "amount": 6856000, "min_code": "15000", "agc_code": "15008", "name": "ปรับปรุงเสริมผิวทางแอสฟัลท์ติกคอนกรีตบ้านนาแซง - บ้านชำบอน หมู่ที่ 3-4 ตำบลสองห้อง จำนวน 2ช่วง หรือมีพื้นที่รวมไม่น้อยกว่า 18,512 ตารางเมตรองค์การบริหารส่วนตำบลสองห้อง อำเภอฟากท่าจังหวัดอุตรดิตถ์", "min": "กระทรวงมหาดไทย", "agc": "กรมส่งเสริมการปกครองท้องถิ่น", "plan_name": "แผนงานบูรณาการส่งเสริมการกระจายอำนาจให้แก่องค์กรปกครองส่วนท้องถิ่น", "stg_name": "ยุทธศาสตร์ด้านการปรับสมดุลและพัฒนาระบบบริหารจัดการภาครัฐ", "objc_level1_name": "งบอุดหนุน", "compare": [{"bb_amount": 6856000, "bb_province": "อุตรดิตถ์", "gf_amount": 5234000, "gf_province": "อุตรดิตถ์"}], "gf_amount_sum": 5234000}
{"bb_code": "1500741009420135", "bb_year": "2560", "amount": 6825000, "min_code": "15000", "agc_code": "15007", "name": "เขื่อนป้องกันตลิ่งริมลำเซบาย ม.9 บ้านม่วงกาซัง(ฝั่งซ้ายและขวา) ต.สวาทอ.เลิงนกทา จ.ยโสธร ความยาว 300 เมตร", "min": "กระทรวงมหาดไทย", "agc": "กรมโยธาธิการและผังเมือง", "plan_name": "แผนงานบูรณาการบริหารจัดการทรัพยากรน้ำ", "stg_name": "ยุทธศาสตร์ด้านการจัดการน้ำและสร้างการเติบโตบนคุณภาพชีวิตที่เป็นมิตรกับสิ่งแวดล้อมอย่างยั่งยืน", "objc_level1_name": "งบลงทุน", "compare": [{"bb_amount": 6825000, "bb_province": "ยโสธร", "gf_amount": 13268795, "gf_province": "ยโสธร"}], "gf_amount_sum": 13268795}
{"bb_code": "1500848002600840", "bb_year": "2560", "amount": 6815000, "min_code": "15000", "agc_code": "15008", "name": "ซ่อมสร้างผิวทาง Over-Layด้วยแอสฟัลท์ติกคอนกรีตสายหมู่ที่ 4-5 ตำบลลวงเหนือ กว้าง 6 เมตร ยาว1,850 เมตร หนา 0.05เมตร เทศบาลตำบล ลวงเหนือ อำเภอดอยสะเก็ดจังหวัดเชียงใหม่", "min": "กระทรวงมหาดไทย", "agc": "กรมส่งเสริมการปกครองท้องถิ่น", "plan_name": "แผนงานบูรณาการส่งเสริมการกระจายอำนาจให้แก่องค์กรปกครองส่วนท้องถิ่น", "stg_name": "ยุทธศาสตร์ด้านการปรับสมดุลและพัฒนาระบบบริหารจัดการภาครัฐ", "objc_level1_name": "งบอุดหนุน", "compare": [{"bb_amount": 6815000, "bb_province": "เชียงใหม่", "gf_amount": 6789000, "gf_province": "เชียงใหม่"}], "gf_amount_sum": 6789000}
{"bb_code": "1500848002600860", "bb_year": "2560", "amount": 6810000, "min_code": "15000", "agc_code": "15008", "name": "ซ่อมสร้างถนนลาดยางผิวทางพาราแอสฟัลท์ติกคอนกรีต รหัสสายทาง กส.ถ.54 - 001 (หนองกุงศรี -หนองแสง) จำนวน 2 ช่วงกว้าง 6 เมตร ยาว 1,605เมตร ไหล่ทางกว้างข้างละ1 เมตร เทศบาลตำบลคำก้าว อำเภอหนองกุงศรีจังหวัดกาฬสินธุ์", "min": "กระทรวงมหาดไทย", "agc": "กรมส่งเสริมการปกครองท้องถิ่น", "plan_name": "แผนงานบูรณาการส่งเสริมการกระจายอำนาจให้แก่องค์กรปกครองส่วนท้องถิ่น", "stg_name": "ยุทธศาสตร์ด้านการปรับสมดุลและพัฒนาระบบบริหารจัดการภาครัฐ", "objc_level1_name": "งบอุดหนุน", "compare": [{"bb_amount": 6810000, "bb_province": "กาฬสินธุ์", "gf_amount": 6789000, "gf_province": "กาฬสินธุ์"}], "gf_amount_sum": 6789000}
{"bb_code": "1500742030420007", "bb_year": "2560", "amount": 6804200, "min_code": "15000", "agc_code": "15007", "name": "โครงการจัดรูปที่ดินเพื่อพัฒนาพื้นที่จังหวัดพิษณุโลก แห่งที่ 2", "min": "กระทรวงมหาดไทย", "agc": "กรมโยธาธิการและผังเมือง", "plan_name": "แผนงานยุทธศาสตร์อนุรักษ์ ฟื้นฟู และป้องกันทรัพยากรธรรมชาติ", "stg_name": "ยุทธศาสตร์ด้านการจัดการน้ำและสร้างการเติบโตบนคุณภาพชีวิตที่เป็นมิตรกับสิ่งแวดล้อมอย่างยั่งยืน", "objc_level1_name": "งบลงทุน", "compare": [{"bb_amount": 6804200, "bb_province": "พิษณุโลก", "gf_amount": 6734200, "gf_province": "พิษณุโลก"}], "gf_amount_sum": 6734200}
{"bb_code": "1500741009420235", "bb_year": "2560", "amount": 6800000, "min_code": "15000", "agc_code": "15007", "name": "เขื่อนป้องกันตลิ่งริมแม่น้ำหลังสวน เทศบาลเมืองหลังสวน บริเวณหลังวัดด่านประชากร (ต่อเนื่องเขื่อนเดิม) อ.หลังสวน จ.ชุมพรความยาว 138 เมตร", "min": "กระทรวงมหาดไทย", "agc": "กรมโยธาธิการและผังเมือง", "plan_name": "แผนงานบูรณาการบริหารจัดการทรัพยากรน้ำ", "stg_name": "ยุทธศาสตร์ด้านการจัดการน้ำและสร้างการเติบโตบนคุณภาพชีวิตที่เป็นมิตรกับสิ่งแวดล้อมอย่างยั่งยืน", "objc_level1_name": "งบลงทุน", "compare": [{"bb_amount": 6800000, "bb_province": "ชุมพร"}, {"gf_amount": 5085000, "gf_province": "ส่วนกลาง", "bb_amount": null, "bb_province": "กรุงเทพมหานคร"}], "gf_amount_sum": 5085000}
{"bb_code": "1500741009420334", "bb_year": "2560", "amount": 6800000, "min_code": "15000", "agc_code": "15007", "name": "เขื่อนป้องกันตลิ่งพร้อมปรับปรุงภูมิทัศน์ ริมแม่น้ำนครชัยศรี บริเวณหน้าวัดบางพระ ต.บางแก้วฟ้า อ.นครชัยศรี จ.นครปฐม ความยาว 224 เมตร", "min": "กระทรวงมหาดไทย", "agc": "กรมโยธาธิการและผังเมือง", "plan_name": "แผนงานบูรณาการบริหารจัดการทรัพยากรน้ำ", "stg_name": "ยุทธศาสตร์ด้านการจัดการน้ำและสร้างการเติบโตบนคุณภาพชีวิตที่เป็นมิตรกับสิ่งแวดล้อมอย่างยั่งยืน", "objc_level1_name": "งบลงทุน", "compare": [{"bb_amount": 6800000, "bb_province": "นครปฐม"}, {"gf_amount": 5046000, "gf_province": "ส่วนกลาง", "bb_amount": null, "bb_province": "กรุงเทพมหานคร"}], "gf_amount_sum": 5046000}
{"bb_code": "1500711025000000", "bb_year": "2560", "amount": 6786500, "min_code": "15000", "agc_code": "15007", "name": "รายการงบประจำ", "min": "กระทรวงมหาดไทย", "agc": "กรมโยธาธิการและผังเมือง", "plan_name": "แผนงานพื้นฐานด้านการสร้างความสามารถในการแข่งขันของประเทศ ", "stg_name": "ยุทธศาสตร์ด้านการสร้างความสามารถในการแข่งขันของประเทศ", "objc_level1_name": "งบดำเนินงาน", "compare": [{"bb_amount": 6786500, "bb_province": "กรุงเทพมหานคร", "gf_amount": 3189345.45, "gf_province": "ส่วนกลาง"}, {"gf_amount": 170126.69, "gf_province": "ตาก", "bb_amount": null, "bb_province": "ตาก"}, {"gf_amount": 121022.97, "gf_province": "ปทุมธานี", "bb_amount": null, "bb_province": "ปทุมธานี"}, {"gf_amount": 117200, "gf_province": "สงขลา", "bb_amount": null, "bb_province": "สงขลา"}, {"gf_amount": 114128.01, "gf_province": "ตรัง", "bb_amount": null, "bb_province": "ตรัง"}, {"gf_amount": 97674.25, "gf_province": "ชัยนาท", "bb_amount": null, "bb_province": "ชัยนาท"}, {"gf_amount": 91136.78, "gf_province": "นนทบุรี", "bb_amount": null, "bb_province": "นนทบุรี"}, {"gf_amount": 90745.08, "gf_province": "พะเยา", "bb_amount": null, "bb_province": "พะเยา"}, {"gf_amount": 90700, "gf_province": "กระบี่", "bb_amount": null, "bb_province": "กระบี่"}, {"gf_amount": 89596.69, "gf_province": "ยโสธร", "bb_amount": null, "bb_province": "ยโสธร"}, {"gf_amount": 87200, "gf_province": "สมุทรสาคร", "bb_amount": null, "bb_province": "สมุทรสาคร"}, {"gf_amount": 87144.29, "gf_province": "เพชรบุรี", "bb_amount": null, "bb_province": "เพชรบุรี"}, {"gf_amount": 84199.07, "gf_province": "ชลบุรี", "bb_amount": null, "bb_province": "ชลบุรี"}, {"gf_amount": 81200, "gf_province": "สมุทรสงคราม", "bb_amount": null, "bb_province": "สมุทรสงคราม"}, {"gf_amount": 81076.95, "gf_province": "ระนอง", "bb_amount": null, "bb_province": "ระนอง"}, {"gf_amount": 71195.81, "gf_province": "นครนายก", "bb_amount": null, "bb_province": "นครนายก"}, {"gf_amount": 65097.51, "gf_province": "ชุมพร", "bb_amount": null, "bb_province": "ชุมพร"}, {"gf_amount": 56136.24, "gf_province": "พังงา", "bb_amount": null, "bb_province": "พังงา"}, {"gf_amount": 53029.44, "gf_province": "กำแพงเพชร", "bb_amount": null, "bb_province": "กำแพงเพชร"}, {"gf_amount": 31200, "gf_province": "น่าน", "bb_amount": null, "bb_province": "น่าน"}, {"gf_amount": 25199.14, "gf_province": "ประจวบคีรีขันธ์", "bb_amount": null, "bb_province": "ประจวบคีรีขันธ์"}, {"gf_amount": 21200, "gf_province": "บุรีรัมย์", "bb_amount": null, "bb_province": "บุรีรัมย์"}, {"gf_amount": 21200, "gf_province": "นครราชสีมา", "bb_amount": null, "bb_province": "นครราชสีมา"}, {"gf_amount": 21200, "gf_province": "ระยอง", "bb_amount": null, "bb_province": "ระยอง"}, {"gf_amount": 21200, "gf_province": "ปัตตานี", "bb_amount": null, "bb_province": "ปัตตานี"}, {"gf_amount": 21200, "gf_province": "ร้อยเอ็ด", "bb_amount": null, "bb_province": "ร้อยเอ็ด"}, {"gf_amount": 21200, "gf_province": "สุพรรณบุรี", "bb_amount": null, "bb_province": "สุพรรณบุรี"}, {"gf_amount": 21200, "gf_province": "สมุทรปราการ", "bb_amount": null, "bb_province": "สมุทรปราการ"}, {"gf_amount": 21200, "gf_province": "ศรีสะเกษ", "bb_amount": null, "bb_province": "ศรีสะเกษ"}, {"gf_amount": 21200, "gf_province": "ฉะเชิงเทรา", "bb_amount": null, "bb_province": "ฉะเชิงเทรา"}, {"gf_amount": 21200, "gf_province": "บึงกาฬ", "bb_amount": null, "bb_province": "บึงกาฬ"}, {"gf_amount": 21200, "gf_province": "เพชรบูรณ์", "bb_amount": null, "bb_province": "เพชรบูรณ์"}, {"gf_amount": 21200, "gf_province": "กาญจนบุรี", "bb_amount": null, "bb_province": "กาญจนบุรี"}, {"gf_amount": 21200, "gf_province": "อ่างทอง", "bb_amount": null, "bb_province": "อ่างทอง"}, {"gf_amount": 21200, "gf_province": "อุตรดิตถ์", "bb_amount": null, "bb_province": "อุตรดิตถ์"}, {"gf_amount": 21200, "gf_province": "ภูเก็ต", "bb_amount": null, "bb_province": "ภูเก็ต"}, {"gf_amount": 21200, "gf_province": "อุทัยธานี", "bb_amount": null, "bb_province": "อุทัยธานี"}, {"gf_amount": 21200, "gf_province": "พิษณุโลก", "bb_amount": null, "bb_province": "พิษณุโลก"}, {"gf_amount": 21200, "gf_province": "สกลนคร", "bb_amount": null, "bb_province": "สกลนคร"}, {"gf_amount": 21199.99, "gf_province": "แพร่", "bb_amount": null, "bb_province": "แพร่"}, {"gf_amount": 21199.89, "gf_province": "นครสวรรค์", "bb_amount": null, "bb_province": "นครสวรรค์"}, {"gf_amount": 21199.79, "gf_province": "อำนาจเจริญ", "bb_amount": null, "bb_province": "อำนาจเจริญ"}, {"gf_amount": 21199.73, "gf_province": "หนองบัวลำภู", "bb_amount": null, "bb_province": "หนองบัวลำภู"}, {"gf_amount": 21199.6, "gf_province": "นครพนม", "bb_amount": null, "bb_province": "นครพนม"}, {"gf_amount": 21199.49, "gf_province": "สตูล", "bb_amount": null, "bb_province": "สตูล"}, {"gf_amount": 21199.31, "gf_province": "พิจิตร", "bb_amount": null, "bb_province": "พิจิตร"}, {"gf_amount": 21199.3, "gf_province": "สุโขทัย", "bb_amount": null, "bb_province": "สุโขทัย"}, {"gf_amount": 21199.21, "gf_province": "เลย", "bb_amount": null, "bb_province": "เลย"}, {"gf_amount": 21198.86, "gf_province": "ยะลา", "bb_amount": null, "bb_province": "ยะลา"}, {"gf_amount": 21197.91, "gf_province": "หนองคาย", "bb_amount": null, "bb_province": "หนองคาย"}, {"gf_amount": 21197.48, "gf_province": "นครศรีธรรมราช", "bb_amount": null, "bb_province": "นครศรีธรรมราช"}, {"gf_amount": 21196.87, "gf_province": "มุกดาหาร", "bb_amount": null, "bb_province": "มุกดาหาร"}, {"gf_amount": 21195.59, "gf_province": "ขอนแก่น", "bb_amount": null, "bb_province": "ขอนแก่น"}, {"gf_amount": 21190.73, "gf_province": "พัทลุง", "bb_amount": null, "bb_province": "พัทลุง"}, {"gf_amount": 21179.74, "gf_province": "อุดรธานี", "bb_amount": null, "bb_province": "อุดรธานี"}, {"gf_amount": 21179.61, "gf_province": "ลำปาง", "bb_amount": null, "bb_province": "ลำปาง"}, {"gf_amount": 21170.34, "gf_province": "นครปฐม", "bb_amount": null, "bb_province": "นครปฐม"}, {"gf_amount": 21164.92, "gf_province": "สุราษฎร์ธานี", "bb_amount": null, "bb_province": "สุราษฎร์ธานี"}, {"gf_amount": 21157.5, "gf_province": "กาฬสินธุ์", "bb_amount": null, "bb_province": "กาฬสินธุ์"}, {"gf_amount": 21155.88, "gf_province": "นราธิวาส", "bb_amount": null, "bb_province": "นราธิวาส"}, {"gf_amount": 21134.33, "gf_province": "สิงห์บุรี", "bb_amount": null, "bb_province": "สิงห์บุรี"}, {"gf_amount": 21129.57, "gf_province": "สระบุรี", "bb_amount": null, "bb_province": "สระบุรี"}, {"gf_amount": 21120.37, "gf_province": "ลำพูน", "bb_amount": null, "bb_province": "ลำพูน"}, {"gf_amount": 21110, "gf_province": "เชียงราย", "bb_amount": null, "bb_province": "เชียงราย"}, {"gf_amount": 21064.04, "gf_province": "แม่ฮ่องสอน", "bb_amount": null, "bb_province": "แม่ฮ่องสอน"}, {"gf_amount": 21028.41, "gf_province": "ชัยภูมิ", "bb_amount": null, "bb_province": "ชัยภูมิ"}, {"gf_amount": 21013.6, "gf_province": "มหาสารคาม", "bb_amount": null, "bb_province": "มหาสารคาม"}, {"gf_amount": 20975.36, "gf_province": "ลพบุรี", "bb_amount": null, "bb_province": "ลพบุรี"}, {"gf_amount": 20930.61, "gf_province": "พระนครศรีอยุธยา", "bb_amount": null, "bb_province": "พระนครศรีอยุธยา"}, {"gf_amount": 20897.37, "gf_province": "ตราด", "bb_amount": null, "bb_province": "ตราด"}, {"gf_amount": 20865, "gf_province": "สุรินทร์", "bb_amount": null, "bb_province": "สุรินทร์"}, {"gf_amount": 20857.29, "gf_province": "จันทบุรี", "bb_amount": null, "bb_province": "จันทบุรี"}, {"gf_amount": 20749.65, "gf_province": "ปราจีนบุรี", "bb_amount": null, "bb_province": "ปราจีนบุรี"}, {"gf_amount": 20666.2, "gf_province": "เชียงใหม่", "bb_amount": null, "bb_province": "เชียงใหม่"}, {"gf_amount": 20354.77, "gf_province": "อุบลราชธานี", "bb_amount": null, "bb_province": "อุบลราชธานี"}, {"gf_amount": 18241.39, "gf_province": "ราชบุรี", "bb_amount": null, "bb_province": "ราชบุรี"}, {"gf_amount": 10380, "gf_province": "สระแก้ว", "bb_amount": null, "bb_province": "สระแก้ว"}], "gf_amount_sum": 6063454.07}
{"bb_code": "1500848002600567", "bb_year": "2560", "amount": 6783000, "min_code": "15000", "agc_code": "15008", "name": "เสริมผิวจราจรพาราแอสฟัลท์ติกคอนกรีตสายบ้านบาโงกือเต-บ้านดอเฮะตำบลริโก๋ กว้าง 7 เมตรยาว 2,851 เมตร หนา 0.04เมตร องค์การบริหารส่วนตำบลริโก๋ อำเภอสุไหงปาดีจังหวัดนราธิวาส", "min": "กระทรวงมหาดไทย", "agc": "กรมส่งเสริมการปกครองท้องถิ่น", "plan_name": "แผนงานบูรณาการส่งเสริมการกระจายอำนาจให้แก่องค์กรปกครองส่วนท้องถิ่น", "stg_name": "ยุทธศาสตร์ด้านการปรับสมดุลและพัฒนาระบบบริหารจัดการภาครัฐ", "objc_level1_name": "งบอุดหนุน", "compare": [{"bb_amount": 6783000, "bb_province": "นราธิวาส", "gf_amount": 6782000, "gf_province": "นราธิวาส"}], "gf_amount_sum": 6782000}
{"bb_code": "1500848002600055", "bb_year": "2560", "amount": 6778000, "min_code": "15000", "agc_code": "15008", "name": "ปรับปรุงผิวจราจรลาดยางแบบแอสฟัลท์ติกคอนกรีตสาย พล.2019 คลองชลประทาน - บ้านนาขุมกว้าง 6 เมตร ยาว 2,000เมตร หนาเฉลี่ย 0.05 เมตรองค์การบริหารส่วนตำบลท่าช้าง อำเภอพรหมพิรามจังหวัดพิษณุโลก", "min": "กระทรวงมหาดไทย", "agc": "กรมส่งเสริมการปกครองท้องถิ่น", "plan_name": "แผนงานบูรณาการส่งเสริมการกระจายอำนาจให้แก่องค์กรปกครองส่วนท้องถิ่น", "stg_name": "ยุทธศาสตร์ด้านการปรับสมดุลและพัฒนาระบบบริหารจัดการภาครัฐ", "objc_level1_name": "งบอุดหนุน", "compare": [{"bb_amount": 6778000, "bb_province": "พิษณุโลก", "gf_amount": 6753000, "gf_province": "พิษณุโลก"}], "gf_amount_sum": 6753000}
