{"bb_code": "1500743018420044", "bb_year": "2560", "amount": 6760000, "min_code": "15000", "agc_code": "15007", "name": "โครงการก่อสร้างเขื่อนป้องกันตลิ่งริมคลองปากปิงช่วงจากท่าเทียบเรือซอยสูแพทย์-คลองละงู หมู่ที่ 4ตำบลกำแพง อำเภอละงูจังหวัดสตูล ความยาว 420เมตร", "min": "กระทรวงมหาดไทย", "agc": "กรมโยธาธิการและผังเมือง", "plan_name": "แผนงานยุทธศาสตร์จัดการผลกระทบจากการเปลี่ยนแปลงสภาวะภูมิอากาศ และภัยพิบัติ", "stg_name": "ยุทธศาสตร์ด้านการจัดการน้ำและสร้างการเติบโตบนคุณภาพชีวิตที่เป็นมิตรกับสิ่งแวดล้อมอย่างยั่งยืน", "objc_level1_name": "งบลงทุน", "compare": [{"bb_amount": 6760000, "bb_province": "สตูล", "gf_amount": 0, "gf_province": "สตูล"}], "gf_amount_sum": 0}
{"bb_code": "1500641007410029", "bb_year": "2560", "amount": 6750000, "min_code": "15000", "agc_code": "15006", "name": "ขุดลอกแหล่งน้ำริมหนองหาร หมู่ที่ 5 บ้านแป้นตำบลบ้านแป้น อำเภอโพนนาแก้ว จังหวัดสกลนคร", "min": "กระทรวงมหาดไทย", "agc": "กรมป้องกันและบรรเทาสาธารณภัย", "plan_name": "แผนงานบูรณาการบริหารจัดการทรัพยากรน้ำ", "stg_name": "ยุทธศาสตร์ด้านการจัดการน้ำและสร้างการเติบโตบนคุณภาพชีวิตที่เป็นมิตรกับสิ่งแวดล้อมอย่างยั่งยืน", "objc_level1_name": "งบลงทุน", "compare": [{"bb_amount": 6750000, "bb_province": "สกลนคร"}], "gf_amount_sum": 0}
{"bb_code": "1500641007410008", "bb_year": "2560", "amount": 6750000, "min_code": "15000", "agc_code": "15006", "name": "ขุดลอกแหล่งน้ำริมหนองหาร หมู่ที่ 10 บ้านแป้นใหม่ตำบลบ้านแป้น อำเภอโพนนาแก้ว จังหวัดสกลนคร", "min": "กระทรวงมหาดไทย", "agc": "กรมป้องกันและบรรเทาสาธารณภัย", "plan_name": "แผนงานบูรณาการบริหารจัดการทรัพยากรน้ำ", "stg_name": "ยุทธศาสตร์ด้านการจัดการน้ำและสร้างการเติบโตบนคุณภาพชีวิตที่เป็นมิตรกับสิ่งแวดล้อมอย่างยั่งยืน", "objc_level1_name": "งบลงทุน", "compare": [{"bb_amount": 6750000, "bb_province": "สกลนคร"}], "gf_amount_sum": 0}
{"bb_code": "1500742031700016", "bb_year": "2560", "amount": 6737600, "min_code": "15000", "agc_code": "15007", "name": "การวางและจัดทำผังเมืองรวมจังหวัดอ่างทอง", "min": "กระทรวงมหาดไทย", "agc": "กรมโยธาธิการและผังเมือง", "plan_name": "แผนงานยุทธศาสตร์อนุรักษ์ ฟื้นฟู และป้องกันทรัพยากรธรรมชาติ", "stg_name": "ยุทธศาสตร์ด้านการจัดการน้ำและสร้างการเติบโตบนคุณภาพชีวิตที่เป็นมิตรกับสิ่งแวดล้อมอย่างยั่งยืน", "objc_level1_name": "รายจ่ายอื่น", "compare": [{"bb_amount": 6737600, "bb_province": "อ่างทอง"}, {"gf_amount": 6737600, "gf_province": "ส่วนกลาง", "bb_amount": null, "bb_province": "กรุงเทพมหานคร"}], "gf_amount_sum": 6737600}
{"bb_code": "1500848002600017", "bb_year": "2560", "amount": 6729000, "min_code": "15000", "agc_code": "15008", "name": "ซ่อมสร้างผิวทางยางพาราแอสฟัลท์ติกคอนกรีตสายวัดคงคาเจริญ-บ้านนบเพลิงจำนวน 2 ช่วง มีพื้นที่ไม่น้อยกว่า 1,779 ตารางเมตรองค์การบริหารส่วนตำบลหนองหงส์ อำเภอทุ่งสงจังหวัดนครศรีธรรมราช", "min": "กระทรวงมหาดไทย", "agc": "กรมส่งเสริมการปกครองท้องถิ่น", "plan_name": "แผนงานบูรณาการส่งเสริมการกระจายอำนาจให้แก่องค์กรปกครองส่วนท้องถิ่น", "stg_name": "ยุทธศาสตร์ด้านการปรับสมดุลและพัฒนาระบบบริหารจัดการภาครัฐ", "objc_level1_name": "งบอุดหนุน", "compare": [{"bb_amount": 6729000, "bb_province": "นครศรีธรรมราช", "gf_amount": 6710000, "gf_province": "นครศรีธรรมราช"}], "gf_amount_sum": 6710000}
{"bb_code": "1500742031700015", "bb_year": "2560", "amount": 6728300, "min_code": "15000", "agc_code": "15007", "name": "การวางและจัดทำผังเมืองรวมจังหวัดระนอง", "min": "กระทรวงมหาดไทย", "agc": "กรมโยธาธิการและผังเมือง", "plan_name": "แผนงานยุทธศาสตร์อนุรักษ์ ฟื้นฟู และป้องกันทรัพยากรธรรมชาติ", "stg_name": "ยุทธศาสตร์ด้านการจัดการน้ำและสร้างการเติบโตบนคุณภาพชีวิตที่เป็นมิตรกับสิ่งแวดล้อมอย่างยั่งยืน", "objc_level1_name": "รายจ่ายอื่น", "compare": [{"bb_amount": 6728300, "bb_province": "ระนอง"}, {"gf_amount": 6728300, "gf_province": "ส่วนกลาง", "bb_amount": null, "bb_province": "กรุงเทพมหานคร"}], "gf_amount_sum": 6728300}
{"bb_code": "1500741009420294", "bb_year": "2560", "amount": 6727500, "min_code": "15000", "agc_code": "15007", "name": "เขื่อนป้องกันตลิ่งริมคลองระบายน้ำบางโพธิ์ ม.3 ต.ตลุก อ.สรรพยา จ.ชัยนาทความยาว 150 เมตร", "min": "กระทรวงมหาดไทย", "agc": "กรมโยธาธิการและผังเมือง", "plan_name": "แผนงานบูรณาการบริหารจัดการทรัพยากรน้ำ", "stg_name": "ยุทธศาสตร์ด้านการจัดการน้ำและสร้างการเติบโตบนคุณภาพชีวิตที่เป็นมิตรกับสิ่งแวดล้อมอย่างยั่งยืน", "objc_level1_name": "งบลงทุน", "compare": [{"bb_amount": 6727500, "bb_province": "ชัยนาท", "gf_amount": 6727500, "gf_province": "ชัยนาท"}], "gf_amount_sum": 6727500}
{"bb_code": "1500848002600686", "bb_year": "2560", "amount": 6724000, "min_code": "15000", "agc_code": "15008", "name": "ซ่อมสร้างถนนลาดยางแอสฟัลท์ติกคอนกรีต สายบ้านหนองไก่ปิ้ง - บ้านเกาะแก้วหมู่ที่ 5,6,7,8 ตำบลบางน้ำจืด มีพื้นที่ไม่น้อยกว่า15,960 ตารางเมตรองค์การบริหารส่วนตำบลบางน้ำจืด อำเภอหลังสวนจังหวัดชุมพร", "min": "กระทรวงมหาดไทย", "agc": "กรมส่งเสริมการปกครองท้องถิ่น", "plan_name": "แผนงานบูรณาการส่งเสริมการกระจายอำนาจให้แก่องค์กรปกครองส่วนท้องถิ่น", "stg_name": "ยุทธศาสตร์ด้านการปรับสมดุลและพัฒนาระบบบริหารจัดการภาครัฐ", "objc_level1_name": "งบอุดหนุน", "compare": [{"bb_amount": 6724000, "bb_province": "ชุมพร", "gf_amount": 6722400, "gf_province": "ชุมพร"}], "gf_amount_sum": 6722400}
{"bb_code": "1500741009420224", "bb_year": "2560", "amount": 6720000, "min_code": "15000", "agc_code": "15007", "name": "เขื่อนป้องกันตลิ่งริมแม่น้ำน้อย หมู่ที่ 5 และหมู่ที่ 7ตำบลถอนสมอ อำเภอท่าช้าง จังหวัดสิงห์บุรี (5 จุด)ความยาว 447 เมตร", "min": "กระทรวงมหาดไทย", "agc": "กรมโยธาธิการและผังเมือง", "plan_name": "แผนงานบูรณาการบริหารจัดการทรัพยากรน้ำ", "stg_name": "ยุทธศาสตร์ด้านการจัดการน้ำและสร้างการเติบโตบนคุณภาพชีวิตที่เป็นมิตรกับสิ่งแวดล้อมอย่างยั่งยืน", "objc_level1_name": "งบลงทุน", "compare": [{"bb_amount": 6720000, "bb_province": "สิงห์บุรี"}, {"gf_amount": 5020500, "gf_province": "ส่วนกลาง", "bb_amount": null, "bb_province": "กรุงเทพมหานคร"}], "gf_amount_sum": 5020500}
{"bb_code": "1500848002600526", "bb_year": "2560", "amount": 6691000, "min_code": "15000", "agc_code": "15008", "name": "ซ่อมสร้างถนนลาดยางแอสฟัลท์ติกคอนกรีตสายบ้านบองอ - บ้านลาแป หมู่ที่ 4- หมู่ที่ 2 ตำบลบองอ กว้าง5.50 เมตร ยาว 3,700 เมตรองค์การบริหารส่วนตำบลบองอ อำเภอระแงะ จังหวัดนราธิวาส", "min": "กระทรวงมหาดไทย", "agc": "กรมส่งเสริมการปกครองท้องถิ่น", "plan_name": "แผนงานบูรณาการส่งเสริมการกระจายอำนาจให้แก่องค์กรปกครองส่วนท้องถิ่น", "stg_name": "ยุทธศาสตร์ด้านการปรับสมดุลและพัฒนาระบบบริหารจัดการภาครัฐ", "objc_level1_name": "งบอุดหนุน", "compare": [{"bb_amount": 6691000, "bb_province": "นราธิวาส", "gf_amount": 6691000, "gf_province": "นราธิวาส"}], "gf_amount_sum": 6691000}
{"bb_code": "1500848002600148", "bb_year": "2560", "amount": 6691000, "min_code": "15000", "agc_code": "15008", "name": "ปรับปรุงผิวถนนลาดยางแบบแอสฟัลท์ติกคอนกรีตสายต้นหมัก-ห้วยด่าน หมู่11 หมู่ 2 และหมู่ที่ 6 กว้าง6 เมตร ยาวรวม 2,800เมตร หนา 0.05 เมตรเทศบาลตำบลช้างซ้ายอำเภอกาญจนดิษฐ์ จังหวัดสุราษฎร์ธานี", "min": "กระทรวงมหาดไทย", "agc": "กรมส่งเสริมการปกครองท้องถิ่น", "plan_name": "แผนงานบูรณาการส่งเสริมการกระจายอำนาจให้แก่องค์กรปกครองส่วนท้องถิ่น", "stg_name": "ยุทธศาสตร์ด้านการปรับสมดุลและพัฒนาระบบบริหารจัดการภาครัฐ", "objc_level1_name": "งบอุดหนุน", "compare": [{"bb_amount": 6691000, "bb_province": "สุราษฎร์ธานี", "gf_amount": 4653000, "gf_province": "สุราษฎร์ธานี"}], "gf_amount_sum": 4653000}
{"bb_code": "1500948007500001", "bb_year": "2560", "amount": 6678500, "min_code": "15000", "agc_code": "15009", "name": "งานสูบน้ำนอกเขตกรมชลประทานและการบำรุงรักษา", "min": "กระทรวงมหาดไทย", "agc": "กรุงเทพมหานคร", "plan_name": "แผนงานบูรณาการส่งเสริมการกระจายอำนาจให้แก่องค์กรปกครองส่วนท้องถิ่น", "stg_name": "ยุทธศาสตร์ด้านการปรับสมดุลและพัฒนาระบบบริหารจัดการภาครัฐ", "objc_level1_name": "งบอุดหนุน", "compare": [{"bb_amount": 6678500, "bb_province": "กรุงเทพมหานคร", "gf_amount": 6678500, "gf_province": "ส่วนกลาง"}], "gf_amount_sum": 6678500}
{"bb_code": "1500848002600639", "bb_year": "2560", "amount": 6665000, "min_code": "15000", "agc_code": "15008", "name": "ซ่อมสร้างถนนลาดยางผิวจราจรแอสฟัลท์ติกคอนกรีต(โดยวิธี Pavement In - PlaceRecycling) สายบ้านหนองใหญ่ - บ้านสมสนุก ตำบลสะแกโพรง มีพื้นที่ไม่น้อยกว่า 20,000 ตารางเมตรองค์การบริหารส่วนตำบลสะแกโพรง อำเภอเมืองบุรีรัมย์ จังหวัดบุรีรัมย์", "min": "กระทรวงมหาดไทย", "agc": "กรมส่งเสริมการปกครองท้องถิ่น", "plan_name": "แผนงานบูรณาการส่งเสริมการกระจายอำนาจให้แก่องค์กรปกครองส่วนท้องถิ่น", "stg_name": "ยุทธศาสตร์ด้านการปรับสมดุลและพัฒนาระบบบริหารจัดการภาครัฐ", "objc_level1_name": "งบอุดหนุน", "compare": [{"bb_amount": 6665000, "bb_province": "บุรีรัมย์", "gf_amount": 0, "gf_province": "บุรีรัมย์"}], "gf_amount_sum": 0}
{"bb_code": "1500848002600A51", "bb_year": "2560", "amount": 6656000, "min_code": "15000", "agc_code": "15008", "name": "ซ่อมสร้างผิวทางพาราแอสฟัลท์ติกคอนกรีต (ParaAsphaltic Concrete) บ้านหนองยายดา - บ้านดงแขวน หมู่ที่ 4-หมู่ที่ 8ตำบลสว่างอารมณ์ กว้าง 8เมตร ยาว 1,500 เมตร หนา0.04 เมตร เทศบาลตำบลสว่างแจ้งสบายใจ อำเภอสว่างอารมณ์ จังหวัดอุทัยธานี", "min": "กระทรวงมหาดไทย", "agc": "กรมส่งเสริมการปกครองท้องถิ่น", "plan_name": "แผนงานบูรณาการส่งเสริมการกระจายอำนาจให้แก่องค์กรปกครองส่วนท้องถิ่น", "stg_name": "ยุทธศาสตร์ด้านการปรับสมดุลและพัฒนาระบบบริหารจัดการภาครัฐ", "objc_level1_name": "งบอุดหนุน", "compare": [{"bb_amount": 6656000, "bb_province": "อุทัยธานี", "gf_amount": 6364920, "gf_province": "อุทัยธานี"}], "gf_amount_sum": 6364920}
{"bb_code": "1500742031700092", "bb_year": "2560", "amount": 6652800, "min_code": "15000", "agc_code": "15007", "name": "สำรวจและจัดทำข้อมูลทางกายภาพการผังเมืองด้วยระบบสารสนเทศภูมิศาสตร์(GIS) มาตราส่วน 1:4,000ในบริเวณพื้นที่นอกชุมชนระดับเทศบาล จังหวัดพิษณุโลก", "min": "กระทรวงมหาดไทย", "agc": "กรมโยธาธิการและผังเมือง", "plan_name": "แผนงานยุทธศาสตร์อนุรักษ์ ฟื้นฟู และป้องกันทรัพยากรธรรมชาติ", "stg_name": "ยุทธศาสตร์ด้านการจัดการน้ำและสร้างการเติบโตบนคุณภาพชีวิตที่เป็นมิตรกับสิ่งแวดล้อมอย่างยั่งยืน", "objc_level1_name": "รายจ่ายอื่น", "compare": [{"bb_amount": 6652800, "bb_province": "พิษณุโลก"}, {"gf_amount": 6652800, "gf_province": "ส่วนกลาง", "bb_amount": null, "bb_province": "กรุงเทพมหานคร"}], "gf_amount_sum": 6652800}
{"bb_code": "1500741009420583", "bb_year": "2560", "amount": 6650000, "min_code": "15000", "agc_code": "15007", "name": "เขื่อนป้องกันตลิ่งพร้อมปรับปรุงภูมิทัศน์ ริมแม่น้ำท่าจีน บริเวณโรงเรียนภปร.ราชวิทยาลัย ต.ท่าตลาด อ.สามพราน จ.นครปฐม ความยาว 240เมตร", "min": "กระทรวงมหาดไทย", "agc": "กรมโยธาธิการและผังเมือง", "plan_name": "แผนงานบูรณาการบริหารจัดการทรัพยากรน้ำ", "stg_name": "ยุทธศาสตร์ด้านการจัดการน้ำและสร้างการเติบโตบนคุณภาพชีวิตที่เป็นมิตรกับสิ่งแวดล้อมอย่างยั่งยืน", "objc_level1_name": "งบลงทุน", "compare": [{"bb_amount": 6650000, "bb_province": "นครปฐม"}, {"gf_amount": 4918500, "gf_province": "ส่วนกลาง", "bb_amount": null, "bb_province": "กรุงเทพมหานคร"}], "gf_amount_sum": 4918500}
{"bb_code": "1500848002600787", "bb_year": "2560", "amount": 6640000, "min_code": "15000", "agc_code": "15008", "name": "ซ่อมสร้างผิวจราจรพาราแอสฟัลท์ติกคอนกรีตสายบ้านด่านยูง-ปากห้วย หมู่ที่4 ตำบลท่างิ้ว กว้าง 6 เมตรยาว 1,684 เมตร หนา หนา0.05 เมตร ไหล่ทางกว้างข้างละ 1 เมตร เทศบาลตำบลท่างิ้ว อำเภอห้วยยอดจังหวัดตรัง", "min": "กระทรวงมหาดไทย", "agc": "กรมส่งเสริมการปกครองท้องถิ่น", "plan_name": "แผนงานบูรณาการส่งเสริมการกระจายอำนาจให้แก่องค์กรปกครองส่วนท้องถิ่น", "stg_name": "ยุทธศาสตร์ด้านการปรับสมดุลและพัฒนาระบบบริหารจัดการภาครัฐ", "objc_level1_name": "งบอุดหนุน", "compare": [{"bb_amount": 6640000, "bb_province": "ตรัง", "gf_amount": 5510000, "gf_province": "ตรัง"}], "gf_amount_sum": 5510000}
{"bb_code": "1500703014410021", "bb_year": "2560", "amount": 6625000, "min_code": "15000", "agc_code": "15007", "name": "โครงการปรับปรุงถนนในชุมชน สายบ้านอัยเยอร์ซอหมู่ที่ 2 ตำบลตาเนาะแมเราะ อำเภอเบตง จังหวัดยะลา กว้าง 4.00 เมตรระยะทาง 2.000 กิโลเมตร", "min": "กระทรวงมหาดไทย", "agc": "กรมโยธาธิการและผังเมือง", "plan_name": "แผนงานบูรณาการขับเคลื่อนการแก้ไขปัญหาจังหวัดชายแดนภาคใต้ ", "stg_name": "ยุทธศาสตร์ด้านความมั่นคงและการต่างประเทศ", "objc_level1_name": "งบลงทุน", "compare": [{"bb_amount": 6625000, "bb_province": "ยะลา", "gf_amount": 6584000, "gf_province": "ยะลา"}], "gf_amount_sum": 6584000}
{"bb_code": "1500703014410020", "bb_year": "2560", "amount": 6625000, "min_code": "15000", "agc_code": "15007", "name": "โครงการปรับปรุงถนนในชุมชน สายทางขึ้น - ลงทะเลหมอก 360 หมู่ที่ 6ตำบลตาเนาะแมเราะอำเภอเบตง จังหวัดยะลากว้าง 4.00 เมตร ระยะทาง2.000 กิโลเมตร", "min": "กระทรวงมหาดไทย", "agc": "กรมโยธาธิการและผังเมือง", "plan_name": "แผนงานบูรณาการขับเคลื่อนการแก้ไขปัญหาจังหวัดชายแดนภาคใต้ ", "stg_name": "ยุทธศาสตร์ด้านความมั่นคงและการต่างประเทศ", "objc_level1_name": "งบลงทุน", "compare": [{"bb_amount": 6625000, "bb_province": "ยะลา", "gf_amount": 6584000, "gf_province": "ยะลา"}], "gf_amount_sum": 6584000}
{"bb_code": "1500741009420329", "bb_year": "2560", "amount": 6600000, "min_code": "15000", "agc_code": "15007", "name": "เขื่อนป้องกันตลิ่งริมแม่น้ำน่าน วัดบางไผ่ ต.บางไผ่ อ.บางมูลนาก จ.พิจิตร ความยาว 265 เมตร", "min": "กระทรวงมหาดไทย", "agc": "กรมโยธาธิการและผังเมือง", "plan_name": "แผนงานบูรณาการบริหารจัดการทรัพยากรน้ำ", "stg_name": "ยุทธศาสตร์ด้านการจัดการน้ำและสร้างการเติบโตบนคุณภาพชีวิตที่เป็นมิตรกับสิ่งแวดล้อมอย่างยั่งยืน", "objc_level1_name": "งบลงทุน", "compare": [{"bb_amount": 6600000, "bb_province": "พิจิตร"}, {"gf_amount": 4083700.35, "gf_province": "ส่วนกลาง", "bb_amount": null, "bb_province": "กรุงเทพมหานคร"}], "gf_amount_sum": 4083700.35}
