{"bb_code": "1500711006120001", "bb_year": "2560", "amount": 6063400, "min_code": "15000", "agc_code": "15007", "name": "โครงการทดแทนอุปกรณ์กระจายสัญญาณระบบเครือข่าย เพื่อเพิ่มประสิทธิภาพการใช้งานระบบเครือข่าย กรมโยธาธิการและผังเมืองกรุงเทพมหานคร", "min": "กระทรวงมหาดไทย", "agc": "กรมโยธาธิการและผังเมือง", "plan_name": "แผนงานพื้นฐานด้านการสร้างความสามารถในการแข่งขันของประเทศ ", "stg_name": "ยุทธศาสตร์ด้านการสร้างความสามารถในการแข่งขันของประเทศ", "objc_level1_name": "งบลงทุน", "compare": [{"bb_amount": 6063400, "bb_province": "กรุงเทพมหานคร", "gf_amount": 5403500, "gf_province": "ส่วนกลาง"}], "gf_amount_sum": 5403500}
{"bb_code": "1500741009420286", "bb_year": "2560", "amount": 6058800, "min_code": "15000", "agc_code": "15007", "name": "เขื่อนป้องกันตลิ่งริมแม่น้ำเจ้าพระยา หมู่ที่ 3 ตำบลไทรน้อย อำเภอบางบาลจังหวัดพระนครศรีอยุธยาความยาว 395 เมตร", "min": "กระทรวงมหาดไทย", "agc": "กรมโยธาธิการและผังเมือง", "plan_name": "แผนงานบูรณาการบริหารจัดการทรัพยากรน้ำ", "stg_name": "ยุทธศาสตร์ด้านการจัดการน้ำและสร้างการเติบโตบนคุณภาพชีวิตที่เป็นมิตรกับสิ่งแวดล้อมอย่างยั่งยืน", "objc_level1_name": "งบลงทุน", "compare": [{"bb_amount": 6058800, "bb_province": "พระนครศรีอยุธยา"}], "gf_amount_sum": 0}
{"bb_code": "1500848002600C03", "bb_year": "2560", "amount": 6056000, "min_code": "15000", "agc_code": "15008", "name": "ก่อสร้างอาคารเรียนอนุบาลแบบตอกเสาเข็ม (รหัส สน.ศท.อนุบาล 8) ตามแบบมาตรฐานของกรมส่งเสริมการปกครองท้องถิ่น สำหรับโรงเรียนอนุบาลองค์การบริหารส่วนตำบลวัดจันทร์องค์การบริหารส่วนตำบลวัดจันทร์ อำเภอเมืองพิษณุโลก จังหวัดพิษณุโลก", "min": "กระทรวงมหาดไทย", "agc": "กรมส่งเสริมการปกครองท้องถิ่น", "plan_name": "แผนงานบูรณาการส่งเสริมการกระจายอำนาจให้แก่องค์กรปกครองส่วนท้องถิ่น", "stg_name": "ยุทธศาสตร์ด้านการปรับสมดุลและพัฒนาระบบบริหารจัดการภาครัฐ", "objc_level1_name": "งบอุดหนุน", "compare": [{"bb_amount": 6056000, "bb_province": "พิษณุโลก", "gf_amount": 5556000, "gf_province": "พิษณุโลก"}], "gf_amount_sum": 5556000}
{"bb_code": "1500848002600B95", "bb_year": "2560", "amount": 6056000, "min_code": "15000", "agc_code": "15008", "name": "ก่อสร้างอาคารเรียนอนุบาลแบบตอกเสาเข็ม (รหัส สน.ศท.อนุบาล 8) ตามแบบมาตรฐานของกรมส่งเสริมการปกครองท้องถิ่น สำหรับโรงเรียนวัดเขาพนมไตรรัตน์องค์การบริหารส่วนตำบลกลาย อำเภอท่าศาลาจังหวัดนครศรีธรรมราช", "min": "กระทรวงมหาดไทย", "agc": "กรมส่งเสริมการปกครองท้องถิ่น", "plan_name": "แผนงานบูรณาการส่งเสริมการกระจายอำนาจให้แก่องค์กรปกครองส่วนท้องถิ่น", "stg_name": "ยุทธศาสตร์ด้านการปรับสมดุลและพัฒนาระบบบริหารจัดการภาครัฐ", "objc_level1_name": "งบอุดหนุน", "compare": [{"bb_amount": 6056000, "bb_province": "นครศรีธรรมราช", "gf_amount": 0, "gf_province": "นครศรีธรรมราช"}], "gf_amount_sum": 0}
{"bb_code": "1500848002600B98", "bb_year": "2560", "amount": 6056000, "min_code": "15000", "agc_code": "15008", "name": "ก่อสร้างอาคารเรียนอนุบาลแบบตอกเสาเข็ม (รหัส สน.ศท.อนุบาล 8) ตามแบบมาตรฐานของกรมส่งเสริมการปกครองท้องถิ่น สำหรับโรงเรียนบ้านหนองมะเกลือองค์การบริหารส่วนตำบลโนนค้อ อำเภอโนนคูณจังหวัดศรีสะเกษ", "min": "กระทรวงมหาดไทย", "agc": "กรมส่งเสริมการปกครองท้องถิ่น", "plan_name": "แผนงานบูรณาการส่งเสริมการกระจายอำนาจให้แก่องค์กรปกครองส่วนท้องถิ่น", "stg_name": "ยุทธศาสตร์ด้านการปรับสมดุลและพัฒนาระบบบริหารจัดการภาครัฐ", "objc_level1_name": "งบอุดหนุน", "compare": [{"bb_amount": 6056000, "bb_province": "ศรีสะเกษ", "gf_amount": 0, "gf_province": "ศรีสะเกษ"}], "gf_amount_sum": 0}
{"bb_code": "1500848002600C00", "bb_year": "2560", "amount": 6056000, "min_code": "15000", "agc_code": "15008", "name": "ก่อสร้างอาคารเรียนอนุบาลแบบตอกเสาเข็ม (รหัส สน.ศท.อนุบาล 8) ตามแบบมาตรฐานของกรมส่งเสริมการปกครองท้องถิ่น สำหรับโรงเรียนอนุบาลหนองกององค์การบริหารส่วนตำบลบ้านค้อ อำเภอบ้านผือจังหวัดอุดรธานี", "min": "กระทรวงมหาดไทย", "agc": "กรมส่งเสริมการปกครองท้องถิ่น", "plan_name": "แผนงานบูรณาการส่งเสริมการกระจายอำนาจให้แก่องค์กรปกครองส่วนท้องถิ่น", "stg_name": "ยุทธศาสตร์ด้านการปรับสมดุลและพัฒนาระบบบริหารจัดการภาครัฐ", "objc_level1_name": "งบอุดหนุน", "compare": [{"bb_amount": 6056000, "bb_province": "อุดรธานี", "gf_amount": 5394800, "gf_province": "อุดรธานี"}], "gf_amount_sum": 5394800}
{"bb_code": "1500848002600B94", "bb_year": "2560", "amount": 6056000, "min_code": "15000", "agc_code": "15008", "name": "ก่อสร้างอาคารเรียนอนุบาลแบบตอกเสาเข็ม (รหัส สน.ศท.อนุบาล 8) ตามแบบมาตรฐานของกรมส่งเสริมการปกครองท้องถิ่น สำหรับโรงเรียนอนุบาลเทศบาลตำบลแม่จะเรา เทศบาลตำบลแม่จะเรา อำเภอแม่ระมาด จังหวัดตาก", "min": "กระทรวงมหาดไทย", "agc": "กรมส่งเสริมการปกครองท้องถิ่น", "plan_name": "แผนงานบูรณาการส่งเสริมการกระจายอำนาจให้แก่องค์กรปกครองส่วนท้องถิ่น", "stg_name": "ยุทธศาสตร์ด้านการปรับสมดุลและพัฒนาระบบบริหารจัดการภาครัฐ", "objc_level1_name": "งบอุดหนุน", "compare": [{"bb_amount": 6056000, "bb_province": "ตาก", "gf_amount": 1220000, "gf_province": "ตาก"}], "gf_amount_sum": 1220000}
{"bb_code": "1500848002600C04", "bb_year": "2560", "amount": 6056000, "min_code": "15000", "agc_code": "15008", "name": "ก่อสร้างอาคารเรียนอนุบาลแบบตอกเสาเข็ม (รหัส สน.ศท.อนุบาล 8) ตามแบบมาตรฐานของกรมส่งเสริมการปกครองท้องถิ่น สำหรับโรงเรียนอนุบาลเทศบาลตำบลบางพลี เทศบาลตำบลบางพลี อำเภอบางพลี จังหวัดสมุทรปราการ", "min": "กระทรวงมหาดไทย", "agc": "กรมส่งเสริมการปกครองท้องถิ่น", "plan_name": "แผนงานบูรณาการส่งเสริมการกระจายอำนาจให้แก่องค์กรปกครองส่วนท้องถิ่น", "stg_name": "ยุทธศาสตร์ด้านการปรับสมดุลและพัฒนาระบบบริหารจัดการภาครัฐ", "objc_level1_name": "งบอุดหนุน", "compare": [{"bb_amount": 6056000, "bb_province": "สมุทรปราการ", "gf_amount": 6045500, "gf_province": "สมุทรปราการ"}], "gf_amount_sum": 6045500}
{"bb_code": "1500848002600C05", "bb_year": "2560", "amount": 6056000, "min_code": "15000", "agc_code": "15008", "name": "ก่อสร้างอาคารเรียนอนุบาลแบบตอกเสาเข็ม (รหัส สน.ศท.อนุบาล 8) ตามแบบมาตรฐานของกรมส่งเสริมการปกครองท้องถิ่น สำหรับโรงเรียนอนุบาลเทศบาลตำบลย่านดินแดง เทศบาลตำบลย่านดินแดง อำเภอพระแสง จังหวัดสุราษฎร์ธานี", "min": "กระทรวงมหาดไทย", "agc": "กรมส่งเสริมการปกครองท้องถิ่น", "plan_name": "แผนงานบูรณาการส่งเสริมการกระจายอำนาจให้แก่องค์กรปกครองส่วนท้องถิ่น", "stg_name": "ยุทธศาสตร์ด้านการปรับสมดุลและพัฒนาระบบบริหารจัดการภาครัฐ", "objc_level1_name": "งบอุดหนุน", "compare": [{"bb_amount": 6056000, "bb_province": "สุราษฎร์ธานี", "gf_amount": 0, "gf_province": "สุราษฎร์ธานี"}], "gf_amount_sum": 0}
{"bb_code": "1500848002600B96", "bb_year": "2560", "amount": 6056000, "min_code": "15000", "agc_code": "15008", "name": "ก่อสร้างอาคารเรียนอนุบาลแบบตอกเสาเข็ม (รหัส สน.ศท.อนุบาล 8) ตามแบบมาตรฐานของกรมส่งเสริมการปกครองท้องถิ่น สำหรับโรงเรียนอนุบาลเทศบาลตำบลทากาศ เทศบาลตำบลทากาศ อำเภอแม่ทาจังหวัดลำพูน", "min": "กระทรวงมหาดไทย", "agc": "กรมส่งเสริมการปกครองท้องถิ่น", "plan_name": "แผนงานบูรณาการส่งเสริมการกระจายอำนาจให้แก่องค์กรปกครองส่วนท้องถิ่น", "stg_name": "ยุทธศาสตร์ด้านการปรับสมดุลและพัฒนาระบบบริหารจัดการภาครัฐ", "objc_level1_name": "งบอุดหนุน", "compare": [{"bb_amount": 6056000, "bb_province": "ลำพูน", "gf_amount": 6044131.87, "gf_province": "ลำพูน"}], "gf_amount_sum": 6044131.87}
{"bb_code": "1500848002600B99", "bb_year": "2560", "amount": 6056000, "min_code": "15000", "agc_code": "15008", "name": "ก่อสร้างอาคารเรียนอนุบาลแบบตอกเสาเข็ม (รหัส สน.ศท.อนุบาล 8) ตามแบบมาตรฐานของกรมส่งเสริมการปกครองท้องถิ่น สำหรับโรงเรียนเทศบาล 1 วัดต้นสน เทศบาลเมืองอ่างทองอำเภอเมืองอ่างทองจังหวัดอ่างทอง", "min": "กระทรวงมหาดไทย", "agc": "กรมส่งเสริมการปกครองท้องถิ่น", "plan_name": "แผนงานบูรณาการส่งเสริมการกระจายอำนาจให้แก่องค์กรปกครองส่วนท้องถิ่น", "stg_name": "ยุทธศาสตร์ด้านการปรับสมดุลและพัฒนาระบบบริหารจัดการภาครัฐ", "objc_level1_name": "งบอุดหนุน", "compare": [{"bb_amount": 6056000, "bb_province": "อ่างทอง", "gf_amount": 6026061.05, "gf_province": "อ่างทอง"}], "gf_amount_sum": 6026061.05}
{"bb_code": "1500848002600C02", "bb_year": "2560", "amount": 6056000, "min_code": "15000", "agc_code": "15008", "name": "ก่อสร้างอาคารเรียนอนุบาลแบบตอกเสาเข็ม (รหัส สน.ศท.อนุบาล 8) ตามแบบมาตรฐานของกรมส่งเสริมการปกครองท้องถิ่น สำหรับโรงเรียนอนุบาลเทศบาลตำบลนาดี เทศบาลตำบลนาดี อำเภอนาดี จังหวัดปราจีนบุรี", "min": "กระทรวงมหาดไทย", "agc": "กรมส่งเสริมการปกครองท้องถิ่น", "plan_name": "แผนงานบูรณาการส่งเสริมการกระจายอำนาจให้แก่องค์กรปกครองส่วนท้องถิ่น", "stg_name": "ยุทธศาสตร์ด้านการปรับสมดุลและพัฒนาระบบบริหารจัดการภาครัฐ", "objc_level1_name": "งบอุดหนุน", "compare": [{"bb_amount": 6056000, "bb_province": "ปราจีนบุรี", "gf_amount": 4075258, "gf_province": "ปราจีนบุรี"}], "gf_amount_sum": 4075258}
{"bb_code": "1500848002600C01", "bb_year": "2560", "amount": 6056000, "min_code": "15000", "agc_code": "15008", "name": "ก่อสร้างอาคารเรียนอนุบาลแบบตอกเสาเข็ม (รหัส สน.ศท.อนุบาล 8) ตามแบบมาตรฐานของกรมส่งเสริมการปกครองท้องถิ่น สำหรับโรงเรียนอนุบาลเทศบาลหนองบัวลาย เทศบาลตำบลหนองบัวลาย อำเภอบัวลาย จังหวัดนครราชสีมา", "min": "กระทรวงมหาดไทย", "agc": "กรมส่งเสริมการปกครองท้องถิ่น", "plan_name": "แผนงานบูรณาการส่งเสริมการกระจายอำนาจให้แก่องค์กรปกครองส่วนท้องถิ่น", "stg_name": "ยุทธศาสตร์ด้านการปรับสมดุลและพัฒนาระบบบริหารจัดการภาครัฐ", "objc_level1_name": "งบอุดหนุน", "compare": [{"bb_amount": 6056000, "bb_province": "นครราชสีมา", "gf_amount": 4167191.84, "gf_province": "นครราชสีมา"}], "gf_amount_sum": 4167191.84}
{"bb_code": "1500848002600B97", "bb_year": "2560", "amount": 6056000, "min_code": "15000", "agc_code": "15008", "name": "ก่อสร้างอาคารเรียนอนุบาลแบบตอกเสาเข็ม (รหัส สน.ศท.อนุบาล 8) ตามแบบมาตรฐานของกรมส่งเสริมการปกครองท้องถิ่น สำหรับโรงเรียนเทศบาลตำบลนาดินดำ เทศบาลตำบลนาดินดำ อำเภอเมืองเลย จังหวัดเลย", "min": "กระทรวงมหาดไทย", "agc": "กรมส่งเสริมการปกครองท้องถิ่น", "plan_name": "แผนงานบูรณาการส่งเสริมการกระจายอำนาจให้แก่องค์กรปกครองส่วนท้องถิ่น", "stg_name": "ยุทธศาสตร์ด้านการปรับสมดุลและพัฒนาระบบบริหารจัดการภาครัฐ", "objc_level1_name": "งบอุดหนุน", "compare": [{"bb_amount": 6056000, "bb_province": "เลย", "gf_amount": 0, "gf_province": "เลย"}], "gf_amount_sum": 0}
{"bb_code": "1500741009420397", "bb_year": "2560", "amount": 6055000, "min_code": "15000", "agc_code": "15007", "name": "เขื่อนป้องกันตลิ่งริมแม่น้ำกก บ้านริมกก ม.4 และบ้านป่าอ้อ ม.5 ต.แม่ยาว อ.เมือง จ.เชียงราย ความยาว375 เมตร", "min": "กระทรวงมหาดไทย", "agc": "กรมโยธาธิการและผังเมือง", "plan_name": "แผนงานบูรณาการบริหารจัดการทรัพยากรน้ำ", "stg_name": "ยุทธศาสตร์ด้านการจัดการน้ำและสร้างการเติบโตบนคุณภาพชีวิตที่เป็นมิตรกับสิ่งแวดล้อมอย่างยั่งยืน", "objc_level1_name": "งบลงทุน", "compare": [{"bb_amount": 6055000, "bb_province": "เชียงราย", "gf_amount": 3592000, "gf_province": "เชียงราย"}], "gf_amount_sum": 3592000}
{"bb_code": "1500848002600123", "bb_year": "2560", "amount": 6042000, "min_code": "15000", "agc_code": "15008", "name": "ซ่อมสร้างแอสฟัลท์ติกคอนกรีต (โดยวิธี Pavement inRecyling) สาย สพ. 3240บ้านดงปอ หมู่ที่ 10 สายบ้านดงปอ ตอนที่ 4 ตำบลด่านช้าง กว้าง 8 เมตร ยาว1,500 เมตร หนา 0.05เมตร หรือพื้นที่ไม่น้อยกว่า12,000 ตารางเมตรองค์การบริหารส่วนตำบลด่านช้าง อำเภอด่านช้างจังหวัดสุพรรณบุรี", "min": "กระทรวงมหาดไทย", "agc": "กรมส่งเสริมการปกครองท้องถิ่น", "plan_name": "แผนงานบูรณาการส่งเสริมการกระจายอำนาจให้แก่องค์กรปกครองส่วนท้องถิ่น", "stg_name": "ยุทธศาสตร์ด้านการปรับสมดุลและพัฒนาระบบบริหารจัดการภาครัฐ", "objc_level1_name": "งบอุดหนุน", "compare": [{"bb_amount": 6042000, "bb_province": "สุพรรณบุรี", "gf_amount": 5780489, "gf_province": "สุพรรณบุรี"}], "gf_amount_sum": 5780489}
{"bb_code": "1500848002600805", "bb_year": "2560", "amount": 6025000, "min_code": "15000", "agc_code": "15008", "name": "ปรับปรุงผิวจราจรเป็นคอนกรีตเสริมเหล็ก สายแยกทางเลี่ยงเมือง - บ้านแดงใหญ่ ช่วงบ้านหนองหลุบ หมู่ที่ 7 กว้าง 8 เมตรยาว 1,300 เมตร หนา 0.15เมตร 1,400 เมตร องค์การบริหารส่วนตำบลแดงใหญ่อำเภอเมืองขอนแก่นจังหวัดขอนแก่น", "min": "กระทรวงมหาดไทย", "agc": "กรมส่งเสริมการปกครองท้องถิ่น", "plan_name": "แผนงานบูรณาการส่งเสริมการกระจายอำนาจให้แก่องค์กรปกครองส่วนท้องถิ่น", "stg_name": "ยุทธศาสตร์ด้านการปรับสมดุลและพัฒนาระบบบริหารจัดการภาครัฐ", "objc_level1_name": "งบอุดหนุน", "compare": [{"bb_amount": 6025000, "bb_province": "ขอนแก่น", "gf_amount": 3460000, "gf_province": "ขอนแก่น"}], "gf_amount_sum": 3460000}
{"bb_code": "1500848002600063", "bb_year": "2560", "amount": 6020000, "min_code": "15000", "agc_code": "15008", "name": "ซ่อมสร้างถนนลาดยาง(โดยวิธีผิวจราจรแบบพาราแคปซิล Para cape seal)แบบผิวจราจรพาราแอสฟัลท์ติกคอนกรีตสายบ้านป่าเด็งใต้ - บ้านห้วยโสกหมู่ที่ 6 บ้านป่าเด็งใต้ตำบลป่าเด็ง กว้าง 6 เมตรยาว 1,115 เมตร หนา 0.04เมตร ไหล่ทางกว้างข้างละ1.50 เมตร องค์การบริหารส่วนตำบลป่าเด็ง อำเภอแก่งกระจาน จังหวัดเพชรบุรี", "min": "กระทรวงมหาดไทย", "agc": "กรมส่งเสริมการปกครองท้องถิ่น", "plan_name": "แผนงานบูรณาการส่งเสริมการกระจายอำนาจให้แก่องค์กรปกครองส่วนท้องถิ่น", "stg_name": "ยุทธศาสตร์ด้านการปรับสมดุลและพัฒนาระบบบริหารจัดการภาครัฐ", "objc_level1_name": "งบอุดหนุน", "compare": [{"bb_amount": 6020000, "bb_province": "เพชรบุรี", "gf_amount": 3350000, "gf_province": "เพชรบุรี"}], "gf_amount_sum": 3350000}
{"bb_code": "1500848002600064", "bb_year": "2560", "amount": 6020000, "min_code": "15000", "agc_code": "15008", "name": "ซ่อมสร้างถนนลาดยาง(โดยวิธีผิวจราจรแบบพาราแคปซิล Para cape seal)แบบผิวจราจรพาราแอสฟัลท์ติกคอนกรีต สายบ้านป่าเด็ง - สหกรณ์ห้วยสัตว์ใหญ่ หมู่ที่ 4 บ้านเสาร์ห้าตำบลป่าเด็ง กว้าง 6 เมตรยาว 1,140 เมตร หนา 0.04เมตร ไหล่ทางกว้างข้างละ1.50 เมตร องค์การบริหารส่วนตำบลป่าเด็ง อำเภอแก่งกระจาน จังหวัดเพชรบุรี", "min": "กระทรวงมหาดไทย", "agc": "กรมส่งเสริมการปกครองท้องถิ่น", "plan_name": "แผนงานบูรณาการส่งเสริมการกระจายอำนาจให้แก่องค์กรปกครองส่วนท้องถิ่น", "stg_name": "ยุทธศาสตร์ด้านการปรับสมดุลและพัฒนาระบบบริหารจัดการภาครัฐ", "objc_level1_name": "งบอุดหนุน", "compare": [{"bb_amount": 6020000, "bb_province": "เพชรบุรี", "gf_amount": 3170000, "gf_province": "เพชรบุรี"}], "gf_amount_sum": 3170000}
{"bb_code": "1500848002600629", "bb_year": "2560", "amount": 6005000, "min_code": "15000", "agc_code": "15008", "name": "บูรณะซ่อมสร้างถนนลาดยางแบบ AsphalticConcrete บ้านหนองยายพิมพ์-บ้านโนนศาลา ตำบลหนองยายพิมพ์ มีพื้นที่ไม่น้อยกว่า 11,450 ตารางเมตร องค์การบริหารส่วนตำบลหนองยายพิมพ์อำเภอนางรอง จังหวัดบุรีรัมย์", "min": "กระทรวงมหาดไทย", "agc": "กรมส่งเสริมการปกครองท้องถิ่น", "plan_name": "แผนงานบูรณาการส่งเสริมการกระจายอำนาจให้แก่องค์กรปกครองส่วนท้องถิ่น", "stg_name": "ยุทธศาสตร์ด้านการปรับสมดุลและพัฒนาระบบบริหารจัดการภาครัฐ", "objc_level1_name": "งบอุดหนุน", "compare": [{"bb_amount": 6005000, "bb_province": "บุรีรัมย์", "gf_amount": 5528000, "gf_province": "บุรีรัมย์"}], "gf_amount_sum": 5528000}
