{"bb_code": "1500848002600728", "bb_year": "2560", "amount": 5742000, "min_code": "15000", "agc_code": "15008", "name": "ซ่อมสร้างถนนผิวยางพาราแอสฟัลท์ติกคอนกรีต สายบ้านใหม่แสงแก้ว หมู่ที่ 11จำนวน 3 ช่วง มีพื้นที่รวมไม่น้อยกว่า 13,410 ตารางเมตร องค์การบริหารส่วนตำบลเจดีย์หลวง อำเภอแม่สรวย จังหวัดเชียงราย", "min": "กระทรวงมหาดไทย", "agc": "กรมส่งเสริมการปกครองท้องถิ่น", "plan_name": "แผนงานบูรณาการส่งเสริมการกระจายอำนาจให้แก่องค์กรปกครองส่วนท้องถิ่น", "stg_name": "ยุทธศาสตร์ด้านการปรับสมดุลและพัฒนาระบบบริหารจัดการภาครัฐ", "objc_level1_name": "งบอุดหนุน", "compare": [{"bb_amount": 5742000, "bb_province": "เชียงราย", "gf_amount": 5200000, "gf_province": "เชียงราย"}], "gf_amount_sum": 5200000}
{"bb_code": "1500741009420170", "bb_year": "2560", "amount": 5741000, "min_code": "15000", "agc_code": "15007", "name": "เขื่อนป้องกันตลิ่งริมแม่น้ำปิง บ้านคลองห้วยทราย ม.3 ถึง บ้านหนองเรือ ม.1 ต.หนองบัวใต้ อ.เมือง จ.ตากความยาว 435 เมตร", "min": "กระทรวงมหาดไทย", "agc": "กรมโยธาธิการและผังเมือง", "plan_name": "แผนงานบูรณาการบริหารจัดการทรัพยากรน้ำ", "stg_name": "ยุทธศาสตร์ด้านการจัดการน้ำและสร้างการเติบโตบนคุณภาพชีวิตที่เป็นมิตรกับสิ่งแวดล้อมอย่างยั่งยืน", "objc_level1_name": "งบลงทุน", "compare": [{"bb_amount": 5741000, "bb_province": "ตาก", "gf_amount": 0, "gf_province": "ตาก"}], "gf_amount_sum": 0}
{"bb_code": "1500357046110005", "bb_year": "2560", "amount": 5735000, "min_code": "15000", "agc_code": "15003", "name": "ติดตั้งกล้องวงจรปิดพร้อมอุปกรณ์(CCTV) ในพื้นที่ตำบลวัดประดู่อำเภออัมพวา จังหวัดสมุทรสงคราม จำนวน 19 จุด", "min": "กระทรวงมหาดไทย", "agc": "กรมการปกครอง", "plan_name": "ไม่ระบุ", "stg_name": "ยุทธศาสตร์ด้านการสร้างความสามารถในการแข่งขันของประเทศ", "objc_level1_name": "งบลงทุน", "compare": [{"bb_amount": 5735000, "bb_province": "สมุทรสงคราม", "gf_amount": 0, "gf_province": "สมุทรสงคราม"}], "gf_amount_sum": 0}
{"bb_code": "1500848002600903", "bb_year": "2560", "amount": 5730000, "min_code": "15000", "agc_code": "15008", "name": "ปรังปรุงถนนลูกรังสายเลียบคลองชลประทาน หมู่ที่ 3บ้านควนนกหว้า กว้าง 6เมตร ยาว 5,000 เมตร หนา0.15 เมตร องค์การบริหารส่วนตำบลโคกยาง อำเภอเหนือคลอง จังหวัดกระบี่", "min": "กระทรวงมหาดไทย", "agc": "กรมส่งเสริมการปกครองท้องถิ่น", "plan_name": "แผนงานบูรณาการส่งเสริมการกระจายอำนาจให้แก่องค์กรปกครองส่วนท้องถิ่น", "stg_name": "ยุทธศาสตร์ด้านการปรับสมดุลและพัฒนาระบบบริหารจัดการภาครัฐ", "objc_level1_name": "งบอุดหนุน", "compare": [{"bb_amount": 5730000, "bb_province": "กระบี่", "gf_amount": 5414000, "gf_province": "กระบี่"}], "gf_amount_sum": 5414000}
{"bb_code": "1500742030420004", "bb_year": "2560", "amount": 5728200, "min_code": "15000", "agc_code": "15007", "name": "โครงการจัดรูปที่ดินเพื่อพัฒนาพื้นที่ จังหวัดชัยภูมิ", "min": "กระทรวงมหาดไทย", "agc": "กรมโยธาธิการและผังเมือง", "plan_name": "แผนงานยุทธศาสตร์อนุรักษ์ ฟื้นฟู และป้องกันทรัพยากรธรรมชาติ", "stg_name": "ยุทธศาสตร์ด้านการจัดการน้ำและสร้างการเติบโตบนคุณภาพชีวิตที่เป็นมิตรกับสิ่งแวดล้อมอย่างยั่งยืน", "objc_level1_name": "งบลงทุน", "compare": [{"bb_amount": 5728200, "bb_province": "ชัยภูมิ", "gf_amount": 2593816, "gf_province": "ชัยภูมิ"}], "gf_amount_sum": 2593816}
{"bb_code": "1500848002600177", "bb_year": "2560", "amount": 5720000, "min_code": "15000", "agc_code": "15008", "name": "ซ่อมสร้างถนนลาดยางผิวจราจรยางพารา ParaAsphaltic Concrete (โดยวิธีPavement In - PlaceRecycling) บ้านสำโรง หมู่ที่6 - บ้านหนองน้ำขุ่น ตำบลขวาวใหญ่ มีพื้นที่ไม่น้อยกว่า 17,485 ตารางเมตรองค์การบริหารส่วนตำบลขวาวใหญ่ อำเภอศีขรภูมิจังหวัดสุรินทร์", "min": "กระทรวงมหาดไทย", "agc": "กรมส่งเสริมการปกครองท้องถิ่น", "plan_name": "แผนงานบูรณาการส่งเสริมการกระจายอำนาจให้แก่องค์กรปกครองส่วนท้องถิ่น", "stg_name": "ยุทธศาสตร์ด้านการปรับสมดุลและพัฒนาระบบบริหารจัดการภาครัฐ", "objc_level1_name": "งบอุดหนุน", "compare": [{"bb_amount": 5720000, "bb_province": "สุรินทร์", "gf_amount": 5700000, "gf_province": "สุรินทร์"}], "gf_amount_sum": 5700000}
{"bb_code": "1500848002600511", "bb_year": "2560", "amount": 5710000, "min_code": "15000", "agc_code": "15008", "name": "เสริมผิวจราจรแอสฟัลต์ติกฯบ้านปุหรน-บ้านนาม่วง หมู่ที่4 ขนาดกว้าง 6 เมตร ยาว1,650 เมตร หนาเฉลี่ย0.04 เมตร ไหล่ทางข้างละ1 เมตร องค์การบริหารส่วนตำบลช้างให้ตก อำเภอโคกโพธิ์ จังหวัดปัตตานี", "min": "กระทรวงมหาดไทย", "agc": "กรมส่งเสริมการปกครองท้องถิ่น", "plan_name": "แผนงานบูรณาการส่งเสริมการกระจายอำนาจให้แก่องค์กรปกครองส่วนท้องถิ่น", "stg_name": "ยุทธศาสตร์ด้านการปรับสมดุลและพัฒนาระบบบริหารจัดการภาครัฐ", "objc_level1_name": "งบอุดหนุน", "compare": [{"bb_amount": 5710000, "bb_province": "ปัตตานี", "gf_amount": 3995000, "gf_province": "ปัตตานี"}], "gf_amount_sum": 3995000}
{"bb_code": "1500743018420005", "bb_year": "2560", "amount": 5702600, "min_code": "15000", "agc_code": "15007", "name": "โครงการเขื่อนป้องกันตลิ่งริมคลองละงู บริเวณสวนสาธารณะเทศบาลตำบลกำแพง ชุมชนบ้านออกพัฒนา (ตอน 2) หมู่ที่3 ตำบลกำแพง อำเภอละงูจังหวัดสตูล ความยาว 600เมตร", "min": "กระทรวงมหาดไทย", "agc": "กรมโยธาธิการและผังเมือง", "plan_name": "แผนงานยุทธศาสตร์จัดการผลกระทบจากการเปลี่ยนแปลงสภาวะภูมิอากาศ และภัยพิบัติ", "stg_name": "ยุทธศาสตร์ด้านการจัดการน้ำและสร้างการเติบโตบนคุณภาพชีวิตที่เป็นมิตรกับสิ่งแวดล้อมอย่างยั่งยืน", "objc_level1_name": "งบลงทุน", "compare": [{"bb_amount": 5702600, "bb_province": "สตูล"}], "gf_amount_sum": 0}
{"bb_code": "1500848002600524", "bb_year": "2560", "amount": 5697000, "min_code": "15000", "agc_code": "15008", "name": "เสริมผิวถนนด้วยยางพาราแอสฟัลท์ติกคอนกรีตสายทางเข้าฟาร์มตัวอย่างบ้านตือมายู หมู่ที่ 1 ตำบลเอราวัณ ช่วง กม.ที่ 0+000- กม.ที่ 1+530 กว้าง 6เมตร ยาว 1,530 เมตร หนา0.04 เมตร องค์การบริหารส่วนตำบลเอราวัณ อำเภอแว้ง จังหวัดนราธิวาส", "min": "กระทรวงมหาดไทย", "agc": "กรมส่งเสริมการปกครองท้องถิ่น", "plan_name": "แผนงานบูรณาการส่งเสริมการกระจายอำนาจให้แก่องค์กรปกครองส่วนท้องถิ่น", "stg_name": "ยุทธศาสตร์ด้านการปรับสมดุลและพัฒนาระบบบริหารจัดการภาครัฐ", "objc_level1_name": "งบอุดหนุน", "compare": [{"bb_amount": 5697000, "bb_province": "นราธิวาส", "gf_amount": 5695000, "gf_province": "นราธิวาส"}], "gf_amount_sum": 5695000}
{"bb_code": "1500848002600887", "bb_year": "2560", "amount": 5675000, "min_code": "15000", "agc_code": "15008", "name": "ปรับปรุงซ่อมแซมถนนผิวทางแบบแคปซิล (CapeSeal) เป็นแบบผิวจราจรแอสฟัลท์ติกคอนกรีต ถนนสายบ้านหัวกระสังข์ - บ้านเขาหินซ้อน หมู่ที่ 6 (กม.ที่4.318 - กม.ที่ 5.318)กว้าง 6 เมตร ยาว 1,000เมตร ไหล่ทางข้างละ1.50เมตร องค์การบริหารส่วนตำบลเขาหินซ้อน อำเภอพนมสารคาม จังหวัดฉะเชิงเทรา", "min": "กระทรวงมหาดไทย", "agc": "กรมส่งเสริมการปกครองท้องถิ่น", "plan_name": "แผนงานบูรณาการส่งเสริมการกระจายอำนาจให้แก่องค์กรปกครองส่วนท้องถิ่น", "stg_name": "ยุทธศาสตร์ด้านการปรับสมดุลและพัฒนาระบบบริหารจัดการภาครัฐ", "objc_level1_name": "งบอุดหนุน", "compare": [{"bb_amount": 5675000, "bb_province": "ฉะเชิงเทรา", "gf_amount": 4300000, "gf_province": "ฉะเชิงเทรา"}], "gf_amount_sum": 4300000}
{"bb_code": "1500742031700094", "bb_year": "2560", "amount": 5671200, "min_code": "15000", "agc_code": "15007", "name": "สำรวจและจัดทำข้อมูลทางกายภาพการผังเมืองด้วยระบบสารสนเทศภูมิศาสตร์(GIS) มาตราส่วน 1:4,000ในบริเวณพื้นที่นอกชุมชนระดับเทศบาล จังหวัดอุตรดิตถ์", "min": "กระทรวงมหาดไทย", "agc": "กรมโยธาธิการและผังเมือง", "plan_name": "แผนงานยุทธศาสตร์อนุรักษ์ ฟื้นฟู และป้องกันทรัพยากรธรรมชาติ", "stg_name": "ยุทธศาสตร์ด้านการจัดการน้ำและสร้างการเติบโตบนคุณภาพชีวิตที่เป็นมิตรกับสิ่งแวดล้อมอย่างยั่งยืน", "objc_level1_name": "รายจ่ายอื่น", "compare": [{"bb_amount": 5671200, "bb_province": "อุตรดิตถ์"}, {"gf_amount": 5671200, "gf_province": "ส่วนกลาง", "bb_amount": null, "bb_province": "กรุงเทพมหานคร"}], "gf_amount_sum": 5671200}
{"bb_code": "1500848002600616", "bb_year": "2560", "amount": 5668000, "min_code": "15000", "agc_code": "15008", "name": "เสริมผิวแอสฟัลท์ติกคอนกรีต สายบ้านป่งไฮ หมู่ที่ 1ไปบ้านท่าช้าง หมู่ที่ 11กว้าง 5.5 เมตร ยาว 1,530เมตร องค์การบริหารส่วนตำบลป่งไฮ อำเภอเซกาจังหวัดบึงกาฬ", "min": "กระทรวงมหาดไทย", "agc": "กรมส่งเสริมการปกครองท้องถิ่น", "plan_name": "แผนงานบูรณาการส่งเสริมการกระจายอำนาจให้แก่องค์กรปกครองส่วนท้องถิ่น", "stg_name": "ยุทธศาสตร์ด้านการปรับสมดุลและพัฒนาระบบบริหารจัดการภาครัฐ", "objc_level1_name": "งบอุดหนุน", "compare": [{"bb_amount": 5668000, "bb_province": "บึงกาฬ", "gf_amount": 3170000, "gf_province": "บึงกาฬ"}], "gf_amount_sum": 3170000}
{"bb_code": "1500848002600766", "bb_year": "2560", "amount": 5660000, "min_code": "15000", "agc_code": "15008", "name": "ซ่อมแซมถนนลาดยางพาราแอสฟัลท์ติกคอนกรีตสายบ้านปากตอน -ปากทรง หมู่ที่ 4 กว้าง 6 เมตร ยาว1,600 เมตร หนา 0.05เมตร ไหล่ทางข้างละ 0.50เมตร องค์การบริหารส่วนตำบลปากทรง อำเภอพะโต๊ะ จังหวัดชุมพร", "min": "กระทรวงมหาดไทย", "agc": "กรมส่งเสริมการปกครองท้องถิ่น", "plan_name": "แผนงานบูรณาการส่งเสริมการกระจายอำนาจให้แก่องค์กรปกครองส่วนท้องถิ่น", "stg_name": "ยุทธศาสตร์ด้านการปรับสมดุลและพัฒนาระบบบริหารจัดการภาครัฐ", "objc_level1_name": "งบอุดหนุน", "compare": [{"bb_amount": 5660000, "bb_province": "ชุมพร", "gf_amount": 5380000, "gf_province": "ชุมพร"}], "gf_amount_sum": 5380000}
{"bb_code": "1500703014410019", "bb_year": "2560", "amount": 5659000, "min_code": "15000", "agc_code": "15007", "name": "โครงการปรับปรุงถนนในชุมชน สายคลองแจ๊ะแป๊ะหมู่ที่ 6 ตำบลบาละ อำเภอกาบัง จังหวัดยะลา กว้าง5.00 เมตร ระยะทาง 1.300กิโลเมตร", "min": "กระทรวงมหาดไทย", "agc": "กรมโยธาธิการและผังเมือง", "plan_name": "แผนงานบูรณาการขับเคลื่อนการแก้ไขปัญหาจังหวัดชายแดนภาคใต้ ", "stg_name": "ยุทธศาสตร์ด้านความมั่นคงและการต่างประเทศ", "objc_level1_name": "งบลงทุน", "compare": [{"bb_amount": 5659000, "bb_province": "ยะลา", "gf_amount": 5628000, "gf_province": "ยะลา"}], "gf_amount_sum": 5628000}
{"bb_code": "1500848002600201", "bb_year": "2560", "amount": 5659000, "min_code": "15000", "agc_code": "15008", "name": "ปรับปรุงผิวจราจรแอสฟัลท์ติกคอนกรีต ปข 1049 แยกทางหลวงหมายเลข 4-วัดนิโครธาราม กว้าง 5 เมตรยาว 2,400 เมตร หนา 0.04เมตร องค์การบริหารส่วนตำบลหินเหล็กไฟ อำเภอหัวหิน จังหวัดประจวบคีรีขันธ์", "min": "กระทรวงมหาดไทย", "agc": "กรมส่งเสริมการปกครองท้องถิ่น", "plan_name": "แผนงานบูรณาการส่งเสริมการกระจายอำนาจให้แก่องค์กรปกครองส่วนท้องถิ่น", "stg_name": "ยุทธศาสตร์ด้านการปรับสมดุลและพัฒนาระบบบริหารจัดการภาครัฐ", "objc_level1_name": "งบอุดหนุน", "compare": [{"bb_amount": 5659000, "bb_province": "ประจวบคีรีขันธ์", "gf_amount": 5658500, "gf_province": "ประจวบคีรีขันธ์"}], "gf_amount_sum": 5658500}
{"bb_code": "1500848002600694", "bb_year": "2560", "amount": 5645000, "min_code": "15000", "agc_code": "15008", "name": "ซ่อมแซมถนนผิวจราจรยางพาราแอสฟัลท์ติกคอนกรีตสายบ้านปลายรา-บ้านแพรกกลาง มีพื้นที่ไม่น้อยกว่า 8,500 ตารางเมตรองค์การบริหารส่วนตำบลถ้ำพรรณรา อำเภอถ้ำพรรณราจังหวัดนครศรีธรรมราช", "min": "กระทรวงมหาดไทย", "agc": "กรมส่งเสริมการปกครองท้องถิ่น", "plan_name": "แผนงานบูรณาการส่งเสริมการกระจายอำนาจให้แก่องค์กรปกครองส่วนท้องถิ่น", "stg_name": "ยุทธศาสตร์ด้านการปรับสมดุลและพัฒนาระบบบริหารจัดการภาครัฐ", "objc_level1_name": "งบอุดหนุน", "compare": [{"bb_amount": 5645000, "bb_province": "นครศรีธรรมราช", "gf_amount": 3641000, "gf_province": "นครศรีธรรมราช"}], "gf_amount_sum": 3641000}
{"bb_code": "1500848002600834", "bb_year": "2560", "amount": 5630000, "min_code": "15000", "agc_code": "15008", "name": "ซ่อมสร้างถนนคอนกรีตเสริมเหล็ก สายบ้านหนองฮ่าง -บ้านโป่งนก หมู่ที่ 7 ตำบลแม่คะ กว้าง 7 เมตร ยาว1,160 เมตร หนา 0.15เมตร องค์การบริหารส่วนตำบล แม่คะ อำเภอฝางจังหวัดเชียงใหม่", "min": "กระทรวงมหาดไทย", "agc": "กรมส่งเสริมการปกครองท้องถิ่น", "plan_name": "แผนงานบูรณาการส่งเสริมการกระจายอำนาจให้แก่องค์กรปกครองส่วนท้องถิ่น", "stg_name": "ยุทธศาสตร์ด้านการปรับสมดุลและพัฒนาระบบบริหารจัดการภาครัฐ", "objc_level1_name": "งบอุดหนุน", "compare": [{"bb_amount": 5630000, "bb_province": "เชียงใหม่", "gf_amount": 3191838, "gf_province": "เชียงใหม่"}], "gf_amount_sum": 3191838}
{"bb_code": "1500848002600426", "bb_year": "2560", "amount": 5629000, "min_code": "15000", "agc_code": "15008", "name": "ซ่อมสร้างถนนลาดยางแอสฟัลท์ติกผสมยางธรรมชาติ(โดยวิธี Recycling) สาย บ้านดงกลาง ม.5 ขนาดกว้าง 6เมตร ยาว 1,200 เมตร หรือมีพื้นที่ไม่น้อยกว่า 7,200ตารางเมตร เทศบาลตำบลผาสุก อำเภอวังสามหมอจังหวัดอุดรธานี", "min": "กระทรวงมหาดไทย", "agc": "กรมส่งเสริมการปกครองท้องถิ่น", "plan_name": "แผนงานบูรณาการส่งเสริมการกระจายอำนาจให้แก่องค์กรปกครองส่วนท้องถิ่น", "stg_name": "ยุทธศาสตร์ด้านการปรับสมดุลและพัฒนาระบบบริหารจัดการภาครัฐ", "objc_level1_name": "งบอุดหนุน", "compare": [{"bb_amount": 5629000, "bb_province": "อุดรธานี", "gf_amount": 5494000, "gf_province": "อุดรธานี"}], "gf_amount_sum": 5494000}
{"bb_code": "1500641007410030", "bb_year": "2560", "amount": 5625000, "min_code": "15000", "agc_code": "15006", "name": "ขุดลอกแหล่งน้ำริมหนองหาร หมู่ที่ 6 บ้านโพนบกตำบลบ้านแป้น อำเภอโพนนาแก้ว จังหวัดสกลนคร", "min": "กระทรวงมหาดไทย", "agc": "กรมป้องกันและบรรเทาสาธารณภัย", "plan_name": "แผนงานบูรณาการบริหารจัดการทรัพยากรน้ำ", "stg_name": "ยุทธศาสตร์ด้านการจัดการน้ำและสร้างการเติบโตบนคุณภาพชีวิตที่เป็นมิตรกับสิ่งแวดล้อมอย่างยั่งยืน", "objc_level1_name": "งบลงทุน", "compare": [{"bb_amount": 5625000, "bb_province": "สกลนคร"}], "gf_amount_sum": 0}
{"bb_code": "1500848029600B98", "bb_year": "2560", "amount": 5619000, "min_code": "15000", "agc_code": "15008", "name": "ก่อสร้างระบบประปาหมู่บ้านแบบผิวดินขนาดใหญ่ หมู่ที่4,10 บ้านโคกก่อง ตำบลโพธิ์ตาก ตามแบบมาตรฐานกรมทรัพยากรน้ำ องค์การบริหารส่วนตำบลโพธิ์ตากอำเภอเมืองนครพนมจังหวัดนครพนม", "min": "กระทรวงมหาดไทย", "agc": "กรมส่งเสริมการปกครองท้องถิ่น", "plan_name": "แผนงานบูรณาการส่งเสริมการกระจายอำนาจให้แก่องค์กรปกครองส่วนท้องถิ่น", "stg_name": "ยุทธศาสตร์ด้านการปรับสมดุลและพัฒนาระบบบริหารจัดการภาครัฐ", "objc_level1_name": "งบอุดหนุน", "compare": [{"bb_amount": 5619000, "bb_province": "นครพนม", "gf_amount": 5446916.25, "gf_province": "นครพนม"}], "gf_amount_sum": 5446916.25}
