{"bb_code": "1500741028420033", "bb_year": "2560", "amount": 54000000, "min_code": "15000", "agc_code": "15007", "name": "ก่อสร้างระบบป้องกันน้ำท่วมพื้นที่ชุมชนเมืองอุทัยธานี ระยะที่ 3 จังหวัดอุทัยธานี", "min": "กระทรวงมหาดไทย", "agc": "กรมโยธาธิการและผังเมือง", "plan_name": "แผนงานบูรณาการบริหารจัดการทรัพยากรน้ำ", "stg_name": "ยุทธศาสตร์ด้านการจัดการน้ำและสร้างการเติบโตบนคุณภาพชีวิตที่เป็นมิตรกับสิ่งแวดล้อมอย่างยั่งยืน", "objc_level1_name": "งบลงทุน", "compare": [{"bb_amount": 54000000, "bb_province": "อุทัยธานี"}, {"gf_amount": 40395000, "gf_province": "ส่วนกลาง", "bb_amount": null, "bb_province": "กรุงเทพมหานคร"}], "gf_amount_sum": 40395000}
{"bb_code": "1500741028420056", "bb_year": "2560", "amount": 54000000, "min_code": "15000", "agc_code": "15007", "name": "ก่อสร้างระบบป้องกันน้ำท่วมพื้นที่ชุมชนป่าโมกอำเภอป่าโมก จังหวัดอ่างทอง", "min": "กระทรวงมหาดไทย", "agc": "กรมโยธาธิการและผังเมือง", "plan_name": "แผนงานบูรณาการบริหารจัดการทรัพยากรน้ำ", "stg_name": "ยุทธศาสตร์ด้านการจัดการน้ำและสร้างการเติบโตบนคุณภาพชีวิตที่เป็นมิตรกับสิ่งแวดล้อมอย่างยั่งยืน", "objc_level1_name": "งบลงทุน", "compare": [{"bb_amount": 54000000, "bb_province": "อ่างทอง"}, {"gf_amount": 54000000, "gf_province": "ส่วนกลาง", "bb_amount": null, "bb_province": "กรุงเทพมหานคร"}], "gf_amount_sum": 54000000}
{"bb_code": "1500741028420026", "bb_year": "2560", "amount": 54000000, "min_code": "15000", "agc_code": "15007", "name": "ก่อสร้างระบบป้องกันน้ำท่วมพื้นที่ชุมชนโพนางดำตก ระยะที่ 3 อำเภอสรรพยา จังหวัดชัยนาท", "min": "กระทรวงมหาดไทย", "agc": "กรมโยธาธิการและผังเมือง", "plan_name": "แผนงานบูรณาการบริหารจัดการทรัพยากรน้ำ", "stg_name": "ยุทธศาสตร์ด้านการจัดการน้ำและสร้างการเติบโตบนคุณภาพชีวิตที่เป็นมิตรกับสิ่งแวดล้อมอย่างยั่งยืน", "objc_level1_name": "งบลงทุน", "compare": [{"bb_amount": 54000000, "bb_province": "ชัยนาท"}, {"gf_amount": 40375500, "gf_province": "ส่วนกลาง", "bb_amount": null, "bb_province": "กรุงเทพมหานคร"}], "gf_amount_sum": 40375500}
{"bb_code": "1500743020420038", "bb_year": "2560", "amount": 53604000, "min_code": "15000", "agc_code": "15007", "name": "เขื่อนป้องกันตลิ่งริมแม่น้ำโขง บ้านนาเขท่า (ต่อเนื่องเขื่อนเดิม-ปี 57 ท้ายน้ำ)หมู่ที่ 3 ต.นาเข อ.บ้านแพงจ.นครพนม ความยาว1,040 เมตร", "min": "กระทรวงมหาดไทย", "agc": "กรมโยธาธิการและผังเมือง", "plan_name": "แผนงานยุทธศาสตร์จัดการผลกระทบจากการเปลี่ยนแปลงสภาวะภูมิอากาศ และภัยพิบัติ", "stg_name": "ยุทธศาสตร์ด้านการจัดการน้ำและสร้างการเติบโตบนคุณภาพชีวิตที่เป็นมิตรกับสิ่งแวดล้อมอย่างยั่งยืน", "objc_level1_name": "งบลงทุน", "compare": [{"bb_amount": 53604000, "bb_province": "นครพนม"}, {"gf_amount": 25344000, "gf_province": "ส่วนกลาง", "bb_amount": null, "bb_province": "กรุงเทพมหานคร"}], "gf_amount_sum": 25344000}
{"bb_code": "1500741028420034", "bb_year": "2560", "amount": 53361000, "min_code": "15000", "agc_code": "15007", "name": "โครงการก่อสร้างระบบป้องกันน้ำท่วมพื้นที่ชุมชนเมืองน่าน ระยะที่ 2 ตำบลในเวียง อำเภอเมือง จังหวัดน่าน", "min": "กระทรวงมหาดไทย", "agc": "กรมโยธาธิการและผังเมือง", "plan_name": "แผนงานบูรณาการบริหารจัดการทรัพยากรน้ำ", "stg_name": "ยุทธศาสตร์ด้านการจัดการน้ำและสร้างการเติบโตบนคุณภาพชีวิตที่เป็นมิตรกับสิ่งแวดล้อมอย่างยั่งยืน", "objc_level1_name": "งบลงทุน", "compare": [{"bb_amount": 53361000, "bb_province": "น่าน"}, {"gf_amount": 53361000, "gf_province": "ส่วนกลาง", "bb_amount": null, "bb_province": "กรุงเทพมหานคร"}], "gf_amount_sum": 53361000}
{"bb_code": "1500742031700043", "bb_year": "2560", "amount": 53120000, "min_code": "15000", "agc_code": "15007", "name": "โครงการวางและจัดทำผังเมืองรวมจังหวัดขอนแก่น", "min": "กระทรวงมหาดไทย", "agc": "กรมโยธาธิการและผังเมือง", "plan_name": "แผนงานยุทธศาสตร์อนุรักษ์ ฟื้นฟู และป้องกันทรัพยากรธรรมชาติ", "stg_name": "ยุทธศาสตร์ด้านการจัดการน้ำและสร้างการเติบโตบนคุณภาพชีวิตที่เป็นมิตรกับสิ่งแวดล้อมอย่างยั่งยืน", "objc_level1_name": "รายจ่ายอื่น", "compare": [{"bb_amount": 53120000, "bb_province": "ขอนแก่น"}, {"gf_amount": 16600000, "gf_province": "ส่วนกลาง", "bb_amount": null, "bb_province": "กรุงเทพมหานคร"}], "gf_amount_sum": 16600000}
{"bb_code": "1501148004600001", "bb_year": "2560", "amount": 52800000, "min_code": "15000", "agc_code": "15011", "name": "การจัดหาเครื่องมือที่ทันสมัยเพื่อยกระดับการศึกษาโรงเรียนเมืองพัทยาให้มีมาตรฐานเดียวกันและมีคุณภาพเทียบเคียงมาตรฐานสากลอำเภอบางละมุง จังหวัดชลบุรี", "min": "กระทรวงมหาดไทย", "agc": "เมืองพัทยา", "plan_name": "แผนงานบูรณาการส่งเสริมการกระจายอำนาจให้แก่องค์กรปกครองส่วนท้องถิ่น", "stg_name": "ยุทธศาสตร์ด้านการปรับสมดุลและพัฒนาระบบบริหารจัดการภาครัฐ", "objc_level1_name": "งบอุดหนุน", "compare": [{"bb_amount": 52800000, "bb_province": "ชลบุรี", "gf_amount": 45790830, "gf_province": "ชลบุรี"}], "gf_amount_sum": 45790830}
{"bb_code": "1500848002500003", "bb_year": "2560", "amount": 52530000, "min_code": "15000", "agc_code": "15008", "name": "ค่าสวัสดิการสำหรับหัวหน้าศูนย์และผู้ดูแลเด็กในจังหวัดชายแดนภาคใต้", "min": "กระทรวงมหาดไทย", "agc": "กรมส่งเสริมการปกครองท้องถิ่น", "plan_name": "แผนงานบูรณาการส่งเสริมการกระจายอำนาจให้แก่องค์กรปกครองส่วนท้องถิ่น", "stg_name": "ยุทธศาสตร์ด้านการปรับสมดุลและพัฒนาระบบบริหารจัดการภาครัฐ", "objc_level1_name": "งบอุดหนุน", "compare": [{"bb_amount": 52530000, "bb_province": "กรุงเทพมหานคร", "gf_amount": 52530000, "gf_province": "ส่วนกลาง"}], "gf_amount_sum": 52530000}
{"bb_code": "1500741028420017", "bb_year": "2560", "amount": 52357500, "min_code": "15000", "agc_code": "15007", "name": "ก่อสร้างระบบป้องกันน้ำท่วมพื้นที่ชุมชนเมืองประจวบคีรีขันธ์ อำเภอเมืองจังหวัดประจวบคีรีขันธ์", "min": "กระทรวงมหาดไทย", "agc": "กรมโยธาธิการและผังเมือง", "plan_name": "แผนงานบูรณาการบริหารจัดการทรัพยากรน้ำ", "stg_name": "ยุทธศาสตร์ด้านการจัดการน้ำและสร้างการเติบโตบนคุณภาพชีวิตที่เป็นมิตรกับสิ่งแวดล้อมอย่างยั่งยืน", "objc_level1_name": "งบลงทุน", "compare": [{"bb_amount": 52357500, "bb_province": "ประจวบคีรีขันธ์"}, {"gf_amount": 19879000, "gf_province": "ส่วนกลาง", "bb_amount": null, "bb_province": "กรุงเทพมหานคร"}], "gf_amount_sum": 19879000}
{"bb_code": "1500741028420012", "bb_year": "2560", "amount": 52357500, "min_code": "15000", "agc_code": "15007", "name": "ก่อสร้างระบบป้องกันน้ำท่วมพื้นที่ชุมชนบางกระเจ้าอำเภอพระประแดง จังหวัดสมุทรปราการ", "min": "กระทรวงมหาดไทย", "agc": "กรมโยธาธิการและผังเมือง", "plan_name": "แผนงานบูรณาการบริหารจัดการทรัพยากรน้ำ", "stg_name": "ยุทธศาสตร์ด้านการจัดการน้ำและสร้างการเติบโตบนคุณภาพชีวิตที่เป็นมิตรกับสิ่งแวดล้อมอย่างยั่งยืน", "objc_level1_name": "งบลงทุน", "compare": [{"bb_amount": 52357500, "bb_province": "สมุทรปราการ"}], "gf_amount_sum": 0}
{"bb_code": "1500741028420014", "bb_year": "2560", "amount": 52357500, "min_code": "15000", "agc_code": "15007", "name": "ก่อสร้างระบบป้องกันน้ำท่วมพื้นที่ชุมชนปง ระยะที่2 อำเภอเมือง จังหวัดพะเยา", "min": "กระทรวงมหาดไทย", "agc": "กรมโยธาธิการและผังเมือง", "plan_name": "แผนงานบูรณาการบริหารจัดการทรัพยากรน้ำ", "stg_name": "ยุทธศาสตร์ด้านการจัดการน้ำและสร้างการเติบโตบนคุณภาพชีวิตที่เป็นมิตรกับสิ่งแวดล้อมอย่างยั่งยืน", "objc_level1_name": "งบลงทุน", "compare": [{"bb_amount": 52357500, "bb_province": "พะเยา"}, {"gf_amount": 54248000, "gf_province": "ส่วนกลาง", "bb_amount": null, "bb_province": "กรุงเทพมหานคร"}], "gf_amount_sum": 54248000}
{"bb_code": "1500741028420031", "bb_year": "2560", "amount": 52000000, "min_code": "15000", "agc_code": "15007", "name": "ก่อสร้างระบบป้องกันน้ำท่วมพื้นที่ชุมชนสรรพยาระยะที่ 3 อำเภอสรรพยาจังหวัดชัยนาท", "min": "กระทรวงมหาดไทย", "agc": "กรมโยธาธิการและผังเมือง", "plan_name": "แผนงานบูรณาการบริหารจัดการทรัพยากรน้ำ", "stg_name": "ยุทธศาสตร์ด้านการจัดการน้ำและสร้างการเติบโตบนคุณภาพชีวิตที่เป็นมิตรกับสิ่งแวดล้อมอย่างยั่งยืน", "objc_level1_name": "งบลงทุน", "compare": [{"bb_amount": 52000000, "bb_province": "ชัยนาท"}, {"gf_amount": 38898000, "gf_province": "ส่วนกลาง", "bb_amount": null, "bb_province": "กรุงเทพมหานคร"}], "gf_amount_sum": 38898000}
{"bb_code": "1500743020420045", "bb_year": "2560", "amount": 51343000, "min_code": "15000", "agc_code": "15007", "name": "เขื่อนป้องกันตลิ่งริมแม่น้ำโขง บ้านเวินโดน หมู่ที่ 8(ต่อเนื่องเขื่อนเดิม) ต.ปากคาด อ.ปากคาด จ.บึงกาฬความยาว 840 เมตร", "min": "กระทรวงมหาดไทย", "agc": "กรมโยธาธิการและผังเมือง", "plan_name": "แผนงานยุทธศาสตร์จัดการผลกระทบจากการเปลี่ยนแปลงสภาวะภูมิอากาศ และภัยพิบัติ", "stg_name": "ยุทธศาสตร์ด้านการจัดการน้ำและสร้างการเติบโตบนคุณภาพชีวิตที่เป็นมิตรกับสิ่งแวดล้อมอย่างยั่งยืน", "objc_level1_name": "งบลงทุน", "compare": [{"bb_amount": 51343000, "bb_province": "บึงกาฬ"}, {"gf_amount": 53193550, "gf_province": "ส่วนกลาง", "bb_amount": null, "bb_province": "กรุงเทพมหานคร"}], "gf_amount_sum": 53193550}
{"bb_code": "1500848002500032", "bb_year": "2560", "amount": 50992200, "min_code": "15000", "agc_code": "15008", "name": "เงินอุดหนุนสำหรับสนับสนุนการบริหารสนามกีฬา(เงินเดือน ค่าจ้าง)", "min": "กระทรวงมหาดไทย", "agc": "กรมส่งเสริมการปกครองท้องถิ่น", "plan_name": "แผนงานบูรณาการส่งเสริมการกระจายอำนาจให้แก่องค์กรปกครองส่วนท้องถิ่น", "stg_name": "ยุทธศาสตร์ด้านการปรับสมดุลและพัฒนาระบบบริหารจัดการภาครัฐ", "objc_level1_name": "งบอุดหนุน", "compare": [{"bb_amount": 50992200, "bb_province": "กรุงเทพมหานคร", "gf_amount": 50992200, "gf_province": "ส่วนกลาง"}], "gf_amount_sum": 50992200}
{"bb_code": "1500743020420110", "bb_year": "2560", "amount": 50700000, "min_code": "15000", "agc_code": "15007", "name": "เขื่อนป้องกันตลิ่งริมแม่น้ำโขง บ้านท่าศิริขันธ์ หมู่ 7ต.โคกกว้าง อ.บุ่งคล้า จ.บึงกาฬ (ช่วงที่ 2) ความยาว1,000 เมตร", "min": "กระทรวงมหาดไทย", "agc": "กรมโยธาธิการและผังเมือง", "plan_name": "แผนงานยุทธศาสตร์จัดการผลกระทบจากการเปลี่ยนแปลงสภาวะภูมิอากาศ และภัยพิบัติ", "stg_name": "ยุทธศาสตร์ด้านการจัดการน้ำและสร้างการเติบโตบนคุณภาพชีวิตที่เป็นมิตรกับสิ่งแวดล้อมอย่างยั่งยืน", "objc_level1_name": "งบลงทุน", "compare": [{"bb_amount": 50700000, "bb_province": "บึงกาฬ"}, {"gf_amount": 27208000, "gf_province": "ส่วนกลาง", "bb_amount": null, "bb_province": "กรุงเทพมหานคร"}], "gf_amount_sum": 27208000}
{"bb_code": "1500743020420176", "bb_year": "2560", "amount": 50573000, "min_code": "15000", "agc_code": "15007", "name": "เขื่อนป้องกันตลิ่งริมแม่น้ำโขง บ้านศรีนคร หมู่ 8 -บ้านหมันหย่อน หมู่ 3 ต.แสนพัน อ.ธาตุพนม จ.นครพนม ความยาว 922เมตร", "min": "กระทรวงมหาดไทย", "agc": "กรมโยธาธิการและผังเมือง", "plan_name": "แผนงานยุทธศาสตร์จัดการผลกระทบจากการเปลี่ยนแปลงสภาวะภูมิอากาศ และภัยพิบัติ", "stg_name": "ยุทธศาสตร์ด้านการจัดการน้ำและสร้างการเติบโตบนคุณภาพชีวิตที่เป็นมิตรกับสิ่งแวดล้อมอย่างยั่งยืน", "objc_level1_name": "งบลงทุน", "compare": [{"bb_amount": 50573000, "bb_province": "นครพนม"}, {"gf_amount": 50573000, "gf_province": "ส่วนกลาง", "bb_amount": null, "bb_province": "กรุงเทพมหานคร"}], "gf_amount_sum": 50573000}
{"bb_code": "1500857069600002", "bb_year": "2560", "amount": 50500000, "min_code": "15000", "agc_code": "15008", "name": "พัฒนาเส้นทางสู่แหล่งท่องเที่ยว1 เส้นทางองค์การบริหารส่วนจังหวัดตราดตำบลวังกระแจะอำเภอเมืองตราด จังหวัดตราด(เพิ่มเติม)", "min": "กระทรวงมหาดไทย", "agc": "กรมส่งเสริมการปกครองท้องถิ่น", "plan_name": "ไม่ระบุ", "stg_name": "ยุทธศาสตร์ด้านการสร้างความสามารถในการแข่งขันของประเทศ", "objc_level1_name": "งบอุดหนุน", "compare": [{"bb_amount": 50500000, "bb_province": "ตราด", "gf_amount": 0, "gf_province": "ตราด"}], "gf_amount_sum": 0}
{"bb_code": "1500741028420055", "bb_year": "2560", "amount": 50249100, "min_code": "15000", "agc_code": "15007", "name": "ก่อสร้างระบบป้องกันน้ำท่วมพื้นที่ชุมชนเทศบาลตำบลห้วยยอด และชุมชนต่อเนื่อง อำเภอห้วยยอดจังหวัดตรัง", "min": "กระทรวงมหาดไทย", "agc": "กรมโยธาธิการและผังเมือง", "plan_name": "แผนงานบูรณาการบริหารจัดการทรัพยากรน้ำ", "stg_name": "ยุทธศาสตร์ด้านการจัดการน้ำและสร้างการเติบโตบนคุณภาพชีวิตที่เป็นมิตรกับสิ่งแวดล้อมอย่างยั่งยืน", "objc_level1_name": "งบลงทุน", "compare": [{"bb_amount": 50249100, "bb_province": "ตรัง"}, {"gf_amount": 19024000, "gf_province": "ส่วนกลาง", "bb_amount": null, "bb_province": "กรุงเทพมหานคร"}], "gf_amount_sum": 19024000}
{"bb_code": "1501148003600006", "bb_year": "2560", "amount": 50000000, "min_code": "15000", "agc_code": "15011", "name": "การปรับปรุงและบำรุงรักษาระบบตรวจตราและเฝ้าระวังความปลอดภัยเมืองพัทยาให้สามารถทำงานได้มีประสิทธิภาพอย่างต่อเนื่องอำเภอบางละมุง จังหวัดชลบุรี", "min": "กระทรวงมหาดไทย", "agc": "เมืองพัทยา", "plan_name": "แผนงานบูรณาการส่งเสริมการกระจายอำนาจให้แก่องค์กรปกครองส่วนท้องถิ่น", "stg_name": "ยุทธศาสตร์ด้านการปรับสมดุลและพัฒนาระบบบริหารจัดการภาครัฐ", "objc_level1_name": "งบอุดหนุน", "compare": [{"bb_amount": 50000000, "bb_province": "ชลบุรี", "gf_amount": 0, "gf_province": "ชลบุรี"}], "gf_amount_sum": 0}
{"bb_code": "1500857068600001", "bb_year": "2560", "amount": 50000000, "min_code": "15000", "agc_code": "15008", "name": "ก่อสร้างปรับปรุงระบบไฟฟ้าลงใต้ดิน (งานโยธา งานไฟฟ้าและงานสื่อสาร) ตามแนวเส้นทางและสถานที่สำคัญของกลุ่มจังหวัดภาคเหนือตอนล่างพระศรีรัตนมหาธาตุวรมหาวิหาร ทางหลวงหมายเลข 12 และสะพานนเรศวรจังหวัดพิษณุโลกรวมระยะทาง860 เมตร เทศบาลนครพิษณุโลก ตำบลในเมืองอำเภอเมืองพิษณุโลก จังหวัดพิษณุโลก", "min": "กระทรวงมหาดไทย", "agc": "กรมส่งเสริมการปกครองท้องถิ่น", "plan_name": "ไม่ระบุ", "stg_name": "ยุทธศาสตร์ด้านการสร้างความสามารถในการแข่งขันของประเทศ", "objc_level1_name": "งบอุดหนุน", "compare": [{"bb_amount": 50000000, "bb_province": "พิษณุโลก", "gf_amount": 0, "gf_province": "พิษณุโลก"}], "gf_amount_sum": 0}
