{"bb_code": "1500848029600L85", "bb_year": "2560", "amount": 4930800, "min_code": "15000", "agc_code": "15008", "name": "ก่อสร้างระบบประปาหมู่บ้านแบบผิวดินขนาดใหญ่มากหมู่ที่ 3 บ้านวาเล่ย์เหนือตำบลวาเล่ยย์ ตามแบบมาตรฐานกรมทรัพยากรน้ำองค์การบริหารส่วนตำบลวาเล่ยย์ อำเภอพบพระจังหวัดตาก", "min": "กระทรวงมหาดไทย", "agc": "กรมส่งเสริมการปกครองท้องถิ่น", "plan_name": "แผนงานบูรณาการส่งเสริมการกระจายอำนาจให้แก่องค์กรปกครองส่วนท้องถิ่น", "stg_name": "ยุทธศาสตร์ด้านการปรับสมดุลและพัฒนาระบบบริหารจัดการภาครัฐ", "objc_level1_name": "งบอุดหนุน", "compare": [{"bb_amount": 4930800, "bb_province": "ตาก", "gf_amount": 4702487, "gf_province": "ตาก"}], "gf_amount_sum": 4702487}
{"bb_code": "1500848029600I38", "bb_year": "2560", "amount": 4930800, "min_code": "15000", "agc_code": "15008", "name": "ก่อสร้างระบบประปาหมู่บ้านแบบผิวดินขนาดใหญ่ หมู่ที่7 บ้านบึงไผ่ ตำบลพระอาจารย์ ตามแบบมาตรฐานกรมทรัพยากรน้ำ องค์การบริหารส่วนตำบลพระอาจารย์ อำเภอองครักษ์จังหวัดนครนายก", "min": "กระทรวงมหาดไทย", "agc": "กรมส่งเสริมการปกครองท้องถิ่น", "plan_name": "แผนงานบูรณาการส่งเสริมการกระจายอำนาจให้แก่องค์กรปกครองส่วนท้องถิ่น", "stg_name": "ยุทธศาสตร์ด้านการปรับสมดุลและพัฒนาระบบบริหารจัดการภาครัฐ", "objc_level1_name": "งบอุดหนุน", "compare": [{"bb_amount": 4930800, "bb_province": "นครนายก", "gf_amount": 4820000, "gf_province": "นครนายก"}], "gf_amount_sum": 4820000}
{"bb_code": "1500848029600P86", "bb_year": "2560", "amount": 4930800, "min_code": "15000", "agc_code": "15008", "name": "ก่อสร้างระบบประปาหมู่บ้านแบบผิวดิน หมู่ที่ 4,9 บ้านอ่าวทึง,บ้านควนดม ตำบลรัตภูมิ เทศบาลตำบลควนเนียง อำเภอควนเนียงจังหวัดสงขลา", "min": "กระทรวงมหาดไทย", "agc": "กรมส่งเสริมการปกครองท้องถิ่น", "plan_name": "แผนงานบูรณาการส่งเสริมการกระจายอำนาจให้แก่องค์กรปกครองส่วนท้องถิ่น", "stg_name": "ยุทธศาสตร์ด้านการปรับสมดุลและพัฒนาระบบบริหารจัดการภาครัฐ", "objc_level1_name": "งบอุดหนุน", "compare": [{"bb_amount": 4930800, "bb_province": "สงขลา", "gf_amount": 4920000, "gf_province": "สงขลา"}], "gf_amount_sum": 4920000}
{"bb_code": "1500848029600846", "bb_year": "2560", "amount": 4930800, "min_code": "15000", "agc_code": "15008", "name": "ก่อสร้างระบบประปาหมู่บ้านแบบผิวดินขนาดใหญ่มากหมู่ที่ 8 บ้านชาดโง ตำบลโจดม่วง ตามแบบมาตรฐานกรมทรัพยากรน้ำ องค์การบริหารส่วนตำบลโจดม่วงอำเภอศิลาลาด จังหวัดศรีสะเกษ", "min": "กระทรวงมหาดไทย", "agc": "กรมส่งเสริมการปกครองท้องถิ่น", "plan_name": "แผนงานบูรณาการส่งเสริมการกระจายอำนาจให้แก่องค์กรปกครองส่วนท้องถิ่น", "stg_name": "ยุทธศาสตร์ด้านการปรับสมดุลและพัฒนาระบบบริหารจัดการภาครัฐ", "objc_level1_name": "งบอุดหนุน", "compare": [{"bb_amount": 4930800, "bb_province": "ศรีสะเกษ", "gf_amount": 4770573.98, "gf_province": "ศรีสะเกษ"}], "gf_amount_sum": 4770573.98}
{"bb_code": "1500848029600N85", "bb_year": "2560", "amount": 4930800, "min_code": "15000", "agc_code": "15008", "name": "ก่อสร้างระบบประปาหมู่บ้านผิวดินขนาดใหญ่มาก หมู่ที่3 บ้านเหนือ ตำบลคลองหอยโข่ง ตามแบบแปลนกรมทรัพยากรน้ำ องค์การบริหารส่วนตำบลคลองหอยโข่ง อำเภอคลองหอยโข่งจังหวัดสงขลา", "min": "กระทรวงมหาดไทย", "agc": "กรมส่งเสริมการปกครองท้องถิ่น", "plan_name": "แผนงานบูรณาการส่งเสริมการกระจายอำนาจให้แก่องค์กรปกครองส่วนท้องถิ่น", "stg_name": "ยุทธศาสตร์ด้านการปรับสมดุลและพัฒนาระบบบริหารจัดการภาครัฐ", "objc_level1_name": "งบอุดหนุน", "compare": [{"bb_amount": 4930800, "bb_province": "สงขลา", "gf_amount": 1812385, "gf_province": "สงขลา"}], "gf_amount_sum": 1812385}
{"bb_code": "1500848029600F36", "bb_year": "2560", "amount": 4930800, "min_code": "15000", "agc_code": "15008", "name": "ก่อสร้างระบบประปาหมู่บ้านแบบผิวดินขนาดใหญ่มากหมู่ที่ 7,8 บ้านคุยขนาน, หมู่ที่ 11 บ้านศรีอุดม ตำบลเชียงขวัญ ตามแบบมาตรฐานกรมทรัพยากรน้ำเทศบาลตำบลเชียงขวัญอำเภอเชียงขวัญ จังหวัดร้อยเอ็ด", "min": "กระทรวงมหาดไทย", "agc": "กรมส่งเสริมการปกครองท้องถิ่น", "plan_name": "แผนงานบูรณาการส่งเสริมการกระจายอำนาจให้แก่องค์กรปกครองส่วนท้องถิ่น", "stg_name": "ยุทธศาสตร์ด้านการปรับสมดุลและพัฒนาระบบบริหารจัดการภาครัฐ", "objc_level1_name": "งบอุดหนุน", "compare": [{"bb_amount": 4930800, "bb_province": "ร้อยเอ็ด", "gf_amount": 1135441.62, "gf_province": "ร้อยเอ็ด"}], "gf_amount_sum": 1135441.62}
{"bb_code": "1500848029600303", "bb_year": "2560", "amount": 4930800, "min_code": "15000", "agc_code": "15008", "name": "ก่อสร้างระบบประปาผิวดินขนาดใหญ่มาก หมู่ที่ 13บ้านนานกเขียน ตำบลขามป้อม ตามแบบมาตรฐานกรมทรัพยากรน้ำ เทศบาลตำบลขามป้อม อำเภอเขมราฐ จังหวัดอุบลราชธานี", "min": "กระทรวงมหาดไทย", "agc": "กรมส่งเสริมการปกครองท้องถิ่น", "plan_name": "แผนงานบูรณาการส่งเสริมการกระจายอำนาจให้แก่องค์กรปกครองส่วนท้องถิ่น", "stg_name": "ยุทธศาสตร์ด้านการปรับสมดุลและพัฒนาระบบบริหารจัดการภาครัฐ", "objc_level1_name": "งบอุดหนุน", "compare": [{"bb_amount": 4930800, "bb_province": "อุบลราชธานี", "gf_amount": 4746647, "gf_province": "อุบลราชธานี"}], "gf_amount_sum": 4746647}
{"bb_code": "1500848029600F09", "bb_year": "2560", "amount": 4930800, "min_code": "15000", "agc_code": "15008", "name": "ก่อสร้างระบบประปาหมู่บ้านแบบผิวดินขนาดใหญ่มากหมู่ที่ 13 บ้านตาหยวกตำบลทุ่งหลวง ตามแบบมาตรฐานกรมทรัพยากรน้ำเทศบาลตำบลทุ่งหลวงอำเภอสุวรรณภูมิ จังหวัดร้อยเอ็ด", "min": "กระทรวงมหาดไทย", "agc": "กรมส่งเสริมการปกครองท้องถิ่น", "plan_name": "แผนงานบูรณาการส่งเสริมการกระจายอำนาจให้แก่องค์กรปกครองส่วนท้องถิ่น", "stg_name": "ยุทธศาสตร์ด้านการปรับสมดุลและพัฒนาระบบบริหารจัดการภาครัฐ", "objc_level1_name": "งบอุดหนุน", "compare": [{"bb_amount": 4930800, "bb_province": "ร้อยเอ็ด", "gf_amount": 4856684, "gf_province": "ร้อยเอ็ด"}], "gf_amount_sum": 4856684}
{"bb_code": "1500848029600I32", "bb_year": "2560", "amount": 4930800, "min_code": "15000", "agc_code": "15008", "name": "ก่อสร้างระบบประปาหมู่บ้านแบบผิวดินขนาดใหญ่มากเพื่อบริการผู้ใช้น้ำ หมู่ที่2,7,8 ตำบลศรีนาวาองค์การบริหารส่วนตำบลศรีนาวา อำเภอเมืองนครนายกจังหวัดนครนายก", "min": "กระทรวงมหาดไทย", "agc": "กรมส่งเสริมการปกครองท้องถิ่น", "plan_name": "แผนงานบูรณาการส่งเสริมการกระจายอำนาจให้แก่องค์กรปกครองส่วนท้องถิ่น", "stg_name": "ยุทธศาสตร์ด้านการปรับสมดุลและพัฒนาระบบบริหารจัดการภาครัฐ", "objc_level1_name": "งบอุดหนุน", "compare": [{"bb_amount": 4930800, "bb_province": "นครนายก", "gf_amount": 0, "gf_province": "นครนายก"}], "gf_amount_sum": 0}
{"bb_code": "1500848029600F40", "bb_year": "2560", "amount": 4930800, "min_code": "15000", "agc_code": "15008", "name": "ก่อสร้างระบบประปาหมู่บ้านแบบประปาผิวดินขนาดใหญ่มาก  หมู่ที่ 1 บ้านบางแก้วน้อย ตำบลบางแก้วตามแบบมาตรฐานกรมทรัพยากรน้ำ     องค์การบริหารส่วนตำบลบางแก้วอำเภอละอุ่น จังหวัดระนอง", "min": "กระทรวงมหาดไทย", "agc": "กรมส่งเสริมการปกครองท้องถิ่น", "plan_name": "แผนงานบูรณาการส่งเสริมการกระจายอำนาจให้แก่องค์กรปกครองส่วนท้องถิ่น", "stg_name": "ยุทธศาสตร์ด้านการปรับสมดุลและพัฒนาระบบบริหารจัดการภาครัฐ", "objc_level1_name": "งบอุดหนุน", "compare": [{"bb_amount": 4930800, "bb_province": "ระนอง", "gf_amount": 0, "gf_province": "ระนอง"}], "gf_amount_sum": 0}
{"bb_code": "1500848029600411", "bb_year": "2560", "amount": 4930800, "min_code": "15000", "agc_code": "15008", "name": "ก่อสร้างระบบประปาหมู่บ้านแบบผิวดินขนาดใหญ่มากหมู่ที่ 8 บ้านไทร ตำบลสำโรงพลัน ตามแบบมาตรฐานกรมทรัพยากรน้ำเทศบาลตำบลสำโรงพลันอำเภอไพรบึง จังหวัดศรีสะเกษ", "min": "กระทรวงมหาดไทย", "agc": "กรมส่งเสริมการปกครองท้องถิ่น", "plan_name": "แผนงานบูรณาการส่งเสริมการกระจายอำนาจให้แก่องค์กรปกครองส่วนท้องถิ่น", "stg_name": "ยุทธศาสตร์ด้านการปรับสมดุลและพัฒนาระบบบริหารจัดการภาครัฐ", "objc_level1_name": "งบอุดหนุน", "compare": [{"bb_amount": 4930800, "bb_province": "ศรีสะเกษ", "gf_amount": 896955.21, "gf_province": "ศรีสะเกษ"}], "gf_amount_sum": 896955.21}
{"bb_code": "1500848029600N70", "bb_year": "2560", "amount": 4930800, "min_code": "15000", "agc_code": "15008", "name": "ก่อสร้างระบบประปาหมู่บ้านแบบผิวดินขนาดใหญ่มากหมู่ที่ 6 บ้านหัวควน ตำบลสำนักแต้ว ตามแบบแปลนกรมทรัพยากรน้ำ องค์การบริหารส่วนตำบลสำนักแต้วอำเภอสะเดา จังหวัดสงขลา", "min": "กระทรวงมหาดไทย", "agc": "กรมส่งเสริมการปกครองท้องถิ่น", "plan_name": "แผนงานบูรณาการส่งเสริมการกระจายอำนาจให้แก่องค์กรปกครองส่วนท้องถิ่น", "stg_name": "ยุทธศาสตร์ด้านการปรับสมดุลและพัฒนาระบบบริหารจัดการภาครัฐ", "objc_level1_name": "งบอุดหนุน", "compare": [{"bb_amount": 4930800, "bb_province": "สงขลา", "gf_amount": 3150292.36, "gf_province": "สงขลา"}], "gf_amount_sum": 3150292.36}
{"bb_code": "1500848029600C76", "bb_year": "2560", "amount": 4930800, "min_code": "15000", "agc_code": "15008", "name": "ก่อสร้างระบบประปาหมู่บ้านแบบผิวดินขนาดใหญ่มากหมู่ที่ 9 บ้านหินกอง ตำบลวังโตนด ตามแบบมาตรฐานกรมทรัพยากรน้ำ องค์การบริหารส่วนตำบลวังโตนดอำเภอนายายอาม จังหวัดจันทบุรี", "min": "กระทรวงมหาดไทย", "agc": "กรมส่งเสริมการปกครองท้องถิ่น", "plan_name": "แผนงานบูรณาการส่งเสริมการกระจายอำนาจให้แก่องค์กรปกครองส่วนท้องถิ่น", "stg_name": "ยุทธศาสตร์ด้านการปรับสมดุลและพัฒนาระบบบริหารจัดการภาครัฐ", "objc_level1_name": "งบอุดหนุน", "compare": [{"bb_amount": 4930800, "bb_province": "จันทบุรี", "gf_amount": 1228116.2, "gf_province": "จันทบุรี"}], "gf_amount_sum": 1228116.2}
{"bb_code": "1500848029600C86", "bb_year": "2560", "amount": 4930800, "min_code": "15000", "agc_code": "15008", "name": "ก่อสร้างระบบประปาหมู่บ้านแบบผิวดินขนาดใหญ่มากหมู่ที่ 14 บ้านหนองบ่อตำบลเกาะขนุน ตามแบบกรมทรัพยากรน้ำ องค์การบริหารส่วนตำบลเกาะขนุนอำเภอพนมสารคาม จังหวัดฉะเชิงเทรา", "min": "กระทรวงมหาดไทย", "agc": "กรมส่งเสริมการปกครองท้องถิ่น", "plan_name": "แผนงานบูรณาการส่งเสริมการกระจายอำนาจให้แก่องค์กรปกครองส่วนท้องถิ่น", "stg_name": "ยุทธศาสตร์ด้านการปรับสมดุลและพัฒนาระบบบริหารจัดการภาครัฐ", "objc_level1_name": "งบอุดหนุน", "compare": [{"bb_amount": 4930800, "bb_province": "ฉะเชิงเทรา", "gf_amount": 2961847, "gf_province": "ฉะเชิงเทรา"}], "gf_amount_sum": 2961847}
{"bb_code": "1500848029600746", "bb_year": "2560", "amount": 4930800, "min_code": "15000", "agc_code": "15008", "name": "ก่อสร้างระบบประปาหมู่บ้านแบบผิวดินขนาดใหญ่มากหมู่ที่ 8 บ้านใหม่ชัยพฤกษ์ตำบลหนองกราด ตามแบบมาตรฐานกรมทรัพยากรน้ำองค์การบริหารส่วนตำบลหนองกราด อำเภอด่านขุนทด จังหวัดนครราชสีมา", "min": "กระทรวงมหาดไทย", "agc": "กรมส่งเสริมการปกครองท้องถิ่น", "plan_name": "แผนงานบูรณาการส่งเสริมการกระจายอำนาจให้แก่องค์กรปกครองส่วนท้องถิ่น", "stg_name": "ยุทธศาสตร์ด้านการปรับสมดุลและพัฒนาระบบบริหารจัดการภาครัฐ", "objc_level1_name": "งบอุดหนุน", "compare": [{"bb_amount": 4930800, "bb_province": "นครราชสีมา", "gf_amount": 0, "gf_province": "นครราชสีมา"}], "gf_amount_sum": 0}
{"bb_code": "1500848029600B50", "bb_year": "2560", "amount": 4930800, "min_code": "15000", "agc_code": "15008", "name": "ก่อสร้างระบบประปาหมู่บ้านแบบผิวดินขนาดใหญ่มากหมู่ที่ 1 บ้านน้ำโท้ง ตำบลนาครัว ตามแบบแปลนมาตรฐานกรมทรัพยากรน้ำเทศบาลตำบลนาครัวอำเภอแม่ทะ จังหวัดลำปาง", "min": "กระทรวงมหาดไทย", "agc": "กรมส่งเสริมการปกครองท้องถิ่น", "plan_name": "แผนงานบูรณาการส่งเสริมการกระจายอำนาจให้แก่องค์กรปกครองส่วนท้องถิ่น", "stg_name": "ยุทธศาสตร์ด้านการปรับสมดุลและพัฒนาระบบบริหารจัดการภาครัฐ", "objc_level1_name": "งบอุดหนุน", "compare": [{"bb_amount": 4930800, "bb_province": "ลำปาง", "gf_amount": 0, "gf_province": "ลำปาง"}], "gf_amount_sum": 0}
{"bb_code": "1500848029600L84", "bb_year": "2560", "amount": 4930800, "min_code": "15000", "agc_code": "15008", "name": "ก่อสร้างระบบประปาหมู่บ้านแบบผิวดินขนาดใหญ่มากหมู่ที่ 5 บ้านวะเบยทะตำบลโมโกร ตามแบบมาตรฐานกรมทรัพยากรน้ำองค์การบริหารส่วนตำบลโมโกร อำเภออุ้มผาง จังหวัดตาก", "min": "กระทรวงมหาดไทย", "agc": "กรมส่งเสริมการปกครองท้องถิ่น", "plan_name": "แผนงานบูรณาการส่งเสริมการกระจายอำนาจให้แก่องค์กรปกครองส่วนท้องถิ่น", "stg_name": "ยุทธศาสตร์ด้านการปรับสมดุลและพัฒนาระบบบริหารจัดการภาครัฐ", "objc_level1_name": "งบอุดหนุน", "compare": [{"bb_amount": 4930800, "bb_province": "ตาก", "gf_amount": 4920000, "gf_province": "ตาก"}], "gf_amount_sum": 4920000}
{"bb_code": "1500848029600C12", "bb_year": "2560", "amount": 4930800, "min_code": "15000", "agc_code": "15008", "name": "ก่อสร้างระบบประปาหมู่บ้านแบบผิวดินขนาดใหญ่ หมู่ที่4 บ้านท่าเยี่ยม ตำบลบ่อปลาทองตามแบบมาตรฐานกรมทรัพยากรน้ำ เทศบาลตำบลบ่อปลาทอง อำเภอปักธงชัย จังหวัดนครราชสีมา", "min": "กระทรวงมหาดไทย", "agc": "กรมส่งเสริมการปกครองท้องถิ่น", "plan_name": "แผนงานบูรณาการส่งเสริมการกระจายอำนาจให้แก่องค์กรปกครองส่วนท้องถิ่น", "stg_name": "ยุทธศาสตร์ด้านการปรับสมดุลและพัฒนาระบบบริหารจัดการภาครัฐ", "objc_level1_name": "งบอุดหนุน", "compare": [{"bb_amount": 4930800, "bb_province": "นครราชสีมา", "gf_amount": 0, "gf_province": "นครราชสีมา"}], "gf_amount_sum": 0}
{"bb_code": "1500848029600A66", "bb_year": "2560", "amount": 4930800, "min_code": "15000", "agc_code": "15008", "name": "ก่อสร้างระบบประปาหมู่บ้านแบบผิวดินขนาดใหญ่มากหมู่ที่ 13 บ้านหนองตอตำบลโดด ตามแบบมาตรฐานกรมทรัพยากรน้ำเทศบาลตำบลโดด อำเภอโพธิ์ศรีสุวรรณ จังหวัดศรีสะเกษ", "min": "กระทรวงมหาดไทย", "agc": "กรมส่งเสริมการปกครองท้องถิ่น", "plan_name": "แผนงานบูรณาการส่งเสริมการกระจายอำนาจให้แก่องค์กรปกครองส่วนท้องถิ่น", "stg_name": "ยุทธศาสตร์ด้านการปรับสมดุลและพัฒนาระบบบริหารจัดการภาครัฐ", "objc_level1_name": "งบอุดหนุน", "compare": [{"bb_amount": 4930800, "bb_province": "ศรีสะเกษ", "gf_amount": 4809587, "gf_province": "ศรีสะเกษ"}], "gf_amount_sum": 4809587}
{"bb_code": "1500848029600A70", "bb_year": "2560", "amount": 4930800, "min_code": "15000", "agc_code": "15008", "name": "ก่อสร้างระบบประปาหมู่บ้านแบบผิวดินขนาดใหญ่มากหมู่ที่ 5 บ้านสงยาง ตำบกุงตามแบบมาตรฐานกรมทรัพยากรน้ำ องค์การบริหารส่วนตำบลกุง อำเภอศิลาลาด จังหวัดศรีสะเกษ", "min": "กระทรวงมหาดไทย", "agc": "กรมส่งเสริมการปกครองท้องถิ่น", "plan_name": "แผนงานบูรณาการส่งเสริมการกระจายอำนาจให้แก่องค์กรปกครองส่วนท้องถิ่น", "stg_name": "ยุทธศาสตร์ด้านการปรับสมดุลและพัฒนาระบบบริหารจัดการภาครัฐ", "objc_level1_name": "งบอุดหนุน", "compare": [{"bb_amount": 4930800, "bb_province": "ศรีสะเกษ", "gf_amount": 0, "gf_province": "ศรีสะเกษ"}], "gf_amount_sum": 0}
