{"bb_code": "1500848029600660", "bb_year": "2560", "amount": 4930800, "min_code": "15000", "agc_code": "15008", "name": "ก่อสร้างระบบประปาหมู่บ้านแบบผิวดินขนาดใหญ่มากหมู่ที่ 2 บ้านหนองกระทุ่มตำบลหนองบัวสะอาด ตามแบบมาตรฐานกรมทรัพยากรน้ำ เทศบาลตำบลหนองบัวสะอาดอำเภอบัวใหญ่ จังหวัดนครราชสีมา", "min": "กระทรวงมหาดไทย", "agc": "กรมส่งเสริมการปกครองท้องถิ่น", "plan_name": "แผนงานบูรณาการส่งเสริมการกระจายอำนาจให้แก่องค์กรปกครองส่วนท้องถิ่น", "stg_name": "ยุทธศาสตร์ด้านการปรับสมดุลและพัฒนาระบบบริหารจัดการภาครัฐ", "objc_level1_name": "งบอุดหนุน", "compare": [{"bb_amount": 4930800, "bb_province": "นครราชสีมา", "gf_amount": 0, "gf_province": "นครราชสีมา"}], "gf_amount_sum": 0}
{"bb_code": "1500848029600F40", "bb_year": "2560", "amount": 4930800, "min_code": "15000", "agc_code": "15008", "name": "ก่อสร้างระบบประปาหมู่บ้านแบบประปาผิวดินขนาดใหญ่มาก  หมู่ที่ 1 บ้านบางแก้วน้อย ตำบลบางแก้วตามแบบมาตรฐานกรมทรัพยากรน้ำ     องค์การบริหารส่วนตำบลบางแก้วอำเภอละอุ่น จังหวัดระนอง", "min": "กระทรวงมหาดไทย", "agc": "กรมส่งเสริมการปกครองท้องถิ่น", "plan_name": "แผนงานบูรณาการส่งเสริมการกระจายอำนาจให้แก่องค์กรปกครองส่วนท้องถิ่น", "stg_name": "ยุทธศาสตร์ด้านการปรับสมดุลและพัฒนาระบบบริหารจัดการภาครัฐ", "objc_level1_name": "งบอุดหนุน", "compare": [{"bb_amount": 4930800, "bb_province": "ระนอง", "gf_amount": 0, "gf_province": "ระนอง"}], "gf_amount_sum": 0}
{"bb_code": "1500848029600F43", "bb_year": "2560", "amount": 4930800, "min_code": "15000", "agc_code": "15008", "name": "ก่อสร้างระบบประปาหมู่บ้านแบบประปาผิวดินขนาดใหญ่มาก หมู่ที่ 1 บ้านปลายคลอง ตำบลน้ำจืดตามแบบมาตรฐานกรมทรัพยากรน้ำ องค์การบริหารส่วนตำบลน้ำจืดอำเภอกระบุรี จังหวัดระนอง", "min": "กระทรวงมหาดไทย", "agc": "กรมส่งเสริมการปกครองท้องถิ่น", "plan_name": "แผนงานบูรณาการส่งเสริมการกระจายอำนาจให้แก่องค์กรปกครองส่วนท้องถิ่น", "stg_name": "ยุทธศาสตร์ด้านการปรับสมดุลและพัฒนาระบบบริหารจัดการภาครัฐ", "objc_level1_name": "งบอุดหนุน", "compare": [{"bb_amount": 4930800, "bb_province": "ระนอง", "gf_amount": 4669944, "gf_province": "ระนอง"}], "gf_amount_sum": 4669944}
{"bb_code": "1500848029600559", "bb_year": "2560", "amount": 4930800, "min_code": "15000", "agc_code": "15008", "name": "ก่อสร้างระบบประปาหมู่บ้านแบบผิวดินขนาดใหญ่มากหมู่ที่ 13 บ้านค้างหงษ์ใหม่ตำบลจุน ตามแบบมาตรฐานกรมทรัพยากรน้ำเทศบาลตำบลจุน อำเภอจุน จังหวัดพะเยา", "min": "กระทรวงมหาดไทย", "agc": "กรมส่งเสริมการปกครองท้องถิ่น", "plan_name": "แผนงานบูรณาการส่งเสริมการกระจายอำนาจให้แก่องค์กรปกครองส่วนท้องถิ่น", "stg_name": "ยุทธศาสตร์ด้านการปรับสมดุลและพัฒนาระบบบริหารจัดการภาครัฐ", "objc_level1_name": "งบอุดหนุน", "compare": [{"bb_amount": 4930800, "bb_province": "พะเยา", "gf_amount": 0, "gf_province": "พะเยา"}], "gf_amount_sum": 0}
{"bb_code": "1500848029600I38", "bb_year": "2560", "amount": 4930800, "min_code": "15000", "agc_code": "15008", "name": "ก่อสร้างระบบประปาหมู่บ้านแบบผิวดินขนาดใหญ่ หมู่ที่7 บ้านบึงไผ่ ตำบลพระอาจารย์ ตามแบบมาตรฐานกรมทรัพยากรน้ำ องค์การบริหารส่วนตำบลพระอาจารย์ อำเภอองครักษ์จังหวัดนครนายก", "min": "กระทรวงมหาดไทย", "agc": "กรมส่งเสริมการปกครองท้องถิ่น", "plan_name": "แผนงานบูรณาการส่งเสริมการกระจายอำนาจให้แก่องค์กรปกครองส่วนท้องถิ่น", "stg_name": "ยุทธศาสตร์ด้านการปรับสมดุลและพัฒนาระบบบริหารจัดการภาครัฐ", "objc_level1_name": "งบอุดหนุน", "compare": [{"bb_amount": 4930800, "bb_province": "นครนายก", "gf_amount": 4820000, "gf_province": "นครนายก"}], "gf_amount_sum": 4820000}
{"bb_code": "1500848029600P86", "bb_year": "2560", "amount": 4930800, "min_code": "15000", "agc_code": "15008", "name": "ก่อสร้างระบบประปาหมู่บ้านแบบผิวดิน หมู่ที่ 4,9 บ้านอ่าวทึง,บ้านควนดม ตำบลรัตภูมิ เทศบาลตำบลควนเนียง อำเภอควนเนียงจังหวัดสงขลา", "min": "กระทรวงมหาดไทย", "agc": "กรมส่งเสริมการปกครองท้องถิ่น", "plan_name": "แผนงานบูรณาการส่งเสริมการกระจายอำนาจให้แก่องค์กรปกครองส่วนท้องถิ่น", "stg_name": "ยุทธศาสตร์ด้านการปรับสมดุลและพัฒนาระบบบริหารจัดการภาครัฐ", "objc_level1_name": "งบอุดหนุน", "compare": [{"bb_amount": 4930800, "bb_province": "สงขลา", "gf_amount": 4920000, "gf_province": "สงขลา"}], "gf_amount_sum": 4920000}
{"bb_code": "1500848029600P95", "bb_year": "2560", "amount": 4930800, "min_code": "15000", "agc_code": "15008", "name": "ก่อสร้างระบบประปาหมู่บ้านแบบผิวดินขนาดใหญ่ ม.5,6,7 บ้านสายแซะ,บ้านต้นส้าน,บ้านช่างแก้ว ตำบลคลองหลา ตามแบบแปลนกรมทรัพยากรน้ำ องค์การบริหารส่วนตำบลคลองหลาอำเภอคลองหอยโข่งจังหวัดสงขลา", "min": "กระทรวงมหาดไทย", "agc": "กรมส่งเสริมการปกครองท้องถิ่น", "plan_name": "แผนงานบูรณาการส่งเสริมการกระจายอำนาจให้แก่องค์กรปกครองส่วนท้องถิ่น", "stg_name": "ยุทธศาสตร์ด้านการปรับสมดุลและพัฒนาระบบบริหารจัดการภาครัฐ", "objc_level1_name": "งบอุดหนุน", "compare": [{"bb_amount": 4930800, "bb_province": "สงขลา", "gf_amount": 4818628, "gf_province": "สงขลา"}], "gf_amount_sum": 4818628}
{"bb_code": "1500848029600F36", "bb_year": "2560", "amount": 4930800, "min_code": "15000", "agc_code": "15008", "name": "ก่อสร้างระบบประปาหมู่บ้านแบบผิวดินขนาดใหญ่มากหมู่ที่ 7,8 บ้านคุยขนาน, หมู่ที่ 11 บ้านศรีอุดม ตำบลเชียงขวัญ ตามแบบมาตรฐานกรมทรัพยากรน้ำเทศบาลตำบลเชียงขวัญอำเภอเชียงขวัญ จังหวัดร้อยเอ็ด", "min": "กระทรวงมหาดไทย", "agc": "กรมส่งเสริมการปกครองท้องถิ่น", "plan_name": "แผนงานบูรณาการส่งเสริมการกระจายอำนาจให้แก่องค์กรปกครองส่วนท้องถิ่น", "stg_name": "ยุทธศาสตร์ด้านการปรับสมดุลและพัฒนาระบบบริหารจัดการภาครัฐ", "objc_level1_name": "งบอุดหนุน", "compare": [{"bb_amount": 4930800, "bb_province": "ร้อยเอ็ด", "gf_amount": 1135441.62, "gf_province": "ร้อยเอ็ด"}], "gf_amount_sum": 1135441.62}
{"bb_code": "1500848029600T19", "bb_year": "2560", "amount": 4930800, "min_code": "15000", "agc_code": "15008", "name": "ก่อสร้างระบบประปาหมู่บ้านแบบผิวดินขนาดใหญ่มากหมู่ที่ 4,5,12,13 บ้านเชียงอาด ตำบลเหล่าต่างคำองค์การบริหารส่วนตำบลเหล่าต่างคำ อำเภอโพนพิสัย จังหวัดหนองคาย", "min": "กระทรวงมหาดไทย", "agc": "กรมส่งเสริมการปกครองท้องถิ่น", "plan_name": "แผนงานบูรณาการส่งเสริมการกระจายอำนาจให้แก่องค์กรปกครองส่วนท้องถิ่น", "stg_name": "ยุทธศาสตร์ด้านการปรับสมดุลและพัฒนาระบบบริหารจัดการภาครัฐ", "objc_level1_name": "งบอุดหนุน", "compare": [{"bb_amount": 4930800, "bb_province": "หนองคาย", "gf_amount": 4736507.67, "gf_province": "หนองคาย"}], "gf_amount_sum": 4736507.67}
{"bb_code": "1500848029600B18", "bb_year": "2560", "amount": 4930800, "min_code": "15000", "agc_code": "15008", "name": "ก่อสร้างระบบประปาผิวดินขนาดใหญ่มาก พร้อมวางท่อส่งน้ำ หมู่ที่ 5 บ้านอู่ทองต.บ้านนา ตามแบบมาตรฐานกรมทรัพยากรน้ำเทศบาลตำบลบ้านนาอำเภอแกลง จังหวัดระยอง", "min": "กระทรวงมหาดไทย", "agc": "กรมส่งเสริมการปกครองท้องถิ่น", "plan_name": "แผนงานบูรณาการส่งเสริมการกระจายอำนาจให้แก่องค์กรปกครองส่วนท้องถิ่น", "stg_name": "ยุทธศาสตร์ด้านการปรับสมดุลและพัฒนาระบบบริหารจัดการภาครัฐ", "objc_level1_name": "งบอุดหนุน", "compare": [{"bb_amount": 4930800, "bb_province": "ระยอง", "gf_amount": 4830395.36, "gf_province": "ระยอง"}], "gf_amount_sum": 4830395.36}
{"bb_code": "1500848029600005", "bb_year": "2560", "amount": 4930800, "min_code": "15000", "agc_code": "15008", "name": "ก่อสร้างระบบประปาหมู่บ้านแบบผิวดินขนาดใหญ่มากหมู่ที่ 3 บ้านโคกใหม่ ตำบลบ้านโคก ตามแบบมาตรฐานกรมทรัพยากรน้ำ เทศบาลตำบลบ้านโคก อำเภอบ้านโคก จังหวัดอุตรดิตถ์", "min": "กระทรวงมหาดไทย", "agc": "กรมส่งเสริมการปกครองท้องถิ่น", "plan_name": "แผนงานบูรณาการส่งเสริมการกระจายอำนาจให้แก่องค์กรปกครองส่วนท้องถิ่น", "stg_name": "ยุทธศาสตร์ด้านการปรับสมดุลและพัฒนาระบบบริหารจัดการภาครัฐ", "objc_level1_name": "งบอุดหนุน", "compare": [{"bb_amount": 4930800, "bb_province": "อุตรดิตถ์", "gf_amount": 4621452, "gf_province": "อุตรดิตถ์"}], "gf_amount_sum": 4621452}
{"bb_code": "1500848029600M44", "bb_year": "2560", "amount": 4930800, "min_code": "15000", "agc_code": "15008", "name": "ก่อสร้างระบบประปาหมู่บ้านพลังงานแสงอาทิตย์(โซล่าเซลล์) ประปาผิวดินขนาดใหญ่ หมู่ที่ 4 บ้านเนินทรายตำบลบึงนคร ตามแบบมาตรฐานกรมทรัพยากรน้ำองค์การบริหารส่วนตำบลบึงนคร อำเภอหัวหิน จังหวัดประจวบคีรีขันธ์", "min": "กระทรวงมหาดไทย", "agc": "กรมส่งเสริมการปกครองท้องถิ่น", "plan_name": "แผนงานบูรณาการส่งเสริมการกระจายอำนาจให้แก่องค์กรปกครองส่วนท้องถิ่น", "stg_name": "ยุทธศาสตร์ด้านการปรับสมดุลและพัฒนาระบบบริหารจัดการภาครัฐ", "objc_level1_name": "งบอุดหนุน", "compare": [{"bb_amount": 4930800, "bb_province": "ประจวบคีรีขันธ์", "gf_amount": 4930000, "gf_province": "ประจวบคีรีขันธ์"}], "gf_amount_sum": 4930000}
{"bb_code": "1500848029600D98", "bb_year": "2560", "amount": 4930800, "min_code": "15000", "agc_code": "15008", "name": "ก่อสร้างระบบประปาหมู่บ้านแบบผิวดินขนาดใหญ่มากหมู่ที่ 9 บ้านทรายทองตำบลคำน้ำสร้าง ตามแบบมาตรฐานกรมทรัพยากรน้ำองค์การบริหารส่วนตำบลคำน้ำสร้าง อำเภอกุดชุมจังหวัดยโสธร", "min": "กระทรวงมหาดไทย", "agc": "กรมส่งเสริมการปกครองท้องถิ่น", "plan_name": "แผนงานบูรณาการส่งเสริมการกระจายอำนาจให้แก่องค์กรปกครองส่วนท้องถิ่น", "stg_name": "ยุทธศาสตร์ด้านการปรับสมดุลและพัฒนาระบบบริหารจัดการภาครัฐ", "objc_level1_name": "งบอุดหนุน", "compare": [{"bb_amount": 4930800, "bb_province": "ยโสธร", "gf_amount": 4764575.12, "gf_province": "ยโสธร"}], "gf_amount_sum": 4764575.12}
{"bb_code": "1500848029600M48", "bb_year": "2560", "amount": 4930800, "min_code": "15000", "agc_code": "15008", "name": "ก่อสร้างประปาหมู่บ้านพลังงานแสงอาทิตย์(โซล่าเซลล์) หมู่ที่ 1 บ้านหนองหินใน ตำบลบึงนคร ตามแบบมาตรฐานกรมทรัพยากรน้ำ องค์การบริหารส่วนตำบลบึงนครอำเภอหัวหิน จังหวัดประจวบคีรีขันธ์", "min": "กระทรวงมหาดไทย", "agc": "กรมส่งเสริมการปกครองท้องถิ่น", "plan_name": "แผนงานบูรณาการส่งเสริมการกระจายอำนาจให้แก่องค์กรปกครองส่วนท้องถิ่น", "stg_name": "ยุทธศาสตร์ด้านการปรับสมดุลและพัฒนาระบบบริหารจัดการภาครัฐ", "objc_level1_name": "งบอุดหนุน", "compare": [{"bb_amount": 4930800, "bb_province": "ประจวบคีรีขันธ์", "gf_amount": 4930000, "gf_province": "ประจวบคีรีขันธ์"}], "gf_amount_sum": 4930000}
{"bb_code": "1500848029600841", "bb_year": "2560", "amount": 4930800, "min_code": "15000", "agc_code": "15008", "name": "ก่อสร้างระบบประปาหมู่บ้านแบบผิวดินขนาดใหญ่มากหมู่ที่ 8 บ้านยางโทน ตำบลแข้ ตามแบบมาตรฐานกรมทรัพยากรน้ำ องค์การบริหารส่วนตำบลแข้ อำเภออุทุมพรพิสัย จังหวัดศรีสะเกษ", "min": "กระทรวงมหาดไทย", "agc": "กรมส่งเสริมการปกครองท้องถิ่น", "plan_name": "แผนงานบูรณาการส่งเสริมการกระจายอำนาจให้แก่องค์กรปกครองส่วนท้องถิ่น", "stg_name": "ยุทธศาสตร์ด้านการปรับสมดุลและพัฒนาระบบบริหารจัดการภาครัฐ", "objc_level1_name": "งบอุดหนุน", "compare": [{"bb_amount": 4930800, "bb_province": "ศรีสะเกษ", "gf_amount": 4864717.71, "gf_province": "ศรีสะเกษ"}], "gf_amount_sum": 4864717.71}
{"bb_code": "1500848029600F34", "bb_year": "2560", "amount": 4930800, "min_code": "15000", "agc_code": "15008", "name": "ก่อสร้างระบบประปาหมู่บ้านแบบผิวดินขนาดใหญ่มากหมู่ที่ 6 บ้านไผ่ล้อม ตำบลเชียงขวัญ ตามแบบมาตรฐานกรมทรัพยากรน้ำเทศบาลตำบลเชียงขวัญอำเภอเชียงขวัญ จังหวัดร้อยเอ็ด", "min": "กระทรวงมหาดไทย", "agc": "กรมส่งเสริมการปกครองท้องถิ่น", "plan_name": "แผนงานบูรณาการส่งเสริมการกระจายอำนาจให้แก่องค์กรปกครองส่วนท้องถิ่น", "stg_name": "ยุทธศาสตร์ด้านการปรับสมดุลและพัฒนาระบบบริหารจัดการภาครัฐ", "objc_level1_name": "งบอุดหนุน", "compare": [{"bb_amount": 4930800, "bb_province": "ร้อยเอ็ด", "gf_amount": 0, "gf_province": "ร้อยเอ็ด"}], "gf_amount_sum": 0}
{"bb_code": "1500848029600A70", "bb_year": "2560", "amount": 4930800, "min_code": "15000", "agc_code": "15008", "name": "ก่อสร้างระบบประปาหมู่บ้านแบบผิวดินขนาดใหญ่มากหมู่ที่ 5 บ้านสงยาง ตำบกุงตามแบบมาตรฐานกรมทรัพยากรน้ำ องค์การบริหารส่วนตำบลกุง อำเภอศิลาลาด จังหวัดศรีสะเกษ", "min": "กระทรวงมหาดไทย", "agc": "กรมส่งเสริมการปกครองท้องถิ่น", "plan_name": "แผนงานบูรณาการส่งเสริมการกระจายอำนาจให้แก่องค์กรปกครองส่วนท้องถิ่น", "stg_name": "ยุทธศาสตร์ด้านการปรับสมดุลและพัฒนาระบบบริหารจัดการภาครัฐ", "objc_level1_name": "งบอุดหนุน", "compare": [{"bb_amount": 4930800, "bb_province": "ศรีสะเกษ", "gf_amount": 0, "gf_province": "ศรีสะเกษ"}], "gf_amount_sum": 0}
{"bb_code": "1500848029600060", "bb_year": "2560", "amount": 4930800, "min_code": "15000", "agc_code": "15008", "name": "ก่อสร้างระบบประปาผิวดินขนาดใหญ่มาก หมู่ที่ 1 บ้านกระเดียน ตำบลกระเดียนตามแบบมาตรฐานกรมทรัพยากรน้ำ องค์การบริหารส่วนตำบลกระเดียนอำเภอตระการพืชผลจังหวัดอุบลราชธานี", "min": "กระทรวงมหาดไทย", "agc": "กรมส่งเสริมการปกครองท้องถิ่น", "plan_name": "แผนงานบูรณาการส่งเสริมการกระจายอำนาจให้แก่องค์กรปกครองส่วนท้องถิ่น", "stg_name": "ยุทธศาสตร์ด้านการปรับสมดุลและพัฒนาระบบบริหารจัดการภาครัฐ", "objc_level1_name": "งบอุดหนุน", "compare": [{"bb_amount": 4930800, "bb_province": "อุบลราชธานี", "gf_amount": 3874760, "gf_province": "อุบลราชธานี"}], "gf_amount_sum": 3874760}
{"bb_code": "1500848029600C86", "bb_year": "2560", "amount": 4930800, "min_code": "15000", "agc_code": "15008", "name": "ก่อสร้างระบบประปาหมู่บ้านแบบผิวดินขนาดใหญ่มากหมู่ที่ 14 บ้านหนองบ่อตำบลเกาะขนุน ตามแบบกรมทรัพยากรน้ำ องค์การบริหารส่วนตำบลเกาะขนุนอำเภอพนมสารคาม จังหวัดฉะเชิงเทรา", "min": "กระทรวงมหาดไทย", "agc": "กรมส่งเสริมการปกครองท้องถิ่น", "plan_name": "แผนงานบูรณาการส่งเสริมการกระจายอำนาจให้แก่องค์กรปกครองส่วนท้องถิ่น", "stg_name": "ยุทธศาสตร์ด้านการปรับสมดุลและพัฒนาระบบบริหารจัดการภาครัฐ", "objc_level1_name": "งบอุดหนุน", "compare": [{"bb_amount": 4930800, "bb_province": "ฉะเชิงเทรา", "gf_amount": 2961847, "gf_province": "ฉะเชิงเทรา"}], "gf_amount_sum": 2961847}
{"bb_code": "1500848029600T38", "bb_year": "2560", "amount": 4930800, "min_code": "15000", "agc_code": "15008", "name": "ก่อสร้างระบบประปาหมู่บ้านแบบผิวดินขนาดใหญ่มากหมู่ที่ 9 บ้านโนนม่วง ตำบลหัวนา เทศบาลตำบลหัวนาอำเภอเมืองหนองบัวลำภูจังหวัดหนองบัวลำภู", "min": "กระทรวงมหาดไทย", "agc": "กรมส่งเสริมการปกครองท้องถิ่น", "plan_name": "แผนงานบูรณาการส่งเสริมการกระจายอำนาจให้แก่องค์กรปกครองส่วนท้องถิ่น", "stg_name": "ยุทธศาสตร์ด้านการปรับสมดุลและพัฒนาระบบบริหารจัดการภาครัฐ", "objc_level1_name": "งบอุดหนุน", "compare": [{"bb_amount": 4930800, "bb_province": "หนองบัวลำภู", "gf_amount": 4358766.37, "gf_province": "หนองบัวลำภู"}], "gf_amount_sum": 4358766.37}
