{"bb_code": "1500848029600O67", "bb_year": "2560", "amount": 4930800, "min_code": "15000", "agc_code": "15008", "name": "ก่อสร้างระบบประปาหมู่บ้านพลังงานแสงอาทิตย์(โซล่าเซลล์) ประปาผิวดินขนาดใหญ่ หมู่ที่ 10 บ้านทุ่งกระทิง ตำบลบึงนคร ตามแบบมาตรฐานกรมทรัพยากรน้ำ องค์การบริหารส่วนตำบลบึงนครอำเภอหัวหิน จังหวัดประจวบคีรีขันธ์", "min": "กระทรวงมหาดไทย", "agc": "กรมส่งเสริมการปกครองท้องถิ่น", "plan_name": "แผนงานบูรณาการส่งเสริมการกระจายอำนาจให้แก่องค์กรปกครองส่วนท้องถิ่น", "stg_name": "ยุทธศาสตร์ด้านการปรับสมดุลและพัฒนาระบบบริหารจัดการภาครัฐ", "objc_level1_name": "งบอุดหนุน", "compare": [{"bb_amount": 4930800, "bb_province": "ประจวบคีรีขันธ์", "gf_amount": 4930000, "gf_province": "ประจวบคีรีขันธ์"}], "gf_amount_sum": 4930000}
{"bb_code": "1500848029600355", "bb_year": "2560", "amount": 4930800, "min_code": "15000", "agc_code": "15008", "name": "ก่อสร้างระบบประปาหมู่บ้านแบบผิวดินขนาดใหญ่มากบ้านวังกระแจะ หมู่ที่ 6ตำบลวังกระแจะองค์การบริหารส่วนตำบลวังกระแจะอำเภอไทรโยค จังหวัดกาญจนบุรี", "min": "กระทรวงมหาดไทย", "agc": "กรมส่งเสริมการปกครองท้องถิ่น", "plan_name": "แผนงานบูรณาการส่งเสริมการกระจายอำนาจให้แก่องค์กรปกครองส่วนท้องถิ่น", "stg_name": "ยุทธศาสตร์ด้านการปรับสมดุลและพัฒนาระบบบริหารจัดการภาครัฐ", "objc_level1_name": "งบอุดหนุน", "compare": [{"bb_amount": 4930800, "bb_province": "กาญจนบุรี", "gf_amount": 4645863, "gf_province": "กาญจนบุรี"}], "gf_amount_sum": 4645863}
{"bb_code": "1500848029600L16", "bb_year": "2560", "amount": 4930800, "min_code": "15000", "agc_code": "15008", "name": "ก่อสร้างระบบประปาหมู่บ้านแบบผิวดินขนาดใหญ่มากหมู่ที่ 2 บ้านไผ่ ตำบลบัวทอง ตามแบบแปลนมาตรฐานกรมทรัพยากรน้ำองค์การบริหารส่วนตำบลบัวทอง อำเภอเมืองบุรีรัมย์จังหวัดบุรีรัมย์", "min": "กระทรวงมหาดไทย", "agc": "กรมส่งเสริมการปกครองท้องถิ่น", "plan_name": "แผนงานบูรณาการส่งเสริมการกระจายอำนาจให้แก่องค์กรปกครองส่วนท้องถิ่น", "stg_name": "ยุทธศาสตร์ด้านการปรับสมดุลและพัฒนาระบบบริหารจัดการภาครัฐ", "objc_level1_name": "งบอุดหนุน", "compare": [{"bb_amount": 4930800, "bb_province": "บุรีรัมย์", "gf_amount": 4863855, "gf_province": "บุรีรัมย์"}], "gf_amount_sum": 4863855}
{"bb_code": "1500848029600T19", "bb_year": "2560", "amount": 4930800, "min_code": "15000", "agc_code": "15008", "name": "ก่อสร้างระบบประปาหมู่บ้านแบบผิวดินขนาดใหญ่มากหมู่ที่ 4,5,12,13 บ้านเชียงอาด ตำบลเหล่าต่างคำองค์การบริหารส่วนตำบลเหล่าต่างคำ อำเภอโพนพิสัย จังหวัดหนองคาย", "min": "กระทรวงมหาดไทย", "agc": "กรมส่งเสริมการปกครองท้องถิ่น", "plan_name": "แผนงานบูรณาการส่งเสริมการกระจายอำนาจให้แก่องค์กรปกครองส่วนท้องถิ่น", "stg_name": "ยุทธศาสตร์ด้านการปรับสมดุลและพัฒนาระบบบริหารจัดการภาครัฐ", "objc_level1_name": "งบอุดหนุน", "compare": [{"bb_amount": 4930800, "bb_province": "หนองคาย", "gf_amount": 4736507.67, "gf_province": "หนองคาย"}], "gf_amount_sum": 4736507.67}
{"bb_code": "1500848029600I32", "bb_year": "2560", "amount": 4930800, "min_code": "15000", "agc_code": "15008", "name": "ก่อสร้างระบบประปาหมู่บ้านแบบผิวดินขนาดใหญ่มากเพื่อบริการผู้ใช้น้ำ หมู่ที่2,7,8 ตำบลศรีนาวาองค์การบริหารส่วนตำบลศรีนาวา อำเภอเมืองนครนายกจังหวัดนครนายก", "min": "กระทรวงมหาดไทย", "agc": "กรมส่งเสริมการปกครองท้องถิ่น", "plan_name": "แผนงานบูรณาการส่งเสริมการกระจายอำนาจให้แก่องค์กรปกครองส่วนท้องถิ่น", "stg_name": "ยุทธศาสตร์ด้านการปรับสมดุลและพัฒนาระบบบริหารจัดการภาครัฐ", "objc_level1_name": "งบอุดหนุน", "compare": [{"bb_amount": 4930800, "bb_province": "นครนายก", "gf_amount": 0, "gf_province": "นครนายก"}], "gf_amount_sum": 0}
{"bb_code": "1500848029600C76", "bb_year": "2560", "amount": 4930800, "min_code": "15000", "agc_code": "15008", "name": "ก่อสร้างระบบประปาหมู่บ้านแบบผิวดินขนาดใหญ่มากหมู่ที่ 9 บ้านหินกอง ตำบลวังโตนด ตามแบบมาตรฐานกรมทรัพยากรน้ำ องค์การบริหารส่วนตำบลวังโตนดอำเภอนายายอาม จังหวัดจันทบุรี", "min": "กระทรวงมหาดไทย", "agc": "กรมส่งเสริมการปกครองท้องถิ่น", "plan_name": "แผนงานบูรณาการส่งเสริมการกระจายอำนาจให้แก่องค์กรปกครองส่วนท้องถิ่น", "stg_name": "ยุทธศาสตร์ด้านการปรับสมดุลและพัฒนาระบบบริหารจัดการภาครัฐ", "objc_level1_name": "งบอุดหนุน", "compare": [{"bb_amount": 4930800, "bb_province": "จันทบุรี", "gf_amount": 1228116.2, "gf_province": "จันทบุรี"}], "gf_amount_sum": 1228116.2}
{"bb_code": "1500848029600P37", "bb_year": "2560", "amount": 4930800, "min_code": "15000", "agc_code": "15008", "name": "ก่อสร้างระบบประปาหมู่บ้านแบบผิวดินขนาดใหญ่มากหมู่ที่ 10 บ้านโนนม่วงตำบลพรมเทพ ตามแบบมาตรฐานกรมทรัพยากรน้ำองค์การบริหารส่วนตำบลพรมเทพ อำเภอท่าตูมจังหวัดสุรินทร์", "min": "กระทรวงมหาดไทย", "agc": "กรมส่งเสริมการปกครองท้องถิ่น", "plan_name": "แผนงานบูรณาการส่งเสริมการกระจายอำนาจให้แก่องค์กรปกครองส่วนท้องถิ่น", "stg_name": "ยุทธศาสตร์ด้านการปรับสมดุลและพัฒนาระบบบริหารจัดการภาครัฐ", "objc_level1_name": "งบอุดหนุน", "compare": [{"bb_amount": 4930800, "bb_province": "สุรินทร์", "gf_amount": 0, "gf_province": "สุรินทร์"}], "gf_amount_sum": 0}
{"bb_code": "1500848029600B18", "bb_year": "2560", "amount": 4930800, "min_code": "15000", "agc_code": "15008", "name": "ก่อสร้างระบบประปาผิวดินขนาดใหญ่มาก พร้อมวางท่อส่งน้ำ หมู่ที่ 5 บ้านอู่ทองต.บ้านนา ตามแบบมาตรฐานกรมทรัพยากรน้ำเทศบาลตำบลบ้านนาอำเภอแกลง จังหวัดระยอง", "min": "กระทรวงมหาดไทย", "agc": "กรมส่งเสริมการปกครองท้องถิ่น", "plan_name": "แผนงานบูรณาการส่งเสริมการกระจายอำนาจให้แก่องค์กรปกครองส่วนท้องถิ่น", "stg_name": "ยุทธศาสตร์ด้านการปรับสมดุลและพัฒนาระบบบริหารจัดการภาครัฐ", "objc_level1_name": "งบอุดหนุน", "compare": [{"bb_amount": 4930800, "bb_province": "ระยอง", "gf_amount": 4830395.36, "gf_province": "ระยอง"}], "gf_amount_sum": 4830395.36}
{"bb_code": "1500848029600F09", "bb_year": "2560", "amount": 4930800, "min_code": "15000", "agc_code": "15008", "name": "ก่อสร้างระบบประปาหมู่บ้านแบบผิวดินขนาดใหญ่มากหมู่ที่ 13 บ้านตาหยวกตำบลทุ่งหลวง ตามแบบมาตรฐานกรมทรัพยากรน้ำเทศบาลตำบลทุ่งหลวงอำเภอสุวรรณภูมิ จังหวัดร้อยเอ็ด", "min": "กระทรวงมหาดไทย", "agc": "กรมส่งเสริมการปกครองท้องถิ่น", "plan_name": "แผนงานบูรณาการส่งเสริมการกระจายอำนาจให้แก่องค์กรปกครองส่วนท้องถิ่น", "stg_name": "ยุทธศาสตร์ด้านการปรับสมดุลและพัฒนาระบบบริหารจัดการภาครัฐ", "objc_level1_name": "งบอุดหนุน", "compare": [{"bb_amount": 4930800, "bb_province": "ร้อยเอ็ด", "gf_amount": 4856684, "gf_province": "ร้อยเอ็ด"}], "gf_amount_sum": 4856684}
{"bb_code": "1500848029600T90", "bb_year": "2560", "amount": 4930800, "min_code": "15000", "agc_code": "15008", "name": "ก่อสร้างระบบประปาหมู่บ้านแบบผิวดินขนาดใหญ่มากหมู่ที่ 4 บ้านโนนคำเจริญตามแบบมาตรฐานกรมทรัพยากรน้ำ องค์การบริหารส่วนตำบลหนองกุงศรี อำเภอโนนสะอาดจังหวัดอุดรธานี", "min": "กระทรวงมหาดไทย", "agc": "กรมส่งเสริมการปกครองท้องถิ่น", "plan_name": "แผนงานบูรณาการส่งเสริมการกระจายอำนาจให้แก่องค์กรปกครองส่วนท้องถิ่น", "stg_name": "ยุทธศาสตร์ด้านการปรับสมดุลและพัฒนาระบบบริหารจัดการภาครัฐ", "objc_level1_name": "งบอุดหนุน", "compare": [{"bb_amount": 4930800, "bb_province": "อุดรธานี", "gf_amount": 1118951.7, "gf_province": "อุดรธานี"}], "gf_amount_sum": 1118951.7}
{"bb_code": "1500848029600O74", "bb_year": "2560", "amount": 4930600, "min_code": "15000", "agc_code": "15008", "name": "ก่อสร้างระบบประปาหมู่บ้านแบบผิวดินขนาดใหญ่มากหมู่ที่ 9 บ้านหนองปรือน้อยตำบลหัวหว้า ตามแบบมาตรฐานกรมทรัพยากรน้ำกำหนด องค์การบริหารส่วนตำบลหัวหว้า อำเภอศรีมหาโพธิ จังหวัดปราจีนบุรี", "min": "กระทรวงมหาดไทย", "agc": "กรมส่งเสริมการปกครองท้องถิ่น", "plan_name": "แผนงานบูรณาการส่งเสริมการกระจายอำนาจให้แก่องค์กรปกครองส่วนท้องถิ่น", "stg_name": "ยุทธศาสตร์ด้านการปรับสมดุลและพัฒนาระบบบริหารจัดการภาครัฐ", "objc_level1_name": "งบอุดหนุน", "compare": [{"bb_amount": 4930600, "bb_province": "ปราจีนบุรี", "gf_amount": 0, "gf_province": "ปราจีนบุรี"}], "gf_amount_sum": 0}
{"bb_code": "1500848029600U10", "bb_year": "2560", "amount": 4930600, "min_code": "15000", "agc_code": "15008", "name": "ก่อสร้างระบบประปาหมู่บ้านแบบผิวดินขนาดใหญ่มากหมู่ที่ 6 บ้านท่าลอบ ตำบลรำมะสัก ตามแบบมาตรฐานกรมทรัพยากรน้ำกำหนดเทศบาลตำบลรำมะสักอำเภอโพธิ์ทอง จังหวัดอ่างทอง", "min": "กระทรวงมหาดไทย", "agc": "กรมส่งเสริมการปกครองท้องถิ่น", "plan_name": "แผนงานบูรณาการส่งเสริมการกระจายอำนาจให้แก่องค์กรปกครองส่วนท้องถิ่น", "stg_name": "ยุทธศาสตร์ด้านการปรับสมดุลและพัฒนาระบบบริหารจัดการภาครัฐ", "objc_level1_name": "งบอุดหนุน", "compare": [{"bb_amount": 4930600, "bb_province": "อ่างทอง", "gf_amount": 4917600, "gf_province": "อ่างทอง"}], "gf_amount_sum": 4917600}
{"bb_code": "1500848029600442", "bb_year": "2560", "amount": 4930600, "min_code": "15000", "agc_code": "15008", "name": "ก่อสร้างระบบประปาหมู่บ้านแบบผิวดินขนาดใหญ่มากหมู่ที่ 1,4,6 บ้านหลักเหลี่ยม ตำบลหลักเหลี่ยมตามแบบมาตรฐานกรมทรัพยากรน้ำ องค์การบริหารส่วนตำบลหลักเหลี่ยม อำเภอนามนจังหวัดกาฬสินธุ์", "min": "กระทรวงมหาดไทย", "agc": "กรมส่งเสริมการปกครองท้องถิ่น", "plan_name": "แผนงานบูรณาการส่งเสริมการกระจายอำนาจให้แก่องค์กรปกครองส่วนท้องถิ่น", "stg_name": "ยุทธศาสตร์ด้านการปรับสมดุลและพัฒนาระบบบริหารจัดการภาครัฐ", "objc_level1_name": "งบอุดหนุน", "compare": [{"bb_amount": 4930600, "bb_province": "กาฬสินธุ์", "gf_amount": 1387393.14, "gf_province": "กาฬสินธุ์"}], "gf_amount_sum": 1387393.14}
{"bb_code": "1500848029600S00", "bb_year": "2560", "amount": 4930600, "min_code": "15000", "agc_code": "15008", "name": "ก่อสร้างระบบประปาหมู่บ้านแบบผิวดินขนาดใหญ่มากหมู่ที่ 4 บ้านนาสนวน ตำบลจรัส ตามแบบมาตรฐานกรมทรัพยากรน้ำ องค์การบริหารส่วนตำบลจรัสอำเภอบัวเชด จังหวัดสุรินทร์", "min": "กระทรวงมหาดไทย", "agc": "กรมส่งเสริมการปกครองท้องถิ่น", "plan_name": "แผนงานบูรณาการส่งเสริมการกระจายอำนาจให้แก่องค์กรปกครองส่วนท้องถิ่น", "stg_name": "ยุทธศาสตร์ด้านการปรับสมดุลและพัฒนาระบบบริหารจัดการภาครัฐ", "objc_level1_name": "งบอุดหนุน", "compare": [{"bb_amount": 4930600, "bb_province": "สุรินทร์", "gf_amount": 4693889.09, "gf_province": "สุรินทร์"}], "gf_amount_sum": 4693889.09}
{"bb_code": "1500848029600M39", "bb_year": "2560", "amount": 4930600, "min_code": "15000", "agc_code": "15008", "name": "ก่อสร้างระบบประปาหมู่บ้านแบบผิวดินขนาดใหญ่มากหมู่ที่ 1 บ้านดอนแก้ว ตำบลพระธาตุ ตามแบบมาตรฐานกรมทรัพยากรน้ำ องค์การบริหารส่วนตำบลพระธาตุอำเภอเชียงกลาง จังหวัดน่าน", "min": "กระทรวงมหาดไทย", "agc": "กรมส่งเสริมการปกครองท้องถิ่น", "plan_name": "แผนงานบูรณาการส่งเสริมการกระจายอำนาจให้แก่องค์กรปกครองส่วนท้องถิ่น", "stg_name": "ยุทธศาสตร์ด้านการปรับสมดุลและพัฒนาระบบบริหารจัดการภาครัฐ", "objc_level1_name": "งบอุดหนุน", "compare": [{"bb_amount": 4930600, "bb_province": "น่าน", "gf_amount": 4646306, "gf_province": "น่าน"}], "gf_amount_sum": 4646306}
{"bb_code": "1500848029600S56", "bb_year": "2560", "amount": 4930600, "min_code": "15000", "agc_code": "15008", "name": "ก่อสร้างระบบประปาหมู่บ้านแบบผิวดินขนาดใหญ่มากหมู่ที่ 15 บ้านเดื่อเจริญตำบลบ้านเดื่อ ตามแบบมาตรฐานกรมทรัพยากรน้ำเทศบาลตำบลบ้านเดื่ออำเภอเมืองหนองคายจังหวัดหนองคาย", "min": "กระทรวงมหาดไทย", "agc": "กรมส่งเสริมการปกครองท้องถิ่น", "plan_name": "แผนงานบูรณาการส่งเสริมการกระจายอำนาจให้แก่องค์กรปกครองส่วนท้องถิ่น", "stg_name": "ยุทธศาสตร์ด้านการปรับสมดุลและพัฒนาระบบบริหารจัดการภาครัฐ", "objc_level1_name": "งบอุดหนุน", "compare": [{"bb_amount": 4930600, "bb_province": "หนองคาย", "gf_amount": 3168580.12, "gf_province": "หนองคาย"}], "gf_amount_sum": 3168580.12}
{"bb_code": "1500848029600122", "bb_year": "2560", "amount": 4930600, "min_code": "15000", "agc_code": "15008", "name": "ก่อสร้างระบบประปาหมู่บ้านแบบผิวดินขนาดใหญ่มากหมู่ที่ 7,4,6,8 บ้านวังมะพลับ ตำบลโนนบุรี ตามแบบมาตรฐานกรมทรัพยากรน้ำ เทศบาลตำบลโนนบุรี อำเภอสหัสขันธ์ จังหวัดกาฬสินธุ์", "min": "กระทรวงมหาดไทย", "agc": "กรมส่งเสริมการปกครองท้องถิ่น", "plan_name": "แผนงานบูรณาการส่งเสริมการกระจายอำนาจให้แก่องค์กรปกครองส่วนท้องถิ่น", "stg_name": "ยุทธศาสตร์ด้านการปรับสมดุลและพัฒนาระบบบริหารจัดการภาครัฐ", "objc_level1_name": "งบอุดหนุน", "compare": [{"bb_amount": 4930600, "bb_province": "กาฬสินธุ์", "gf_amount": 0, "gf_province": "กาฬสินธุ์"}], "gf_amount_sum": 0}
{"bb_code": "1500848029600438", "bb_year": "2560", "amount": 4930600, "min_code": "15000", "agc_code": "15008", "name": "ก่อสร้างระบบประปาหมู่บ้านแบบผิวดินขนาดใหญ่มากหมู่ที่ 12 บ้านโนนสมควรตำบลนิคมห้วยผึ้ง ตามแบบมาตรฐานกรมทรัพยากรน้ำองค์การบริหารส่วนตำบลนิคมห้วยผึ้ง อำเภอห้วยผึ้งจังหวัดกาฬสินธุ์", "min": "กระทรวงมหาดไทย", "agc": "กรมส่งเสริมการปกครองท้องถิ่น", "plan_name": "แผนงานบูรณาการส่งเสริมการกระจายอำนาจให้แก่องค์กรปกครองส่วนท้องถิ่น", "stg_name": "ยุทธศาสตร์ด้านการปรับสมดุลและพัฒนาระบบบริหารจัดการภาครัฐ", "objc_level1_name": "งบอุดหนุน", "compare": [{"bb_amount": 4930600, "bb_province": "กาฬสินธุ์", "gf_amount": 1206000, "gf_province": "กาฬสินธุ์"}], "gf_amount_sum": 1206000}
{"bb_code": "1500848029600D46", "bb_year": "2560", "amount": 4930600, "min_code": "15000", "agc_code": "15008", "name": "ก่อสร้างระบบประปาหมู่บ้านแบบผิวดินขนาดใหญ่มากหมู่ที่ 1 บ้านตลาด ตำบลเขาแก้ว ตามแบบมาตรฐานกรมทรัพยากรน้ำ เทศบาลตำบลลานสกา อำเภอลานสกา จังหวัดนครศรีธรรมราช", "min": "กระทรวงมหาดไทย", "agc": "กรมส่งเสริมการปกครองท้องถิ่น", "plan_name": "แผนงานบูรณาการส่งเสริมการกระจายอำนาจให้แก่องค์กรปกครองส่วนท้องถิ่น", "stg_name": "ยุทธศาสตร์ด้านการปรับสมดุลและพัฒนาระบบบริหารจัดการภาครัฐ", "objc_level1_name": "งบอุดหนุน", "compare": [{"bb_amount": 4930600, "bb_province": "นครศรีธรรมราช", "gf_amount": 0, "gf_province": "นครศรีธรรมราช"}], "gf_amount_sum": 0}
{"bb_code": "1500848029600D85", "bb_year": "2560", "amount": 4930600, "min_code": "15000", "agc_code": "15008", "name": "ก่อสร้างระบบประปาหมู่บ้านแบบผิวดินขนาดใหญ่มากหมู่ที่ 4 บ้านนาดี ตำบลป่งขาม ตามแบบแปลนมาตรฐานของกรมทรัพยากรน้ำ องค์การบริหารส่วนตำบลป่งขามดงหมู อำเภอหว้านใหญ่ จังหวัดมุกดาหาร", "min": "กระทรวงมหาดไทย", "agc": "กรมส่งเสริมการปกครองท้องถิ่น", "plan_name": "แผนงานบูรณาการส่งเสริมการกระจายอำนาจให้แก่องค์กรปกครองส่วนท้องถิ่น", "stg_name": "ยุทธศาสตร์ด้านการปรับสมดุลและพัฒนาระบบบริหารจัดการภาครัฐ", "objc_level1_name": "งบอุดหนุน", "compare": [{"bb_amount": 4930600, "bb_province": "มุกดาหาร", "gf_amount": 2151659.53, "gf_province": "มุกดาหาร"}], "gf_amount_sum": 2151659.53}
