{"bb_code": "1500848029600122", "bb_year": "2560", "amount": 4930600, "min_code": "15000", "agc_code": "15008", "name": "ก่อสร้างระบบประปาหมู่บ้านแบบผิวดินขนาดใหญ่มากหมู่ที่ 7,4,6,8 บ้านวังมะพลับ ตำบลโนนบุรี ตามแบบมาตรฐานกรมทรัพยากรน้ำ เทศบาลตำบลโนนบุรี อำเภอสหัสขันธ์ จังหวัดกาฬสินธุ์", "min": "กระทรวงมหาดไทย", "agc": "กรมส่งเสริมการปกครองท้องถิ่น", "plan_name": "แผนงานบูรณาการส่งเสริมการกระจายอำนาจให้แก่องค์กรปกครองส่วนท้องถิ่น", "stg_name": "ยุทธศาสตร์ด้านการปรับสมดุลและพัฒนาระบบบริหารจัดการภาครัฐ", "objc_level1_name": "งบอุดหนุน", "compare": [{"bb_amount": 4930600, "bb_province": "กาฬสินธุ์", "gf_amount": 0, "gf_province": "กาฬสินธุ์"}], "gf_amount_sum": 0}
{"bb_code": "1500848029600419", "bb_year": "2560", "amount": 4930600, "min_code": "15000", "agc_code": "15008", "name": "ก่อสร้างระบบประปาหมู่บ้านแบบผิวดินขนาดใหญ่มากหมู่ที่ 18 บ้านดวนใหญ่ตำบลดวนใหญ่ ตามแบบมาตรฐานกรมทรัพยากรน้ำองค์การบริหารส่วนตำบลดวนใหญ่ อำเภอวังหินจังหวัดศรีสะเกษ", "min": "กระทรวงมหาดไทย", "agc": "กรมส่งเสริมการปกครองท้องถิ่น", "plan_name": "แผนงานบูรณาการส่งเสริมการกระจายอำนาจให้แก่องค์กรปกครองส่วนท้องถิ่น", "stg_name": "ยุทธศาสตร์ด้านการปรับสมดุลและพัฒนาระบบบริหารจัดการภาครัฐ", "objc_level1_name": "งบอุดหนุน", "compare": [{"bb_amount": 4930600, "bb_province": "ศรีสะเกษ", "gf_amount": 0, "gf_province": "ศรีสะเกษ"}], "gf_amount_sum": 0}
{"bb_code": "1500848029600M60", "bb_year": "2560", "amount": 4930600, "min_code": "15000", "agc_code": "15008", "name": "ก่อสร้างระบบประปาหมู่บ้านแบบผิวดินขนาดใหญ่มากหมู่ที่ 4 บ้านหายโศก ตำบลหัวหว้า ตามแบบมาตรฐานกรมทรัพยากรน้ำกำหนดองค์การบริหารส่วนตำบลหัวหว้า อำเภอศรีมหาโพธิจังหวัดปราจีนบุรี", "min": "กระทรวงมหาดไทย", "agc": "กรมส่งเสริมการปกครองท้องถิ่น", "plan_name": "แผนงานบูรณาการส่งเสริมการกระจายอำนาจให้แก่องค์กรปกครองส่วนท้องถิ่น", "stg_name": "ยุทธศาสตร์ด้านการปรับสมดุลและพัฒนาระบบบริหารจัดการภาครัฐ", "objc_level1_name": "งบอุดหนุน", "compare": [{"bb_amount": 4930600, "bb_province": "ปราจีนบุรี", "gf_amount": 0, "gf_province": "ปราจีนบุรี"}], "gf_amount_sum": 0}
{"bb_code": "1500848029600T77", "bb_year": "2560", "amount": 4930600, "min_code": "15000", "agc_code": "15008", "name": "ก่อสร้างประปาหมู่บ้านแบบผิวดินขนาดใหญ่มาก บ้านกุดหมากไฟ หมู่ที่ 1 ตำบลกุดหมากไฟ ตามแบบมาตรฐานกรมทรัพยากรน้ำเทศบาลตำบลกุดหมากไฟอำเภอหนองวัวซอ จังหวัดอุดรธานี", "min": "กระทรวงมหาดไทย", "agc": "กรมส่งเสริมการปกครองท้องถิ่น", "plan_name": "แผนงานบูรณาการส่งเสริมการกระจายอำนาจให้แก่องค์กรปกครองส่วนท้องถิ่น", "stg_name": "ยุทธศาสตร์ด้านการปรับสมดุลและพัฒนาระบบบริหารจัดการภาครัฐ", "objc_level1_name": "งบอุดหนุน", "compare": [{"bb_amount": 4930600, "bb_province": "อุดรธานี", "gf_amount": 3943350, "gf_province": "อุดรธานี"}], "gf_amount_sum": 3943350}
{"bb_code": "1500848029600S56", "bb_year": "2560", "amount": 4930600, "min_code": "15000", "agc_code": "15008", "name": "ก่อสร้างระบบประปาหมู่บ้านแบบผิวดินขนาดใหญ่มากหมู่ที่ 15 บ้านเดื่อเจริญตำบลบ้านเดื่อ ตามแบบมาตรฐานกรมทรัพยากรน้ำเทศบาลตำบลบ้านเดื่ออำเภอเมืองหนองคายจังหวัดหนองคาย", "min": "กระทรวงมหาดไทย", "agc": "กรมส่งเสริมการปกครองท้องถิ่น", "plan_name": "แผนงานบูรณาการส่งเสริมการกระจายอำนาจให้แก่องค์กรปกครองส่วนท้องถิ่น", "stg_name": "ยุทธศาสตร์ด้านการปรับสมดุลและพัฒนาระบบบริหารจัดการภาครัฐ", "objc_level1_name": "งบอุดหนุน", "compare": [{"bb_amount": 4930600, "bb_province": "หนองคาย", "gf_amount": 3168580.12, "gf_province": "หนองคาย"}], "gf_amount_sum": 3168580.12}
{"bb_code": "1500848029600442", "bb_year": "2560", "amount": 4930600, "min_code": "15000", "agc_code": "15008", "name": "ก่อสร้างระบบประปาหมู่บ้านแบบผิวดินขนาดใหญ่มากหมู่ที่ 1,4,6 บ้านหลักเหลี่ยม ตำบลหลักเหลี่ยมตามแบบมาตรฐานกรมทรัพยากรน้ำ องค์การบริหารส่วนตำบลหลักเหลี่ยม อำเภอนามนจังหวัดกาฬสินธุ์", "min": "กระทรวงมหาดไทย", "agc": "กรมส่งเสริมการปกครองท้องถิ่น", "plan_name": "แผนงานบูรณาการส่งเสริมการกระจายอำนาจให้แก่องค์กรปกครองส่วนท้องถิ่น", "stg_name": "ยุทธศาสตร์ด้านการปรับสมดุลและพัฒนาระบบบริหารจัดการภาครัฐ", "objc_level1_name": "งบอุดหนุน", "compare": [{"bb_amount": 4930600, "bb_province": "กาฬสินธุ์", "gf_amount": 1387393.14, "gf_province": "กาฬสินธุ์"}], "gf_amount_sum": 1387393.14}
{"bb_code": "1500848029600212", "bb_year": "2560", "amount": 4930600, "min_code": "15000", "agc_code": "15008", "name": "ก่อสร้างระบบผลิตน้ำประปาผิวดินขนาดใหญ่เพื่อชุมชนหมู่ที่ 6 บ้านห้วยไฮตำบลคำเขื่อนแก้ว ตามแบบมาตรฐานกรมทรัพยากรน้ำองค์การบริหารส่วนตำบลคำเขื่อนแก้ว อำเภอสิรินธรจังหวัดอุบลราชธานี", "min": "กระทรวงมหาดไทย", "agc": "กรมส่งเสริมการปกครองท้องถิ่น", "plan_name": "แผนงานบูรณาการส่งเสริมการกระจายอำนาจให้แก่องค์กรปกครองส่วนท้องถิ่น", "stg_name": "ยุทธศาสตร์ด้านการปรับสมดุลและพัฒนาระบบบริหารจัดการภาครัฐ", "objc_level1_name": "งบอุดหนุน", "compare": [{"bb_amount": 4930600, "bb_province": "อุบลราชธานี", "gf_amount": 0, "gf_province": "อุบลราชธานี"}], "gf_amount_sum": 0}
{"bb_code": "1500848029600D12", "bb_year": "2560", "amount": 4930600, "min_code": "15000", "agc_code": "15008", "name": "ก่อสร้างระบบประปาหมู่บ้านแบบผิวดินขนาดใหญ่มากหมู่ที่ 2 บ้านฉนวนจันทร์ตำบลดุสิต ตามแบบมาตรฐานกรมทรัพยากรน้ำองค์การบริหารส่วนตำบลดุสิต อำเภอถ้ำพรรณราจังหวัดนครศรีธรรมราช", "min": "กระทรวงมหาดไทย", "agc": "กรมส่งเสริมการปกครองท้องถิ่น", "plan_name": "แผนงานบูรณาการส่งเสริมการกระจายอำนาจให้แก่องค์กรปกครองส่วนท้องถิ่น", "stg_name": "ยุทธศาสตร์ด้านการปรับสมดุลและพัฒนาระบบบริหารจัดการภาครัฐ", "objc_level1_name": "งบอุดหนุน", "compare": [{"bb_amount": 4930600, "bb_province": "นครศรีธรรมราช", "gf_amount": 4930000, "gf_province": "นครศรีธรรมราช"}], "gf_amount_sum": 4930000}
{"bb_code": "1500848029600O68", "bb_year": "2560", "amount": 4930600, "min_code": "15000", "agc_code": "15008", "name": "ก่อสร้างระบบประปาหมู่บ้านแบบผิวดินขนาดใหญ่มากหมู่ที่ 12 บ้านคลองหินจวงตำบลห้วยยาง ตามแบบมาตรฐานกรมทรัพยากรน้ำองค์การบริหารส่วนตำบลห้วยยาง อำเภอทับสะแกจังหวัดประจวบคีรีขันธ์", "min": "กระทรวงมหาดไทย", "agc": "กรมส่งเสริมการปกครองท้องถิ่น", "plan_name": "แผนงานบูรณาการส่งเสริมการกระจายอำนาจให้แก่องค์กรปกครองส่วนท้องถิ่น", "stg_name": "ยุทธศาสตร์ด้านการปรับสมดุลและพัฒนาระบบบริหารจัดการภาครัฐ", "objc_level1_name": "งบอุดหนุน", "compare": [{"bb_amount": 4930600, "bb_province": "ประจวบคีรีขันธ์", "gf_amount": 1198800, "gf_province": "ประจวบคีรีขันธ์"}], "gf_amount_sum": 1198800}
{"bb_code": "1500848029600117", "bb_year": "2560", "amount": 4930600, "min_code": "15000", "agc_code": "15008", "name": "ก่อสร้างระบบประปาหมู่บ้านแบบผิวดินขนาดใหญ่มากหมู่ที่ 6 บ้านดอนข่า ตำบลโคกสะอาด ตามแบบมาตรฐานกรมทรัพยากรน้ำองค์การบริหารส่วนตำบลโคกสะอาด อำเภอฆ้องชัยจังหวัดกาฬสินธุ์", "min": "กระทรวงมหาดไทย", "agc": "กรมส่งเสริมการปกครองท้องถิ่น", "plan_name": "แผนงานบูรณาการส่งเสริมการกระจายอำนาจให้แก่องค์กรปกครองส่วนท้องถิ่น", "stg_name": "ยุทธศาสตร์ด้านการปรับสมดุลและพัฒนาระบบบริหารจัดการภาครัฐ", "objc_level1_name": "งบอุดหนุน", "compare": [{"bb_amount": 4930600, "bb_province": "กาฬสินธุ์", "gf_amount": 3880000, "gf_province": "กาฬสินธุ์"}], "gf_amount_sum": 3880000}
{"bb_code": "1500848029600D84", "bb_year": "2560", "amount": 4930600, "min_code": "15000", "agc_code": "15008", "name": "ก่อสร้างระบบประปาหมู่บ้านแบบผิวดินขนาดใหญ่มากหมู่ที่ 2 บ้านสองคอน ตำบลดงหมู ตามแบบแปลนมาตรฐานของกรมทร้พยากรน้ำ องค์การบริหารส่วนตำบลป่งขามดงหมู อำเภอหว้านใหญ่ จังหวัดมุกดาหาร", "min": "กระทรวงมหาดไทย", "agc": "กรมส่งเสริมการปกครองท้องถิ่น", "plan_name": "แผนงานบูรณาการส่งเสริมการกระจายอำนาจให้แก่องค์กรปกครองส่วนท้องถิ่น", "stg_name": "ยุทธศาสตร์ด้านการปรับสมดุลและพัฒนาระบบบริหารจัดการภาครัฐ", "objc_level1_name": "งบอุดหนุน", "compare": [{"bb_amount": 4930600, "bb_province": "มุกดาหาร", "gf_amount": 1174557.03, "gf_province": "มุกดาหาร"}], "gf_amount_sum": 1174557.03}
{"bb_code": "1500848029600292", "bb_year": "2560", "amount": 4930300, "min_code": "15000", "agc_code": "15008", "name": "ก่อสร้างระบบประปาหมู่บ้านแบบผิวดินขนาดใหญ่มากหมู่ที่ 4 - 9 บ้านทุ่งเจริญ -บ้านเหล่าเจริญ ตำบลหัวฝาย ตามแบบมาตรฐานกรมทรัพยากรน้ำ องค์การบริหารส่วนตำบลหัวฝายอำเภอสูงเม่น จังหวัดแพร่", "min": "กระทรวงมหาดไทย", "agc": "กรมส่งเสริมการปกครองท้องถิ่น", "plan_name": "แผนงานบูรณาการส่งเสริมการกระจายอำนาจให้แก่องค์กรปกครองส่วนท้องถิ่น", "stg_name": "ยุทธศาสตร์ด้านการปรับสมดุลและพัฒนาระบบบริหารจัดการภาครัฐ", "objc_level1_name": "งบอุดหนุน", "compare": [{"bb_amount": 4930300, "bb_province": "แพร่", "gf_amount": 3989374.7, "gf_province": "แพร่"}], "gf_amount_sum": 3989374.7}
{"bb_code": "1500848029600A68", "bb_year": "2560", "amount": 4930000, "min_code": "15000", "agc_code": "15008", "name": "ก่อสร้างระบบประปาหมู่บ้านแบบผิวดินขนาดใหญ่มากหมู่ที่ 10 บ้านป่าม่วง ตำบลเมืองคง ตามแบบมาตรฐานกรมทรัพยากรน้ำ เทศบาลตำบลเมืองคง อำเภอราษีไศล จังหวัดศรีสะเกษ", "min": "กระทรวงมหาดไทย", "agc": "กรมส่งเสริมการปกครองท้องถิ่น", "plan_name": "แผนงานบูรณาการส่งเสริมการกระจายอำนาจให้แก่องค์กรปกครองส่วนท้องถิ่น", "stg_name": "ยุทธศาสตร์ด้านการปรับสมดุลและพัฒนาระบบบริหารจัดการภาครัฐ", "objc_level1_name": "งบอุดหนุน", "compare": [{"bb_amount": 4930000, "bb_province": "ศรีสะเกษ", "gf_amount": 4856542, "gf_province": "ศรีสะเกษ"}], "gf_amount_sum": 4856542}
{"bb_code": "1500848029600256", "bb_year": "2560", "amount": 4930000, "min_code": "15000", "agc_code": "15008", "name": "ก่อสร้างระบบประปาหมู่บ้านแบบผิวดินขนาดใหญ่มากหมู่ที่ 4 บ้านหางไหล ตำบลมะต้อง ตามแบบมาตรฐานกรมทรัพยากรน้ำ องค์การบริหารส่วนตำบลมะต้องอำเภอพรหมพิราม จังหวัดพิษณุโลก", "min": "กระทรวงมหาดไทย", "agc": "กรมส่งเสริมการปกครองท้องถิ่น", "plan_name": "แผนงานบูรณาการส่งเสริมการกระจายอำนาจให้แก่องค์กรปกครองส่วนท้องถิ่น", "stg_name": "ยุทธศาสตร์ด้านการปรับสมดุลและพัฒนาระบบบริหารจัดการภาครัฐ", "objc_level1_name": "งบอุดหนุน", "compare": [{"bb_amount": 4930000, "bb_province": "พิษณุโลก", "gf_amount": 4876254, "gf_province": "พิษณุโลก"}], "gf_amount_sum": 4876254}
{"bb_code": "1500848029600866", "bb_year": "2560", "amount": 4930000, "min_code": "15000", "agc_code": "15008", "name": "ก่อสร้างระบบประปาหมู่บ้านแบบผิวดินขนาดใหญ่ หมู่ที่3 บ้านป่าเตย และหมู่ที่ 12บ้านเหล่านางาม ตามแบบมาตรฐานกรมทรัพยากรน้ำองค์การบริหารส่วนตำบลนาอุดม อำเภอนิคมคำสร้อยจังหวัดมุกดาหาร", "min": "กระทรวงมหาดไทย", "agc": "กรมส่งเสริมการปกครองท้องถิ่น", "plan_name": "แผนงานบูรณาการส่งเสริมการกระจายอำนาจให้แก่องค์กรปกครองส่วนท้องถิ่น", "stg_name": "ยุทธศาสตร์ด้านการปรับสมดุลและพัฒนาระบบบริหารจัดการภาครัฐ", "objc_level1_name": "งบอุดหนุน", "compare": [{"bb_amount": 4930000, "bb_province": "มุกดาหาร", "gf_amount": 0, "gf_province": "มุกดาหาร"}], "gf_amount_sum": 0}
{"bb_code": "1500848029600123", "bb_year": "2560", "amount": 4930000, "min_code": "15000", "agc_code": "15008", "name": "ก่อสร้างระบบประปาหมู่บ้านแบบผิวดินขนาดใหญ่มากหมู่ที่ 14,9 บ้านตูม ตำบลบัวบาน ตามแบบมาตรฐานกรมทรัพยากรน้ำ เทศบาลตำบลบัวบาน อำเภอยางตลาด จังหวัดกาฬสินธุ์", "min": "กระทรวงมหาดไทย", "agc": "กรมส่งเสริมการปกครองท้องถิ่น", "plan_name": "แผนงานบูรณาการส่งเสริมการกระจายอำนาจให้แก่องค์กรปกครองส่วนท้องถิ่น", "stg_name": "ยุทธศาสตร์ด้านการปรับสมดุลและพัฒนาระบบบริหารจัดการภาครัฐ", "objc_level1_name": "งบอุดหนุน", "compare": [{"bb_amount": 4930000, "bb_province": "กาฬสินธุ์", "gf_amount": 0, "gf_province": "กาฬสินธุ์"}], "gf_amount_sum": 0}
{"bb_code": "1500848029600867", "bb_year": "2560", "amount": 4930000, "min_code": "15000", "agc_code": "15008", "name": "ก่อสร้างระบบประปาหมู่บ้านแบบผิวดินขนาดใหญ่ หมู่ที่6 บ้านสมสะอาด และหมู่ที่10 บ้านนาเจริญ ตามแบบมาตรฐานกรมทรัพยากรน้ำองค์การบริหารส่วนตำบลนาอุดม อำเภอนิคมคำสร้อยจังหวัดมุกดาหาร", "min": "กระทรวงมหาดไทย", "agc": "กรมส่งเสริมการปกครองท้องถิ่น", "plan_name": "แผนงานบูรณาการส่งเสริมการกระจายอำนาจให้แก่องค์กรปกครองส่วนท้องถิ่น", "stg_name": "ยุทธศาสตร์ด้านการปรับสมดุลและพัฒนาระบบบริหารจัดการภาครัฐ", "objc_level1_name": "งบอุดหนุน", "compare": [{"bb_amount": 4930000, "bb_province": "มุกดาหาร", "gf_amount": 0, "gf_province": "มุกดาหาร"}], "gf_amount_sum": 0}
{"bb_code": "1500848029600439", "bb_year": "2560", "amount": 4930000, "min_code": "15000", "agc_code": "15008", "name": "ก่อสร้างระบบประปาหมู่บ้านแบบผิวดินขนาดใหญ่มากหมู่ที่ 7,8 (หนองท่าวัด)บ้านหัวงัว ตำบลยางตลาดตามแบบมาตรฐานกรมทรัพยากรน้ำ องค์การบริหารส่วนตำบลยางตลาดอำเภอยางตลาด จังหวัดกาฬสินธุ์", "min": "กระทรวงมหาดไทย", "agc": "กรมส่งเสริมการปกครองท้องถิ่น", "plan_name": "แผนงานบูรณาการส่งเสริมการกระจายอำนาจให้แก่องค์กรปกครองส่วนท้องถิ่น", "stg_name": "ยุทธศาสตร์ด้านการปรับสมดุลและพัฒนาระบบบริหารจัดการภาครัฐ", "objc_level1_name": "งบอุดหนุน", "compare": [{"bb_amount": 4930000, "bb_province": "กาฬสินธุ์", "gf_amount": 4910000, "gf_province": "กาฬสินธุ์"}], "gf_amount_sum": 4910000}
{"bb_code": "1500848029600O81", "bb_year": "2560", "amount": 4930000, "min_code": "15000", "agc_code": "15008", "name": "ก่อสร้างระบบประปาหมู่บ้านแบบผิวดินขนาดใหญ่ หมู่ที่2 บ้านปากาลียะ ตำบลลิปะสะโงอำเภอหนองจิก ตามแบบแปลนของทรัพยากรน้ำ องค์การบริหารส่วนตำบลลิปะสะโง อำเภอหนองจิก จังหวัดปัตตานี", "min": "กระทรวงมหาดไทย", "agc": "กรมส่งเสริมการปกครองท้องถิ่น", "plan_name": "แผนงานบูรณาการส่งเสริมการกระจายอำนาจให้แก่องค์กรปกครองส่วนท้องถิ่น", "stg_name": "ยุทธศาสตร์ด้านการปรับสมดุลและพัฒนาระบบบริหารจัดการภาครัฐ", "objc_level1_name": "งบอุดหนุน", "compare": [{"bb_amount": 4930000, "bb_province": "ปัตตานี", "gf_amount": 4929000, "gf_province": "ปัตตานี"}], "gf_amount_sum": 4929000}
{"bb_code": "1500848029600171", "bb_year": "2560", "amount": 4930000, "min_code": "15000", "agc_code": "15008", "name": "ก่อสร้างระบบประปาหมู่บ้านแบบผิวดินขนาดใหญ่มากหมู่ที่ 8 บ้านหนองหล่มตำบลหนองหล่ม ตามแบบมาตรฐานกรมทรัพยากรน้ำเทศบาลตำบลหนองหล่มอำเภอดอกคำใต้ จังหวัดพะเยา", "min": "กระทรวงมหาดไทย", "agc": "กรมส่งเสริมการปกครองท้องถิ่น", "plan_name": "แผนงานบูรณาการส่งเสริมการกระจายอำนาจให้แก่องค์กรปกครองส่วนท้องถิ่น", "stg_name": "ยุทธศาสตร์ด้านการปรับสมดุลและพัฒนาระบบบริหารจัดการภาครัฐ", "objc_level1_name": "งบอุดหนุน", "compare": [{"bb_amount": 4930000, "bb_province": "พะเยา", "gf_amount": 4749666, "gf_province": "พะเยา"}], "gf_amount_sum": 4749666}
