{"bb_code": "1500848002600180", "bb_year": "2560", "amount": 4900000, "min_code": "15000", "agc_code": "15008", "name": "ซ่อมสร้างถนนแอสฟัลท์ติกคอนกรีต โดยวิธีผิวแบบพาราเคพซีล สายบ้านหัวนาหมู่ที่ 7 อำเภอสนม - ทางหลวงหมายเลข 2079 กว้าง6 เมตร ยาว 800 เมตร หนา0.05 เมตร ไหล่ทางกว้างข้างละ 1 เมตร พร้อมวางท่อระบายน้ำ จำนวน2 จุดองค์การบริหารส่วนตำบลนานวน อำเภอสนม จังหวัดสุรินทร์", "min": "กระทรวงมหาดไทย", "agc": "กรมส่งเสริมการปกครองท้องถิ่น", "plan_name": "แผนงานบูรณาการส่งเสริมการกระจายอำนาจให้แก่องค์กรปกครองส่วนท้องถิ่น", "stg_name": "ยุทธศาสตร์ด้านการปรับสมดุลและพัฒนาระบบบริหารจัดการภาครัฐ", "objc_level1_name": "งบอุดหนุน", "compare": [{"bb_amount": 4900000, "bb_province": "สุรินทร์", "gf_amount": 3434000, "gf_province": "สุรินทร์"}], "gf_amount_sum": 3434000}
{"bb_code": "1500848002600949", "bb_year": "2560", "amount": 4898000, "min_code": "15000", "agc_code": "15008", "name": "ซ่อมแซมผิวจราจรแอสฟัลท์ติกคอนกรีต (Overlay)สายบ้านหนองไร่-ทางขึ้นคลอง หมู่ที่ 8 ตำบลท่ามะกา กว้าง 8 เมตร ยาว1,611 เมตร หน้า 0.05เมตร องค์การบริหารส่วนตำบลท่ามะกา อำเภอท่ามะกา จังหวัดกาญจนบุรี", "min": "กระทรวงมหาดไทย", "agc": "กรมส่งเสริมการปกครองท้องถิ่น", "plan_name": "แผนงานบูรณาการส่งเสริมการกระจายอำนาจให้แก่องค์กรปกครองส่วนท้องถิ่น", "stg_name": "ยุทธศาสตร์ด้านการปรับสมดุลและพัฒนาระบบบริหารจัดการภาครัฐ", "objc_level1_name": "งบอุดหนุน", "compare": [{"bb_amount": 4898000, "bb_province": "กาญจนบุรี", "gf_amount": 4898000, "gf_province": "กาญจนบุรี"}], "gf_amount_sum": 4898000}
{"bb_code": "1500638001410018", "bb_year": "2560", "amount": 4886000, "min_code": "15000", "agc_code": "15006", "name": "โครงการปรับปรุงรั้วคอนกรีตเสริมเหล็ก. ศูนย์ป้องกันและบรรเทาสาธารณภัยเขต 16 ชัยนาท ตำบลเขาท่าพระ อำเภอเมืองชัยนาทจังหวัดชัยนาท", "min": "กระทรวงมหาดไทย", "agc": "กรมป้องกันและบรรเทาสาธารณภัย", "plan_name": "แผนงานพื้นฐานด้านการจัดการน้ำและสร้างการเติบโตบนคุณภาพชีวิตที่เป็นมิตรกับสิ่งแวดล้อมอย่างยั่งยืน", "stg_name": "ยุทธศาสตร์ด้านการจัดการน้ำและสร้างการเติบโตบนคุณภาพชีวิตที่เป็นมิตรกับสิ่งแวดล้อมอย่างยั่งยืน", "objc_level1_name": "งบลงทุน", "compare": [{"bb_amount": 4886000, "bb_province": "ชัยนาท", "gf_amount": 3969000, "gf_province": "ชัยนาท"}], "gf_amount_sum": 3969000}
{"bb_code": "1500848029600446", "bb_year": "2560", "amount": 4879000, "min_code": "15000", "agc_code": "15008", "name": "ก่อสร้างระบบประปาหมู่บ้านแบบผิวดินขนาดใหญ่มากหมู่ที่ 10 บ้านป่ากล้วยตำบลลำปาว ตามแบบมาตรฐานกรมทรัพยากรน้ำเทศบาลตำบลหนองสออำเภอเมืองกาฬสินธุ์จังหวัดกาฬสินธุ์", "min": "กระทรวงมหาดไทย", "agc": "กรมส่งเสริมการปกครองท้องถิ่น", "plan_name": "แผนงานบูรณาการส่งเสริมการกระจายอำนาจให้แก่องค์กรปกครองส่วนท้องถิ่น", "stg_name": "ยุทธศาสตร์ด้านการปรับสมดุลและพัฒนาระบบบริหารจัดการภาครัฐ", "objc_level1_name": "งบอุดหนุน", "compare": [{"bb_amount": 4879000, "bb_province": "กาฬสินธุ์", "gf_amount": 0, "gf_province": "กาฬสินธุ์"}], "gf_amount_sum": 0}
{"bb_code": "1500848029600B89", "bb_year": "2560", "amount": 4861000, "min_code": "15000", "agc_code": "15008", "name": "ก่อสร้างระบบประปาหมู่บ้านแบบผิวดินขนาดใหญ่มากหมู่ที่ 3,11 บ้านขามเปี้ยใหญ่ ตำบลบ้านข่า ตามแบบมาตรฐานกรมทรัพยากรน้ำ เทศบาลตำบลบ้านข่า อำเภอศรีสงคราม จังหวัดนครพนม", "min": "กระทรวงมหาดไทย", "agc": "กรมส่งเสริมการปกครองท้องถิ่น", "plan_name": "แผนงานบูรณาการส่งเสริมการกระจายอำนาจให้แก่องค์กรปกครองส่วนท้องถิ่น", "stg_name": "ยุทธศาสตร์ด้านการปรับสมดุลและพัฒนาระบบบริหารจัดการภาครัฐ", "objc_level1_name": "งบอุดหนุน", "compare": [{"bb_amount": 4861000, "bb_province": "นครพนม", "gf_amount": 4807424, "gf_province": "นครพนม"}], "gf_amount_sum": 4807424}
{"bb_code": "1500742031700036", "bb_year": "2560", "amount": 4860000, "min_code": "15000", "agc_code": "15007", "name": "โครงการวางและจัดทำผังเมืองรวมจังหวัดสิงห์บุรี", "min": "กระทรวงมหาดไทย", "agc": "กรมโยธาธิการและผังเมือง", "plan_name": "แผนงานยุทธศาสตร์อนุรักษ์ ฟื้นฟู และป้องกันทรัพยากรธรรมชาติ", "stg_name": "ยุทธศาสตร์ด้านการจัดการน้ำและสร้างการเติบโตบนคุณภาพชีวิตที่เป็นมิตรกับสิ่งแวดล้อมอย่างยั่งยืน", "objc_level1_name": "รายจ่ายอื่น", "compare": [{"bb_amount": 4860000, "bb_province": "สิงห์บุรี"}], "gf_amount_sum": 0}
{"bb_code": "1500848002600095", "bb_year": "2560", "amount": 4860000, "min_code": "15000", "agc_code": "15008", "name": "ซ่อมสร้างผิวทางแอสฟัลท์ติกคอนกรีตปรับปรุงคุณภาพด้วยยางธรรมชาติ(NATURAL RUBBERMODIFIED ASPHALTCONCRETE) โดยวิธีPavement In - Place Recyclingสายบ้านวัดกลาง - บ้านพันต่าง หมู่ที่ 5 - 8 กว้าง 6เมตรยาว 1,000 เมตร ไหล่ทางกว้างข้างละ 1 เมตรองค์การบริหารส่วนตำบลวังอิทก อำเภอบางระกำจังหวัดพิษณุโลก", "min": "กระทรวงมหาดไทย", "agc": "กรมส่งเสริมการปกครองท้องถิ่น", "plan_name": "แผนงานบูรณาการส่งเสริมการกระจายอำนาจให้แก่องค์กรปกครองส่วนท้องถิ่น", "stg_name": "ยุทธศาสตร์ด้านการปรับสมดุลและพัฒนาระบบบริหารจัดการภาครัฐ", "objc_level1_name": "งบอุดหนุน", "compare": [{"bb_amount": 4860000, "bb_province": "พิษณุโลก", "gf_amount": 4254000, "gf_province": "พิษณุโลก"}], "gf_amount_sum": 4254000}
{"bb_code": "1500848002600981", "bb_year": "2560", "amount": 4859700, "min_code": "15000", "agc_code": "15008", "name": "ซ่อมสร้างถนนผิวจราแอสฟัลท์ติก สายน้ำตกโผงโผงม.8 ขนาดกว้าง 6 เมตร ยาว1,100 เมตร หนาเฉลี่ย0.05 เมตร องค์การบริหารส่วนตำบลปากล่อ อำเภอโคกโพธิ์ จังหวัดปัตตานี", "min": "กระทรวงมหาดไทย", "agc": "กรมส่งเสริมการปกครองท้องถิ่น", "plan_name": "แผนงานบูรณาการส่งเสริมการกระจายอำนาจให้แก่องค์กรปกครองส่วนท้องถิ่น", "stg_name": "ยุทธศาสตร์ด้านการปรับสมดุลและพัฒนาระบบบริหารจัดการภาครัฐ", "objc_level1_name": "งบอุดหนุน", "compare": [{"bb_amount": 4859700, "bb_province": "ปัตตานี", "gf_amount": 4856000, "gf_province": "ปัตตานี"}], "gf_amount_sum": 4856000}
{"bb_code": "1500848002600294", "bb_year": "2560", "amount": 4855000, "min_code": "15000", "agc_code": "15008", "name": "ซ่อมสร้างผิวทางASPHALTIC CONCRETE สายทาง สห 2030 เข้าบ้านดอนแสงจันทร์ หมู่ที่ 3, 5 ตำบลอินทร์บุรี กว้าง 6 เมตร ยาว2,300 เมตร หนา 0.04เมตร องค์การบริหารส่วนตำบลอินทร์บุรี อำเภออินทร์บุรี จังหวัดสิงห์บุรี", "min": "กระทรวงมหาดไทย", "agc": "กรมส่งเสริมการปกครองท้องถิ่น", "plan_name": "แผนงานบูรณาการส่งเสริมการกระจายอำนาจให้แก่องค์กรปกครองส่วนท้องถิ่น", "stg_name": "ยุทธศาสตร์ด้านการปรับสมดุลและพัฒนาระบบบริหารจัดการภาครัฐ", "objc_level1_name": "งบอุดหนุน", "compare": [{"bb_amount": 4855000, "bb_province": "สิงห์บุรี", "gf_amount": 3615000, "gf_province": "สิงห์บุรี"}], "gf_amount_sum": 3615000}
{"bb_code": "1500848029600A74", "bb_year": "2560", "amount": 4854500, "min_code": "15000", "agc_code": "15008", "name": "ก่อสร้างระบบประปาหมู่บ้านแบบผิวดินขนาดใหญ่มากหมู่ที่ 1 บ้านหนองบัวทองตำบลหนองบัวดง ตามแบบมาตรฐานกรมทรัพยากรน้ำองค์การบริหารส่วนตำบลหนองบัวดง อำเภอศิลาลาดจังหวัดศรีสะเกษ", "min": "กระทรวงมหาดไทย", "agc": "กรมส่งเสริมการปกครองท้องถิ่น", "plan_name": "แผนงานบูรณาการส่งเสริมการกระจายอำนาจให้แก่องค์กรปกครองส่วนท้องถิ่น", "stg_name": "ยุทธศาสตร์ด้านการปรับสมดุลและพัฒนาระบบบริหารจัดการภาครัฐ", "objc_level1_name": "งบอุดหนุน", "compare": [{"bb_amount": 4854500, "bb_province": "ศรีสะเกษ", "gf_amount": 0, "gf_province": "ศรีสะเกษ"}], "gf_amount_sum": 0}
{"bb_code": "1500848029600864", "bb_year": "2560", "amount": 4852400, "min_code": "15000", "agc_code": "15008", "name": "ก่อสร้างระบบประปาหมู่บ้านแบบผิวดินขนาดใหญ่มากหมู่ที่ 1 บ้านโคกเขลงตำบลวังอ่าง ตามแบบมาตรฐานกรมทรัพยากรน้ำองค์การบริหารส่วนตำบลวังอ่าง อำเภอชะอวด จังหวัดนครศรีธรรมราช", "min": "กระทรวงมหาดไทย", "agc": "กรมส่งเสริมการปกครองท้องถิ่น", "plan_name": "แผนงานบูรณาการส่งเสริมการกระจายอำนาจให้แก่องค์กรปกครองส่วนท้องถิ่น", "stg_name": "ยุทธศาสตร์ด้านการปรับสมดุลและพัฒนาระบบบริหารจัดการภาครัฐ", "objc_level1_name": "งบอุดหนุน", "compare": [{"bb_amount": 4852400, "bb_province": "นครศรีธรรมราช", "gf_amount": 696945, "gf_province": "นครศรีธรรมราช"}], "gf_amount_sum": 696945}
{"bb_code": "1500848002600602", "bb_year": "2560", "amount": 4850000, "min_code": "15000", "agc_code": "15008", "name": "ซ่อมสร้างผิวจราจรแอสฟัลท์ติกคอนกรีต (โดยวธีการ Para asphaltic concrete)หมู่ที่ 8 บ้านลาดสะแกตำบลบางเลน กว้าง 5 เมตรยาว 2,051 เมตร หนา 0.05เมตร พื้นที่ไม่น้อยกว่า10,255 ตารางเมตรองค์การบริหารส่วนตำบลดอนตูม อำเภอบางเลนจังหวัดนครปฐม", "min": "กระทรวงมหาดไทย", "agc": "กรมส่งเสริมการปกครองท้องถิ่น", "plan_name": "แผนงานบูรณาการส่งเสริมการกระจายอำนาจให้แก่องค์กรปกครองส่วนท้องถิ่น", "stg_name": "ยุทธศาสตร์ด้านการปรับสมดุลและพัฒนาระบบบริหารจัดการภาครัฐ", "objc_level1_name": "งบอุดหนุน", "compare": [{"bb_amount": 4850000, "bb_province": "นครปฐม", "gf_amount": 2871000, "gf_province": "นครปฐม"}], "gf_amount_sum": 2871000}
{"bb_code": "1500848002600139", "bb_year": "2560", "amount": 4848000, "min_code": "15000", "agc_code": "15008", "name": "ซ่อมสร้างแอสฟัลท์ติกคอนกรีตสาย สพ. 3240 บ้านดงปอ โดยวิธี Pavement inRecyling หมู่ที่ 10 บ้านดงปอตำบลด่านช้าง ตอนที่ 3กว้าง 8 เมตร ยาว 1,200เมตร หนา 0.05 เมตร หรือพื้นที่ไม่น้อยกว่า 9,600ตารางเมตรองค์การบริหารส่วนตำบลด่านช้าง อำเภอด่านช้าง จังหวัดสุพรรณบุรี", "min": "กระทรวงมหาดไทย", "agc": "กรมส่งเสริมการปกครองท้องถิ่น", "plan_name": "แผนงานบูรณาการส่งเสริมการกระจายอำนาจให้แก่องค์กรปกครองส่วนท้องถิ่น", "stg_name": "ยุทธศาสตร์ด้านการปรับสมดุลและพัฒนาระบบบริหารจัดการภาครัฐ", "objc_level1_name": "งบอุดหนุน", "compare": [{"bb_amount": 4848000, "bb_province": "สุพรรณบุรี", "gf_amount": 4848000, "gf_province": "สุพรรณบุรี"}], "gf_amount_sum": 4848000}
{"bb_code": "1500641011410001", "bb_year": "2560", "amount": 4844000, "min_code": "15000", "agc_code": "15006", "name": "ขุดลอกคลองอีสานเขียวหมู่ที่ 2 บ้านซับม่วง ตำบลโคคลาน อำเภอตาพระยาจังหวัดสระแก้ว", "min": "กระทรวงมหาดไทย", "agc": "กรมป้องกันและบรรเทาสาธารณภัย", "plan_name": "แผนงานบูรณาการบริหารจัดการทรัพยากรน้ำ", "stg_name": "ยุทธศาสตร์ด้านการจัดการน้ำและสร้างการเติบโตบนคุณภาพชีวิตที่เป็นมิตรกับสิ่งแวดล้อมอย่างยั่งยืน", "objc_level1_name": "งบลงทุน", "compare": [{"bb_amount": 4844000, "bb_province": "สระแก้ว"}, {"gf_amount": 2822094, "gf_province": "ปราจีนบุรี", "bb_amount": null, "bb_province": "ปราจีนบุรี"}], "gf_amount_sum": 2822094}
{"bb_code": "1500848002600549", "bb_year": "2560", "amount": 4842000, "min_code": "15000", "agc_code": "15008", "name": "ซ่อมสร้างถนนลาดยางแอสฟัลท์ติกคอนกรีตสายบ้านลูโบ๊ะบาตู-บ้านตะมะยูง หมู่ที่4 - หมู่ที่ 2 ตำบลตะมะยูงมีพื้นที่ไม่น้อยกว่า 9,402ตารางเมตร องค์การบริหารส่วนตำบลตะมะยูง อำเภอศรีสาคร จังหวัดนราธิวาส", "min": "กระทรวงมหาดไทย", "agc": "กรมส่งเสริมการปกครองท้องถิ่น", "plan_name": "แผนงานบูรณาการส่งเสริมการกระจายอำนาจให้แก่องค์กรปกครองส่วนท้องถิ่น", "stg_name": "ยุทธศาสตร์ด้านการปรับสมดุลและพัฒนาระบบบริหารจัดการภาครัฐ", "objc_level1_name": "งบอุดหนุน", "compare": [{"bb_amount": 4842000, "bb_province": "นราธิวาส", "gf_amount": 4842000, "gf_province": "นราธิวาส"}], "gf_amount_sum": 4842000}
{"bb_code": "1500848002600A76", "bb_year": "2560", "amount": 4833000, "min_code": "15000", "agc_code": "15008", "name": "เสริมผิวถนนแอสฟัลท์ติกคอนกรีต ด้วยยางธรรมชาติ สายบ้านบางทอง-บ้านคลองบางทองหมู่ที่ 2 ตำบลบางทองกว้าง 4 เมตร ยาว 3,542เมตร หนา 0.04 เมตรองค์การบริหารส่วนตำบลบางทอง อำเภอท้ายเหมืองจังหวัดพังงา", "min": "กระทรวงมหาดไทย", "agc": "กรมส่งเสริมการปกครองท้องถิ่น", "plan_name": "แผนงานบูรณาการส่งเสริมการกระจายอำนาจให้แก่องค์กรปกครองส่วนท้องถิ่น", "stg_name": "ยุทธศาสตร์ด้านการปรับสมดุลและพัฒนาระบบบริหารจัดการภาครัฐ", "objc_level1_name": "งบอุดหนุน", "compare": [{"bb_amount": 4833000, "bb_province": "พังงา", "gf_amount": 3140000, "gf_province": "พังงา"}], "gf_amount_sum": 3140000}
{"bb_code": "1500848002600563", "bb_year": "2560", "amount": 4830000, "min_code": "15000", "agc_code": "15008", "name": "เสริมผิวถนนแอสฟัลท์ติกคอนกรีตสายบ้านยาโต๊ะหมู่ที่ 6 บ้านยาโต๊ะ ตำบลบาเระเหนือ กว้าง 5 เมตรยาว 2,000 เมตร องค์การบริหารส่วนตำบลบาเระเหนือ อำเภอบาเจาะจังหวัดนราธิวาส", "min": "กระทรวงมหาดไทย", "agc": "กรมส่งเสริมการปกครองท้องถิ่น", "plan_name": "แผนงานบูรณาการส่งเสริมการกระจายอำนาจให้แก่องค์กรปกครองส่วนท้องถิ่น", "stg_name": "ยุทธศาสตร์ด้านการปรับสมดุลและพัฒนาระบบบริหารจัดการภาครัฐ", "objc_level1_name": "งบอุดหนุน", "compare": [{"bb_amount": 4830000, "bb_province": "นราธิวาส", "gf_amount": 4829000, "gf_province": "นราธิวาส"}], "gf_amount_sum": 4829000}
{"bb_code": "1500848029600886", "bb_year": "2560", "amount": 4824000, "min_code": "15000", "agc_code": "15008", "name": "ก่อสร้างระบบประปาหมู่บ้านแบบผิวดินขนาดใหญ่มากหมู่ที่ 8 บ้านท่าสองแควตามแบบมาตรฐานกรมทรัพยากรน้ำ องค์การบริหารส่วนตำบลแม่ลาน้อยอำเภอแม่ลาน้อย จังหวัดแม่ฮ่องสอน", "min": "กระทรวงมหาดไทย", "agc": "กรมส่งเสริมการปกครองท้องถิ่น", "plan_name": "แผนงานบูรณาการส่งเสริมการกระจายอำนาจให้แก่องค์กรปกครองส่วนท้องถิ่น", "stg_name": "ยุทธศาสตร์ด้านการปรับสมดุลและพัฒนาระบบบริหารจัดการภาครัฐ", "objc_level1_name": "งบอุดหนุน", "compare": [{"bb_amount": 4824000, "bb_province": "แม่ฮ่องสอน", "gf_amount": 0, "gf_province": "แม่ฮ่องสอน"}], "gf_amount_sum": 0}
{"bb_code": "1500848029600659", "bb_year": "2560", "amount": 4820000, "min_code": "15000", "agc_code": "15008", "name": "ก่อสร้างระบบประปาหมู่บ้านแบบผิวดินขนาดใหญ่ หมู่ที่8 บ้านโกรกมะค่า ตำบลสระพระ ตามแบบมาตรฐานกรมทรัพยากรน้ำ เทศบาลตำบลสระพระ อำเภอพระทองคำ จังหวัดนครราชสีมา", "min": "กระทรวงมหาดไทย", "agc": "กรมส่งเสริมการปกครองท้องถิ่น", "plan_name": "แผนงานบูรณาการส่งเสริมการกระจายอำนาจให้แก่องค์กรปกครองส่วนท้องถิ่น", "stg_name": "ยุทธศาสตร์ด้านการปรับสมดุลและพัฒนาระบบบริหารจัดการภาครัฐ", "objc_level1_name": "งบอุดหนุน", "compare": [{"bb_amount": 4820000, "bb_province": "นครราชสีมา", "gf_amount": 0, "gf_province": "นครราชสีมา"}], "gf_amount_sum": 0}
{"bb_code": "1500848029600B96", "bb_year": "2560", "amount": 4813000, "min_code": "15000", "agc_code": "15008", "name": "ก่อสร้างระบบประปาหมู่บ้านแบบผิวดินขนาดใหญ่มากหมู่ที่ 7 บ้านนาราชควายตำบลนาราชควาย ตามแบบมาตรฐานกรมทรัพยากรน้ำองค์การบริหารส่วนตำบลนาราชควาย อำเภอเมืองนครพนม จังหวัดนครพนม", "min": "กระทรวงมหาดไทย", "agc": "กรมส่งเสริมการปกครองท้องถิ่น", "plan_name": "แผนงานบูรณาการส่งเสริมการกระจายอำนาจให้แก่องค์กรปกครองส่วนท้องถิ่น", "stg_name": "ยุทธศาสตร์ด้านการปรับสมดุลและพัฒนาระบบบริหารจัดการภาครัฐ", "objc_level1_name": "งบอุดหนุน", "compare": [{"bb_amount": 4813000, "bb_province": "นครพนม", "gf_amount": 1217309.71, "gf_province": "นครพนม"}], "gf_amount_sum": 1217309.71}
