{"bb_code": "1500738002700003", "bb_year": "2560", "amount": 4760000, "min_code": "15000", "agc_code": "15007", "name": "จ้างที่ปรึกษาเพื่อจัดทำร่างข้อบังคับและหลักเกณฑ์ตามกฎหมาย ว่าด้วยการควบคุมอาคารและกฎหมายว่าด้วยการขุดดินและถมดินในพื้นที่เสี่ยงภัยดินถล่ม(Landslide) และบริเวณลาดเชิงเขา", "min": "กระทรวงมหาดไทย", "agc": "กรมโยธาธิการและผังเมือง", "plan_name": "แผนงานพื้นฐานด้านการจัดการน้ำและสร้างการเติบโตบนคุณภาพชีวิตที่เป็นมิตรกับสิ่งแวดล้อมอย่างยั่งยืน", "stg_name": "ยุทธศาสตร์ด้านการจัดการน้ำและสร้างการเติบโตบนคุณภาพชีวิตที่เป็นมิตรกับสิ่งแวดล้อมอย่างยั่งยืน", "objc_level1_name": "รายจ่ายอื่น", "compare": [{"bb_amount": 4760000, "bb_province": "กรุงเทพมหานคร", "gf_amount": 0, "gf_province": "ส่วนกลาง"}], "gf_amount_sum": 0}
{"bb_code": "1500857075600003", "bb_year": "2560", "amount": 4754500, "min_code": "15000", "agc_code": "15008", "name": "ติดตั้งกล้องโทรทัศน์วงจรปิด CCTVบริเวณตำบลบางจะเกร็ง เทศบลตำบลบางจะเกร็ง อำเภอเมืองสมุทรสงคราม จังหวัดสมุทรสงคราม", "min": "กระทรวงมหาดไทย", "agc": "กรมส่งเสริมการปกครองท้องถิ่น", "plan_name": "ไม่ระบุ", "stg_name": "ยุทธศาสตร์ด้านการสร้างความสามารถในการแข่งขันของประเทศ", "objc_level1_name": "งบอุดหนุน", "compare": [{"bb_amount": 4754500, "bb_province": "สมุทรสงคราม", "gf_amount": 0, "gf_province": "สมุทรสงคราม"}], "gf_amount_sum": 0}
{"bb_code": "1500848002600989", "bb_year": "2560", "amount": 4740000, "min_code": "15000", "agc_code": "15008", "name": "ซ่อมสร้างถนนลาดยางแบบAC สายแยก ทล. 3347 -บ้านคลองหอทอง หมู่ที่ 6บ้านคลองหอทอง ตำบลบางเตย กว้าง 6 เมตร ยาว1,280 เมตร หนา 0.05เมตร ไหล่ทางกว้างข้างละ1 เมตร หรือพื้นที่ไม่น้อยกว่า 10,240 ตารางเมตรองค์การบริหารส่วนตำบลบางเตย อำเภอบ้านสร้างจังหวัดปราจีนบุรี", "min": "กระทรวงมหาดไทย", "agc": "กรมส่งเสริมการปกครองท้องถิ่น", "plan_name": "แผนงานบูรณาการส่งเสริมการกระจายอำนาจให้แก่องค์กรปกครองส่วนท้องถิ่น", "stg_name": "ยุทธศาสตร์ด้านการปรับสมดุลและพัฒนาระบบบริหารจัดการภาครัฐ", "objc_level1_name": "งบอุดหนุน", "compare": [{"bb_amount": 4740000, "bb_province": "ปราจีนบุรี", "gf_amount": 3375800, "gf_province": "ปราจีนบุรี"}], "gf_amount_sum": 3375800}
{"bb_code": "1500848002600920", "bb_year": "2560", "amount": 4731000, "min_code": "15000", "agc_code": "15008", "name": "ซ่อมสร้างถนนลาดยางแบบพาราเอสฟัลท์ติกคอนกรีตภายในตำบล สายพิทักษ์สันติราษฎร์ (พท.4041 บ.กงหรา) หมู่ที่ 7,8บ้านทุ่งใหญ่และบ้านหน้าวังขนาดกว้าง 6 เมตร ยาว1,124 เมตร หนา 0.05เมตร เทศบาลตำบลคลองทรายขาวอำเภอกงหราจังหวัดพัทลุง", "min": "กระทรวงมหาดไทย", "agc": "กรมส่งเสริมการปกครองท้องถิ่น", "plan_name": "แผนงานบูรณาการส่งเสริมการกระจายอำนาจให้แก่องค์กรปกครองส่วนท้องถิ่น", "stg_name": "ยุทธศาสตร์ด้านการปรับสมดุลและพัฒนาระบบบริหารจัดการภาครัฐ", "objc_level1_name": "งบอุดหนุน", "compare": [{"bb_amount": 4731000, "bb_province": "พัทลุง", "gf_amount": 4713000, "gf_province": "พัทลุง"}], "gf_amount_sum": 4713000}
{"bb_code": "1500848002600434", "bb_year": "2560", "amount": 4728900, "min_code": "15000", "agc_code": "15008", "name": "ซ่อมสร้างเสิรมผิวจราจรถนนคอนกรีตเสริมเหล็กเป็นถนนลาดยางแอสฟัลท์ติกคอนกรีต สายบ้านทุ่งมณี -บ้านหนองฮาง หมู่ที่ 8ตำบลนาเลิง พื้นที่ไม่น้อยกว่า 7,892 ตารางเมตรองค์การบริหารส่วนตำบลนาเลิง อำเภอม่วงสามสิบจังหวัดอุบลราชธานี", "min": "กระทรวงมหาดไทย", "agc": "กรมส่งเสริมการปกครองท้องถิ่น", "plan_name": "แผนงานบูรณาการส่งเสริมการกระจายอำนาจให้แก่องค์กรปกครองส่วนท้องถิ่น", "stg_name": "ยุทธศาสตร์ด้านการปรับสมดุลและพัฒนาระบบบริหารจัดการภาครัฐ", "objc_level1_name": "งบอุดหนุน", "compare": [{"bb_amount": 4728900, "bb_province": "อุบลราชธานี", "gf_amount": 2516000, "gf_province": "อุบลราชธานี"}], "gf_amount_sum": 2516000}
{"bb_code": "1500848002600869", "bb_year": "2560", "amount": 4728000, "min_code": "15000", "agc_code": "15008", "name": "ซ่อมสร้างผิวทางพาราแอสฟัลท์ติกคอนกรีต (ช่วงที่ 2)สายหมู่ที่ 1 บ้านวังหามแห- หมู่ที่ 3 บ้านเขาพริกตำบลวังหามแห กว้าง 6เมตร ยาว 1,250 เมตร ไหล่ทางกว้างข้างละ 1 เมตรองค์การบริหารส่วนตำบลวังหามแห อำเภอขาณุวรลักษบุรี จังหวัดกำแพงเพชร", "min": "กระทรวงมหาดไทย", "agc": "กรมส่งเสริมการปกครองท้องถิ่น", "plan_name": "แผนงานบูรณาการส่งเสริมการกระจายอำนาจให้แก่องค์กรปกครองส่วนท้องถิ่น", "stg_name": "ยุทธศาสตร์ด้านการปรับสมดุลและพัฒนาระบบบริหารจัดการภาครัฐ", "objc_level1_name": "งบอุดหนุน", "compare": [{"bb_amount": 4728000, "bb_province": "กำแพงเพชร", "gf_amount": 3967000, "gf_province": "กำแพงเพชร"}], "gf_amount_sum": 3967000}
{"bb_code": "1500848029600B88", "bb_year": "2560", "amount": 4726000, "min_code": "15000", "agc_code": "15008", "name": "ก่อสร้างระบบประปาหมู่บ้านแบบผิวดินขนาดใหญ่มากหมู่ที่ 2,10 บ้านข่า ตำบลบ้านข่า ตามแบบมาตรฐานกรมทรัพยากรน้ำ เทศบาลตำบลบ้านข่า อำเภอศรีสงคราม จังหวัดนครพนม", "min": "กระทรวงมหาดไทย", "agc": "กรมส่งเสริมการปกครองท้องถิ่น", "plan_name": "แผนงานบูรณาการส่งเสริมการกระจายอำนาจให้แก่องค์กรปกครองส่วนท้องถิ่น", "stg_name": "ยุทธศาสตร์ด้านการปรับสมดุลและพัฒนาระบบบริหารจัดการภาครัฐ", "objc_level1_name": "งบอุดหนุน", "compare": [{"bb_amount": 4726000, "bb_province": "นครพนม", "gf_amount": 4651320, "gf_province": "นครพนม"}], "gf_amount_sum": 4651320}
{"bb_code": "1500641007410006", "bb_year": "2560", "amount": 4725000, "min_code": "15000", "agc_code": "15006", "name": "ขุดลอกแหล่งน้ำริมหนองหารหมู่ที่ 3 บ้านโพนงานท่าตำบลบ้านแป้นอำเภอโพนนาแก้ว จังหวัดสกลนคร", "min": "กระทรวงมหาดไทย", "agc": "กรมป้องกันและบรรเทาสาธารณภัย", "plan_name": "แผนงานบูรณาการบริหารจัดการทรัพยากรน้ำ", "stg_name": "ยุทธศาสตร์ด้านการจัดการน้ำและสร้างการเติบโตบนคุณภาพชีวิตที่เป็นมิตรกับสิ่งแวดล้อมอย่างยั่งยืน", "objc_level1_name": "งบลงทุน", "compare": [{"bb_amount": 4725000, "bb_province": "สกลนคร"}], "gf_amount_sum": 0}
{"bb_code": "1500848029600Q55", "bb_year": "2560", "amount": 4719000, "min_code": "15000", "agc_code": "15008", "name": "ก่อสร้างระบบประปาหมู่บ้านแบบผิวดินขนาดใหญ่มากหมู่ที่ 3 บ้านก้านเหลืองตำบลผักไหม ตามแบบมาตรฐานกรมทรัพยากรน้ำเทศบาลตำบลผักไหมอำเภอศีขรภูมิ จังหวัดสุรินทร์", "min": "กระทรวงมหาดไทย", "agc": "กรมส่งเสริมการปกครองท้องถิ่น", "plan_name": "แผนงานบูรณาการส่งเสริมการกระจายอำนาจให้แก่องค์กรปกครองส่วนท้องถิ่น", "stg_name": "ยุทธศาสตร์ด้านการปรับสมดุลและพัฒนาระบบบริหารจัดการภาครัฐ", "objc_level1_name": "งบอุดหนุน", "compare": [{"bb_amount": 4719000, "bb_province": "สุรินทร์", "gf_amount": 0, "gf_province": "สุรินทร์"}], "gf_amount_sum": 0}
{"bb_code": "1500848029600U37", "bb_year": "2560", "amount": 4700700, "min_code": "15000", "agc_code": "15008", "name": "ก่อสร้างระบบประปาหมู่บ้านแบบผิวดินขนาดใหญ่มากหมู่ที่ 1 บ้านทับกุง ตามแบบมาตรฐานกรมทรัพยากรน้ำ องค์การบริหารส่วนตำบลทับกุงอำเภอหนองแสง จังหวัดอุดรธานี", "min": "กระทรวงมหาดไทย", "agc": "กรมส่งเสริมการปกครองท้องถิ่น", "plan_name": "แผนงานบูรณาการส่งเสริมการกระจายอำนาจให้แก่องค์กรปกครองส่วนท้องถิ่น", "stg_name": "ยุทธศาสตร์ด้านการปรับสมดุลและพัฒนาระบบบริหารจัดการภาครัฐ", "objc_level1_name": "งบอุดหนุน", "compare": [{"bb_amount": 4700700, "bb_province": "อุดรธานี", "gf_amount": 1965675, "gf_province": "อุดรธานี"}], "gf_amount_sum": 1965675}
{"bb_code": "1500848002600045", "bb_year": "2560", "amount": 4700000, "min_code": "15000", "agc_code": "15008", "name": "ปรับปรุงซ่อมแซมถนนลาดยางแอสฟัลท์ติกคอนกรีต (PARA ASPHAilCONCRETE) จากแยกสายเอเซียผ่านบึงกระดิ่งเชื่อมต่อถนนเลียบแม่น้ำเจ้าพระยา จำนวน 2 ช่วงพื้นที่รวมไม่น้อยกว่า 9,797ตารางเมตร องค์การบริหารส่วนตำบลพยุหะ อำเภอพยุหะคีรี จังหวัดนครสวรรค์", "min": "กระทรวงมหาดไทย", "agc": "กรมส่งเสริมการปกครองท้องถิ่น", "plan_name": "แผนงานบูรณาการส่งเสริมการกระจายอำนาจให้แก่องค์กรปกครองส่วนท้องถิ่น", "stg_name": "ยุทธศาสตร์ด้านการปรับสมดุลและพัฒนาระบบบริหารจัดการภาครัฐ", "objc_level1_name": "งบอุดหนุน", "compare": [{"bb_amount": 4700000, "bb_province": "นครสวรรค์", "gf_amount": 4682000, "gf_province": "นครสวรรค์"}], "gf_amount_sum": 4682000}
{"bb_code": "1500848002600463", "bb_year": "2560", "amount": 4690000, "min_code": "15000", "agc_code": "15008", "name": "เสริมผิวแอสฟัลท์ติกคอนกรีต บ้านทมนางาม ม.1 -บ้านทมนาดี ม.4 ช่วงที่ 1กว้าง 6 เมตร ยาว 1,230เมตร ช่วงที่ 2 กว้าง 4 เมตรยาว 85 เมตร ช่วงที่ 3 กว้าง4 เมตร ยาว 135 เมตร หรือมีพื้นที่ไม่น้อยกว่า 8,410ตารางเมตร องค์การบริหารส่วนตำบลทมนางาม อำเภอโนนสะอาด จังหวัดอุดรธานี", "min": "กระทรวงมหาดไทย", "agc": "กรมส่งเสริมการปกครองท้องถิ่น", "plan_name": "แผนงานบูรณาการส่งเสริมการกระจายอำนาจให้แก่องค์กรปกครองส่วนท้องถิ่น", "stg_name": "ยุทธศาสตร์ด้านการปรับสมดุลและพัฒนาระบบบริหารจัดการภาครัฐ", "objc_level1_name": "งบอุดหนุน", "compare": [{"bb_amount": 4690000, "bb_province": "อุดรธานี", "gf_amount": 3706000, "gf_province": "อุดรธานี"}], "gf_amount_sum": 3706000}
{"bb_code": "1500848029600Q54", "bb_year": "2560", "amount": 4685000, "min_code": "15000", "agc_code": "15008", "name": "ก่อสร้างระบบประปาหมู่บ้านแบบผิวดินขนาดใหญ่มากหมู่ที่ 15 บ้านโคกกลางตำบลชุมพลบุรี ตามแบบมาตรฐานกรมทรัพยากรน้ำเทศบาลตำบลชุมพลบุรีอำเภอชุมพลบุรี จังหวัดสุรินทร์", "min": "กระทรวงมหาดไทย", "agc": "กรมส่งเสริมการปกครองท้องถิ่น", "plan_name": "แผนงานบูรณาการส่งเสริมการกระจายอำนาจให้แก่องค์กรปกครองส่วนท้องถิ่น", "stg_name": "ยุทธศาสตร์ด้านการปรับสมดุลและพัฒนาระบบบริหารจัดการภาครัฐ", "objc_level1_name": "งบอุดหนุน", "compare": [{"bb_amount": 4685000, "bb_province": "สุรินทร์", "gf_amount": 0, "gf_province": "สุรินทร์"}], "gf_amount_sum": 0}
{"bb_code": "1500848029600P11", "bb_year": "2560", "amount": 4685000, "min_code": "15000", "agc_code": "15008", "name": "ก่อสร้างระบบประปาหมู่บ้านแบบผิวดินขนาดใหญ่มากหมู่ที่ 18 บ้านชุมพลบุรีตำบลชุมพลบุรี ตามแบบมาตรฐานกรมทรัพยากรน้ำเทศบาลตำบลชุมพลบุรีอำเภอชุมพลบุรี จังหวัดสุรินทร์", "min": "กระทรวงมหาดไทย", "agc": "กรมส่งเสริมการปกครองท้องถิ่น", "plan_name": "แผนงานบูรณาการส่งเสริมการกระจายอำนาจให้แก่องค์กรปกครองส่วนท้องถิ่น", "stg_name": "ยุทธศาสตร์ด้านการปรับสมดุลและพัฒนาระบบบริหารจัดการภาครัฐ", "objc_level1_name": "งบอุดหนุน", "compare": [{"bb_amount": 4685000, "bb_province": "สุรินทร์", "gf_amount": 4345630.4, "gf_province": "สุรินทร์"}], "gf_amount_sum": 4345630.4}
{"bb_code": "1500703014410026", "bb_year": "2560", "amount": 4680000, "min_code": "15000", "agc_code": "15007", "name": "โครงการปรับปรุงถนนในชุมชน สายคลองส้มป่อยหมู่ที่ 4 ตำบลกาเยาะมาตีอำเภอบาเจาะ จังหวัดนราธิวาส ความกว้าง 4.00เมตร ระยะทาง 1.500กิโลเมตร", "min": "กระทรวงมหาดไทย", "agc": "กรมโยธาธิการและผังเมือง", "plan_name": "แผนงานบูรณาการขับเคลื่อนการแก้ไขปัญหาจังหวัดชายแดนภาคใต้ ", "stg_name": "ยุทธศาสตร์ด้านความมั่นคงและการต่างประเทศ", "objc_level1_name": "งบลงทุน", "compare": [{"bb_amount": 4680000, "bb_province": "นราธิวาส", "gf_amount": 4581000, "gf_province": "นราธิวาส"}], "gf_amount_sum": 4581000}
{"bb_code": "1500848002600733", "bb_year": "2560", "amount": 4679000, "min_code": "15000", "agc_code": "15008", "name": "ปรับปรุงถนนผิวลาดยางพาราแอสฟัลท์ติกคอนกรีต สายสวนสมเด็จพระศรีนครินทร์ - บ้านโป่งพระบาท กว้าง 6 เมตร ยาว1,625 เมตร เทศบาลตำบลบ้านดู่ อำเภอเมืองเชียงรายจังหวัดเชียงราย", "min": "กระทรวงมหาดไทย", "agc": "กรมส่งเสริมการปกครองท้องถิ่น", "plan_name": "แผนงานบูรณาการส่งเสริมการกระจายอำนาจให้แก่องค์กรปกครองส่วนท้องถิ่น", "stg_name": "ยุทธศาสตร์ด้านการปรับสมดุลและพัฒนาระบบบริหารจัดการภาครัฐ", "objc_level1_name": "งบอุดหนุน", "compare": [{"bb_amount": 4679000, "bb_province": "เชียงราย", "gf_amount": 3760000, "gf_province": "เชียงราย"}], "gf_amount_sum": 3760000}
{"bb_code": "1500848002600028", "bb_year": "2560", "amount": 4661000, "min_code": "15000", "agc_code": "15008", "name": "ซ่อมสร้างผิวทางแอสฟัลท์ติกคอนกรีต บ้านแดน -บ้านเขาหน่อ หมู่ที่ 1-2ตำบลบ้านแดน กว้าง 6เมตร ยาว 1,606 เมตร ไหล่ทางข้างละ 1 เมตร พื้นที่ไม่น้อยกว่า 12,848 ตารางเมตรกำหนด เทศบาลตำบลบ้านแดน อำเภอบรรพตพิสัย จังหวัดนครสวรรค์", "min": "กระทรวงมหาดไทย", "agc": "กรมส่งเสริมการปกครองท้องถิ่น", "plan_name": "แผนงานบูรณาการส่งเสริมการกระจายอำนาจให้แก่องค์กรปกครองส่วนท้องถิ่น", "stg_name": "ยุทธศาสตร์ด้านการปรับสมดุลและพัฒนาระบบบริหารจัดการภาครัฐ", "objc_level1_name": "งบอุดหนุน", "compare": [{"bb_amount": 4661000, "bb_province": "นครสวรรค์", "gf_amount": 3210000, "gf_province": "นครสวรรค์"}], "gf_amount_sum": 3210000}
{"bb_code": "1500848029600I37", "bb_year": "2560", "amount": 4659000, "min_code": "15000", "agc_code": "15008", "name": "ก่อสร้างระบบประปาหมู่บ้านแบบผิวดินขนาดใหญ่มากหมู่ที่ 7 บ้านเกาะกลางตำบลบางปลากดตามแบบมาตรฐานกรมทรัพยากรน้ำองค์การบริหารส่วนตำบลบางปลากด อำเภอองครักษ์จังหวัดนครนายก", "min": "กระทรวงมหาดไทย", "agc": "กรมส่งเสริมการปกครองท้องถิ่น", "plan_name": "แผนงานบูรณาการส่งเสริมการกระจายอำนาจให้แก่องค์กรปกครองส่วนท้องถิ่น", "stg_name": "ยุทธศาสตร์ด้านการปรับสมดุลและพัฒนาระบบบริหารจัดการภาครัฐ", "objc_level1_name": "งบอุดหนุน", "compare": [{"bb_amount": 4659000, "bb_province": "นครนายก", "gf_amount": 1157750, "gf_province": "นครนายก"}], "gf_amount_sum": 1157750}
{"bb_code": "1500848002600138", "bb_year": "2560", "amount": 4647000, "min_code": "15000", "agc_code": "15008", "name": "ปรับปรุงซ่อมแซมถนนลาดยางผิวจราจร (paracape sela) สาย สก 3015 วังใหม่บรรจบทางหลวงหมายเลข 3076 ม.10ตำบลวังใหม่ กว้าง 6.00เมตร ระยะทาง 1,500 เมตรไหล่ทางข้างละ 1.50 เมตรองค์การบริหารส่วนตำบลวังใหม่ อำเภอวังสมบูรณ์จังหวัดสระแก้ว", "min": "กระทรวงมหาดไทย", "agc": "กรมส่งเสริมการปกครองท้องถิ่น", "plan_name": "แผนงานบูรณาการส่งเสริมการกระจายอำนาจให้แก่องค์กรปกครองส่วนท้องถิ่น", "stg_name": "ยุทธศาสตร์ด้านการปรับสมดุลและพัฒนาระบบบริหารจัดการภาครัฐ", "objc_level1_name": "งบอุดหนุน", "compare": [{"bb_amount": 4647000, "bb_province": "สระแก้ว", "gf_amount": 4629000, "gf_province": "สระแก้ว"}], "gf_amount_sum": 4629000}
{"bb_code": "1500848029600735", "bb_year": "2560", "amount": 4636000, "min_code": "15000", "agc_code": "15008", "name": "ก่อสร้างระบบประปาหมู่บ้านแบบผิวดินขนาดใหญ่มากหมู่ที่ 11 บ้านโนนสง่าสามัคคี ตำบลพันชนะ ตามแบบมาตรฐานกรมทรัพยากรน้ำ องค์การบริหารส่วนตำบลพันชนะอำเภอด่านขุนทด จังหวัดนครราชสีมา", "min": "กระทรวงมหาดไทย", "agc": "กรมส่งเสริมการปกครองท้องถิ่น", "plan_name": "แผนงานบูรณาการส่งเสริมการกระจายอำนาจให้แก่องค์กรปกครองส่วนท้องถิ่น", "stg_name": "ยุทธศาสตร์ด้านการปรับสมดุลและพัฒนาระบบบริหารจัดการภาครัฐ", "objc_level1_name": "งบอุดหนุน", "compare": [{"bb_amount": 4636000, "bb_province": "นครราชสีมา", "gf_amount": 0, "gf_province": "นครราชสีมา"}], "gf_amount_sum": 0}
