{"bb_code": "1500848002600368", "bb_year": "2560", "amount": 4536000, "min_code": "15000", "agc_code": "15008", "name": "ซ่อมสร้างถนนลาดยางผิวพาราแอสฟัลต์ติกคอนกรีตสายทางบ้านพวยเด้ง - บ้านหัวขัว หมู่ที่ 10 บ้านหัวขัวกว้าง 6 เมตร ยาว 1,416เมตร หนา 0.05 เมตร ไหล่ทางข้างละ 0.50 เมตรเทศบาลตำบลท่าช้างคล้องอำเภอผาขาว จังหวัดเลย", "min": "กระทรวงมหาดไทย", "agc": "กรมส่งเสริมการปกครองท้องถิ่น", "plan_name": "แผนงานบูรณาการส่งเสริมการกระจายอำนาจให้แก่องค์กรปกครองส่วนท้องถิ่น", "stg_name": "ยุทธศาสตร์ด้านการปรับสมดุลและพัฒนาระบบบริหารจัดการภาครัฐ", "objc_level1_name": "งบอุดหนุน", "compare": [{"bb_amount": 4536000, "bb_province": "เลย", "gf_amount": 4533000, "gf_province": "เลย"}], "gf_amount_sum": 4533000}
{"bb_code": "1500848029600016", "bb_year": "2560", "amount": 4518000, "min_code": "15000", "agc_code": "15008", "name": "ก่อสร้างระบบประปาหมู่บ้านแบบผิวดินขนาดใหญ่มากหมู่ที่ 9 บ้านป่าสัก ตำบลลานสัก ตามแบบมาตรฐานกรมทรัพยากรน้ำ องค์การบริหารส่วนตำบลลานสักอำเภอลานสัก จังหวัดอุทัยธานี", "min": "กระทรวงมหาดไทย", "agc": "กรมส่งเสริมการปกครองท้องถิ่น", "plan_name": "แผนงานบูรณาการส่งเสริมการกระจายอำนาจให้แก่องค์กรปกครองส่วนท้องถิ่น", "stg_name": "ยุทธศาสตร์ด้านการปรับสมดุลและพัฒนาระบบบริหารจัดการภาครัฐ", "objc_level1_name": "งบอุดหนุน", "compare": [{"bb_amount": 4518000, "bb_province": "อุทัยธานี", "gf_amount": 3160500, "gf_province": "อุทัยธานี"}], "gf_amount_sum": 3160500}
{"bb_code": "1500641007410019", "bb_year": "2560", "amount": 4515000, "min_code": "15000", "agc_code": "15006", "name": "ขุดสระน้ำหนองป่าหมากในหมู่ที่ 2 บ้านหนองเทาตำบลโนนหมากเค็ง อำเภอวัฒนานคร จังหวัดสระแก้ว", "min": "กระทรวงมหาดไทย", "agc": "กรมป้องกันและบรรเทาสาธารณภัย", "plan_name": "แผนงานบูรณาการบริหารจัดการทรัพยากรน้ำ", "stg_name": "ยุทธศาสตร์ด้านการจัดการน้ำและสร้างการเติบโตบนคุณภาพชีวิตที่เป็นมิตรกับสิ่งแวดล้อมอย่างยั่งยืน", "objc_level1_name": "งบลงทุน", "compare": [{"bb_amount": 4515000, "bb_province": "สระแก้ว"}, {"gf_amount": 2601020, "gf_province": "ปราจีนบุรี", "bb_amount": null, "bb_province": "ปราจีนบุรี"}], "gf_amount_sum": 2601020}
{"bb_code": "1500848002600732", "bb_year": "2560", "amount": 4513000, "min_code": "15000", "agc_code": "15008", "name": "ปรับปรุงซ่อมแซมถนนลาดยางพาราแอสฟัลท์ติกคอนกรีต สายทาง ชร.5029 บ้านป่ากุ๊ก หมู่ที่ 7 -บ้านก๊อใต้ หมู่ที่ 11 จำนวน8 ช่วง มีพื้นที่รวมไม่น้อยกว่า 7,405 ตารางเมตรเทศบาลตำบลเชียงเคี่ยนอำเภอเทิง จังหวัดเชียงราย", "min": "กระทรวงมหาดไทย", "agc": "กรมส่งเสริมการปกครองท้องถิ่น", "plan_name": "แผนงานบูรณาการส่งเสริมการกระจายอำนาจให้แก่องค์กรปกครองส่วนท้องถิ่น", "stg_name": "ยุทธศาสตร์ด้านการปรับสมดุลและพัฒนาระบบบริหารจัดการภาครัฐ", "objc_level1_name": "งบอุดหนุน", "compare": [{"bb_amount": 4513000, "bb_province": "เชียงราย", "gf_amount": 4090000, "gf_province": "เชียงราย"}], "gf_amount_sum": 4090000}
{"bb_code": "1501148004500003", "bb_year": "2560", "amount": 4506000, "min_code": "15000", "agc_code": "15011", "name": "ค่าใช้สอย", "min": "กระทรวงมหาดไทย", "agc": "เมืองพัทยา", "plan_name": "แผนงานบูรณาการส่งเสริมการกระจายอำนาจให้แก่องค์กรปกครองส่วนท้องถิ่น", "stg_name": "ยุทธศาสตร์ด้านการปรับสมดุลและพัฒนาระบบบริหารจัดการภาครัฐ", "objc_level1_name": "งบอุดหนุน", "compare": [{"bb_amount": 4506000, "bb_province": "ชลบุรี", "gf_amount": 4506000, "gf_province": "ชลบุรี"}], "gf_amount_sum": 4506000}
{"bb_code": "1500738002410032", "bb_year": "2560", "amount": 4500000, "min_code": "15000", "agc_code": "15007", "name": "ค่าปรับปรุงและก่อสร้างอาคารสำนักงาน และโรงเก็บพัสดุ บ้านพักข้าราชการโรงจอดรถ ก่อสร้างรั้ว คสล.และถมดิน ฯลฯ ของสำนักงานโยธาธิการและผังเมืองจังหวัดสกลนคร ตำบลธาตุเชิงชุม อำเภอเมืองสกลนคร จังหวัดสกลนคร", "min": "กระทรวงมหาดไทย", "agc": "กรมโยธาธิการและผังเมือง", "plan_name": "แผนงานพื้นฐานด้านการจัดการน้ำและสร้างการเติบโตบนคุณภาพชีวิตที่เป็นมิตรกับสิ่งแวดล้อมอย่างยั่งยืน", "stg_name": "ยุทธศาสตร์ด้านการจัดการน้ำและสร้างการเติบโตบนคุณภาพชีวิตที่เป็นมิตรกับสิ่งแวดล้อมอย่างยั่งยืน", "objc_level1_name": "งบลงทุน", "compare": [{"bb_amount": 4500000, "bb_province": "สกลนคร", "gf_amount": 4480000, "gf_province": "สกลนคร"}], "gf_amount_sum": 4480000}
{"bb_code": "1500848002600252", "bb_year": "2560", "amount": 4500000, "min_code": "15000", "agc_code": "15008", "name": "ซ่อมแซมผิวจราจรแบบแอสฟัลท์ติกคอน กรีตสาย นบ.3008 แยกรัตนาธิเบศร์-ไทรม้าเหนือ หมู่ที่ 3-4 ตำบลไทรม้า กว้าง 6 เมตร ยาว1,832 เมตร หนา 0.05เมตร พื้นที่ไม่น้อยกว่า11,908 ตารางเมตรเทศบาลตำบลไทรม้าอำเภอเมืองนนทบุรี จังหวัดนนทบุรี", "min": "กระทรวงมหาดไทย", "agc": "กรมส่งเสริมการปกครองท้องถิ่น", "plan_name": "แผนงานบูรณาการส่งเสริมการกระจายอำนาจให้แก่องค์กรปกครองส่วนท้องถิ่น", "stg_name": "ยุทธศาสตร์ด้านการปรับสมดุลและพัฒนาระบบบริหารจัดการภาครัฐ", "objc_level1_name": "งบอุดหนุน", "compare": [{"bb_amount": 4500000, "bb_province": "นนทบุรี", "gf_amount": 3369000, "gf_province": "นนทบุรี"}], "gf_amount_sum": 3369000}
{"bb_code": "1500531004120002", "bb_year": "2560", "amount": 4500000, "min_code": "15000", "agc_code": "15005", "name": "รถตักล้อยาง ขนาด 150แรงม้า ตำบลห้วยปูลิงอำเภอเมืองแม่ฮ่องสอนจังหวัดแม่ฮ่องสอน", "min": "กระทรวงมหาดไทย", "agc": "กรมที่ดิน", "plan_name": "แผนงานพื้นฐานด้านการแก้ไขปัญหาความยากจน ลดความเหลื่อมล้ำ และสร้างการเติบโตจากภายใน", "stg_name": "ยุทธศาสตร์ด้านการแก้ไขปัญหาความยากจน ลดความเหลื่อมล้ำ และสร้างการเติบโตจากภายใน", "objc_level1_name": "งบลงทุน", "compare": [{"bb_amount": 4500000, "bb_province": "แม่ฮ่องสอน"}, {"gf_amount": 4000000, "gf_province": "ส่วนกลาง", "bb_amount": null, "bb_province": "กรุงเทพมหานคร"}], "gf_amount_sum": 4000000}
{"bb_code": "1500741009420250", "bb_year": "2560", "amount": 4500000, "min_code": "15000", "agc_code": "15007", "name": "เขื่อนป้องกันตลิ่งริมแม่น้ำเพชรบุรี บ้านไร่ตีนน้ำ ม.2ต.ต้นมะม่วง อ.เมือง จ.เพชรบุรี ความยาว 250เมตร", "min": "กระทรวงมหาดไทย", "agc": "กรมโยธาธิการและผังเมือง", "plan_name": "แผนงานบูรณาการบริหารจัดการทรัพยากรน้ำ", "stg_name": "ยุทธศาสตร์ด้านการจัดการน้ำและสร้างการเติบโตบนคุณภาพชีวิตที่เป็นมิตรกับสิ่งแวดล้อมอย่างยั่งยืน", "objc_level1_name": "งบลงทุน", "compare": [{"bb_amount": 4500000, "bb_province": "เพชรบุรี", "gf_amount": 4500000, "gf_province": "เพชรบุรี"}], "gf_amount_sum": 4500000}
{"bb_code": "1500848002600792", "bb_year": "2560", "amount": 4500000, "min_code": "15000", "agc_code": "15008", "name": "ซ่อมแซมผิวจราจรยางพาราแอสฟัลท์ติกคอนกรีตสายหนองเถีย-บายพาส หมู่ที่ 2ตำบลนาตาล่วง กว้าง 6เมตร ยาว 1,100 เมตร หนา0.05 เมตร ไหล่ทางข้างละ1 เมตร เทศบาลตำบลนาตาล่วง อำเภอเมืองตรังจังหวัดตรัง", "min": "กระทรวงมหาดไทย", "agc": "กรมส่งเสริมการปกครองท้องถิ่น", "plan_name": "แผนงานบูรณาการส่งเสริมการกระจายอำนาจให้แก่องค์กรปกครองส่วนท้องถิ่น", "stg_name": "ยุทธศาสตร์ด้านการปรับสมดุลและพัฒนาระบบบริหารจัดการภาครัฐ", "objc_level1_name": "งบอุดหนุน", "compare": [{"bb_amount": 4500000, "bb_province": "ตรัง", "gf_amount": 4500000, "gf_province": "ตรัง"}], "gf_amount_sum": 4500000}
{"bb_code": "1500848002600812", "bb_year": "2560", "amount": 4491600, "min_code": "15000", "agc_code": "15008", "name": "ซ่อมสร้างถนนลาดยางแอสฟัลท์ติกคอนกรีตบ้านทรายหาย - บ้านสามแยก หมู่ที่4,5 ตำบลท่าทองหลาง ผิวจราจรขนาดกว้าง 6 เมตรยาว 1,860 เมตร หนา 0.05เมตร องค์การบริหารส่วนตำบลท่าทองหลาง อำเภอบางคล้า จังหวัดฉะเชิงเทรา", "min": "กระทรวงมหาดไทย", "agc": "กรมส่งเสริมการปกครองท้องถิ่น", "plan_name": "แผนงานบูรณาการส่งเสริมการกระจายอำนาจให้แก่องค์กรปกครองส่วนท้องถิ่น", "stg_name": "ยุทธศาสตร์ด้านการปรับสมดุลและพัฒนาระบบบริหารจัดการภาครัฐ", "objc_level1_name": "งบอุดหนุน", "compare": [{"bb_amount": 4491600, "bb_province": "ฉะเชิงเทรา", "gf_amount": 3812000, "gf_province": "ฉะเชิงเทรา"}], "gf_amount_sum": 3812000}
{"bb_code": "1500848002600484", "bb_year": "2560", "amount": 4490000, "min_code": "15000", "agc_code": "15008", "name": "ปรับปรุงถนนลาดยางผิวจราจรแบบแอสฟัลท์ติกคอนกรีต คุณภาพด้วยยางธรรมชาติ (PARA AC) สายบ้านดอนใหญ่ - บ้านเจดีย์ทอง ตำบลท่าช้าง จำนวน3 ช่วง มีพื้นที่รวมไม่น้อยกว่า 9,920 ตารางเมตรพร้อมตีเส้นจราจรไม่น้อยกว่า 275 ตารางเมตรองค์การบริหารส่วนตำบลท่าช้าง อำเภอเมือง จังหวัดนครนายก", "min": "กระทรวงมหาดไทย", "agc": "กรมส่งเสริมการปกครองท้องถิ่น", "plan_name": "แผนงานบูรณาการส่งเสริมการกระจายอำนาจให้แก่องค์กรปกครองส่วนท้องถิ่น", "stg_name": "ยุทธศาสตร์ด้านการปรับสมดุลและพัฒนาระบบบริหารจัดการภาครัฐ", "objc_level1_name": "งบอุดหนุน", "compare": [{"bb_amount": 4490000, "bb_province": "นครนายก", "gf_amount": 3900000, "gf_province": "นครนายก"}], "gf_amount_sum": 3900000}
{"bb_code": "1500848002600593", "bb_year": "2560", "amount": 4490000, "min_code": "15000", "agc_code": "15008", "name": "ปรับปรุงถนนคอนกรีตเสริมเหล็กภายในหมู่บ้าน ซอย1 หมู่ที่ 3 บ้านคชสารตำบลบึงกาสาม กว้าง 4เมตร ยาว 1,388 เมตร หนา0.15 เมตร องค์การบริหารส่วนตำบลบึงกาสาม อำเภอหนองเสือ จังหวัดปทุมธานี", "min": "กระทรวงมหาดไทย", "agc": "กรมส่งเสริมการปกครองท้องถิ่น", "plan_name": "แผนงานบูรณาการส่งเสริมการกระจายอำนาจให้แก่องค์กรปกครองส่วนท้องถิ่น", "stg_name": "ยุทธศาสตร์ด้านการปรับสมดุลและพัฒนาระบบบริหารจัดการภาครัฐ", "objc_level1_name": "งบอุดหนุน", "compare": [{"bb_amount": 4490000, "bb_province": "ปทุมธานี", "gf_amount": 4470000, "gf_province": "ปทุมธานี"}], "gf_amount_sum": 4470000}
{"bb_code": "1500703014410033", "bb_year": "2560", "amount": 4480000, "min_code": "15000", "agc_code": "15007", "name": "โครงการปรับปรุงถนนในชุมชน สายคลองทรายขาวบ้านสำนักเอาะ หมู่ที่ 5ตำบลเขาแดง อำเภอสะบ้าย้อย จังหวัดสงขลา ความกว้าง 5.00 เมตร ระยะทาง1.280 กิโลเมตร", "min": "กระทรวงมหาดไทย", "agc": "กรมโยธาธิการและผังเมือง", "plan_name": "แผนงานบูรณาการขับเคลื่อนการแก้ไขปัญหาจังหวัดชายแดนภาคใต้ ", "stg_name": "ยุทธศาสตร์ด้านความมั่นคงและการต่างประเทศ", "objc_level1_name": "งบลงทุน", "compare": [{"bb_amount": 4480000, "bb_province": "สงขลา", "gf_amount": 4470000, "gf_province": "สงขลา"}], "gf_amount_sum": 4470000}
{"bb_code": "1500848002600320", "bb_year": "2560", "amount": 4473000, "min_code": "15000", "agc_code": "15008", "name": "เสริมผิวทางแอสฟัลท์ติกคอนกรีต ปรับปรุงคุณภาพด้วยยางพาราธรรมชาติ สายสห.2031 สิงห์บุรี - ชัยนาทหมู่ที่ 4 - 10 ตำบลทับยากว้าง 6 เมตร ยาว 1,700เมตร หนา 0.05 เมตรเทศบาลตำบลทับยาอำเภออินทร์บุรี จังหวัดสิงห์บุรี", "min": "กระทรวงมหาดไทย", "agc": "กรมส่งเสริมการปกครองท้องถิ่น", "plan_name": "แผนงานบูรณาการส่งเสริมการกระจายอำนาจให้แก่องค์กรปกครองส่วนท้องถิ่น", "stg_name": "ยุทธศาสตร์ด้านการปรับสมดุลและพัฒนาระบบบริหารจัดการภาครัฐ", "objc_level1_name": "งบอุดหนุน", "compare": [{"bb_amount": 4473000, "bb_province": "สิงห์บุรี", "gf_amount": 3570000, "gf_province": "สิงห์บุรี"}], "gf_amount_sum": 3570000}
{"bb_code": "1500848002600A73", "bb_year": "2560", "amount": 4470000, "min_code": "15000", "agc_code": "15008", "name": "เสริมผิวทางแอสฟัลท์ติกคอนกรีตด้วยยางธรรมชาติสายบ้านวัดเขา-สนามกีฬาโคกกลอย หมู่ที่ 10 ตำบลโคกกลอย มีพื้นที่ไม่น้อยกว่า 10,878 ตารางเมตรองค์การบริหารส่วนตำบลโคกกลอย อำเภอตะกั่วทุ่งจังหวัดพังงา", "min": "กระทรวงมหาดไทย", "agc": "กรมส่งเสริมการปกครองท้องถิ่น", "plan_name": "แผนงานบูรณาการส่งเสริมการกระจายอำนาจให้แก่องค์กรปกครองส่วนท้องถิ่น", "stg_name": "ยุทธศาสตร์ด้านการปรับสมดุลและพัฒนาระบบบริหารจัดการภาครัฐ", "objc_level1_name": "งบอุดหนุน", "compare": [{"bb_amount": 4470000, "bb_province": "พังงา", "gf_amount": 4450000, "gf_province": "พังงา"}], "gf_amount_sum": 4450000}
{"bb_code": "1500848002600239", "bb_year": "2560", "amount": 4460000, "min_code": "15000", "agc_code": "15008", "name": "ซ่อมสร้างถนนลาดยางผิวจราจรแอสฟัลท์ติกคอนกรีตสาย อย. 2058 หมู่ที่1,5,6,7,10 ตำบลคู้สลอดจำนวน 2 ช่วง มีพื้นที่รวมไม่น้อยกว่า 8,778 ตารางเมตรองค์การบริหารส่วนตำบลคู้สลอด อำเภอลาดบัวหลวงจังหวัดพระนครศรีอยุธยา", "min": "กระทรวงมหาดไทย", "agc": "กรมส่งเสริมการปกครองท้องถิ่น", "plan_name": "แผนงานบูรณาการส่งเสริมการกระจายอำนาจให้แก่องค์กรปกครองส่วนท้องถิ่น", "stg_name": "ยุทธศาสตร์ด้านการปรับสมดุลและพัฒนาระบบบริหารจัดการภาครัฐ", "objc_level1_name": "งบอุดหนุน", "compare": [{"bb_amount": 4460000, "bb_province": "พระนครศรีอยุธยา", "gf_amount": 3775000, "gf_province": "พระนครศรีอยุธยา"}], "gf_amount_sum": 3775000}
{"bb_code": "1500743020420265", "bb_year": "2560", "amount": 4450000, "min_code": "15000", "agc_code": "15007", "name": "ซ่อมบำรุงและสร้างเขื่อนป้องกันตลิ่งริมชายฝั่งบ้านปากเกาะ ม.3 ต.เกาะคอเขา อ.ตะกั่วป่า จ.พังงาความยาว 255 เมตร", "min": "กระทรวงมหาดไทย", "agc": "กรมโยธาธิการและผังเมือง", "plan_name": "แผนงานยุทธศาสตร์จัดการผลกระทบจากการเปลี่ยนแปลงสภาวะภูมิอากาศ และภัยพิบัติ", "stg_name": "ยุทธศาสตร์ด้านการจัดการน้ำและสร้างการเติบโตบนคุณภาพชีวิตที่เป็นมิตรกับสิ่งแวดล้อมอย่างยั่งยืน", "objc_level1_name": "งบลงทุน", "compare": [{"bb_amount": 4450000, "bb_province": "พังงา", "gf_amount": 0, "gf_province": "พังงา"}], "gf_amount_sum": 0}
{"bb_code": "1500638001410014", "bb_year": "2560", "amount": 4447440, "min_code": "15000", "agc_code": "15006", "name": "โครงการปรับปรุงซ่อมแซมรั้ว คสล. ศูนย์ป้องกันและบรรเทาสาธารณภัย เขต 5นครราชสีมา ตำบลในเมืองอำเภอเมืองนครราชสีมาจังหวัดนครราชสีมา", "min": "กระทรวงมหาดไทย", "agc": "กรมป้องกันและบรรเทาสาธารณภัย", "plan_name": "แผนงานพื้นฐานด้านการจัดการน้ำและสร้างการเติบโตบนคุณภาพชีวิตที่เป็นมิตรกับสิ่งแวดล้อมอย่างยั่งยืน", "stg_name": "ยุทธศาสตร์ด้านการจัดการน้ำและสร้างการเติบโตบนคุณภาพชีวิตที่เป็นมิตรกับสิ่งแวดล้อมอย่างยั่งยืน", "objc_level1_name": "งบลงทุน", "compare": [{"bb_amount": 4447440, "bb_province": "นครราชสีมา", "gf_amount": 2612855.98, "gf_province": "นครราชสีมา"}], "gf_amount_sum": 2612855.98}
{"bb_code": "1500848002600794", "bb_year": "2560", "amount": 4440000, "min_code": "15000", "agc_code": "15008", "name": "ปรับปรุงถนนแบบผิวจราจรยางพาราแอสฟัลท์ติกคอนกรีตสายกันตังใต้ - บางแรด หมู่ที่ 3 , 5 ตำบลกันตังใต้ กว้าง 6 เมตร ยาว1,090 เมตร หนา 0.05เมตร ไหล่ทางข้างละ 1เมตร องค์การบริหารส่วนตำบลกันตังใต้ อำเภอกันตังจังหวัดตรัง", "min": "กระทรวงมหาดไทย", "agc": "กรมส่งเสริมการปกครองท้องถิ่น", "plan_name": "แผนงานบูรณาการส่งเสริมการกระจายอำนาจให้แก่องค์กรปกครองส่วนท้องถิ่น", "stg_name": "ยุทธศาสตร์ด้านการปรับสมดุลและพัฒนาระบบบริหารจัดการภาครัฐ", "objc_level1_name": "งบอุดหนุน", "compare": [{"bb_amount": 4440000, "bb_province": "ตรัง", "gf_amount": 3600000, "gf_province": "ตรัง"}], "gf_amount_sum": 3600000}
