{"bb_code": "1500542023120001", "bb_year": "2560", "amount": 4250000, "min_code": "15000", "agc_code": "15005", "name": "สถานีรับสัญญาณดาวเทียมถาวร ตำบลอ่าวลึกใต้อำเภออ่าวลึก จังหวัดกระบี่", "min": "กระทรวงมหาดไทย", "agc": "กรมที่ดิน", "plan_name": "แผนงานยุทธศาสตร์อนุรักษ์ ฟื้นฟู และป้องกันทรัพยากรธรรมชาติ", "stg_name": "ยุทธศาสตร์ด้านการจัดการน้ำและสร้างการเติบโตบนคุณภาพชีวิตที่เป็นมิตรกับสิ่งแวดล้อมอย่างยั่งยืน", "objc_level1_name": "งบลงทุน", "compare": [{"bb_amount": 4250000, "bb_province": "กระบี่"}, {"gf_amount": 441176.47, "gf_province": "ส่วนกลาง", "bb_amount": null, "bb_province": "กรุงเทพมหานคร"}], "gf_amount_sum": 441176.47}
{"bb_code": "1500542023120022", "bb_year": "2560", "amount": 4250000, "min_code": "15000", "agc_code": "15005", "name": "สถานีรับสัญญาณดาวเทียมถาวร ตำบลหัวเวียง อำเภอเมืองลำปาง จังหวัดลำปาง", "min": "กระทรวงมหาดไทย", "agc": "กรมที่ดิน", "plan_name": "แผนงานยุทธศาสตร์อนุรักษ์ ฟื้นฟู และป้องกันทรัพยากรธรรมชาติ", "stg_name": "ยุทธศาสตร์ด้านการจัดการน้ำและสร้างการเติบโตบนคุณภาพชีวิตที่เป็นมิตรกับสิ่งแวดล้อมอย่างยั่งยืน", "objc_level1_name": "งบลงทุน", "compare": [{"bb_amount": 4250000, "bb_province": "ลำปาง"}, {"gf_amount": 441176.47, "gf_province": "ส่วนกลาง", "bb_amount": null, "bb_province": "กรุงเทพมหานคร"}], "gf_amount_sum": 441176.47}
{"bb_code": "1500542023120021", "bb_year": "2560", "amount": 4250000, "min_code": "15000", "agc_code": "15005", "name": "สถานีรับสัญญาณดาวเทียมถาวร ตำบลวิเชตนครอำเภอแจ้ห่ม จังหวัดลำปาง", "min": "กระทรวงมหาดไทย", "agc": "กรมที่ดิน", "plan_name": "แผนงานยุทธศาสตร์อนุรักษ์ ฟื้นฟู และป้องกันทรัพยากรธรรมชาติ", "stg_name": "ยุทธศาสตร์ด้านการจัดการน้ำและสร้างการเติบโตบนคุณภาพชีวิตที่เป็นมิตรกับสิ่งแวดล้อมอย่างยั่งยืน", "objc_level1_name": "งบลงทุน", "compare": [{"bb_amount": 4250000, "bb_province": "ลำปาง"}, {"gf_amount": 441176.47, "gf_province": "ส่วนกลาง", "bb_amount": null, "bb_province": "กรุงเทพมหานคร"}], "gf_amount_sum": 441176.47}
{"bb_code": "1500848002600743", "bb_year": "2560", "amount": 4233000, "min_code": "15000", "agc_code": "15008", "name": "ซ่อมสร้างถนนลาดยางเคพซีลเป็นถนนคอนกรีตเสริมเหล็ก สายบ้านบ่อก้าง หมู่ที่1 - บ้านขัวรินคำ หมู่ที่ 6จำนวน 2 ช่วง มีพื้นที่รวมไม่น้อยกว่า 6,060 ตารางเมตรองค์การบริหารส่วนตำบลจอมสวรรค์ อำเภอแม่จันจังหวัดเชียงราย", "min": "กระทรวงมหาดไทย", "agc": "กรมส่งเสริมการปกครองท้องถิ่น", "plan_name": "แผนงานบูรณาการส่งเสริมการกระจายอำนาจให้แก่องค์กรปกครองส่วนท้องถิ่น", "stg_name": "ยุทธศาสตร์ด้านการปรับสมดุลและพัฒนาระบบบริหารจัดการภาครัฐ", "objc_level1_name": "งบอุดหนุน", "compare": [{"bb_amount": 4233000, "bb_province": "เชียงราย", "gf_amount": 4216000, "gf_province": "เชียงราย"}], "gf_amount_sum": 4216000}
{"bb_code": "1500848002600551", "bb_year": "2560", "amount": 4226000, "min_code": "15000", "agc_code": "15008", "name": "ปรับปรุงถนนคอนกรีตเสริมเหล็กด้วยผิวแอสฟัสท์ติกคอนกรีตสายบ้านโต๊ะเวาะหมู่ที่ 3 - บ้านบาโงแบกอหมู่ที่ 1 ตำบลปูโยะ กว้าง 5เมตร ยาว 1,700 เมตร หนา0.05 เมตร องค์การบริหารส่วนตำบลปูโยะ อำเภอสุไหงโก-ลก จังหวัดนราธิวาส", "min": "กระทรวงมหาดไทย", "agc": "กรมส่งเสริมการปกครองท้องถิ่น", "plan_name": "แผนงานบูรณาการส่งเสริมการกระจายอำนาจให้แก่องค์กรปกครองส่วนท้องถิ่น", "stg_name": "ยุทธศาสตร์ด้านการปรับสมดุลและพัฒนาระบบบริหารจัดการภาครัฐ", "objc_level1_name": "งบอุดหนุน", "compare": [{"bb_amount": 4226000, "bb_province": "นราธิวาส", "gf_amount": 2854900, "gf_province": "นราธิวาส"}], "gf_amount_sum": 2854900}
{"bb_code": "1500828032000000", "bb_year": "2560", "amount": 4220700, "min_code": "15000", "agc_code": "15008", "name": "รายการงบประจำ", "min": "กระทรวงมหาดไทย", "agc": "กรมส่งเสริมการปกครองท้องถิ่น", "plan_name": "แผนงานบูรณาการยกระดับคุณภาพการศึกษาและการเรียนรู้ตลอดชีวิต ", "stg_name": "ยุทธศาสตร์ด้านการพัฒนาและเสริมสร้างศักยภาพคน", "objc_level1_name": "งบดำเนินงาน", "compare": [{"bb_amount": 4220700, "bb_province": "กรุงเทพมหานคร", "gf_amount": 3218378.82, "gf_province": "ส่วนกลาง"}], "gf_amount_sum": 3218378.82}
{"bb_code": "1500848002600091", "bb_year": "2560", "amount": 4220000, "min_code": "15000", "agc_code": "15008", "name": "ซ่อมสร้างผิวจราจรพาราแอสฟัลท์ติกคอนกรีต สายหมู่ที่ 3 - หมู่ที่ 7 กว้าง 6เมตร ยาว 900 หนา 0.05เมตร ไหล่ทางกว้างข้างละ1.5 เมตร องค์การบริหารส่วนตำบลบ่อทอง อำเภอบางระกำ จังหวัดพิษณุโลก", "min": "กระทรวงมหาดไทย", "agc": "กรมส่งเสริมการปกครองท้องถิ่น", "plan_name": "แผนงานบูรณาการส่งเสริมการกระจายอำนาจให้แก่องค์กรปกครองส่วนท้องถิ่น", "stg_name": "ยุทธศาสตร์ด้านการปรับสมดุลและพัฒนาระบบบริหารจัดการภาครัฐ", "objc_level1_name": "งบอุดหนุน", "compare": [{"bb_amount": 4220000, "bb_province": "พิษณุโลก", "gf_amount": 3646000, "gf_province": "พิษณุโลก"}], "gf_amount_sum": 3646000}
{"bb_code": "1500431013410003", "bb_year": "2560", "amount": 4220000, "min_code": "15000", "agc_code": "15004", "name": "ก่อสร้างรั้วคอนกรีตบล็อกณ ศูนย์ศึกษาและพัฒนาชุมชนนครศรีธรรมราชตำบลหนองหงส์ อำเภอทุ่งสง จังหวัดนครศรีธรรมราช", "min": "กระทรวงมหาดไทย", "agc": "กรมการพัฒนาชุมชน", "plan_name": "แผนงานพื้นฐานด้านการแก้ไขปัญหาความยากจน ลดความเหลื่อมล้ำ และสร้างการเติบโตจากภายใน", "stg_name": "ยุทธศาสตร์ด้านการแก้ไขปัญหาความยากจน ลดความเหลื่อมล้ำ และสร้างการเติบโตจากภายใน", "objc_level1_name": "งบลงทุน", "compare": [{"bb_amount": 4220000, "bb_province": "นครศรีธรรมราช"}, {"gf_amount": 3630000, "gf_province": "ส่วนกลาง", "bb_amount": null, "bb_province": "กรุงเทพมหานคร"}], "gf_amount_sum": 3630000}
{"bb_code": "1500848002600891", "bb_year": "2560", "amount": 4210000, "min_code": "15000", "agc_code": "15008", "name": "ซ่อมแซมเสริมผิวจราจรแอสฟัลท์ติกคอนกรีต หมู่ที่4 แยกจากถนนดอนสีนนท์ -แหลมประดู่ เข้าถนนสายดอนความโทน - ท่าข้ามบ้านดอนความโทน ตำบลสิบเอ็ดศอก กว้าง 5 เมตรยาว 2,000 เมตร หนา 0.05เมตร องค์การบริหารส่วนตำบลสิบเอ็ดศอก อำเภอบ้านโพธิ์ จังหวัดฉะเชิงเทรา", "min": "กระทรวงมหาดไทย", "agc": "กรมส่งเสริมการปกครองท้องถิ่น", "plan_name": "แผนงานบูรณาการส่งเสริมการกระจายอำนาจให้แก่องค์กรปกครองส่วนท้องถิ่น", "stg_name": "ยุทธศาสตร์ด้านการปรับสมดุลและพัฒนาระบบบริหารจัดการภาครัฐ", "objc_level1_name": "งบอุดหนุน", "compare": [{"bb_amount": 4210000, "bb_province": "ฉะเชิงเทรา", "gf_amount": 4151500, "gf_province": "ฉะเชิงเทรา"}], "gf_amount_sum": 4151500}
{"bb_code": "1500848002600780", "bb_year": "2560", "amount": 4210000, "min_code": "15000", "agc_code": "15008", "name": "ซ่อมสร้างผิวทางพาราแอสฟัลท์ติกคอนกรีต บ้านหนองข่วง หมู่ที่ 1 เชื่อม บ้านจำไคร้ หมู่ที่ 9 จำนวน 1 ช่วงมีพื้นที่รวมไม่น้อยกว่า10,108 ตารางเมตรองค์การบริหารส่วนตำบลแม่ลอย อำเภอเทิง จังหวัดเชียงราย", "min": "กระทรวงมหาดไทย", "agc": "กรมส่งเสริมการปกครองท้องถิ่น", "plan_name": "แผนงานบูรณาการส่งเสริมการกระจายอำนาจให้แก่องค์กรปกครองส่วนท้องถิ่น", "stg_name": "ยุทธศาสตร์ด้านการปรับสมดุลและพัฒนาระบบบริหารจัดการภาครัฐ", "objc_level1_name": "งบอุดหนุน", "compare": [{"bb_amount": 4210000, "bb_province": "เชียงราย", "gf_amount": 4130000, "gf_province": "เชียงราย"}], "gf_amount_sum": 4130000}
{"bb_code": "1500848002600307", "bb_year": "2560", "amount": 4209000, "min_code": "15000", "agc_code": "15008", "name": "เสริมผิวถนนลาดยางพาราแอสฟัลท์ติกคอนกรีตสายตาโงง-มีดิง หมู่ที่ 5-4กว้าง 4 เมตร ยาว 1,590เมตร หนา 0.05 เมตร ไหล่ทางกว้างข้างละ 0.50 เมตรองค์การบริหารส่วนตำบลเนินงาม อำเภอรามันจังหวัดยะลา", "min": "กระทรวงมหาดไทย", "agc": "กรมส่งเสริมการปกครองท้องถิ่น", "plan_name": "แผนงานบูรณาการส่งเสริมการกระจายอำนาจให้แก่องค์กรปกครองส่วนท้องถิ่น", "stg_name": "ยุทธศาสตร์ด้านการปรับสมดุลและพัฒนาระบบบริหารจัดการภาครัฐ", "objc_level1_name": "งบอุดหนุน", "compare": [{"bb_amount": 4209000, "bb_province": "ยะลา", "gf_amount": 3784000, "gf_province": "ยะลา"}], "gf_amount_sum": 3784000}
{"bb_code": "1500741009420202", "bb_year": "2560", "amount": 4207200, "min_code": "15000", "agc_code": "15007", "name": "เขื่อนป้องกันตลิ่งริมคลองปากพะเนียด เทศบาลตำบลเขาชัยสน ต.เขาชัยสน อ.เขาชัยสน จ.พัทลุงความยาว 485 เมตร", "min": "กระทรวงมหาดไทย", "agc": "กรมโยธาธิการและผังเมือง", "plan_name": "แผนงานบูรณาการบริหารจัดการทรัพยากรน้ำ", "stg_name": "ยุทธศาสตร์ด้านการจัดการน้ำและสร้างการเติบโตบนคุณภาพชีวิตที่เป็นมิตรกับสิ่งแวดล้อมอย่างยั่งยืน", "objc_level1_name": "งบลงทุน", "compare": [{"bb_amount": 4207200, "bb_province": "พัทลุง"}], "gf_amount_sum": 0}
{"bb_code": "1500848002600581", "bb_year": "2560", "amount": 4190000, "min_code": "15000", "agc_code": "15008", "name": "ซ่อมสร้างผิวถนนลาดยางแบบแอสฟัลท์ติกคอนกรีต(โดยวิธี Pavement In - PlaceRecycling) สายบ้านลำดวนหมูที่ 1 - บ้านแสลงพัน หมู่ที่ 2 (ช่วงตอนจากรอยต่อลาดยางเดิมบริเวณวัดบ้านแสลงพันไปทางสะพานสุรินทร์ภักดี)ตำบลลำดวนมีพื้นที่ไม่น้อยกว่า 8,800ตารางเมตร องค์การบริหารส่วนตำบลลำดวน อำเภอกระสัง จังหวัดบุรีรัมย์", "min": "กระทรวงมหาดไทย", "agc": "กรมส่งเสริมการปกครองท้องถิ่น", "plan_name": "แผนงานบูรณาการส่งเสริมการกระจายอำนาจให้แก่องค์กรปกครองส่วนท้องถิ่น", "stg_name": "ยุทธศาสตร์ด้านการปรับสมดุลและพัฒนาระบบบริหารจัดการภาครัฐ", "objc_level1_name": "งบอุดหนุน", "compare": [{"bb_amount": 4190000, "bb_province": "บุรีรัมย์", "gf_amount": 4172900, "gf_province": "บุรีรัมย์"}], "gf_amount_sum": 4172900}
{"bb_code": "1500848002600545", "bb_year": "2560", "amount": 4189000, "min_code": "15000", "agc_code": "15008", "name": "ปรับปรุงผิวจราจรถนนลาดยางแอสฟัลท์ติกสายบ้านเกาะตา-บ้านป่าไร่ม.3 ขนาดกว้าง 6 เมตร ยาว1,300 เมตร หนา 0.05เมตร องค์การบริหารส่วนตำบลทุ่งพลา อำเภอโคกโพธิ์ จังหวัดปัตตานี", "min": "กระทรวงมหาดไทย", "agc": "กรมส่งเสริมการปกครองท้องถิ่น", "plan_name": "แผนงานบูรณาการส่งเสริมการกระจายอำนาจให้แก่องค์กรปกครองส่วนท้องถิ่น", "stg_name": "ยุทธศาสตร์ด้านการปรับสมดุลและพัฒนาระบบบริหารจัดการภาครัฐ", "objc_level1_name": "งบอุดหนุน", "compare": [{"bb_amount": 4189000, "bb_province": "ปัตตานี", "gf_amount": 3314000, "gf_province": "ปัตตานี"}], "gf_amount_sum": 3314000}
{"bb_code": "1500848002600883", "bb_year": "2560", "amount": 4183000, "min_code": "15000", "agc_code": "15008", "name": "ปรับปรุงถนนแอสฟัลท์ติกคอนกรีตโดยวิธีโอเวอร์เลย์ สายวัดเจดีย์ - วัดสายชล หมู่ที่ 1,2,3,5 กว้าง 6เมตร ยาว 2,054 เมตร หนา0.05 เมตร พร้อมตีเส้นจราจร องค์การบริหารส่วนตำบลบ้านใหม่ อำเภอเมืองฉะเชิงเทรา จังหวัดฉะเชิงเทรา", "min": "กระทรวงมหาดไทย", "agc": "กรมส่งเสริมการปกครองท้องถิ่น", "plan_name": "แผนงานบูรณาการส่งเสริมการกระจายอำนาจให้แก่องค์กรปกครองส่วนท้องถิ่น", "stg_name": "ยุทธศาสตร์ด้านการปรับสมดุลและพัฒนาระบบบริหารจัดการภาครัฐ", "objc_level1_name": "งบอุดหนุน", "compare": [{"bb_amount": 4183000, "bb_province": "ฉะเชิงเทรา", "gf_amount": 3000000, "gf_province": "ฉะเชิงเทรา"}], "gf_amount_sum": 3000000}
{"bb_code": "1500848002600122", "bb_year": "2560", "amount": 4172000, "min_code": "15000", "agc_code": "15008", "name": "ซ่อมสร้างถนนลาดยางแอสฟัลท์ติกคอนกรีตสายบ้านหงษ์ - บ้านห้วย หมู่ที่ 9ตำบลตะค่า กว้าง 5 เมตรยาว 1,170 เมตร หนา 0.05เมตร พื้นที่ไม่น้อยกว่า5,850 ตารางเมตร เทศบาลตำบลตะค่า อำเภอบางปลาม้า จังหวัดสุพรรณบุรี", "min": "กระทรวงมหาดไทย", "agc": "กรมส่งเสริมการปกครองท้องถิ่น", "plan_name": "แผนงานบูรณาการส่งเสริมการกระจายอำนาจให้แก่องค์กรปกครองส่วนท้องถิ่น", "stg_name": "ยุทธศาสตร์ด้านการปรับสมดุลและพัฒนาระบบบริหารจัดการภาครัฐ", "objc_level1_name": "งบอุดหนุน", "compare": [{"bb_amount": 4172000, "bb_province": "สุพรรณบุรี", "gf_amount": 3797680.36, "gf_province": "สุพรรณบุรี"}], "gf_amount_sum": 3797680.36}
{"bb_code": "1500848029600A39", "bb_year": "2560", "amount": 4166900, "min_code": "15000", "agc_code": "15008", "name": "ก่อสร้างระบบประปาหมู่บ้านแบบผิวดินขนาดใหญ่มากหมู่ที่ 1 บ้านสระบัว ตำบลสระบัว ตามแบบมาตรฐานกรมทรัพยากรน้ำ องค์การบริหารส่วนตำบลสระบัวอำเภอปทุมรัตต์ จังหวัดร้อยเอ็ด", "min": "กระทรวงมหาดไทย", "agc": "กรมส่งเสริมการปกครองท้องถิ่น", "plan_name": "แผนงานบูรณาการส่งเสริมการกระจายอำนาจให้แก่องค์กรปกครองส่วนท้องถิ่น", "stg_name": "ยุทธศาสตร์ด้านการปรับสมดุลและพัฒนาระบบบริหารจัดการภาครัฐ", "objc_level1_name": "งบอุดหนุน", "compare": [{"bb_amount": 4166900, "bb_province": "ร้อยเอ็ด", "gf_amount": 3759137, "gf_province": "ร้อยเอ็ด"}], "gf_amount_sum": 3759137}
{"bb_code": "1500848002600255", "bb_year": "2560", "amount": 4164000, "min_code": "15000", "agc_code": "15008", "name": "ซ่อมสร้างผิวทางแอสฟัสท์ติกคอนกรีต (โดยวิธีPavementIn - Place Recycling)สายชำฆ้อ - รพช. หมู่ที่ 3,5ตำบลชำฆ้อ จำนวน 1 สายมีพื้นที่ไม่น้อยกว่า 12,000ตารางเมตร เทศบาลตำบลชำฆ้อ อำเภอเขาชะเมาจังหวัดระยอง", "min": "กระทรวงมหาดไทย", "agc": "กรมส่งเสริมการปกครองท้องถิ่น", "plan_name": "แผนงานบูรณาการส่งเสริมการกระจายอำนาจให้แก่องค์กรปกครองส่วนท้องถิ่น", "stg_name": "ยุทธศาสตร์ด้านการปรับสมดุลและพัฒนาระบบบริหารจัดการภาครัฐ", "objc_level1_name": "งบอุดหนุน", "compare": [{"bb_amount": 4164000, "bb_province": "ระยอง", "gf_amount": 4148000, "gf_province": "ระยอง"}], "gf_amount_sum": 4148000}
{"bb_code": "1500848002600324", "bb_year": "2560", "amount": 4155000, "min_code": "15000", "agc_code": "15008", "name": "ซ่อมแซมถนนลาดยางแบบAsphalt Concrete สาย สห4035 บ้านโคปูน - ถนนสายเอเชีย หมู่ที่ 4 ตำบลบ้านหม้อ กว้าง 6 เมตร ยาว1,250 เมตร หนา 0.05เมตร องค์การบริหารส่วนตำบลบ้านหม้อ อำเภอพรหมบุรี จังหวัดสิงห์บุรี", "min": "กระทรวงมหาดไทย", "agc": "กรมส่งเสริมการปกครองท้องถิ่น", "plan_name": "แผนงานบูรณาการส่งเสริมการกระจายอำนาจให้แก่องค์กรปกครองส่วนท้องถิ่น", "stg_name": "ยุทธศาสตร์ด้านการปรับสมดุลและพัฒนาระบบบริหารจัดการภาครัฐ", "objc_level1_name": "งบอุดหนุน", "compare": [{"bb_amount": 4155000, "bb_province": "สิงห์บุรี", "gf_amount": 4135000, "gf_province": "สิงห์บุรี"}], "gf_amount_sum": 4135000}
{"bb_code": "1500848029600K08", "bb_year": "2560", "amount": 4154400, "min_code": "15000", "agc_code": "15008", "name": "ก่อสร้างระบบประปาหมู่บ้านแบบหอถังเหล็กแชมเปญสูง 20 เมตร ความจุ 20ลูกบาศก์เมตร หมู่ที่ 10ตำบลละแม เทศบาลตำบลละแม อำเภอละแม จังหวัดชุมพร", "min": "กระทรวงมหาดไทย", "agc": "กรมส่งเสริมการปกครองท้องถิ่น", "plan_name": "แผนงานบูรณาการส่งเสริมการกระจายอำนาจให้แก่องค์กรปกครองส่วนท้องถิ่น", "stg_name": "ยุทธศาสตร์ด้านการปรับสมดุลและพัฒนาระบบบริหารจัดการภาครัฐ", "objc_level1_name": "งบอุดหนุน", "compare": [{"bb_amount": 4154400, "bb_province": "ชุมพร", "gf_amount": 1174000, "gf_province": "ชุมพร"}], "gf_amount_sum": 1174000}
