{"bb_code": "1500848002600936", "bb_year": "2560", "amount": 3920000, "min_code": "15000", "agc_code": "15008", "name": "ปรับปรุงผิวจราจรแอสฟัลท์ติกคอนกรีต ถนนอภัยบริรักษ์-บ้านเขาแดง (พท4191) กว้าง 5.50 เมตรยาว 1,777 เมตร หนา 0.05เมตร เทศบาลเมืองพัทลุงอำเภอเมืองพัทลุง จังหวัดพัทลุง", "min": "กระทรวงมหาดไทย", "agc": "กรมส่งเสริมการปกครองท้องถิ่น", "plan_name": "แผนงานบูรณาการส่งเสริมการกระจายอำนาจให้แก่องค์กรปกครองส่วนท้องถิ่น", "stg_name": "ยุทธศาสตร์ด้านการปรับสมดุลและพัฒนาระบบบริหารจัดการภาครัฐ", "objc_level1_name": "งบอุดหนุน", "compare": [{"bb_amount": 3920000, "bb_province": "พัทลุง", "gf_amount": 2760000, "gf_province": "พัทลุง"}], "gf_amount_sum": 2760000}
{"bb_code": "1500703014410011", "bb_year": "2560", "amount": 3920000, "min_code": "15000", "agc_code": "15007", "name": "โครงการปรับปรุงถนนในชุมชน สายย่างควาย - ต้นปีก บ้านท่าคู หมู่ที่ 4 ตำบลน้ำขาว อำเภอจะนะ จังหวัดสงขลา ความกว้าง 4.00เมตร ระยะทาง 1.400กิโลเมตร", "min": "กระทรวงมหาดไทย", "agc": "กรมโยธาธิการและผังเมือง", "plan_name": "แผนงานบูรณาการขับเคลื่อนการแก้ไขปัญหาจังหวัดชายแดนภาคใต้ ", "stg_name": "ยุทธศาสตร์ด้านความมั่นคงและการต่างประเทศ", "objc_level1_name": "งบลงทุน", "compare": [{"bb_amount": 3920000, "bb_province": "สงขลา", "gf_amount": 3912000, "gf_province": "สงขลา"}], "gf_amount_sum": 3912000}
{"bb_code": "1500741028410011", "bb_year": "2560", "amount": 3920000, "min_code": "15000", "agc_code": "15007", "name": "ควบคุมงานก่อสร้างระบบป้องกันน้ำท่วมพื้นที่ชุมชนเทศบาลตำบลบ้านแหลมอำเภอบางปลาม้า จังหวัดสุพรรณบุรี", "min": "กระทรวงมหาดไทย", "agc": "กรมโยธาธิการและผังเมือง", "plan_name": "แผนงานบูรณาการบริหารจัดการทรัพยากรน้ำ", "stg_name": "ยุทธศาสตร์ด้านการจัดการน้ำและสร้างการเติบโตบนคุณภาพชีวิตที่เป็นมิตรกับสิ่งแวดล้อมอย่างยั่งยืน", "objc_level1_name": "งบลงทุน", "compare": [{"bb_amount": 3920000, "bb_province": "สุพรรณบุรี"}, {"gf_amount": 1531460, "gf_province": "ส่วนกลาง", "bb_amount": null, "bb_province": "กรุงเทพมหานคร"}], "gf_amount_sum": 1531460}
{"bb_code": "1500741028410008", "bb_year": "2560", "amount": 3920000, "min_code": "15000", "agc_code": "15007", "name": "ควบคุมงานก่อสร้างระบบป้องกันน้ำท่วมพื้นที่ชุมชนเมืองสุราษฎร์ธานี จังหวัดสุราษฎร์ธานี", "min": "กระทรวงมหาดไทย", "agc": "กรมโยธาธิการและผังเมือง", "plan_name": "แผนงานบูรณาการบริหารจัดการทรัพยากรน้ำ", "stg_name": "ยุทธศาสตร์ด้านการจัดการน้ำและสร้างการเติบโตบนคุณภาพชีวิตที่เป็นมิตรกับสิ่งแวดล้อมอย่างยั่งยืน", "objc_level1_name": "งบลงทุน", "compare": [{"bb_amount": 3920000, "bb_province": "สุราษฎร์ธานี"}, {"gf_amount": 954440, "gf_province": "ส่วนกลาง", "bb_amount": null, "bb_province": "กรุงเทพมหานคร"}], "gf_amount_sum": 954440}
{"bb_code": "1500741009420051", "bb_year": "2560", "amount": 3920000, "min_code": "15000", "agc_code": "15007", "name": "เขื่อนป้องกันตลิ่งริมแม่น้ำปราจีนบุรี บริเวณวัดกระแจะ(ต่อเนื่องเขื่อนเดิม) ต.ท่างาม อ.เมือง จ.ปราจีนบุรีความยาว 200 เมตร", "min": "กระทรวงมหาดไทย", "agc": "กรมโยธาธิการและผังเมือง", "plan_name": "แผนงานบูรณาการบริหารจัดการทรัพยากรน้ำ", "stg_name": "ยุทธศาสตร์ด้านการจัดการน้ำและสร้างการเติบโตบนคุณภาพชีวิตที่เป็นมิตรกับสิ่งแวดล้อมอย่างยั่งยืน", "objc_level1_name": "งบลงทุน", "compare": [{"bb_amount": 3920000, "bb_province": "ปราจีนบุรี"}], "gf_amount_sum": 0}
{"bb_code": "1500848029600657", "bb_year": "2560", "amount": 3918000, "min_code": "15000", "agc_code": "15008", "name": "ก่อสร้างระบบประปาหมู่บ้านแบบผิวดินขนาดใหญ่มากหมู่ที่ 2 บ้านหองหว้า ตำบลสาหร่าย ตามแบบมาตรฐานกรมทรัพยากรน้ำ องค์การบริหารส่วนตำบลสาหร่ายอำเภอชุมพวง จังหวัดนครราชสีมา", "min": "กระทรวงมหาดไทย", "agc": "กรมส่งเสริมการปกครองท้องถิ่น", "plan_name": "แผนงานบูรณาการส่งเสริมการกระจายอำนาจให้แก่องค์กรปกครองส่วนท้องถิ่น", "stg_name": "ยุทธศาสตร์ด้านการปรับสมดุลและพัฒนาระบบบริหารจัดการภาครัฐ", "objc_level1_name": "งบอุดหนุน", "compare": [{"bb_amount": 3918000, "bb_province": "นครราชสีมา", "gf_amount": 0, "gf_province": "นครราชสีมา"}], "gf_amount_sum": 0}
{"bb_code": "1500848002600388", "bb_year": "2560", "amount": 3916000, "min_code": "15000", "agc_code": "15008", "name": "ปรับปรุงเสริมผิวจราจรยางพาราแอสฟัลท์ติกคอนกรีต สายบ้านศรีสวัสดิ์ -วัดถ้ำวิเวกศรีสวัสดิ์ ขนาดกว้าง 6 เมตร ยาว 1,049เมตร หนา 0.04 เมตร ไหล่ทางกว้างข้างละ 1 เมตรองค์การบริหารส่วนตำบลห้วยขุนราม อำเภอพัฒนานิคม จังหวัดลพบุรี", "min": "กระทรวงมหาดไทย", "agc": "กรมส่งเสริมการปกครองท้องถิ่น", "plan_name": "แผนงานบูรณาการส่งเสริมการกระจายอำนาจให้แก่องค์กรปกครองส่วนท้องถิ่น", "stg_name": "ยุทธศาสตร์ด้านการปรับสมดุลและพัฒนาระบบบริหารจัดการภาครัฐ", "objc_level1_name": "งบอุดหนุน", "compare": [{"bb_amount": 3916000, "bb_province": "ลพบุรี", "gf_amount": 2840000, "gf_province": "ลพบุรี"}], "gf_amount_sum": 2840000}
{"bb_code": "1500741009420011", "bb_year": "2560", "amount": 3901100, "min_code": "15000", "agc_code": "15007", "name": "เขื่อนป้องกันตลิ่งริมแม่น้ำเจ้าพระยา หมู่ที่ 4(โรงเรียนเกาะเทโพ-ร้านป้าสำราญ ต.เกาะเทโพ อ.เมืองอุทัยธานี จ.อุทัยธานีความยาว 340 เมตร", "min": "กระทรวงมหาดไทย", "agc": "กรมโยธาธิการและผังเมือง", "plan_name": "แผนงานบูรณาการบริหารจัดการทรัพยากรน้ำ", "stg_name": "ยุทธศาสตร์ด้านการจัดการน้ำและสร้างการเติบโตบนคุณภาพชีวิตที่เป็นมิตรกับสิ่งแวดล้อมอย่างยั่งยืน", "objc_level1_name": "งบลงทุน", "compare": [{"bb_amount": 3901100, "bb_province": "อุทัยธานี"}], "gf_amount_sum": 0}
{"bb_code": "1500703014410027", "bb_year": "2560", "amount": 3900000, "min_code": "15000", "agc_code": "15007", "name": "โครงการปรับปรุงถนนในชุมชน สายบ้านบองอ - ปีเหล็ง หมู่ที่ 4 ตำบลมะรือโบออก อำเภอเจาะไอร้องจังหวัดนราธิวาส ความกว้าง5.00 เมตร ระยะทาง 1.000กิโลเมตร", "min": "กระทรวงมหาดไทย", "agc": "กรมโยธาธิการและผังเมือง", "plan_name": "แผนงานบูรณาการขับเคลื่อนการแก้ไขปัญหาจังหวัดชายแดนภาคใต้ ", "stg_name": "ยุทธศาสตร์ด้านความมั่นคงและการต่างประเทศ", "objc_level1_name": "งบลงทุน", "compare": [{"bb_amount": 3900000, "bb_province": "นราธิวาส", "gf_amount": 3890000, "gf_province": "นราธิวาส"}], "gf_amount_sum": 3890000}
{"bb_code": "1500848029600462", "bb_year": "2560", "amount": 3897900, "min_code": "15000", "agc_code": "15008", "name": "ก่อสร้างระบบประปาหมู่บ้านแบบผิวดินขนาดใหญ่มากหมู่ที่ 4 บ้านบ้านบึงสว่างอารมณ์ ตำบลบึงทับแรตตามแบบมาตรฐาน กรมทรัพยากรน้ำ องค์การบริหารส่วนตำบลบึงทับแรตอำเภอลานกระบือ จังหวัดกำแพงเพชร", "min": "กระทรวงมหาดไทย", "agc": "กรมส่งเสริมการปกครองท้องถิ่น", "plan_name": "แผนงานบูรณาการส่งเสริมการกระจายอำนาจให้แก่องค์กรปกครองส่วนท้องถิ่น", "stg_name": "ยุทธศาสตร์ด้านการปรับสมดุลและพัฒนาระบบบริหารจัดการภาครัฐ", "objc_level1_name": "งบอุดหนุน", "compare": [{"bb_amount": 3897900, "bb_province": "กำแพงเพชร", "gf_amount": 3690048.85, "gf_province": "กำแพงเพชร"}], "gf_amount_sum": 3690048.85}
{"bb_code": "1500848002600A83", "bb_year": "2560", "amount": 3889000, "min_code": "15000", "agc_code": "15008", "name": "ซ่อมสร้างถนนลาดยางพาราเคพซีล โดยวิธี pavement in- place Recycling สายบ้านเก่าโกใต้ หมู่ที่ 8 - บ้านห้วยไร่ หมู่ที่ 9 ผิวจราจรกว้าง 6 เมตร ยาว 1,200เมตร ไหล่ทางข้างละ 1เมตร องค์การบริหารส่วนตำบลโนนขมิ้น อำเภอเมืองฯ จังหวัดหนองบัวลำภู", "min": "กระทรวงมหาดไทย", "agc": "กรมส่งเสริมการปกครองท้องถิ่น", "plan_name": "แผนงานบูรณาการส่งเสริมการกระจายอำนาจให้แก่องค์กรปกครองส่วนท้องถิ่น", "stg_name": "ยุทธศาสตร์ด้านการปรับสมดุลและพัฒนาระบบบริหารจัดการภาครัฐ", "objc_level1_name": "งบอุดหนุน", "compare": [{"bb_amount": 3889000, "bb_province": "หนองบัวลำภู", "gf_amount": 3863000, "gf_province": "หนองบัวลำภู"}], "gf_amount_sum": 3863000}
{"bb_code": "1500848002600670", "bb_year": "2560", "amount": 3881000, "min_code": "15000", "agc_code": "15008", "name": "ซ่อมสร้างถนนลาดยางผิวทางยางพาราแอสฟัลท์ติกคอนกรีต สายบ้านหนองมะขาม-บ้านหนองยอ หมู่ที่2 บ้านหนองมะขาม ตำบลไร่พัฒนา กว้าง 6 เมตร ยาว800 เมตร หนา 0.05 เมตรไหล่ทางข้างละ 1 เมตรหรือพื้นที่ไม่น้อยกว่า 6,400ตารางเมตร องค์การบริหารส่วนตำบลไร่พัฒนา อำเภอมโนรมย์ จังหวัดชัยนาท", "min": "กระทรวงมหาดไทย", "agc": "กรมส่งเสริมการปกครองท้องถิ่น", "plan_name": "แผนงานบูรณาการส่งเสริมการกระจายอำนาจให้แก่องค์กรปกครองส่วนท้องถิ่น", "stg_name": "ยุทธศาสตร์ด้านการปรับสมดุลและพัฒนาระบบบริหารจัดการภาครัฐ", "objc_level1_name": "งบอุดหนุน", "compare": [{"bb_amount": 3881000, "bb_province": "ชัยนาท", "gf_amount": 3415000, "gf_province": "ชัยนาท"}], "gf_amount_sum": 3415000}
{"bb_code": "1500848002600622", "bb_year": "2560", "amount": 3880000, "min_code": "15000", "agc_code": "15008", "name": "ซ่อมสร้างถนนลาดยางแอสฟัลท์ติกคอนกรีต (โดยวิธีPavement In-Place Recycling)สายบ้านไม้แดง หมู่ที่ 3 -บ้านสวายสอ หมู่ที่ 8 มีพื้นที่ไม่น้อยกว่า 10,350ตารางเมตร องค์การบริหารส่วนตำบลชุมแสง อำเภอกระสังจังหวัดบุรีรัมย์", "min": "กระทรวงมหาดไทย", "agc": "กรมส่งเสริมการปกครองท้องถิ่น", "plan_name": "แผนงานบูรณาการส่งเสริมการกระจายอำนาจให้แก่องค์กรปกครองส่วนท้องถิ่น", "stg_name": "ยุทธศาสตร์ด้านการปรับสมดุลและพัฒนาระบบบริหารจัดการภาครัฐ", "objc_level1_name": "งบอุดหนุน", "compare": [{"bb_amount": 3880000, "bb_province": "บุรีรัมย์", "gf_amount": 3863000, "gf_province": "บุรีรัมย์"}], "gf_amount_sum": 3863000}
{"bb_code": "1500741009420562", "bb_year": "2560", "amount": 3880000, "min_code": "15000", "agc_code": "15007", "name": "เขื่อนป้องกันตลิ่งริมคลองบางกอกน้อย พร้อมปรับปรุงภูมิทัศน์ บริเวณหน้าสถานีตำรวจภูธรบางใหญ่ (เก่า) ม.2 ต.บางม่วงอ.บางใหญ่ จ.นนทบุรี ความยาว 87 เมตร", "min": "กระทรวงมหาดไทย", "agc": "กรมโยธาธิการและผังเมือง", "plan_name": "แผนงานบูรณาการบริหารจัดการทรัพยากรน้ำ", "stg_name": "ยุทธศาสตร์ด้านการจัดการน้ำและสร้างการเติบโตบนคุณภาพชีวิตที่เป็นมิตรกับสิ่งแวดล้อมอย่างยั่งยืน", "objc_level1_name": "งบลงทุน", "compare": [{"bb_amount": 3880000, "bb_province": "นนทบุรี", "gf_amount": 2589000, "gf_province": "นนทบุรี"}], "gf_amount_sum": 2589000}
{"bb_code": "1500848029600130", "bb_year": "2560", "amount": 3876000, "min_code": "15000", "agc_code": "15008", "name": "ก่อสร้างระบบประปาหมู่บ้านแบบผิวดินขนาดใหญ่ หมู่ที่7 บ้านดาวเหนือ ตำบลดอนสมบูรณ์ ตามแบบมาตรฐานกรมทรัพยากรน้ำ องค์การบริหารส่วนตำบลดอนสมบูรณ์ อำเภอยางตลาดจังหวัดกาฬสินธุ์", "min": "กระทรวงมหาดไทย", "agc": "กรมส่งเสริมการปกครองท้องถิ่น", "plan_name": "แผนงานบูรณาการส่งเสริมการกระจายอำนาจให้แก่องค์กรปกครองส่วนท้องถิ่น", "stg_name": "ยุทธศาสตร์ด้านการปรับสมดุลและพัฒนาระบบบริหารจัดการภาครัฐ", "objc_level1_name": "งบอุดหนุน", "compare": [{"bb_amount": 3876000, "bb_province": "กาฬสินธุ์", "gf_amount": 3008372.8, "gf_province": "กาฬสินธุ์"}], "gf_amount_sum": 3008372.8}
{"bb_code": "1500738002410062", "bb_year": "2560", "amount": 3873000, "min_code": "15000", "agc_code": "15007", "name": "งานปรับปรุงพื้นที่ซ่อมบำรุงงานไม้ กองออกแบบก่อสร้างพลับพลาพิธีและโครงการพิเศษ แขวงสามเสนใน เขตพญาไทกรุงเทพมหานคร", "min": "กระทรวงมหาดไทย", "agc": "กรมโยธาธิการและผังเมือง", "plan_name": "แผนงานพื้นฐานด้านการจัดการน้ำและสร้างการเติบโตบนคุณภาพชีวิตที่เป็นมิตรกับสิ่งแวดล้อมอย่างยั่งยืน", "stg_name": "ยุทธศาสตร์ด้านการจัดการน้ำและสร้างการเติบโตบนคุณภาพชีวิตที่เป็นมิตรกับสิ่งแวดล้อมอย่างยั่งยืน", "objc_level1_name": "งบลงทุน", "compare": [{"bb_amount": 3873000, "bb_province": "กรุงเทพมหานคร", "gf_amount": 0, "gf_province": "ส่วนกลาง"}], "gf_amount_sum": 0}
{"bb_code": "1500948002500004", "bb_year": "2560", "amount": 3864600, "min_code": "15000", "agc_code": "15009", "name": "สนับสนุนกิจกรรมศูนย์เด็กเล็ก", "min": "กระทรวงมหาดไทย", "agc": "กรุงเทพมหานคร", "plan_name": "แผนงานบูรณาการส่งเสริมการกระจายอำนาจให้แก่องค์กรปกครองส่วนท้องถิ่น", "stg_name": "ยุทธศาสตร์ด้านการปรับสมดุลและพัฒนาระบบบริหารจัดการภาครัฐ", "objc_level1_name": "งบอุดหนุน", "compare": [{"bb_amount": 3864600, "bb_province": "กรุงเทพมหานคร", "gf_amount": 3864600, "gf_province": "ส่วนกลาง"}], "gf_amount_sum": 3864600}
{"bb_code": "1500848002600844", "bb_year": "2560", "amount": 3853000, "min_code": "15000", "agc_code": "15008", "name": "ปรับปรุงผิวทางแอสฟัลท์ติกคอนกรีต สายบ้านห้วยยางกลาง - บ้านอมลาน ตำบลกองแขก กว้าง 5 เมตร ยาว2,000 เมตร หนา 0.05เมตร องค์การบริหารส่วนตำบล กองแขก อำเภอแม่แจ่ม จังหวัดเชียงใหม่", "min": "กระทรวงมหาดไทย", "agc": "กรมส่งเสริมการปกครองท้องถิ่น", "plan_name": "แผนงานบูรณาการส่งเสริมการกระจายอำนาจให้แก่องค์กรปกครองส่วนท้องถิ่น", "stg_name": "ยุทธศาสตร์ด้านการปรับสมดุลและพัฒนาระบบบริหารจัดการภาครัฐ", "objc_level1_name": "งบอุดหนุน", "compare": [{"bb_amount": 3853000, "bb_province": "เชียงใหม่", "gf_amount": 3018000, "gf_province": "เชียงใหม่"}], "gf_amount_sum": 3018000}
{"bb_code": "1500741009420358", "bb_year": "2560", "amount": 3850000, "min_code": "15000", "agc_code": "15007", "name": "เขื่อนป้องกันตลิ่งริมแม่น้ำท่าจีน บริเวณโรงเรียนบ้านปล่องเหลี่ยม ม.10 ต.ท่าไม้ อ.กระทุ่มแบนจ.สมุทสาคร ความยาว 110เมตร", "min": "กระทรวงมหาดไทย", "agc": "กรมโยธาธิการและผังเมือง", "plan_name": "แผนงานบูรณาการบริหารจัดการทรัพยากรน้ำ", "stg_name": "ยุทธศาสตร์ด้านการจัดการน้ำและสร้างการเติบโตบนคุณภาพชีวิตที่เป็นมิตรกับสิ่งแวดล้อมอย่างยั่งยืน", "objc_level1_name": "งบลงทุน", "compare": [{"bb_amount": 3850000, "bb_province": "สมุทรสาคร", "gf_amount": 2709900, "gf_province": "สมุทรสาคร"}], "gf_amount_sum": 2709900}
{"bb_code": "1500741009420003", "bb_year": "2560", "amount": 3846900, "min_code": "15000", "agc_code": "15007", "name": "เขื่อนป้องกันตลิ่งริมแม่น้ำบางปะกง บริเวณวัดบ้านสร้าง ต.บ้านสร้าง อ.บ้านสร้าง จ.ปราจีนบุรี ความยาว227 เมตร", "min": "กระทรวงมหาดไทย", "agc": "กรมโยธาธิการและผังเมือง", "plan_name": "แผนงานบูรณาการบริหารจัดการทรัพยากรน้ำ", "stg_name": "ยุทธศาสตร์ด้านการจัดการน้ำและสร้างการเติบโตบนคุณภาพชีวิตที่เป็นมิตรกับสิ่งแวดล้อมอย่างยั่งยืน", "objc_level1_name": "งบลงทุน", "compare": [{"bb_amount": 3846900, "bb_province": "ปราจีนบุรี"}], "gf_amount_sum": 0}
