{"bb_code": "1500848002600126", "bb_year": "2560", "amount": 3842000, "min_code": "15000", "agc_code": "15008", "name": "ซ่อมสร้างถนนลาดยางแอสฟัลท์ติกคอนกรีต (โดยวิธีPavement In-Place Recycling)หมู่ที่ 4 บ้านควน-บ้านโคกมะพร้าว กว้าง 7 เมตร ยาว1,000 เมตร หนา 0.05เมตร เทศบาลตำบลเมืองเวียง อำเภอเวียงสระจังหวัดสุราษฎร์ธานี", "min": "กระทรวงมหาดไทย", "agc": "กรมส่งเสริมการปกครองท้องถิ่น", "plan_name": "แผนงานบูรณาการส่งเสริมการกระจายอำนาจให้แก่องค์กรปกครองส่วนท้องถิ่น", "stg_name": "ยุทธศาสตร์ด้านการปรับสมดุลและพัฒนาระบบบริหารจัดการภาครัฐ", "objc_level1_name": "งบอุดหนุน", "compare": [{"bb_amount": 3842000, "bb_province": "สุราษฎร์ธานี", "gf_amount": 3840000, "gf_province": "สุราษฎร์ธานี"}], "gf_amount_sum": 3840000}
{"bb_code": "1500848002600A87", "bb_year": "2560", "amount": 3842000, "min_code": "15000", "agc_code": "15008", "name": "เสริมผิวจราจรยางพาราแอสฟัลท์ติกคอนกรีตสายบ้านปากเกาะ-นอกนา หมู่ที่ 3ตำบลเกาะคอเขา กว้าง 9เมตร ยาว 945 เมตร หนา0.04 เมตร องค์การบริหารส่วนตำบลเกาะคอเขาอำเภอตะกั่วป่า จังหวัดพังงา", "min": "กระทรวงมหาดไทย", "agc": "กรมส่งเสริมการปกครองท้องถิ่น", "plan_name": "แผนงานบูรณาการส่งเสริมการกระจายอำนาจให้แก่องค์กรปกครองส่วนท้องถิ่น", "stg_name": "ยุทธศาสตร์ด้านการปรับสมดุลและพัฒนาระบบบริหารจัดการภาครัฐ", "objc_level1_name": "งบอุดหนุน", "compare": [{"bb_amount": 3842000, "bb_province": "พังงา", "gf_amount": 2970000, "gf_province": "พังงา"}], "gf_amount_sum": 2970000}
{"bb_code": "1500848002600595", "bb_year": "2560", "amount": 3840000, "min_code": "15000", "agc_code": "15008", "name": "ปรับปรุงซ่อมแซมผิวจราจรถนนแอสฟัลท์ติกคอนกรีตสาย ปท. 3021 ระหว่างคลอง 12 - 13 หมู่ที่ 5- 9ตำบลบึงคอไห กว้าง 5เมตร ยาว 1,400 เมตร หนา0.05 เมตร พื้นที่ไม่น้อยกว่า7,000 ตารางเมตร องค์การบริหารส่วนตำบลบึงคอไหอำเภอลำลูกกา จังหวัดปทุมธานี", "min": "กระทรวงมหาดไทย", "agc": "กรมส่งเสริมการปกครองท้องถิ่น", "plan_name": "แผนงานบูรณาการส่งเสริมการกระจายอำนาจให้แก่องค์กรปกครองส่วนท้องถิ่น", "stg_name": "ยุทธศาสตร์ด้านการปรับสมดุลและพัฒนาระบบบริหารจัดการภาครัฐ", "objc_level1_name": "งบอุดหนุน", "compare": [{"bb_amount": 3840000, "bb_province": "ปทุมธานี", "gf_amount": 2855000, "gf_province": "ปทุมธานี"}], "gf_amount_sum": 2855000}
{"bb_code": "1500848002600A78", "bb_year": "2560", "amount": 3836000, "min_code": "15000", "agc_code": "15008", "name": "ปรับปรุงถนนลาดยางแอสฟัลท์ติกคอนกรีต ( อบจ.นม.23202 ) สายบ้านหนองขามนาดี - บ้านพะไล กว้าง6 เมตร ยาว 2,000 เมตรหนา 0.04 เมตร องค์การบริหารส่วนจังหวัดนครราชสีมา อำเภอแก้งสนามนาง จังหวัดนครราชสีมา", "min": "กระทรวงมหาดไทย", "agc": "กรมส่งเสริมการปกครองท้องถิ่น", "plan_name": "แผนงานบูรณาการส่งเสริมการกระจายอำนาจให้แก่องค์กรปกครองส่วนท้องถิ่น", "stg_name": "ยุทธศาสตร์ด้านการปรับสมดุลและพัฒนาระบบบริหารจัดการภาครัฐ", "objc_level1_name": "งบอุดหนุน", "compare": [{"bb_amount": 3836000, "bb_province": "นครราชสีมา", "gf_amount": 2120000, "gf_province": "นครราชสีมา"}], "gf_amount_sum": 2120000}
{"bb_code": "1500741009420016", "bb_year": "2560", "amount": 3831200, "min_code": "15000", "agc_code": "15007", "name": "เขื่อนป้องกันตลิ่งริมแม่น้ำเจ้าพระยา หมู่ที่ 5, 6 ,7 ต.ท่าน้ำอ้อย อ.พยุหะคีรี จ.นครสวรรค์ ความยาว 280เมตร", "min": "กระทรวงมหาดไทย", "agc": "กรมโยธาธิการและผังเมือง", "plan_name": "แผนงานบูรณาการบริหารจัดการทรัพยากรน้ำ", "stg_name": "ยุทธศาสตร์ด้านการจัดการน้ำและสร้างการเติบโตบนคุณภาพชีวิตที่เป็นมิตรกับสิ่งแวดล้อมอย่างยั่งยืน", "objc_level1_name": "งบลงทุน", "compare": [{"bb_amount": 3831200, "bb_province": "นครสวรรค์"}, {"gf_amount": 18331200, "gf_province": "ส่วนกลาง", "bb_amount": null, "bb_province": "กรุงเทพมหานคร"}], "gf_amount_sum": 18331200}
{"bb_code": "1500848029600F73", "bb_year": "2560", "amount": 3822200, "min_code": "15000", "agc_code": "15008", "name": "ขยายเขตระบบประปาหมู่บ้าน สายบ้านดอนทิงทวด หมู่ที่ 11 ตำบลบางหมาก เทศบาลตำบลบางหมาก อำเภอเมืองชุมพรจังหวัดชุมพร", "min": "กระทรวงมหาดไทย", "agc": "กรมส่งเสริมการปกครองท้องถิ่น", "plan_name": "แผนงานบูรณาการส่งเสริมการกระจายอำนาจให้แก่องค์กรปกครองส่วนท้องถิ่น", "stg_name": "ยุทธศาสตร์ด้านการปรับสมดุลและพัฒนาระบบบริหารจัดการภาครัฐ", "objc_level1_name": "งบอุดหนุน", "compare": [{"bb_amount": 3822200, "bb_province": "ชุมพร", "gf_amount": 3807000, "gf_province": "ชุมพร"}], "gf_amount_sum": 3807000}
{"bb_code": "1500848029600T80", "bb_year": "2560", "amount": 3820000, "min_code": "15000", "agc_code": "15008", "name": "ก่อสร้างประปาหมู่บ้านแบบผิวดินขนาดใหญ่มาก หมู่ที่8 บ้านหนองแหลม ตำบลหนองขอนกว้าง ตามแบบมาตรฐานกรมทรัพยากรน้ำเทศบาลตำบลหนองขอนกว้าง อำเภอเมืองอุดรธานีจังหวัดอุดรธานี", "min": "กระทรวงมหาดไทย", "agc": "กรมส่งเสริมการปกครองท้องถิ่น", "plan_name": "แผนงานบูรณาการส่งเสริมการกระจายอำนาจให้แก่องค์กรปกครองส่วนท้องถิ่น", "stg_name": "ยุทธศาสตร์ด้านการปรับสมดุลและพัฒนาระบบบริหารจัดการภาครัฐ", "objc_level1_name": "งบอุดหนุน", "compare": [{"bb_amount": 3820000, "bb_province": "อุดรธานี", "gf_amount": 2664200, "gf_province": "อุดรธานี"}], "gf_amount_sum": 2664200}
{"bb_code": "1500703014410022", "bb_year": "2560", "amount": 3809000, "min_code": "15000", "agc_code": "15007", "name": "โครงการปรับปรุงถนนในชุมชนสายน้ำตกเฉลิมพระเกียรติ หมู่ที่ 2 ตำบลอัยเยอร์เวง อำเภอเบตงจังหวัดยะลา กว้าง 5.00เมตร ระยะทาง 0.900กิโลเมตร", "min": "กระทรวงมหาดไทย", "agc": "กรมโยธาธิการและผังเมือง", "plan_name": "แผนงานบูรณาการขับเคลื่อนการแก้ไขปัญหาจังหวัดชายแดนภาคใต้ ", "stg_name": "ยุทธศาสตร์ด้านความมั่นคงและการต่างประเทศ", "objc_level1_name": "งบลงทุน", "compare": [{"bb_amount": 3809000, "bb_province": "ยะลา", "gf_amount": 3786000, "gf_province": "ยะลา"}], "gf_amount_sum": 3786000}
{"bb_code": "1500848002600453", "bb_year": "2560", "amount": 3807000, "min_code": "15000", "agc_code": "15008", "name": "ซ่อมแซมถนนแอสฟัลท์ติกคอนกรีต สาย นน.3276บ้านหนอง-บ้านสถาน หมู่ที่1, 9 ตำบลกลางเวียง มีพื้นที่ไม่น้อยกว่า 11,055ตารางเมตร เทศบาลตำบลกลางเวียง อำเภอเวียงสาจังหวัดน่าน", "min": "กระทรวงมหาดไทย", "agc": "กรมส่งเสริมการปกครองท้องถิ่น", "plan_name": "แผนงานบูรณาการส่งเสริมการกระจายอำนาจให้แก่องค์กรปกครองส่วนท้องถิ่น", "stg_name": "ยุทธศาสตร์ด้านการปรับสมดุลและพัฒนาระบบบริหารจัดการภาครัฐ", "objc_level1_name": "งบอุดหนุน", "compare": [{"bb_amount": 3807000, "bb_province": "น่าน", "gf_amount": 0, "gf_province": "น่าน"}], "gf_amount_sum": 0}
{"bb_code": "1500645009700001", "bb_year": "2560", "amount": 3800000, "min_code": "15000", "agc_code": "15006", "name": "โครงการฝึกอบรมสร้างเครือข่ายอาสาสมัครป้องกันภัยฝ่ายพลเรือนในการป้องกันและปราบปรามการทุจริต", "min": "กระทรวงมหาดไทย", "agc": "กรมป้องกันและบรรเทาสาธารณภัย", "plan_name": "แผนงานบูรณาการป้องกัน ปราบปรามการทุจริตและประพฤติมิชอบ ", "stg_name": "ยุทธศาสตร์ด้านการปรับสมดุลและพัฒนาระบบบริหารจัดการภาครัฐ", "objc_level1_name": "รายจ่ายอื่น", "compare": [{"bb_amount": 3800000, "bb_province": "กรุงเทพมหานคร", "gf_amount": 0, "gf_province": "ส่วนกลาง"}, {"gf_amount": 50000, "gf_province": "เพชรบูรณ์", "bb_amount": null, "bb_province": "เพชรบูรณ์"}, {"gf_amount": 50000, "gf_province": "นครพนม", "bb_amount": null, "bb_province": "นครพนม"}, {"gf_amount": 50000, "gf_province": "ยโสธร", "bb_amount": null, "bb_province": "ยโสธร"}, {"gf_amount": 50000, "gf_province": "สุรินทร์", "bb_amount": null, "bb_province": "สุรินทร์"}, {"gf_amount": 50000, "gf_province": "จันทบุรี", "bb_amount": null, "bb_province": "จันทบุรี"}, {"gf_amount": 50000, "gf_province": "ร้อยเอ็ด", "bb_amount": null, "bb_province": "ร้อยเอ็ด"}, {"gf_amount": 50000, "gf_province": "สุพรรณบุรี", "bb_amount": null, "bb_province": "สุพรรณบุรี"}, {"gf_amount": 50000, "gf_province": "ปทุมธานี", "bb_amount": null, "bb_province": "ปทุมธานี"}, {"gf_amount": 50000, "gf_province": "สุโขทัย", "bb_amount": null, "bb_province": "สุโขทัย"}, {"gf_amount": 50000, "gf_province": "พัทลุง", "bb_amount": null, "bb_province": "พัทลุง"}, {"gf_amount": 50000, "gf_province": "มุกดาหาร", "bb_amount": null, "bb_province": "มุกดาหาร"}, {"gf_amount": 50000, "gf_province": "ตรัง", "bb_amount": null, "bb_province": "ตรัง"}, {"gf_amount": 50000, "gf_province": "อุดรธานี", "bb_amount": null, "bb_province": "อุดรธานี"}, {"gf_amount": 50000, "gf_province": "หนองคาย", "bb_amount": null, "bb_province": "หนองคาย"}, {"gf_amount": 50000, "gf_province": "มหาสารคาม", "bb_amount": null, "bb_province": "มหาสารคาม"}, {"gf_amount": 50000, "gf_province": "พังงา", "bb_amount": null, "bb_province": "พังงา"}, {"gf_amount": 50000, "gf_province": "สิงห์บุรี", "bb_amount": null, "bb_province": "สิงห์บุรี"}, {"gf_amount": 50000, "gf_province": "ลพบุรี", "bb_amount": null, "bb_province": "ลพบุรี"}, {"gf_amount": 50000, "gf_province": "ตราด", "bb_amount": null, "bb_province": "ตราด"}, {"gf_amount": 50000, "gf_province": "กาญจนบุรี", "bb_amount": null, "bb_province": "กาญจนบุรี"}, {"gf_amount": 50000, "gf_province": "ประจวบคีรีขันธ์", "bb_amount": null, "bb_province": "ประจวบคีรีขันธ์"}, {"gf_amount": 50000, "gf_province": "เลย", "bb_amount": null, "bb_province": "เลย"}, {"gf_amount": 50000, "gf_province": "สมุทรสาคร", "bb_amount": null, "bb_province": "สมุทรสาคร"}, {"gf_amount": 50000, "gf_province": "อุบลราชธานี", "bb_amount": null, "bb_province": "อุบลราชธานี"}, {"gf_amount": 50000, "gf_province": "นครนายก", "bb_amount": null, "bb_province": "นครนายก"}, {"gf_amount": 50000, "gf_province": "กาฬสินธุ์", "bb_amount": null, "bb_province": "กาฬสินธุ์"}, {"gf_amount": 50000, "gf_province": "ยะลา", "bb_amount": null, "bb_province": "ยะลา"}, {"gf_amount": 50000, "gf_province": "นนทบุรี", "bb_amount": null, "bb_province": "นนทบุรี"}, {"gf_amount": 50000, "gf_province": "นครปฐม", "bb_amount": null, "bb_province": "นครปฐม"}, {"gf_amount": 50000, "gf_province": "กำแพงเพชร", "bb_amount": null, "bb_province": "กำแพงเพชร"}, {"gf_amount": 50000, "gf_province": "แม่ฮ่องสอน", "bb_amount": null, "bb_province": "แม่ฮ่องสอน"}, {"gf_amount": 50000, "gf_province": "ลำปาง", "bb_amount": null, "bb_province": "ลำปาง"}, {"gf_amount": 50000, "gf_province": "ขอนแก่น", "bb_amount": null, "bb_province": "ขอนแก่น"}, {"gf_amount": 50000, "gf_province": "สงขลา", "bb_amount": null, "bb_province": "สงขลา"}, {"gf_amount": 50000, "gf_province": "อำนาจเจริญ", "bb_amount": null, "bb_province": "อำนาจเจริญ"}, {"gf_amount": 50000, "gf_province": "บุรีรัมย์", "bb_amount": null, "bb_province": "บุรีรัมย์"}, {"gf_amount": 50000, "gf_province": "ปัตตานี", "bb_amount": null, "bb_province": "ปัตตานี"}, {"gf_amount": 50000, "gf_province": "ชุมพร", "bb_amount": null, "bb_province": "ชุมพร"}, {"gf_amount": 50000, "gf_province": "สกลนคร", "bb_amount": null, "bb_province": "สกลนคร"}, {"gf_amount": 50000, "gf_province": "ชัยภูมิ", "bb_amount": null, "bb_province": "ชัยภูมิ"}, {"gf_amount": 50000, "gf_province": "ภูเก็ต", "bb_amount": null, "bb_province": "ภูเก็ต"}, {"gf_amount": 50000, "gf_province": "ปราจีนบุรี", "bb_amount": null, "bb_province": "ปราจีนบุรี"}, {"gf_amount": 50000, "gf_province": "ลำพูน", "bb_amount": null, "bb_province": "ลำพูน"}, {"gf_amount": 50000, "gf_province": "เชียงราย", "bb_amount": null, "bb_province": "เชียงราย"}, {"gf_amount": 50000, "gf_province": "อุทัยธานี", "bb_amount": null, "bb_province": "อุทัยธานี"}, {"gf_amount": 50000, "gf_province": "ชลบุรี", "bb_amount": null, "bb_province": "ชลบุรี"}, {"gf_amount": 50000, "gf_province": "ระยอง", "bb_amount": null, "bb_province": "ระยอง"}, {"gf_amount": 50000, "gf_province": "ชัยนาท", "bb_amount": null, "bb_province": "ชัยนาท"}, {"gf_amount": 50000, "gf_province": "เพชรบุรี", "bb_amount": null, "bb_province": "เพชรบุรี"}, {"gf_amount": 50000, "gf_province": "กระบี่", "bb_amount": null, "bb_province": "กระบี่"}, {"gf_amount": 50000, "gf_province": "สมุทรปราการ", "bb_amount": null, "bb_province": "สมุทรปราการ"}, {"gf_amount": 50000, "gf_province": "สระบุรี", "bb_amount": null, "bb_province": "สระบุรี"}, {"gf_amount": 50000, "gf_province": "นราธิวาส", "bb_amount": null, "bb_province": "นราธิวาส"}, {"gf_amount": 50000, "gf_province": "ศรีสะเกษ", "bb_amount": null, "bb_province": "ศรีสะเกษ"}, {"gf_amount": 50000, "gf_province": "หนองบัวลำภู", "bb_amount": null, "bb_province": "หนองบัวลำภู"}, {"gf_amount": 50000, "gf_province": "พิจิตร", "bb_amount": null, "bb_province": "พิจิตร"}, {"gf_amount": 50000, "gf_province": "นครศรีธรรมราช", "bb_amount": null, "bb_province": "นครศรีธรรมราช"}, {"gf_amount": 50000, "gf_province": "ระนอง", "bb_amount": null, "bb_province": "ระนอง"}, {"gf_amount": 50000, "gf_province": "ฉะเชิงเทรา", "bb_amount": null, "bb_province": "ฉะเชิงเทรา"}, {"gf_amount": 50000, "gf_province": "บึงกาฬ", "bb_amount": null, "bb_province": "บึงกาฬ"}, {"gf_amount": 50000, "gf_province": "เชียงใหม่", "bb_amount": null, "bb_province": "เชียงใหม่"}, {"gf_amount": 50000, "gf_province": "สตูล", "bb_amount": null, "bb_province": "สตูล"}, {"gf_amount": 49999, "gf_province": "นครสวรรค์", "bb_amount": null, "bb_province": "นครสวรรค์"}, {"gf_amount": 49995, "gf_province": "อ่างทอง", "bb_amount": null, "bb_province": "อ่างทอง"}, {"gf_amount": 49995, "gf_province": "ตาก", "bb_amount": null, "bb_province": "ตาก"}, {"gf_amount": 49986, "gf_province": "สุราษฎร์ธานี", "bb_amount": null, "bb_province": "สุราษฎร์ธานี"}, {"gf_amount": 49981, "gf_province": "พระนครศรีอยุธยา", "bb_amount": null, "bb_province": "พระนครศรีอยุธยา"}, {"gf_amount": 49970, "gf_province": "นครราชสีมา", "bb_amount": null, "bb_province": "นครราชสีมา"}, {"gf_amount": 49900, "gf_province": "พะเยา", "bb_amount": null, "bb_province": "พะเยา"}, {"gf_amount": 49850, "gf_province": "อุตรดิตถ์", "bb_amount": null, "bb_province": "อุตรดิตถ์"}, {"gf_amount": 48810, "gf_province": "น่าน", "bb_amount": null, "bb_province": "น่าน"}, {"gf_amount": 48800, "gf_province": "แพร่", "bb_amount": null, "bb_province": "แพร่"}, {"gf_amount": 48762, "gf_province": "ราชบุรี", "bb_amount": null, "bb_province": "ราชบุรี"}, {"gf_amount": 48710, "gf_province": "พิษณุโลก", "bb_amount": null, "bb_province": "พิษณุโลก"}, {"gf_amount": 45400, "gf_province": "สมุทรสงคราม", "bb_amount": null, "bb_province": "สมุทรสงคราม"}, {"gf_amount": 35855, "gf_province": "สระแก้ว", "bb_amount": null, "bb_province": "สระแก้ว"}], "gf_amount_sum": 3776013}
{"bb_code": "1500848002600488", "bb_year": "2560", "amount": 3800000, "min_code": "15000", "agc_code": "15008", "name": "ปรับปรุงถนนลาดยางแบบOver Lay สาย นน 3115บ้านเฮี้ย -บ้านศาลา หมู่ที่1, หมู่ที่ 2, หมู่ที่ 6 ตำบลศิลาแลง จำนวน 2 ช่วง มีพื้นที่รวมไม่น้อยกว่า11,273 ตารางเมตรเทศบาลตำบลศิลาแลงอำเภอปัว จังหวัดน่าน", "min": "กระทรวงมหาดไทย", "agc": "กรมส่งเสริมการปกครองท้องถิ่น", "plan_name": "แผนงานบูรณาการส่งเสริมการกระจายอำนาจให้แก่องค์กรปกครองส่วนท้องถิ่น", "stg_name": "ยุทธศาสตร์ด้านการปรับสมดุลและพัฒนาระบบบริหารจัดการภาครัฐ", "objc_level1_name": "งบอุดหนุน", "compare": [{"bb_amount": 3800000, "bb_province": "น่าน", "gf_amount": 3076000, "gf_province": "น่าน"}], "gf_amount_sum": 3076000}
{"bb_code": "1500544001410042", "bb_year": "2560", "amount": 3800000, "min_code": "15000", "agc_code": "15005", "name": "ค่าปรับปรุงอาคารที่ทำการและสิ่งก่อสร้างประกอบตำบลในเมือง อำเภอเมืองนครพนม จังหวัดนครพนม", "min": "กระทรวงมหาดไทย", "agc": "กรมที่ดิน", "plan_name": "แผนงานพื้นฐานด้านการปรับสมดุลและพัฒนาระบบการบริหารจัดการภาครัฐ", "stg_name": "ยุทธศาสตร์ด้านการปรับสมดุลและพัฒนาระบบบริหารจัดการภาครัฐ", "objc_level1_name": "งบลงทุน", "compare": [{"bb_amount": 3800000, "bb_province": "นครพนม", "gf_amount": 2004000, "gf_province": "นครพนม"}], "gf_amount_sum": 2004000}
{"bb_code": "1500741009420268", "bb_year": "2560", "amount": 3800000, "min_code": "15000", "agc_code": "15007", "name": "เขื่อนป้องกันตลิ่งริมแม่น้ำท่าจีน (บ้านคลองสำโรง)ระยะที่ 2 ม.5 ต.สวนส้ม อ.บ้านแพ้ว จ.สมุทรสาครความยาว 120 เมตร", "min": "กระทรวงมหาดไทย", "agc": "กรมโยธาธิการและผังเมือง", "plan_name": "แผนงานบูรณาการบริหารจัดการทรัพยากรน้ำ", "stg_name": "ยุทธศาสตร์ด้านการจัดการน้ำและสร้างการเติบโตบนคุณภาพชีวิตที่เป็นมิตรกับสิ่งแวดล้อมอย่างยั่งยืน", "objc_level1_name": "งบลงทุน", "compare": [{"bb_amount": 3800000, "bb_province": "สมุทรสาคร", "gf_amount": 2820000, "gf_province": "สมุทรสาคร"}], "gf_amount_sum": 2820000}
{"bb_code": "1500303024500002", "bb_year": "2560", "amount": 3800000, "min_code": "15000", "agc_code": "15003", "name": "เงินอุดหนุนทุนการศึกษาแก่นักศึกษาชาวไทยมุสลิมจังหวัดชายแดนภาคใต้", "min": "กระทรวงมหาดไทย", "agc": "กรมการปกครอง", "plan_name": "แผนงานบูรณาการขับเคลื่อนการแก้ไขปัญหาจังหวัดชายแดนภาคใต้ ", "stg_name": "ยุทธศาสตร์ด้านความมั่นคงและการต่างประเทศ", "objc_level1_name": "งบอุดหนุน", "compare": [{"bb_amount": 3800000, "bb_province": "กรุงเทพมหานคร", "gf_amount": 3690000, "gf_province": "ส่วนกลาง"}], "gf_amount_sum": 3690000}
{"bb_code": "1500741009420036", "bb_year": "2560", "amount": 3800000, "min_code": "15000", "agc_code": "15007", "name": "เขื่อนป้องกันตลิ่งแม่น้ำสวีหนุ่ม บ้านดอนสะท้อน ม.6ต.ปากแพรก อ.สวี จ.ชุมพรความยาว 200 เมตร", "min": "กระทรวงมหาดไทย", "agc": "กรมโยธาธิการและผังเมือง", "plan_name": "แผนงานบูรณาการบริหารจัดการทรัพยากรน้ำ", "stg_name": "ยุทธศาสตร์ด้านการจัดการน้ำและสร้างการเติบโตบนคุณภาพชีวิตที่เป็นมิตรกับสิ่งแวดล้อมอย่างยั่งยืน", "objc_level1_name": "งบลงทุน", "compare": [{"bb_amount": 3800000, "bb_province": "ชุมพร"}], "gf_amount_sum": 0}
{"bb_code": "1500848002600227", "bb_year": "2560", "amount": 3799600, "min_code": "15000", "agc_code": "15008", "name": "ซ่อมแซมถนนแอสฟัลท์ติกคอนกรีตสาย นบ.3055บ้านแหลมเหนือ - วัดตาลหมู่ที่ 1,5 ตำบลบางตะไนย์กว้าง 6 เมตร ยาว 1,500เมตร หนา 0.05 เมตร ไหล่ทางหินคลุกกว้างข้างละ0.50 เมตร องค์การบริหารส่วนตำบลบางตะไนย์อำเภอปากเกร็ด จังหวัดนนทบุรี", "min": "กระทรวงมหาดไทย", "agc": "กรมส่งเสริมการปกครองท้องถิ่น", "plan_name": "แผนงานบูรณาการส่งเสริมการกระจายอำนาจให้แก่องค์กรปกครองส่วนท้องถิ่น", "stg_name": "ยุทธศาสตร์ด้านการปรับสมดุลและพัฒนาระบบบริหารจัดการภาครัฐ", "objc_level1_name": "งบอุดหนุน", "compare": [{"bb_amount": 3799600, "bb_province": "นนทบุรี", "gf_amount": 3780000, "gf_province": "นนทบุรี"}], "gf_amount_sum": 3780000}
{"bb_code": "1500848002600355", "bb_year": "2560", "amount": 3799000, "min_code": "15000", "agc_code": "15008", "name": "ซ่อมสร้างผิวจราจรลาดยางปูทับด้วยแอสฟัลท์ติกคอนกรีตสายทางบ้านม่อนหินแก้ว - บ้านสาด หมู่ที่ 4บ้านม่อนหินแก้ว ตำบลวังพร้าว กว้าง 9 เมตร ยาว1,330 เมตร หนา 0.05เมตร เทศบาลตำบลวังพร้าว อำเภอเกาะคาจังหวัดลำปาง", "min": "กระทรวงมหาดไทย", "agc": "กรมส่งเสริมการปกครองท้องถิ่น", "plan_name": "แผนงานบูรณาการส่งเสริมการกระจายอำนาจให้แก่องค์กรปกครองส่วนท้องถิ่น", "stg_name": "ยุทธศาสตร์ด้านการปรับสมดุลและพัฒนาระบบบริหารจัดการภาครัฐ", "objc_level1_name": "งบอุดหนุน", "compare": [{"bb_amount": 3799000, "bb_province": "ลำปาง", "gf_amount": 1800000, "gf_province": "ลำปาง"}], "gf_amount_sum": 1800000}
{"bb_code": "1500738002410069", "bb_year": "2560", "amount": 3797000, "min_code": "15000", "agc_code": "15007", "name": "ค่าปรับปรุงและก่อสร้างอาคารสำนักงาน และโรงเก็บพัสดุ บ้านพักข้าราชการโรงจอดรถ ก่อสร้างรั้ว คสล.และถมดิน ฯลฯ ของสำนักงานโยธาธิการและผังเมืองจังหวัดพะเยา ตำบลบ้านต๋อม อำเภอเมืองพะเยา จังหวัดพะเยา", "min": "กระทรวงมหาดไทย", "agc": "กรมโยธาธิการและผังเมือง", "plan_name": "แผนงานพื้นฐานด้านการจัดการน้ำและสร้างการเติบโตบนคุณภาพชีวิตที่เป็นมิตรกับสิ่งแวดล้อมอย่างยั่งยืน", "stg_name": "ยุทธศาสตร์ด้านการจัดการน้ำและสร้างการเติบโตบนคุณภาพชีวิตที่เป็นมิตรกับสิ่งแวดล้อมอย่างยั่งยืน", "objc_level1_name": "งบลงทุน", "compare": [{"bb_amount": 3797000, "bb_province": "พะเยา", "gf_amount": 3769110.33, "gf_province": "พะเยา"}], "gf_amount_sum": 3769110.33}
{"bb_code": "1500848002600523", "bb_year": "2560", "amount": 3792000, "min_code": "15000", "agc_code": "15008", "name": "ซ่อมสร้างถนนผิวจราจรยางพาราแอสฟัลท์ติกคอนกรีตสายสายบ้านละหาน -บ้านมะนังปันยัง หมู่ที่ 5ตำบลสามัคคี กว้าง 6 เมตรยาว 970 เมตร หนา 0.04เมตร องค์การบริหารส่วนตำบลสามัคคี อำเภอรือเสาะ จังหวัดนราธิวาส", "min": "กระทรวงมหาดไทย", "agc": "กรมส่งเสริมการปกครองท้องถิ่น", "plan_name": "แผนงานบูรณาการส่งเสริมการกระจายอำนาจให้แก่องค์กรปกครองส่วนท้องถิ่น", "stg_name": "ยุทธศาสตร์ด้านการปรับสมดุลและพัฒนาระบบบริหารจัดการภาครัฐ", "objc_level1_name": "งบอุดหนุน", "compare": [{"bb_amount": 3792000, "bb_province": "นราธิวาส", "gf_amount": 3786000, "gf_province": "นราธิวาส"}], "gf_amount_sum": 3786000}
{"bb_code": "1500848002600299", "bb_year": "2560", "amount": 3790000, "min_code": "15000", "agc_code": "15008", "name": "ซ่อมสร้างผิวทางแอสฟัลท์ติกคอนกรีต (โดยวิธีPavement In - PlaceRecycling) สายบ้านสระแคนใต้ - บ้านทัพป่าจิก (ช่วงบ้านสระแคนใต้ - บ้านไทยพิทักษ์ หมู่ที่ 11) ตำบลราษฎร์เจริญ กว้าง 6 เมตรยาว 1,124 เมตร หนา 0.05เมตร องค์การบริหารส่วนตำบลราษฎร์เจริญ อำเภอพยัคฆภูมิพิสัย จังหวัดมหาสารคาม", "min": "กระทรวงมหาดไทย", "agc": "กรมส่งเสริมการปกครองท้องถิ่น", "plan_name": "แผนงานบูรณาการส่งเสริมการกระจายอำนาจให้แก่องค์กรปกครองส่วนท้องถิ่น", "stg_name": "ยุทธศาสตร์ด้านการปรับสมดุลและพัฒนาระบบบริหารจัดการภาครัฐ", "objc_level1_name": "งบอุดหนุน", "compare": [{"bb_amount": 3790000, "bb_province": "มหาสารคาม", "gf_amount": 2963000, "gf_province": "มหาสารคาม"}], "gf_amount_sum": 2963000}
