{"bb_code": "1500344035410062", "bb_year": "2560", "amount": 3692000, "min_code": "15000", "agc_code": "15003", "name": "ค่าปรับปรุงอาคารที่ทำการและสิ่งก่อสร้างประกอบอำเภอโป่งน้ำร้อน จังหวัดจันทบุรี", "min": "กระทรวงมหาดไทย", "agc": "กรมการปกครอง", "plan_name": "แผนงานพื้นฐานด้านการปรับสมดุลและพัฒนาระบบการบริหารจัดการภาครัฐ", "stg_name": "ยุทธศาสตร์ด้านการปรับสมดุลและพัฒนาระบบบริหารจัดการภาครัฐ", "objc_level1_name": "งบลงทุน", "compare": [{"bb_amount": 3692000, "bb_province": "จันทบุรี", "gf_amount": 3350000, "gf_province": "จันทบุรี"}], "gf_amount_sum": 3350000}
{"bb_code": "1500848029600B23", "bb_year": "2560", "amount": 3685400, "min_code": "15000", "agc_code": "15008", "name": "ก่อสร้างระบบประปาหมู่บ้านแบบผิวดินขนาดใหญ่มากหมู่ที่ 3 บ้านยายดา ต.ตะพงตามแบบมาตรฐานของกรมทรัพยากรน้ำ องค์การบริหารส่วนตำบลตะพงอำเภอเมืองระยอง จังหวัดระยอง", "min": "กระทรวงมหาดไทย", "agc": "กรมส่งเสริมการปกครองท้องถิ่น", "plan_name": "แผนงานบูรณาการส่งเสริมการกระจายอำนาจให้แก่องค์กรปกครองส่วนท้องถิ่น", "stg_name": "ยุทธศาสตร์ด้านการปรับสมดุลและพัฒนาระบบบริหารจัดการภาครัฐ", "objc_level1_name": "งบอุดหนุน", "compare": [{"bb_amount": 3685400, "bb_province": "ระยอง", "gf_amount": 3602471.81, "gf_province": "ระยอง"}], "gf_amount_sum": 3602471.81}
{"bb_code": "1500848002600575", "bb_year": "2560", "amount": 3676000, "min_code": "15000", "agc_code": "15008", "name": "ปรับปรุงซ่อมแซมผิวจราจรถนนคอนกรีตเสริมเหล็ก ปูทับด้วยแอสฟัลท์ติกคอนกรีต สายบ้านดอนเสียด -น้ำตกเจ็ดสี กว้าง 6 เมตรยาว 1,830 เมตร หนา 0.03เมตร องค์การบริหารส่วนตำบลบ้านต้อง อำเภอเซกาจังหวัดบึงกาฬ", "min": "กระทรวงมหาดไทย", "agc": "กรมส่งเสริมการปกครองท้องถิ่น", "plan_name": "แผนงานบูรณาการส่งเสริมการกระจายอำนาจให้แก่องค์กรปกครองส่วนท้องถิ่น", "stg_name": "ยุทธศาสตร์ด้านการปรับสมดุลและพัฒนาระบบบริหารจัดการภาครัฐ", "objc_level1_name": "งบอุดหนุน", "compare": [{"bb_amount": 3676000, "bb_province": "บึงกาฬ", "gf_amount": 3347000, "gf_province": "บึงกาฬ"}], "gf_amount_sum": 3347000}
{"bb_code": "1500244003700082", "bb_year": "2560", "amount": 3675000, "min_code": "15000", "agc_code": "15002", "name": "ค่าใช้จ่ายเพื่อชดเชยการปลูกสร้างและบำรุงสวนป่าสงวนแห่งชาติจังหวัดลำพูน", "min": "กระทรวงมหาดไทย", "agc": "สำนักงานปลัดกระทรวงมหาดไทย", "plan_name": "แผนงานพื้นฐานด้านการปรับสมดุลและพัฒนาระบบการบริหารจัดการภาครัฐ", "stg_name": "ยุทธศาสตร์ด้านการปรับสมดุลและพัฒนาระบบบริหารจัดการภาครัฐ", "objc_level1_name": "รายจ่ายอื่น", "compare": [{"bb_amount": 3675000, "bb_province": "กรุงเทพมหานคร", "gf_amount": 0, "gf_province": "ส่วนกลาง"}, {"gf_amount": 3675000, "gf_province": "ลำพูน", "bb_amount": null, "bb_province": "ลำพูน"}], "gf_amount_sum": 3675000}
{"bb_code": "1500848002600859", "bb_year": "2560", "amount": 3672000, "min_code": "15000", "agc_code": "15008", "name": "ซ่อมแซมถนนลาดยาง สายวัดอินทาราม หมู่ที่ 1 ตำบลหนองตีนนก กว้าง 6 เมตรยาว 1,015 เมตร หนา 0.05เมตร องค์การบริหารส่วนตำบลหนองตีนนก อำเภอบ้านโพธิ์ จังหวัดฉะเชิงเทรา", "min": "กระทรวงมหาดไทย", "agc": "กรมส่งเสริมการปกครองท้องถิ่น", "plan_name": "แผนงานบูรณาการส่งเสริมการกระจายอำนาจให้แก่องค์กรปกครองส่วนท้องถิ่น", "stg_name": "ยุทธศาสตร์ด้านการปรับสมดุลและพัฒนาระบบบริหารจัดการภาครัฐ", "objc_level1_name": "งบอุดหนุน", "compare": [{"bb_amount": 3672000, "bb_province": "ฉะเชิงเทรา", "gf_amount": 3205000, "gf_province": "ฉะเชิงเทรา"}], "gf_amount_sum": 3205000}
{"bb_code": "1500741009420212", "bb_year": "2560", "amount": 3671200, "min_code": "15000", "agc_code": "15007", "name": "เขื่อนป้องกันตลิ่งริมแม่น้ำมูล บ้านวังยาง ต.บุ่งหวายอ.วารินชำราบ จ.อุบลราชธานี ความยาว 765เมตร", "min": "กระทรวงมหาดไทย", "agc": "กรมโยธาธิการและผังเมือง", "plan_name": "แผนงานบูรณาการบริหารจัดการทรัพยากรน้ำ", "stg_name": "ยุทธศาสตร์ด้านการจัดการน้ำและสร้างการเติบโตบนคุณภาพชีวิตที่เป็นมิตรกับสิ่งแวดล้อมอย่างยั่งยืน", "objc_level1_name": "งบลงทุน", "compare": [{"bb_amount": 3671200, "bb_province": "อุบลราชธานี"}], "gf_amount_sum": 0}
{"bb_code": "1500848002600839", "bb_year": "2560", "amount": 3670000, "min_code": "15000", "agc_code": "15008", "name": "ซ่อมสร้างผิวจราจรคอนกรีตเสริมเหล็ก ถนนสาย ชม.ถ.54-004 บ้านป่าไผ่ - บ้านแม่ฮ่องไคร้ ตำบลแม่โป่งพื้นที่ไม่น้อยกว่า 3,695ตารางเมตร เทศบาลตำบลแม่โป่ง อำเภอดอยสะเก็ดจังหวัดเชียงใหม่", "min": "กระทรวงมหาดไทย", "agc": "กรมส่งเสริมการปกครองท้องถิ่น", "plan_name": "แผนงานบูรณาการส่งเสริมการกระจายอำนาจให้แก่องค์กรปกครองส่วนท้องถิ่น", "stg_name": "ยุทธศาสตร์ด้านการปรับสมดุลและพัฒนาระบบบริหารจัดการภาครัฐ", "objc_level1_name": "งบอุดหนุน", "compare": [{"bb_amount": 3670000, "bb_province": "เชียงใหม่", "gf_amount": 3650000, "gf_province": "เชียงใหม่"}], "gf_amount_sum": 3650000}
{"bb_code": "1500848002600A47", "bb_year": "2560", "amount": 3662000, "min_code": "15000", "agc_code": "15008", "name": "ซ่อมแซม/ปรับปรุงถนนคอนกรีตเสริมเหล็ก สายอน.3018 (ทางเข้าวัดสังกัสรตนคีรี) 1.ซ่อมแซมเครื่องหมายจราจร(ตีเส้น) กว้าง 0.15 เมตรยาว 2,880 เมตร หนา0.003 เมตร พื้นที่ไม่น้อยกว่า 974 ตารางเมตร 2.ปรับปรุงไหล่ทางถนนลาดยางแอสฟัลท์ติกคอนกรีต กว้าง 1 เมตรยาว 2,880 เมตร หนา 0.05เมตร พื้นที่ไม่น้อยกว่า5,700 เมตร เทศบาลเมืองอุทัยธานี อำเภอเมืองอุทัยานี จังหวัดอุทัยธานี", "min": "กระทรวงมหาดไทย", "agc": "กรมส่งเสริมการปกครองท้องถิ่น", "plan_name": "แผนงานบูรณาการส่งเสริมการกระจายอำนาจให้แก่องค์กรปกครองส่วนท้องถิ่น", "stg_name": "ยุทธศาสตร์ด้านการปรับสมดุลและพัฒนาระบบบริหารจัดการภาครัฐ", "objc_level1_name": "งบอุดหนุน", "compare": [{"bb_amount": 3662000, "bb_province": "อุทัยธานี", "gf_amount": 2550000, "gf_province": "อุทัยธานี"}], "gf_amount_sum": 2550000}
{"bb_code": "1500848029600291", "bb_year": "2560", "amount": 3658000, "min_code": "15000", "agc_code": "15008", "name": "ก่อสร้างระบบประปาหมู่บ้านแบบบาดาลขนาดใหญ่มากหมู่ที่ 1 บ้านหนุนเหนือตำบลบ้านหนุน ตามแบบมาตรฐานกรมทรัพยากรน้ำองค์การบริหารส่วนตำบลบ้านหนุน อำเภอสองจังหวัดแพร่", "min": "กระทรวงมหาดไทย", "agc": "กรมส่งเสริมการปกครองท้องถิ่น", "plan_name": "แผนงานบูรณาการส่งเสริมการกระจายอำนาจให้แก่องค์กรปกครองส่วนท้องถิ่น", "stg_name": "ยุทธศาสตร์ด้านการปรับสมดุลและพัฒนาระบบบริหารจัดการภาครัฐ", "objc_level1_name": "งบอุดหนุน", "compare": [{"bb_amount": 3658000, "bb_province": "แพร่", "gf_amount": 3326185, "gf_province": "แพร่"}], "gf_amount_sum": 3326185}
{"bb_code": "1500638001410009", "bb_year": "2560", "amount": 3652000, "min_code": "15000", "agc_code": "15006", "name": "โครงการปรับปรุงซ่อมแซมอาคารส่วนสนับสนุนทรัพยากรกู้ภัย ศูนย์ป้องกันและบรรเทาสาธารณภัยเขต 4 ประจวบคีรีขันธ์ตำบลสามร้อยยอด อำเภอสามร้อยยอด จังหวัดประจวบคีรีขันธ์", "min": "กระทรวงมหาดไทย", "agc": "กรมป้องกันและบรรเทาสาธารณภัย", "plan_name": "แผนงานพื้นฐานด้านการจัดการน้ำและสร้างการเติบโตบนคุณภาพชีวิตที่เป็นมิตรกับสิ่งแวดล้อมอย่างยั่งยืน", "stg_name": "ยุทธศาสตร์ด้านการจัดการน้ำและสร้างการเติบโตบนคุณภาพชีวิตที่เป็นมิตรกับสิ่งแวดล้อมอย่างยั่งยืน", "objc_level1_name": "งบลงทุน", "compare": [{"bb_amount": 3652000, "bb_province": "ประจวบคีรีขันธ์", "gf_amount": 3448000, "gf_province": "ประจวบคีรีขันธ์"}], "gf_amount_sum": 3448000}
{"bb_code": "1500848029600G75", "bb_year": "2560", "amount": 3649000, "min_code": "15000", "agc_code": "15008", "name": "ก่อสร้างประปาภูเขา หมู่ที่1,2,3 ต.แสงภาตามแบบอะไร แบบอปท.องค์การบริหารส่วนตำบลแสงภาอำเภอนาแห้ว จังหวัดเลย", "min": "กระทรวงมหาดไทย", "agc": "กรมส่งเสริมการปกครองท้องถิ่น", "plan_name": "แผนงานบูรณาการส่งเสริมการกระจายอำนาจให้แก่องค์กรปกครองส่วนท้องถิ่น", "stg_name": "ยุทธศาสตร์ด้านการปรับสมดุลและพัฒนาระบบบริหารจัดการภาครัฐ", "objc_level1_name": "งบอุดหนุน", "compare": [{"bb_amount": 3649000, "bb_province": "เลย", "gf_amount": 3620000, "gf_province": "เลย"}], "gf_amount_sum": 3620000}
{"bb_code": "1500741009420215", "bb_year": "2560", "amount": 3649000, "min_code": "15000", "agc_code": "15007", "name": "เขื่อนป้องกันตลิ่งริมแม่น้ำท่าว้า บริเวณวัดชีธารามหมู่ที่ 1 ต.ไร่รถ อ.ดอนเจดีย์จังหวัดสุพรรณบุรี ความยาว530 เมตร", "min": "กระทรวงมหาดไทย", "agc": "กรมโยธาธิการและผังเมือง", "plan_name": "แผนงานบูรณาการบริหารจัดการทรัพยากรน้ำ", "stg_name": "ยุทธศาสตร์ด้านการจัดการน้ำและสร้างการเติบโตบนคุณภาพชีวิตที่เป็นมิตรกับสิ่งแวดล้อมอย่างยั่งยืน", "objc_level1_name": "งบลงทุน", "compare": [{"bb_amount": 3649000, "bb_province": "สุพรรณบุรี"}, {"gf_amount": 11495000, "gf_province": "ส่วนกลาง", "bb_amount": null, "bb_province": "กรุงเทพมหานคร"}], "gf_amount_sum": 11495000}
{"bb_code": "1500848002600A81", "bb_year": "2560", "amount": 3647000, "min_code": "15000", "agc_code": "15008", "name": "ปรับปรุงถนน โดยการOverlay ด้วยแอสฟัลท์ติกคอนกรีต สายโป่งแรด - หนองอ้อพัฒนา หมู่ที่ 1,6 ตำบลพลับพลา กว้าง 6 เมตรยาว 1,320 เมตร เทศบาลตำบลพลับพลา อำเภอเมืองจัีนทบุรี จังหวัดจันทบุรี", "min": "กระทรวงมหาดไทย", "agc": "กรมส่งเสริมการปกครองท้องถิ่น", "plan_name": "แผนงานบูรณาการส่งเสริมการกระจายอำนาจให้แก่องค์กรปกครองส่วนท้องถิ่น", "stg_name": "ยุทธศาสตร์ด้านการปรับสมดุลและพัฒนาระบบบริหารจัดการภาครัฐ", "objc_level1_name": "งบอุดหนุน", "compare": [{"bb_amount": 3647000, "bb_province": "จันทบุรี", "gf_amount": 3290000, "gf_province": "จันทบุรี"}], "gf_amount_sum": 3290000}
{"bb_code": "1500848002600758", "bb_year": "2560", "amount": 3638000, "min_code": "15000", "agc_code": "15008", "name": "เสริมผิวลาดยางแอสฟัลติคคอนกรีต สายบ้านสันถนนหมู่ที่ 6 - บ้านป่าตุ้มโห้งหมู่ที่ 8 ตำบลป่าตุ้ม กว้าง 4.5เมตร ยาว 1,905 เมตร หนา0.05 เมตร เทศบาลตำบลป่าตุ้ม อำเภอพร้าว จังหวัดเชียงใหม่", "min": "กระทรวงมหาดไทย", "agc": "กรมส่งเสริมการปกครองท้องถิ่น", "plan_name": "แผนงานบูรณาการส่งเสริมการกระจายอำนาจให้แก่องค์กรปกครองส่วนท้องถิ่น", "stg_name": "ยุทธศาสตร์ด้านการปรับสมดุลและพัฒนาระบบบริหารจัดการภาครัฐ", "objc_level1_name": "งบอุดหนุน", "compare": [{"bb_amount": 3638000, "bb_province": "เชียงใหม่", "gf_amount": 3160000, "gf_province": "เชียงใหม่"}], "gf_amount_sum": 3160000}
{"bb_code": "1500244003700085", "bb_year": "2560", "amount": 3630000, "min_code": "15000", "agc_code": "15002", "name": "ค่าใช้จ่ายในการพัฒนาและขยายเครือข่ายประชาชนด้านการข่าว", "min": "กระทรวงมหาดไทย", "agc": "สำนักงานปลัดกระทรวงมหาดไทย", "plan_name": "แผนงานพื้นฐานด้านการปรับสมดุลและพัฒนาระบบการบริหารจัดการภาครัฐ", "stg_name": "ยุทธศาสตร์ด้านการปรับสมดุลและพัฒนาระบบบริหารจัดการภาครัฐ", "objc_level1_name": "รายจ่ายอื่น", "compare": [{"bb_amount": 3630000, "bb_province": "กรุงเทพมหานคร", "gf_amount": 576020.9, "gf_province": "ส่วนกลาง"}, {"gf_amount": 40000, "gf_province": "ยะลา", "bb_amount": null, "bb_province": "ยะลา"}, {"gf_amount": 40000, "gf_province": "พะเยา", "bb_amount": null, "bb_province": "พะเยา"}, {"gf_amount": 40000, "gf_province": "สมุทรสาคร", "bb_amount": null, "bb_province": "สมุทรสาคร"}, {"gf_amount": 40000, "gf_province": "ลำปาง", "bb_amount": null, "bb_province": "ลำปาง"}, {"gf_amount": 40000, "gf_province": "อุตรดิตถ์", "bb_amount": null, "bb_province": "อุตรดิตถ์"}, {"gf_amount": 40000, "gf_province": "แม่ฮ่องสอน", "bb_amount": null, "bb_province": "แม่ฮ่องสอน"}, {"gf_amount": 40000, "gf_province": "อ่างทอง", "bb_amount": null, "bb_province": "อ่างทอง"}, {"gf_amount": 40000, "gf_province": "สิงห์บุรี", "bb_amount": null, "bb_province": "สิงห์บุรี"}, {"gf_amount": 40000, "gf_province": "นครพนม", "bb_amount": null, "bb_province": "นครพนม"}, {"gf_amount": 40000, "gf_province": "พระนครศรีอยุธยา", "bb_amount": null, "bb_province": "พระนครศรีอยุธยา"}, {"gf_amount": 40000, "gf_province": "มหาสารคาม", "bb_amount": null, "bb_province": "มหาสารคาม"}, {"gf_amount": 40000, "gf_province": "พังงา", "bb_amount": null, "bb_province": "พังงา"}, {"gf_amount": 40000, "gf_province": "แพร่", "bb_amount": null, "bb_province": "แพร่"}, {"gf_amount": 40000, "gf_province": "อุดรธานี", "bb_amount": null, "bb_province": "อุดรธานี"}, {"gf_amount": 40000, "gf_province": "หนองคาย", "bb_amount": null, "bb_province": "หนองคาย"}, {"gf_amount": 40000, "gf_province": "กาญจนบุรี", "bb_amount": null, "bb_province": "กาญจนบุรี"}, {"gf_amount": 40000, "gf_province": "ประจวบคีรีขันธ์", "bb_amount": null, "bb_province": "ประจวบคีรีขันธ์"}, {"gf_amount": 40000, "gf_province": "ลพบุรี", "bb_amount": null, "bb_province": "ลพบุรี"}, {"gf_amount": 40000, "gf_province": "เพชรบูรณ์", "bb_amount": null, "bb_province": "เพชรบูรณ์"}, {"gf_amount": 40000, "gf_province": "ตราด", "bb_amount": null, "bb_province": "ตราด"}, {"gf_amount": 40000, "gf_province": "ฉะเชิงเทรา", "bb_amount": null, "bb_province": "ฉะเชิงเทรา"}, {"gf_amount": 40000, "gf_province": "บึงกาฬ", "bb_amount": null, "bb_province": "บึงกาฬ"}, {"gf_amount": 40000, "gf_province": "เชียงใหม่", "bb_amount": null, "bb_province": "เชียงใหม่"}, {"gf_amount": 40000, "gf_province": "สตูล", "bb_amount": null, "bb_province": "สตูล"}, {"gf_amount": 40000, "gf_province": "สุรินทร์", "bb_amount": null, "bb_province": "สุรินทร์"}, {"gf_amount": 40000, "gf_province": "ยโสธร", "bb_amount": null, "bb_province": "ยโสธร"}, {"gf_amount": 40000, "gf_province": "กระบี่", "bb_amount": null, "bb_province": "กระบี่"}, {"gf_amount": 40000, "gf_province": "เพชรบุรี", "bb_amount": null, "bb_province": "เพชรบุรี"}, {"gf_amount": 40000, "gf_province": "ศรีสะเกษ", "bb_amount": null, "bb_province": "ศรีสะเกษ"}, {"gf_amount": 40000, "gf_province": "หนองบัวลำภู", "bb_amount": null, "bb_province": "หนองบัวลำภู"}, {"gf_amount": 40000, "gf_province": "พิจิตร", "bb_amount": null, "bb_province": "พิจิตร"}, {"gf_amount": 40000, "gf_province": "นครศรีธรรมราช", "bb_amount": null, "bb_province": "นครศรีธรรมราช"}, {"gf_amount": 40000, "gf_province": "ระนอง", "bb_amount": null, "bb_province": "ระนอง"}, {"gf_amount": 40000, "gf_province": "สมุทรปราการ", "bb_amount": null, "bb_province": "สมุทรปราการ"}, {"gf_amount": 40000, "gf_province": "สระบุรี", "bb_amount": null, "bb_province": "สระบุรี"}, {"gf_amount": 40000, "gf_province": "สระแก้ว", "bb_amount": null, "bb_province": "สระแก้ว"}, {"gf_amount": 40000, "gf_province": "นราธิวาส", "bb_amount": null, "bb_province": "นราธิวาส"}, {"gf_amount": 40000, "gf_province": "มุกดาหาร", "bb_amount": null, "bb_province": "มุกดาหาร"}, {"gf_amount": 40000, "gf_province": "ตรัง", "bb_amount": null, "bb_province": "ตรัง"}, {"gf_amount": 40000, "gf_province": "สุพรรณบุรี", "bb_amount": null, "bb_province": "สุพรรณบุรี"}, {"gf_amount": 40000, "gf_province": "จันทบุรี", "bb_amount": null, "bb_province": "จันทบุรี"}, {"gf_amount": 40000, "gf_province": "ร้อยเอ็ด", "bb_amount": null, "bb_province": "ร้อยเอ็ด"}, {"gf_amount": 40000, "gf_province": "พัทลุง", "bb_amount": null, "bb_province": "พัทลุง"}, {"gf_amount": 40000, "gf_province": "ปทุมธานี", "bb_amount": null, "bb_province": "ปทุมธานี"}, {"gf_amount": 40000, "gf_province": "สุโขทัย", "bb_amount": null, "bb_province": "สุโขทัย"}, {"gf_amount": 40000, "gf_province": "บุรีรัมย์", "bb_amount": null, "bb_province": "บุรีรัมย์"}, {"gf_amount": 40000, "gf_province": "ชุมพร", "bb_amount": null, "bb_province": "ชุมพร"}, {"gf_amount": 40000, "gf_province": "ราชบุรี", "bb_amount": null, "bb_province": "ราชบุรี"}, {"gf_amount": 40000, "gf_province": "กำแพงเพชร", "bb_amount": null, "bb_province": "กำแพงเพชร"}, {"gf_amount": 40000, "gf_province": "สุราษฎร์ธานี", "bb_amount": null, "bb_province": "สุราษฎร์ธานี"}, {"gf_amount": 40000, "gf_province": "น่าน", "bb_amount": null, "bb_province": "น่าน"}, {"gf_amount": 40000, "gf_province": "อำนาจเจริญ", "bb_amount": null, "bb_province": "อำนาจเจริญ"}, {"gf_amount": 40000, "gf_province": "สงขลา", "bb_amount": null, "bb_province": "สงขลา"}, {"gf_amount": 40000, "gf_province": "ชลบุรี", "bb_amount": null, "bb_province": "ชลบุรี"}, {"gf_amount": 40000, "gf_province": "ระยอง", "bb_amount": null, "bb_province": "ระยอง"}, {"gf_amount": 40000, "gf_province": "พิษณุโลก", "bb_amount": null, "bb_province": "พิษณุโลก"}, {"gf_amount": 40000, "gf_province": "ปราจีนบุรี", "bb_amount": null, "bb_province": "ปราจีนบุรี"}, {"gf_amount": 40000, "gf_province": "ลำพูน", "bb_amount": null, "bb_province": "ลำพูน"}, {"gf_amount": 40000, "gf_province": "เชียงราย", "bb_amount": null, "bb_province": "เชียงราย"}, {"gf_amount": 40000, "gf_province": "อุทัยธานี", "bb_amount": null, "bb_province": "อุทัยธานี"}, {"gf_amount": 40000, "gf_province": "ชัยนาท", "bb_amount": null, "bb_province": "ชัยนาท"}, {"gf_amount": 40000, "gf_province": "สกลนคร", "bb_amount": null, "bb_province": "สกลนคร"}, {"gf_amount": 40000, "gf_province": "นครราชสีมา", "bb_amount": null, "bb_province": "นครราชสีมา"}, {"gf_amount": 40000, "gf_province": "ชัยภูมิ", "bb_amount": null, "bb_province": "ชัยภูมิ"}, {"gf_amount": 40000, "gf_province": "นครสวรรค์", "bb_amount": null, "bb_province": "นครสวรรค์"}, {"gf_amount": 40000, "gf_province": "ภูเก็ต", "bb_amount": null, "bb_province": "ภูเก็ต"}, {"gf_amount": 40000, "gf_province": "กาฬสินธุ์", "bb_amount": null, "bb_province": "กาฬสินธุ์"}, {"gf_amount": 40000, "gf_province": "นครปฐม", "bb_amount": null, "bb_province": "นครปฐม"}, {"gf_amount": 40000, "gf_province": "นนทบุรี", "bb_amount": null, "bb_province": "นนทบุรี"}, {"gf_amount": 40000, "gf_province": "อุบลราชธานี", "bb_amount": null, "bb_province": "อุบลราชธานี"}, {"gf_amount": 40000, "gf_province": "เลย", "bb_amount": null, "bb_province": "เลย"}, {"gf_amount": 40000, "gf_province": "นครนายก", "bb_amount": null, "bb_province": "นครนายก"}, {"gf_amount": 40000, "gf_province": "ขอนแก่น", "bb_amount": null, "bb_province": "ขอนแก่น"}, {"gf_amount": 40000, "gf_province": "ตาก", "bb_amount": null, "bb_province": "ตาก"}, {"gf_amount": 39900, "gf_province": "ปัตตานี", "bb_amount": null, "bb_province": "ปัตตานี"}, {"gf_amount": 38000, "gf_province": "สมุทรสงคราม", "bb_amount": null, "bb_province": "สมุทรสงคราม"}], "gf_amount_sum": 3613920.9}
{"bb_code": "1500848029600Q56", "bb_year": "2560", "amount": 3625500, "min_code": "15000", "agc_code": "15008", "name": "ก่อสร้างระบบประปาหมู่บ้านแบบผิวดินขนาดใหญ่ หมู่ที่4 บ้านทุ่งราม ตำบลผักไหมตามแบบมาตรฐานกรมทรัพยากรน้ำ เทศบาลตำบลผักไหม อำเภอศีขรภูมิ จังหวัดสุรินทร์", "min": "กระทรวงมหาดไทย", "agc": "กรมส่งเสริมการปกครองท้องถิ่น", "plan_name": "แผนงานบูรณาการส่งเสริมการกระจายอำนาจให้แก่องค์กรปกครองส่วนท้องถิ่น", "stg_name": "ยุทธศาสตร์ด้านการปรับสมดุลและพัฒนาระบบบริหารจัดการภาครัฐ", "objc_level1_name": "งบอุดหนุน", "compare": [{"bb_amount": 3625500, "bb_province": "สุรินทร์", "gf_amount": 0, "gf_province": "สุรินทร์"}], "gf_amount_sum": 0}
{"bb_code": "1500742031700093", "bb_year": "2560", "amount": 3624800, "min_code": "15000", "agc_code": "15007", "name": "สำรวจและจัดทำข้อมูลทางกายภาพการผังเมืองด้วยระบบสารสนเทศภูมิศาสตร์(GIS) มาตราส่วน 1:4,000ในบริเวณพื้นที่นอกชุมชนระดับเทศบาล จังหวัดพิจิตร", "min": "กระทรวงมหาดไทย", "agc": "กรมโยธาธิการและผังเมือง", "plan_name": "แผนงานยุทธศาสตร์อนุรักษ์ ฟื้นฟู และป้องกันทรัพยากรธรรมชาติ", "stg_name": "ยุทธศาสตร์ด้านการจัดการน้ำและสร้างการเติบโตบนคุณภาพชีวิตที่เป็นมิตรกับสิ่งแวดล้อมอย่างยั่งยืน", "objc_level1_name": "รายจ่ายอื่น", "compare": [{"bb_amount": 3624800, "bb_province": "พิจิตร"}, {"gf_amount": 3624800, "gf_province": "ส่วนกลาง", "bb_amount": null, "bb_province": "กรุงเทพมหานคร"}], "gf_amount_sum": 3624800}
{"bb_code": "1500848029600B44", "bb_year": "2560", "amount": 3619000, "min_code": "15000", "agc_code": "15008", "name": "ก่อสร้างระบบประปาหมู่บ้านแบบผิวดินขนาดใหญ่ หมู่ที่10 บ้านสะพานหินพัฒนาตำบลแม่มอก ตามแบบมาตรฐานกรมทรัพยากรน้ำเทศบาลตำบลแม่มอกอำเภอเถิน จังหวัดลำปาง", "min": "กระทรวงมหาดไทย", "agc": "กรมส่งเสริมการปกครองท้องถิ่น", "plan_name": "แผนงานบูรณาการส่งเสริมการกระจายอำนาจให้แก่องค์กรปกครองส่วนท้องถิ่น", "stg_name": "ยุทธศาสตร์ด้านการปรับสมดุลและพัฒนาระบบบริหารจัดการภาครัฐ", "objc_level1_name": "งบอุดหนุน", "compare": [{"bb_amount": 3619000, "bb_province": "ลำปาง", "gf_amount": 3426000, "gf_province": "ลำปาง"}], "gf_amount_sum": 3426000}
{"bb_code": "1500848029600B43", "bb_year": "2560", "amount": 3619000, "min_code": "15000", "agc_code": "15008", "name": "ก่อสร้างระบบประปาหมู่บ้านแบบผิวดินขนาดใหญ่ หมู่ที่9 บ้านแม่ทะม่วงคำ ตำบลแม่ทะ ตามแบบมาตรฐานกรมทรัพยากรน้ำ เทศบาลตำบลแม่ทะ อำเภอแม่ทะจังหวัดลำปาง", "min": "กระทรวงมหาดไทย", "agc": "กรมส่งเสริมการปกครองท้องถิ่น", "plan_name": "แผนงานบูรณาการส่งเสริมการกระจายอำนาจให้แก่องค์กรปกครองส่วนท้องถิ่น", "stg_name": "ยุทธศาสตร์ด้านการปรับสมดุลและพัฒนาระบบบริหารจัดการภาครัฐ", "objc_level1_name": "งบอุดหนุน", "compare": [{"bb_amount": 3619000, "bb_province": "ลำปาง", "gf_amount": 0, "gf_province": "ลำปาง"}], "gf_amount_sum": 0}
{"bb_code": "1500848029600G36", "bb_year": "2560", "amount": 3619000, "min_code": "15000", "agc_code": "15008", "name": "ก่อสร้างระบบประปาหมู่บ้านแบบผิวดินขนาดใหญ่ บ้านทุ่งม่านพัฒนา หมู่ที่ 11ตำบลบ้านเป้า ตามแบบมาตรฐานกรมทรัพยากรน้ำองค์การบริหารส่วนตำบลบ้านเป้า อำเภอเมืองลำปางจังหวัดลำปาง", "min": "กระทรวงมหาดไทย", "agc": "กรมส่งเสริมการปกครองท้องถิ่น", "plan_name": "แผนงานบูรณาการส่งเสริมการกระจายอำนาจให้แก่องค์กรปกครองส่วนท้องถิ่น", "stg_name": "ยุทธศาสตร์ด้านการปรับสมดุลและพัฒนาระบบบริหารจัดการภาครัฐ", "objc_level1_name": "งบอุดหนุน", "compare": [{"bb_amount": 3619000, "bb_province": "ลำปาง", "gf_amount": 1401038.05, "gf_province": "ลำปาง"}], "gf_amount_sum": 1401038.05}
