{"bb_code": "1500848029600C25", "bb_year": "2560", "amount": 3618000, "min_code": "15000", "agc_code": "15008", "name": "ก่อสร้างระบบประปาหมู่บ้านแบบผิวดินขนาดใหญ่ หมู่ที่2 บ้านประทาย ตำบลตลาดไทร ตามแบบมาตรฐานกรมทรัพยากรน้ำ องค์การบริหารส่วนตำบลตลาดไทรอำเภอประทาย จังหวัดนครราชสีมา", "min": "กระทรวงมหาดไทย", "agc": "กรมส่งเสริมการปกครองท้องถิ่น", "plan_name": "แผนงานบูรณาการส่งเสริมการกระจายอำนาจให้แก่องค์กรปกครองส่วนท้องถิ่น", "stg_name": "ยุทธศาสตร์ด้านการปรับสมดุลและพัฒนาระบบบริหารจัดการภาครัฐ", "objc_level1_name": "งบอุดหนุน", "compare": [{"bb_amount": 3618000, "bb_province": "นครราชสีมา", "gf_amount": 0, "gf_province": "นครราชสีมา"}], "gf_amount_sum": 0}
{"bb_code": "1500848029600R46", "bb_year": "2560", "amount": 3618000, "min_code": "15000", "agc_code": "15008", "name": "ก่อสร้างระบบประปาหมู่บ้านแบบผิวดินขนาดใหญ่ หมู่ที่1 บ้านโพนครก ตำบลโพนครก ตามแบบมาตรฐานกรมทรัพยากรน้ำ องค์การบริหารส่วนตำบลโพนครกอำเภอท่าตูม จังหวัดสุรินทร์", "min": "กระทรวงมหาดไทย", "agc": "กรมส่งเสริมการปกครองท้องถิ่น", "plan_name": "แผนงานบูรณาการส่งเสริมการกระจายอำนาจให้แก่องค์กรปกครองส่วนท้องถิ่น", "stg_name": "ยุทธศาสตร์ด้านการปรับสมดุลและพัฒนาระบบบริหารจัดการภาครัฐ", "objc_level1_name": "งบอุดหนุน", "compare": [{"bb_amount": 3618000, "bb_province": "สุรินทร์", "gf_amount": 3551360, "gf_province": "สุรินทร์"}], "gf_amount_sum": 3551360}
{"bb_code": "1500848029600Q89", "bb_year": "2560", "amount": 3618000, "min_code": "15000", "agc_code": "15008", "name": "ก่อสร้างระบบประปาหมู่บ้านแบบผิวดินขนาดใหญ่ หมู่ที่14 บ้านสวาท ตำบลทับทันตามแบบมาตรฐานกรมทรัพยากรน้ำ องค์การบริหารส่วนตำบลทับทันอำเภอสังขะ จังหวัดสุรินทร์", "min": "กระทรวงมหาดไทย", "agc": "กรมส่งเสริมการปกครองท้องถิ่น", "plan_name": "แผนงานบูรณาการส่งเสริมการกระจายอำนาจให้แก่องค์กรปกครองส่วนท้องถิ่น", "stg_name": "ยุทธศาสตร์ด้านการปรับสมดุลและพัฒนาระบบบริหารจัดการภาครัฐ", "objc_level1_name": "งบอุดหนุน", "compare": [{"bb_amount": 3618000, "bb_province": "สุรินทร์", "gf_amount": 0, "gf_province": "สุรินทร์"}], "gf_amount_sum": 0}
{"bb_code": "1500848029600D06", "bb_year": "2560", "amount": 3618000, "min_code": "15000", "agc_code": "15008", "name": "ก่อสร้างระบบประปาหมู่บ้านแบบผิวดินขนาดใหญ่ หมู่ที่5 บ้านในกลอง ตำบลควนพัง ตามแบบมาตรฐานกรมทรัพยากรน้ำ องค์การบริหารส่วนตำบลควนพังอำเภอร่อนพิบูลย์ จังหวัดนครศรีธรรมราช", "min": "กระทรวงมหาดไทย", "agc": "กรมส่งเสริมการปกครองท้องถิ่น", "plan_name": "แผนงานบูรณาการส่งเสริมการกระจายอำนาจให้แก่องค์กรปกครองส่วนท้องถิ่น", "stg_name": "ยุทธศาสตร์ด้านการปรับสมดุลและพัฒนาระบบบริหารจัดการภาครัฐ", "objc_level1_name": "งบอุดหนุน", "compare": [{"bb_amount": 3618000, "bb_province": "นครศรีธรรมราช", "gf_amount": 3572702.79, "gf_province": "นครศรีธรรมราช"}], "gf_amount_sum": 3572702.79}
{"bb_code": "1500848029600H54", "bb_year": "2560", "amount": 3618000, "min_code": "15000", "agc_code": "15008", "name": "ก่อสร้างระบบประปาหมู่บ้านแบบประปาผิวดินขนาดใหญ่ หมู่ที่ 8 ตำบลหนองตาคง ตามแบบมาตรฐานกรมทรัพยากรน้ำ เทศบาลตำบลหนองตาคง อำเภอโป่งน้ำร้อน จังหวัดจันทบุรี", "min": "กระทรวงมหาดไทย", "agc": "กรมส่งเสริมการปกครองท้องถิ่น", "plan_name": "แผนงานบูรณาการส่งเสริมการกระจายอำนาจให้แก่องค์กรปกครองส่วนท้องถิ่น", "stg_name": "ยุทธศาสตร์ด้านการปรับสมดุลและพัฒนาระบบบริหารจัดการภาครัฐ", "objc_level1_name": "งบอุดหนุน", "compare": [{"bb_amount": 3618000, "bb_province": "จันทบุรี", "gf_amount": 3204612.07, "gf_province": "จันทบุรี"}], "gf_amount_sum": 3204612.07}
{"bb_code": "1500848029600Q90", "bb_year": "2560", "amount": 3618000, "min_code": "15000", "agc_code": "15008", "name": "ก่อสร้างระบบประปาหมู่บ้านแบบผิวดินขนาดใหญ่ หมู่ที่7 บ้านตาเพชร ตำบลเทนมีย์ ตามแบบมาตรฐานกรมทรัพยากรน้ำ องค์การบริหารส่วนตำบลเทนมีย์อำเภอเมืองสุรินทร์ จังหวัดสุรินทร์", "min": "กระทรวงมหาดไทย", "agc": "กรมส่งเสริมการปกครองท้องถิ่น", "plan_name": "แผนงานบูรณาการส่งเสริมการกระจายอำนาจให้แก่องค์กรปกครองส่วนท้องถิ่น", "stg_name": "ยุทธศาสตร์ด้านการปรับสมดุลและพัฒนาระบบบริหารจัดการภาครัฐ", "objc_level1_name": "งบอุดหนุน", "compare": [{"bb_amount": 3618000, "bb_province": "สุรินทร์", "gf_amount": 3372989.97, "gf_province": "สุรินทร์"}], "gf_amount_sum": 3372989.97}
{"bb_code": "1500848029600468", "bb_year": "2560", "amount": 3618000, "min_code": "15000", "agc_code": "15008", "name": "ก่อสร้างระบบประปาหมู่บ้านแบบผิวดินขนาดใหญ่ หมู่ที่5 บ้านบึงสวางค์ ตำบลบึงเนียม ตามแบบแปลนกรมทรัพยากรน้ำ เทศบาลตำบลบึงเนียม อำเภอเมืองขอนแก่น จังหวัดขอนแก่น", "min": "กระทรวงมหาดไทย", "agc": "กรมส่งเสริมการปกครองท้องถิ่น", "plan_name": "แผนงานบูรณาการส่งเสริมการกระจายอำนาจให้แก่องค์กรปกครองส่วนท้องถิ่น", "stg_name": "ยุทธศาสตร์ด้านการปรับสมดุลและพัฒนาระบบบริหารจัดการภาครัฐ", "objc_level1_name": "งบอุดหนุน", "compare": [{"bb_amount": 3618000, "bb_province": "ขอนแก่น", "gf_amount": 2800000, "gf_province": "ขอนแก่น"}], "gf_amount_sum": 2800000}
{"bb_code": "1500848029600Q88", "bb_year": "2560", "amount": 3618000, "min_code": "15000", "agc_code": "15008", "name": "ก่อสร้างระบบประปาหมู่บ้านแบบผิวดินขนาดใหญ่ หมู่ที่9 บ้านกระทม ตำบลทับทันตามแบบมาตรฐานกรมทรัพยากรน้ำ องค์การบริหารส่วนตำบลทับทันอำเภอสังขะ จังหวัดสุรินทร์", "min": "กระทรวงมหาดไทย", "agc": "กรมส่งเสริมการปกครองท้องถิ่น", "plan_name": "แผนงานบูรณาการส่งเสริมการกระจายอำนาจให้แก่องค์กรปกครองส่วนท้องถิ่น", "stg_name": "ยุทธศาสตร์ด้านการปรับสมดุลและพัฒนาระบบบริหารจัดการภาครัฐ", "objc_level1_name": "งบอุดหนุน", "compare": [{"bb_amount": 3618000, "bb_province": "สุรินทร์", "gf_amount": 0, "gf_province": "สุรินทร์"}], "gf_amount_sum": 0}
{"bb_code": "1500848029600R09", "bb_year": "2560", "amount": 3618000, "min_code": "15000", "agc_code": "15008", "name": "ก่อสร้างระบบประปาหมู่บ้านแบบผิวดินขนาดใหญ่ หมู่ที่6 บ้านกระสัง ตำบลนาหนองไผ่ ตามแบบมาตรฐานกรมทรัพยากรน้ำเทศบาลตำบลนาหนองไผ่อำเภอชุมพลบุรี จังหวัดสุรินทร์", "min": "กระทรวงมหาดไทย", "agc": "กรมส่งเสริมการปกครองท้องถิ่น", "plan_name": "แผนงานบูรณาการส่งเสริมการกระจายอำนาจให้แก่องค์กรปกครองส่วนท้องถิ่น", "stg_name": "ยุทธศาสตร์ด้านการปรับสมดุลและพัฒนาระบบบริหารจัดการภาครัฐ", "objc_level1_name": "งบอุดหนุน", "compare": [{"bb_amount": 3618000, "bb_province": "สุรินทร์", "gf_amount": 2725346, "gf_province": "สุรินทร์"}], "gf_amount_sum": 2725346}
{"bb_code": "1500848029600330", "bb_year": "2560", "amount": 3618000, "min_code": "15000", "agc_code": "15008", "name": "ก่อสร้างระบบประปาหมู่บ้านแบบผิวดินขนาดใหญ่ หมู่ที่3 บ้านโอด ตำบลท่าเมืองตามแบบมาตรฐานกรมทรัพยากรน้ำ องค์การบริหารส่วนตำบลท่าเมืองอำเภอดอนมดแดง จังหวัดอุบลราชธานี", "min": "กระทรวงมหาดไทย", "agc": "กรมส่งเสริมการปกครองท้องถิ่น", "plan_name": "แผนงานบูรณาการส่งเสริมการกระจายอำนาจให้แก่องค์กรปกครองส่วนท้องถิ่น", "stg_name": "ยุทธศาสตร์ด้านการปรับสมดุลและพัฒนาระบบบริหารจัดการภาครัฐ", "objc_level1_name": "งบอุดหนุน", "compare": [{"bb_amount": 3618000, "bb_province": "อุบลราชธานี", "gf_amount": 3291244, "gf_province": "อุบลราชธานี"}], "gf_amount_sum": 3291244}
{"bb_code": "1500848029600583", "bb_year": "2560", "amount": 3618000, "min_code": "15000", "agc_code": "15008", "name": "ก่อสร้างระบบประปาหมู่บ้านแบบผิวดินขนาดใหญ่ หมู่ที่5 บ้านโหล๊ะจันทร์ ตำบลร่มเมือง เทศบาลตำบลร่มเมือง อำเภอเมืองพัทลุงจังหวัดพัทลุง", "min": "กระทรวงมหาดไทย", "agc": "กรมส่งเสริมการปกครองท้องถิ่น", "plan_name": "แผนงานบูรณาการส่งเสริมการกระจายอำนาจให้แก่องค์กรปกครองส่วนท้องถิ่น", "stg_name": "ยุทธศาสตร์ด้านการปรับสมดุลและพัฒนาระบบบริหารจัดการภาครัฐ", "objc_level1_name": "งบอุดหนุน", "compare": [{"bb_amount": 3618000, "bb_province": "พัทลุง", "gf_amount": 3610000, "gf_province": "พัทลุง"}], "gf_amount_sum": 3610000}
{"bb_code": "1500848029600F00", "bb_year": "2560", "amount": 3618000, "min_code": "15000", "agc_code": "15008", "name": "ก่อสร้างระบบประปาหมู่บ้านแบบผิวดินขนาดใหญ่ หมู่ที่10 บ้านโนนสบาย ตำบลดงครั่งใหญ่ ตามแบบแปลนมาตรฐานกรมทรัพยากรน้ำองค์การบริหารส่วนตำบลดงครั่งใหญ่ อำเภอเกษตรวิสัยจังหวัดร้อยเอ็ด", "min": "กระทรวงมหาดไทย", "agc": "กรมส่งเสริมการปกครองท้องถิ่น", "plan_name": "แผนงานบูรณาการส่งเสริมการกระจายอำนาจให้แก่องค์กรปกครองส่วนท้องถิ่น", "stg_name": "ยุทธศาสตร์ด้านการปรับสมดุลและพัฒนาระบบบริหารจัดการภาครัฐ", "objc_level1_name": "งบอุดหนุน", "compare": [{"bb_amount": 3618000, "bb_province": "ร้อยเอ็ด", "gf_amount": 897673.45, "gf_province": "ร้อยเอ็ด"}], "gf_amount_sum": 897673.45}
{"bb_code": "1500848029600R11", "bb_year": "2560", "amount": 3618000, "min_code": "15000", "agc_code": "15008", "name": "ก่อสร้างระบบประปาหมู่บ้านแบบผิวดินขนาดใหญ่ หมู่ที่7 บ้านตลิ่งชัน ตำบลสระขุดตามแบบมาตรฐานกรมทรัพยากรน้ำ เทศบาลตำบลสระขุด อำเภอชุมพลจังหวัดสุรินทร์", "min": "กระทรวงมหาดไทย", "agc": "กรมส่งเสริมการปกครองท้องถิ่น", "plan_name": "แผนงานบูรณาการส่งเสริมการกระจายอำนาจให้แก่องค์กรปกครองส่วนท้องถิ่น", "stg_name": "ยุทธศาสตร์ด้านการปรับสมดุลและพัฒนาระบบบริหารจัดการภาครัฐ", "objc_level1_name": "งบอุดหนุน", "compare": [{"bb_amount": 3618000, "bb_province": "สุรินทร์", "gf_amount": 3585000, "gf_province": "สุรินทร์"}], "gf_amount_sum": 3585000}
{"bb_code": "1500848029600R54", "bb_year": "2560", "amount": 3618000, "min_code": "15000", "agc_code": "15008", "name": "ก่อสร้างระบบประปาหมู่บ้านแบบผิวดินขนาดใหญ่ หมู่ที่2 บ้านธรรมราช ตำบลสะกาด ตามแบบมาตรฐานกรมทรัพยากรน้ำ องค์การบริหารส่วนตำบลสะกาดอำเภอสังขะ จังหวัดสุรินทร์", "min": "กระทรวงมหาดไทย", "agc": "กรมส่งเสริมการปกครองท้องถิ่น", "plan_name": "แผนงานบูรณาการส่งเสริมการกระจายอำนาจให้แก่องค์กรปกครองส่วนท้องถิ่น", "stg_name": "ยุทธศาสตร์ด้านการปรับสมดุลและพัฒนาระบบบริหารจัดการภาครัฐ", "objc_level1_name": "งบอุดหนุน", "compare": [{"bb_amount": 3618000, "bb_province": "สุรินทร์", "gf_amount": 0, "gf_province": "สุรินทร์"}], "gf_amount_sum": 0}
{"bb_code": "1500848029600Q73", "bb_year": "2560", "amount": 3618000, "min_code": "15000", "agc_code": "15008", "name": "ก่อสร้างระบบประปาหมู่บ้านแบบผิวดินขนาดใหญ่ หมู่ที่3 บ้านโคกสง่า ตำบลแนงมุด ตามแบบมาตรฐานกรมทรัพยากรน้ำ องค์การบริหารส่วนตำบลแนงมุดอำเภอกาบเชิง จังหวัดสุรินทร์", "min": "กระทรวงมหาดไทย", "agc": "กรมส่งเสริมการปกครองท้องถิ่น", "plan_name": "แผนงานบูรณาการส่งเสริมการกระจายอำนาจให้แก่องค์กรปกครองส่วนท้องถิ่น", "stg_name": "ยุทธศาสตร์ด้านการปรับสมดุลและพัฒนาระบบบริหารจัดการภาครัฐ", "objc_level1_name": "งบอุดหนุน", "compare": [{"bb_amount": 3618000, "bb_province": "สุรินทร์", "gf_amount": 3357150.81, "gf_province": "สุรินทร์"}], "gf_amount_sum": 3357150.81}
{"bb_code": "1500848029600Q74", "bb_year": "2560", "amount": 3618000, "min_code": "15000", "agc_code": "15008", "name": "ก่อสร้างระบบประปาหมู่บ้านแบบผิวดินขนาดใหญ่ หมู่ที่6 บ้านโคกพยูง ตำบลแนงมุด ตามแบบมาตรฐานกรมทรัพยากรน้ำ องค์การบริหารส่วนตำบลแนงมุดอำเภอกาบเชิง จังหวัดสุรินทร์", "min": "กระทรวงมหาดไทย", "agc": "กรมส่งเสริมการปกครองท้องถิ่น", "plan_name": "แผนงานบูรณาการส่งเสริมการกระจายอำนาจให้แก่องค์กรปกครองส่วนท้องถิ่น", "stg_name": "ยุทธศาสตร์ด้านการปรับสมดุลและพัฒนาระบบบริหารจัดการภาครัฐ", "objc_level1_name": "งบอุดหนุน", "compare": [{"bb_amount": 3618000, "bb_province": "สุรินทร์", "gf_amount": 3357150.81, "gf_province": "สุรินทร์"}], "gf_amount_sum": 3357150.81}
{"bb_code": "1500848029600E39", "bb_year": "2560", "amount": 3618000, "min_code": "15000", "agc_code": "15008", "name": "ก่อสร้างระบบประปาหมู่บ้านแบบผิวดินขนาดใหญ่ หมู่ที่5 บ้านห้วยหอย ตำบลธาตุทอง ตามแบบมาตรฐานกรมทรัพยากรน้ำ เทศบาลตำบลธาตุทอง อำเภอภูเขียว จังหวัดชัยภูมิ", "min": "กระทรวงมหาดไทย", "agc": "กรมส่งเสริมการปกครองท้องถิ่น", "plan_name": "แผนงานบูรณาการส่งเสริมการกระจายอำนาจให้แก่องค์กรปกครองส่วนท้องถิ่น", "stg_name": "ยุทธศาสตร์ด้านการปรับสมดุลและพัฒนาระบบบริหารจัดการภาครัฐ", "objc_level1_name": "งบอุดหนุน", "compare": [{"bb_amount": 3618000, "bb_province": "ชัยภูมิ", "gf_amount": 3514110, "gf_province": "ชัยภูมิ"}], "gf_amount_sum": 3514110}
{"bb_code": "1500848029600Q72", "bb_year": "2560", "amount": 3618000, "min_code": "15000", "agc_code": "15008", "name": "ก่อสร้างระบบประปาหมู่บ้านแบบผิวดินขนาดใหญ่ หมู่ที่18 บ้านโคกสวาย ตำบลท่าสว่าง ตามแบบมาตรฐานกรมทรัพยากรน้ำ องค์การบริหารส่วนตำบลท่าสว่างอำเภอเมืองสุรินทร์ จังหวัดสุรินทร์", "min": "กระทรวงมหาดไทย", "agc": "กรมส่งเสริมการปกครองท้องถิ่น", "plan_name": "แผนงานบูรณาการส่งเสริมการกระจายอำนาจให้แก่องค์กรปกครองส่วนท้องถิ่น", "stg_name": "ยุทธศาสตร์ด้านการปรับสมดุลและพัฒนาระบบบริหารจัดการภาครัฐ", "objc_level1_name": "งบอุดหนุน", "compare": [{"bb_amount": 3618000, "bb_province": "สุรินทร์", "gf_amount": 0, "gf_province": "สุรินทร์"}], "gf_amount_sum": 0}
{"bb_code": "1500848029600Q82", "bb_year": "2560", "amount": 3618000, "min_code": "15000", "agc_code": "15008", "name": "ก่อสร้างระบบประปาหมู่บ้านแบบผิวดินขนาดใหญ่ หมู่ที่8 บ้านกันจารย์ ตำบลจารพัต ตามแบบมาตรฐานกรมทรัพยากรน้ำ องค์การบริหารส่วนตำบลจารพัตอำเภอศีขรภูมิ จังหวัดสุรินทร์", "min": "กระทรวงมหาดไทย", "agc": "กรมส่งเสริมการปกครองท้องถิ่น", "plan_name": "แผนงานบูรณาการส่งเสริมการกระจายอำนาจให้แก่องค์กรปกครองส่วนท้องถิ่น", "stg_name": "ยุทธศาสตร์ด้านการปรับสมดุลและพัฒนาระบบบริหารจัดการภาครัฐ", "objc_level1_name": "งบอุดหนุน", "compare": [{"bb_amount": 3618000, "bb_province": "สุรินทร์", "gf_amount": 2959677.74, "gf_province": "สุรินทร์"}], "gf_amount_sum": 2959677.74}
{"bb_code": "1500848029600382", "bb_year": "2560", "amount": 3618000, "min_code": "15000", "agc_code": "15008", "name": "ก่อสร้างระบบประปาหมู่บ้านแบบผิวดินขนาดใหญ่ หมู่ที่14 บ้านหนองสูง ตำบลโคกก่อ ตามแบบมาตรฐานกรมทรัพยากรน้ำ องค์การบริหารส่วนตำบลโคกก่ออำเภอเมืองมหาสารคามจังหวัดมหาสารคาม", "min": "กระทรวงมหาดไทย", "agc": "กรมส่งเสริมการปกครองท้องถิ่น", "plan_name": "แผนงานบูรณาการส่งเสริมการกระจายอำนาจให้แก่องค์กรปกครองส่วนท้องถิ่น", "stg_name": "ยุทธศาสตร์ด้านการปรับสมดุลและพัฒนาระบบบริหารจัดการภาครัฐ", "objc_level1_name": "งบอุดหนุน", "compare": [{"bb_amount": 3618000, "bb_province": "มหาสารคาม", "gf_amount": 0, "gf_province": "มหาสารคาม"}], "gf_amount_sum": 0}
