{"bb_code": "1500848029600847", "bb_year": "2560", "amount": 3618000, "min_code": "15000", "agc_code": "15008", "name": "ก่อสร้างระบบประปาหมู่บ้านแบบผิวดินขนาดใหญ่ หมู่ที่10 บ้านโจดม่วง ตำบลโจดม่วง ตามแบบมาตรฐานกรมทรัพยากรน้ำ องค์การบริหารส่วนตำบลโจดม่วงอำเภอศิลาลาด จังหวัดศรีสะเกษ", "min": "กระทรวงมหาดไทย", "agc": "กรมส่งเสริมการปกครองท้องถิ่น", "plan_name": "แผนงานบูรณาการส่งเสริมการกระจายอำนาจให้แก่องค์กรปกครองส่วนท้องถิ่น", "stg_name": "ยุทธศาสตร์ด้านการปรับสมดุลและพัฒนาระบบบริหารจัดการภาครัฐ", "objc_level1_name": "งบอุดหนุน", "compare": [{"bb_amount": 3618000, "bb_province": "ศรีสะเกษ", "gf_amount": 3526793.52, "gf_province": "ศรีสะเกษ"}], "gf_amount_sum": 3526793.52}
{"bb_code": "1500848029600R90", "bb_year": "2560", "amount": 3618000, "min_code": "15000", "agc_code": "15008", "name": "ก่อสร้างระบบประปาหมู่บ้านแบบผิวดินขนาดใหญ่ หมู่ที่6 บ้านศิริพัฒน์ ตำบลหมื่นศรี ตามแบบมาตรฐานกรมทรัพยากรน้ำ องค์การบริหารส่วนตำบลหมื่นศรีอำเภอสำโรงทาบ จังหวัดสุรินทร์", "min": "กระทรวงมหาดไทย", "agc": "กรมส่งเสริมการปกครองท้องถิ่น", "plan_name": "แผนงานบูรณาการส่งเสริมการกระจายอำนาจให้แก่องค์กรปกครองส่วนท้องถิ่น", "stg_name": "ยุทธศาสตร์ด้านการปรับสมดุลและพัฒนาระบบบริหารจัดการภาครัฐ", "objc_level1_name": "งบอุดหนุน", "compare": [{"bb_amount": 3618000, "bb_province": "สุรินทร์", "gf_amount": 653594.67, "gf_province": "สุรินทร์"}], "gf_amount_sum": 653594.67}
{"bb_code": "1500848029600R76", "bb_year": "2560", "amount": 3618000, "min_code": "15000", "agc_code": "15008", "name": "ก่อสร้างระบบประปาหมู่บ้านแบบผิวดินขนาดใหญ่ หมู่ที่13 บ้านโพนครก ตำบลโพนครก ตามแบบมาตรฐานกรมทรัพยากรน้ำ องค์การบริหารส่วนตำบลโพนครกอำเภอท่าตูม จังหวัดสุรินทร์", "min": "กระทรวงมหาดไทย", "agc": "กรมส่งเสริมการปกครองท้องถิ่น", "plan_name": "แผนงานบูรณาการส่งเสริมการกระจายอำนาจให้แก่องค์กรปกครองส่วนท้องถิ่น", "stg_name": "ยุทธศาสตร์ด้านการปรับสมดุลและพัฒนาระบบบริหารจัดการภาครัฐ", "objc_level1_name": "งบอุดหนุน", "compare": [{"bb_amount": 3618000, "bb_province": "สุรินทร์", "gf_amount": 3546284, "gf_province": "สุรินทร์"}], "gf_amount_sum": 3546284}
{"bb_code": "1500848029600R80", "bb_year": "2560", "amount": 3618000, "min_code": "15000", "agc_code": "15008", "name": "ก่อสร้างระบบประปาหมู่บ้านแบบผิวดินขนาดใหญ่ หมู่ที่3 บ้านแก่นท้าว- ดงดั่งตำบลยางสว่าง ตามแบบมาตรฐานกรมทรัพยากรน้ำองค์การบริหารส่วนตำบลยางสว่าง อำเภอรัตนบุรีจังหวัดสุรินทร์", "min": "กระทรวงมหาดไทย", "agc": "กรมส่งเสริมการปกครองท้องถิ่น", "plan_name": "แผนงานบูรณาการส่งเสริมการกระจายอำนาจให้แก่องค์กรปกครองส่วนท้องถิ่น", "stg_name": "ยุทธศาสตร์ด้านการปรับสมดุลและพัฒนาระบบบริหารจัดการภาครัฐ", "objc_level1_name": "งบอุดหนุน", "compare": [{"bb_amount": 3618000, "bb_province": "สุรินทร์", "gf_amount": 3541304, "gf_province": "สุรินทร์"}], "gf_amount_sum": 3541304}
{"bb_code": "1500848029600R93", "bb_year": "2560", "amount": 3618000, "min_code": "15000", "agc_code": "15008", "name": "ก่อสร้างระบบประปาหมู่บ้านแบบผิวดินขนาดใหญ่ หมู่ที่22 บ้านโคกโต่ง ตำบลชุมพลบุรี ตามแบบมาตรฐานกรมทรัพยากรน้ำ เทศบาลตำบลชุมพลบุรี อำเภอชุมพลบุรี จังหวัดสุรินทร์", "min": "กระทรวงมหาดไทย", "agc": "กรมส่งเสริมการปกครองท้องถิ่น", "plan_name": "แผนงานบูรณาการส่งเสริมการกระจายอำนาจให้แก่องค์กรปกครองส่วนท้องถิ่น", "stg_name": "ยุทธศาสตร์ด้านการปรับสมดุลและพัฒนาระบบบริหารจัดการภาครัฐ", "objc_level1_name": "งบอุดหนุน", "compare": [{"bb_amount": 3618000, "bb_province": "สุรินทร์", "gf_amount": 2696563, "gf_province": "สุรินทร์"}], "gf_amount_sum": 2696563}
{"bb_code": "1500848029600R65", "bb_year": "2560", "amount": 3618000, "min_code": "15000", "agc_code": "15008", "name": "ก่อสร้างระบบประปาหมู่บ้านแบบผิวดินขนาดใหญ่ หมู่ที่4 บ้านตาวร ตำบลโคกสะอาด ตามแบบมาตรฐานกรมทรัพยากรน้ำ องค์การบริหารส่วนตำบลโคกสะอาด อำเภอปราสาทจังหวัดสุรินทร์", "min": "กระทรวงมหาดไทย", "agc": "กรมส่งเสริมการปกครองท้องถิ่น", "plan_name": "แผนงานบูรณาการส่งเสริมการกระจายอำนาจให้แก่องค์กรปกครองส่วนท้องถิ่น", "stg_name": "ยุทธศาสตร์ด้านการปรับสมดุลและพัฒนาระบบบริหารจัดการภาครัฐ", "objc_level1_name": "งบอุดหนุน", "compare": [{"bb_amount": 3618000, "bb_province": "สุรินทร์", "gf_amount": 2821759, "gf_province": "สุรินทร์"}], "gf_amount_sum": 2821759}
{"bb_code": "1500848029600R68", "bb_year": "2560", "amount": 3618000, "min_code": "15000", "agc_code": "15008", "name": "ก่อสร้างระบบประปาหมู่บ้านแบบผิวดินขนาดใหญ่ หมู่ที่15 บ้านโคกสวาย ตำบลทับทัน ตามแบบมาตรฐานกรมทรัพยากรน้ำ องค์การบริหารส่วนตำบลทับทันอำเภอสังขะ จังหวัดสุรินทร์", "min": "กระทรวงมหาดไทย", "agc": "กรมส่งเสริมการปกครองท้องถิ่น", "plan_name": "แผนงานบูรณาการส่งเสริมการกระจายอำนาจให้แก่องค์กรปกครองส่วนท้องถิ่น", "stg_name": "ยุทธศาสตร์ด้านการปรับสมดุลและพัฒนาระบบบริหารจัดการภาครัฐ", "objc_level1_name": "งบอุดหนุน", "compare": [{"bb_amount": 3618000, "bb_province": "สุรินทร์", "gf_amount": 0, "gf_province": "สุรินทร์"}], "gf_amount_sum": 0}
{"bb_code": "1500848029600R69", "bb_year": "2560", "amount": 3618000, "min_code": "15000", "agc_code": "15008", "name": "ก่อสร้างระบบประปาหมู่บ้านแบบผิวดินขนาดใหญ่ หมู่ที่11 บ้านสวาย ตำบลเทนมีย์ตามแบบมาตรฐานกรมทรัพยากรน้ำ องค์การบริหารส่วนตำบลเทนมีย์อำเภอเมืองสุรินทร์ จังหวัดสุรินทร์", "min": "กระทรวงมหาดไทย", "agc": "กรมส่งเสริมการปกครองท้องถิ่น", "plan_name": "แผนงานบูรณาการส่งเสริมการกระจายอำนาจให้แก่องค์กรปกครองส่วนท้องถิ่น", "stg_name": "ยุทธศาสตร์ด้านการปรับสมดุลและพัฒนาระบบบริหารจัดการภาครัฐ", "objc_level1_name": "งบอุดหนุน", "compare": [{"bb_amount": 3618000, "bb_province": "สุรินทร์", "gf_amount": 3372989.97, "gf_province": "สุรินทร์"}], "gf_amount_sum": 3372989.97}
{"bb_code": "1500848029600R75", "bb_year": "2560", "amount": 3618000, "min_code": "15000", "agc_code": "15008", "name": "ก่อสร้างระบบประปาหมู่บ้านแบบผิวดินขนาดใหญ่ หมู่ที่7 บ้านตาปุด ตำบลปราสาททอง ตามแบบมาตรฐานกรมทรัพยากรน้ำ องค์การบริหารส่วนตำบลปราสาททอง อำเภอเขวาสินรินทร์จังหวัดสุรินทร์", "min": "กระทรวงมหาดไทย", "agc": "กรมส่งเสริมการปกครองท้องถิ่น", "plan_name": "แผนงานบูรณาการส่งเสริมการกระจายอำนาจให้แก่องค์กรปกครองส่วนท้องถิ่น", "stg_name": "ยุทธศาสตร์ด้านการปรับสมดุลและพัฒนาระบบบริหารจัดการภาครัฐ", "objc_level1_name": "งบอุดหนุน", "compare": [{"bb_amount": 3618000, "bb_province": "สุรินทร์", "gf_amount": 3499336, "gf_province": "สุรินทร์"}], "gf_amount_sum": 3499336}
{"bb_code": "1500848029600R81", "bb_year": "2560", "amount": 3618000, "min_code": "15000", "agc_code": "15008", "name": "ก่อสร้างระบบประปาหมู่บ้านแบบผิวดินขนาดใหญ่ หมู่ที่10 บ้านศาลา ตำบลยางสว่าง ตามแบบมาตรฐานกรมทรัพยากรน้ำ องค์การบริหารส่วนตำบลยางสว่างอำเภอรัตนบุรี จังหวัดสุรินทร์", "min": "กระทรวงมหาดไทย", "agc": "กรมส่งเสริมการปกครองท้องถิ่น", "plan_name": "แผนงานบูรณาการส่งเสริมการกระจายอำนาจให้แก่องค์กรปกครองส่วนท้องถิ่น", "stg_name": "ยุทธศาสตร์ด้านการปรับสมดุลและพัฒนาระบบบริหารจัดการภาครัฐ", "objc_level1_name": "งบอุดหนุน", "compare": [{"bb_amount": 3618000, "bb_province": "สุรินทร์", "gf_amount": 3417844, "gf_province": "สุรินทร์"}], "gf_amount_sum": 3417844}
{"bb_code": "1500848029600F05", "bb_year": "2560", "amount": 3618000, "min_code": "15000", "agc_code": "15008", "name": "ก่อสร้างระบบประปาหมู่บ้านแบบผิวดินขนาดใหญ่ หมู่ที่5 บ้านพังหาด ตำบลคูเมืองตามแบบมาตรฐานกรมทรัพยากรน้ำ เทศบาลตำบลคูเมือง อำเภอเมืองสรวง จังหวัดร้อยเอ็ด", "min": "กระทรวงมหาดไทย", "agc": "กรมส่งเสริมการปกครองท้องถิ่น", "plan_name": "แผนงานบูรณาการส่งเสริมการกระจายอำนาจให้แก่องค์กรปกครองส่วนท้องถิ่น", "stg_name": "ยุทธศาสตร์ด้านการปรับสมดุลและพัฒนาระบบบริหารจัดการภาครัฐ", "objc_level1_name": "งบอุดหนุน", "compare": [{"bb_amount": 3618000, "bb_province": "ร้อยเอ็ด", "gf_amount": 3271511.53, "gf_province": "ร้อยเอ็ด"}], "gf_amount_sum": 3271511.53}
{"bb_code": "1500848029600R99", "bb_year": "2560", "amount": 3618000, "min_code": "15000", "agc_code": "15008", "name": "ก่อสร้างระบบประปาหมู่บ้านแบบผิวดินขนาดใหญ่ หมู่ที่19 บ้านร่มเย็น ตำบลโคกสะอาด ตามแบบมาตรฐานกรมทรัพยากรน้ำ องค์การบริหารส่วนตำบลโคกสะอาด อำเภอปราสาทจังหวัดสุรินทร์", "min": "กระทรวงมหาดไทย", "agc": "กรมส่งเสริมการปกครองท้องถิ่น", "plan_name": "แผนงานบูรณาการส่งเสริมการกระจายอำนาจให้แก่องค์กรปกครองส่วนท้องถิ่น", "stg_name": "ยุทธศาสตร์ด้านการปรับสมดุลและพัฒนาระบบบริหารจัดการภาครัฐ", "objc_level1_name": "งบอุดหนุน", "compare": [{"bb_amount": 3618000, "bb_province": "สุรินทร์", "gf_amount": 2821759, "gf_province": "สุรินทร์"}], "gf_amount_sum": 2821759}
{"bb_code": "1500848029600E26", "bb_year": "2560", "amount": 3618000, "min_code": "15000", "agc_code": "15008", "name": "ก่อสร้างระบบประปาหมู่บ้านแบบผิวดินขนาดใหญ่ บ้านดงช้างลำ หมู่ที่ 5 ตำบลวังหมัน องค์การบริหารส่วนตำบลวังหมัน อำเภอวัดสิงห์จังหวัดชัยนาท", "min": "กระทรวงมหาดไทย", "agc": "กรมส่งเสริมการปกครองท้องถิ่น", "plan_name": "แผนงานบูรณาการส่งเสริมการกระจายอำนาจให้แก่องค์กรปกครองส่วนท้องถิ่น", "stg_name": "ยุทธศาสตร์ด้านการปรับสมดุลและพัฒนาระบบบริหารจัดการภาครัฐ", "objc_level1_name": "งบอุดหนุน", "compare": [{"bb_amount": 3618000, "bb_province": "ชัยนาท", "gf_amount": 3467410.75, "gf_province": "ชัยนาท"}], "gf_amount_sum": 3467410.75}
{"bb_code": "1500848029600E25", "bb_year": "2560", "amount": 3618000, "min_code": "15000", "agc_code": "15008", "name": "ก่อสร้างระบบประปาหมู่บ้านแบบผิวดินขนาดใหญ่ บ้านหนองแขยง หมู่ที่ 3 ตำบลวังหมัน องค์การบริหารส่วนตำบลวังหมัน อำเภอวัดสิงห์จังหวัดชัยนาท", "min": "กระทรวงมหาดไทย", "agc": "กรมส่งเสริมการปกครองท้องถิ่น", "plan_name": "แผนงานบูรณาการส่งเสริมการกระจายอำนาจให้แก่องค์กรปกครองส่วนท้องถิ่น", "stg_name": "ยุทธศาสตร์ด้านการปรับสมดุลและพัฒนาระบบบริหารจัดการภาครัฐ", "objc_level1_name": "งบอุดหนุน", "compare": [{"bb_amount": 3618000, "bb_province": "ชัยนาท", "gf_amount": 3433614.02, "gf_province": "ชัยนาท"}], "gf_amount_sum": 3433614.02}
{"bb_code": "1500848029600E39", "bb_year": "2560", "amount": 3618000, "min_code": "15000", "agc_code": "15008", "name": "ก่อสร้างระบบประปาหมู่บ้านแบบผิวดินขนาดใหญ่ หมู่ที่5 บ้านห้วยหอย ตำบลธาตุทอง ตามแบบมาตรฐานกรมทรัพยากรน้ำ เทศบาลตำบลธาตุทอง อำเภอภูเขียว จังหวัดชัยภูมิ", "min": "กระทรวงมหาดไทย", "agc": "กรมส่งเสริมการปกครองท้องถิ่น", "plan_name": "แผนงานบูรณาการส่งเสริมการกระจายอำนาจให้แก่องค์กรปกครองส่วนท้องถิ่น", "stg_name": "ยุทธศาสตร์ด้านการปรับสมดุลและพัฒนาระบบบริหารจัดการภาครัฐ", "objc_level1_name": "งบอุดหนุน", "compare": [{"bb_amount": 3618000, "bb_province": "ชัยภูมิ", "gf_amount": 3514110, "gf_province": "ชัยภูมิ"}], "gf_amount_sum": 3514110}
{"bb_code": "1500848029600515", "bb_year": "2560", "amount": 3618000, "min_code": "15000", "agc_code": "15008", "name": "ก่อสร้างระบบประปาหมู่บ้านแบบผิวดินขนาดใหญ่ หมู่ที่2 บ้านหนอง ตำบลโพนค้อตามแบบมาตรฐานกรมทรัพยากรน้ำ องค์การบริหารส่วนตำบลโพนค้ออำเภอเมืองศรีสะเกษจังหวัดศรีสะเกษ", "min": "กระทรวงมหาดไทย", "agc": "กรมส่งเสริมการปกครองท้องถิ่น", "plan_name": "แผนงานบูรณาการส่งเสริมการกระจายอำนาจให้แก่องค์กรปกครองส่วนท้องถิ่น", "stg_name": "ยุทธศาสตร์ด้านการปรับสมดุลและพัฒนาระบบบริหารจัดการภาครัฐ", "objc_level1_name": "งบอุดหนุน", "compare": [{"bb_amount": 3618000, "bb_province": "ศรีสะเกษ", "gf_amount": 2641991.08, "gf_province": "ศรีสะเกษ"}], "gf_amount_sum": 2641991.08}
{"bb_code": "1500848029600521", "bb_year": "2560", "amount": 3618000, "min_code": "15000", "agc_code": "15008", "name": "ก่อสร้างระบบประปาหมู่บ้านแบบผิวดินขนาดใหญ่ หมู่ที่5 บ้านบัวเตย ตำบลหนองแก้ว ตามแบบมาตรฐานกรมทรัพยากรน้ำ องค์การบริหารส่วนตำบลหนองแก้วอำเภอเมืองศรีสะเกษจังหวัดศรีสะเกษ", "min": "กระทรวงมหาดไทย", "agc": "กรมส่งเสริมการปกครองท้องถิ่น", "plan_name": "แผนงานบูรณาการส่งเสริมการกระจายอำนาจให้แก่องค์กรปกครองส่วนท้องถิ่น", "stg_name": "ยุทธศาสตร์ด้านการปรับสมดุลและพัฒนาระบบบริหารจัดการภาครัฐ", "objc_level1_name": "งบอุดหนุน", "compare": [{"bb_amount": 3618000, "bb_province": "ศรีสะเกษ", "gf_amount": 2535371, "gf_province": "ศรีสะเกษ"}], "gf_amount_sum": 2535371}
{"bb_code": "1500848029600088", "bb_year": "2560", "amount": 3618000, "min_code": "15000", "agc_code": "15008", "name": "ก่อสร้างระบบประปาหมู่บ้านแบบผิวดินขนาดใหญ่ หมู่ที่4 บ้านควนยาว ตำบลดินแดง องค์การบริหารส่วนตำบลดินแดง อำเภอลำทับจังหวัดกระบี่", "min": "กระทรวงมหาดไทย", "agc": "กรมส่งเสริมการปกครองท้องถิ่น", "plan_name": "แผนงานบูรณาการส่งเสริมการกระจายอำนาจให้แก่องค์กรปกครองส่วนท้องถิ่น", "stg_name": "ยุทธศาสตร์ด้านการปรับสมดุลและพัฒนาระบบบริหารจัดการภาครัฐ", "objc_level1_name": "งบอุดหนุน", "compare": [{"bb_amount": 3618000, "bb_province": "กระบี่", "gf_amount": 3608000, "gf_province": "กระบี่"}], "gf_amount_sum": 3608000}
{"bb_code": "1500848029600F18", "bb_year": "2560", "amount": 3618000, "min_code": "15000", "agc_code": "15008", "name": "ก่อสร้างระบบประปาหมู่บ้านแบบผิวดินขนาดใหญ่ หมู่ที่4 บ้านผักกาดหญ้า ตำบลนาเลิง ตามแบบมาตรฐานกรมทรัพยากรน้ำ องค์การบริหารส่วนตำบลนาเลิงอำเภอเสลภูมิ จังหวัดร้อยเอ็ด", "min": "กระทรวงมหาดไทย", "agc": "กรมส่งเสริมการปกครองท้องถิ่น", "plan_name": "แผนงานบูรณาการส่งเสริมการกระจายอำนาจให้แก่องค์กรปกครองส่วนท้องถิ่น", "stg_name": "ยุทธศาสตร์ด้านการปรับสมดุลและพัฒนาระบบบริหารจัดการภาครัฐ", "objc_level1_name": "งบอุดหนุน", "compare": [{"bb_amount": 3618000, "bb_province": "ร้อยเอ็ด", "gf_amount": 0, "gf_province": "ร้อยเอ็ด"}], "gf_amount_sum": 0}
{"bb_code": "1500848029600R55", "bb_year": "2560", "amount": 3618000, "min_code": "15000", "agc_code": "15008", "name": "ก่อสร้างระบบประปาหมู่บ้านแบบผิวดินขนาดใหญ่ หมู่ที่7 บ้านโดง ตำบลสังขะ ตามแบบมาตรฐานกรมทรัพยากรน้ำ องค์การบริหารส่วนตำบลสังชะอำเภอสังขะ จังหวัดสุรินทร์", "min": "กระทรวงมหาดไทย", "agc": "กรมส่งเสริมการปกครองท้องถิ่น", "plan_name": "แผนงานบูรณาการส่งเสริมการกระจายอำนาจให้แก่องค์กรปกครองส่วนท้องถิ่น", "stg_name": "ยุทธศาสตร์ด้านการปรับสมดุลและพัฒนาระบบบริหารจัดการภาครัฐ", "objc_level1_name": "งบอุดหนุน", "compare": [{"bb_amount": 3618000, "bb_province": "สุรินทร์", "gf_amount": 3602690, "gf_province": "สุรินทร์"}], "gf_amount_sum": 3602690}
