{"bb_code": "1500848029600R90", "bb_year": "2560", "amount": 3618000, "min_code": "15000", "agc_code": "15008", "name": "ก่อสร้างระบบประปาหมู่บ้านแบบผิวดินขนาดใหญ่ หมู่ที่6 บ้านศิริพัฒน์ ตำบลหมื่นศรี ตามแบบมาตรฐานกรมทรัพยากรน้ำ องค์การบริหารส่วนตำบลหมื่นศรีอำเภอสำโรงทาบ จังหวัดสุรินทร์", "min": "กระทรวงมหาดไทย", "agc": "กรมส่งเสริมการปกครองท้องถิ่น", "plan_name": "แผนงานบูรณาการส่งเสริมการกระจายอำนาจให้แก่องค์กรปกครองส่วนท้องถิ่น", "stg_name": "ยุทธศาสตร์ด้านการปรับสมดุลและพัฒนาระบบบริหารจัดการภาครัฐ", "objc_level1_name": "งบอุดหนุน", "compare": [{"bb_amount": 3618000, "bb_province": "สุรินทร์", "gf_amount": 653594.67, "gf_province": "สุรินทร์"}], "gf_amount_sum": 653594.67}
{"bb_code": "1500848029600A96", "bb_year": "2560", "amount": 3618000, "min_code": "15000", "agc_code": "15008", "name": "ก่อสร้างระบบประปาหมู่บ้านแบบผิวดินขนาดใหญ่ หมู่ที่8 บ้านหนองบาก ตำบลวาริชภูมิ ตามแบบแปลนกรมทรัพยากรน้ำ เทศบาลตำบลหนองลาด อำเภอวาริชภูม จังหวัดสกลนคร", "min": "กระทรวงมหาดไทย", "agc": "กรมส่งเสริมการปกครองท้องถิ่น", "plan_name": "แผนงานบูรณาการส่งเสริมการกระจายอำนาจให้แก่องค์กรปกครองส่วนท้องถิ่น", "stg_name": "ยุทธศาสตร์ด้านการปรับสมดุลและพัฒนาระบบบริหารจัดการภาครัฐ", "objc_level1_name": "งบอุดหนุน", "compare": [{"bb_amount": 3618000, "bb_province": "สกลนคร", "gf_amount": 3585000, "gf_province": "สกลนคร"}], "gf_amount_sum": 3585000}
{"bb_code": "1500848029600R93", "bb_year": "2560", "amount": 3618000, "min_code": "15000", "agc_code": "15008", "name": "ก่อสร้างระบบประปาหมู่บ้านแบบผิวดินขนาดใหญ่ หมู่ที่22 บ้านโคกโต่ง ตำบลชุมพลบุรี ตามแบบมาตรฐานกรมทรัพยากรน้ำ เทศบาลตำบลชุมพลบุรี อำเภอชุมพลบุรี จังหวัดสุรินทร์", "min": "กระทรวงมหาดไทย", "agc": "กรมส่งเสริมการปกครองท้องถิ่น", "plan_name": "แผนงานบูรณาการส่งเสริมการกระจายอำนาจให้แก่องค์กรปกครองส่วนท้องถิ่น", "stg_name": "ยุทธศาสตร์ด้านการปรับสมดุลและพัฒนาระบบบริหารจัดการภาครัฐ", "objc_level1_name": "งบอุดหนุน", "compare": [{"bb_amount": 3618000, "bb_province": "สุรินทร์", "gf_amount": 2696563, "gf_province": "สุรินทร์"}], "gf_amount_sum": 2696563}
{"bb_code": "1500848029600S51", "bb_year": "2560", "amount": 3618000, "min_code": "15000", "agc_code": "15008", "name": "ก่อสร้างระบบประปาหมู่บ้านแบบผิวดินขนาดใหญ่ หมู่ที่8 บ้านคลองคราม ตำบลปากแพรก ตามแบบมาตรฐานกรมทรัพยากรน้ำองค์การบริหารส่วนตำบลปากแพรก อำเภอดอนสักจังหวัดสุราษฎร์ธานี", "min": "กระทรวงมหาดไทย", "agc": "กรมส่งเสริมการปกครองท้องถิ่น", "plan_name": "แผนงานบูรณาการส่งเสริมการกระจายอำนาจให้แก่องค์กรปกครองส่วนท้องถิ่น", "stg_name": "ยุทธศาสตร์ด้านการปรับสมดุลและพัฒนาระบบบริหารจัดการภาครัฐ", "objc_level1_name": "งบอุดหนุน", "compare": [{"bb_amount": 3618000, "bb_province": "สุราษฎร์ธานี", "gf_amount": 722000, "gf_province": "สุราษฎร์ธานี"}], "gf_amount_sum": 722000}
{"bb_code": "1500848029600K09", "bb_year": "2560", "amount": 3618000, "min_code": "15000", "agc_code": "15008", "name": "ก่อสร้างระบบประปาหมู่บ้านแบบผิวดินขนาดใหญ่ หมู่ที่5 บริเวณวัดท่าไม้ลายตำบลวังใหม่ ตามแบบมาตรฐานกรมทรัพยากรน้ำเทศบาลตำบลวังใหม่อำเภอเมืองชุมพร จังหวัดชุมพร", "min": "กระทรวงมหาดไทย", "agc": "กรมส่งเสริมการปกครองท้องถิ่น", "plan_name": "แผนงานบูรณาการส่งเสริมการกระจายอำนาจให้แก่องค์กรปกครองส่วนท้องถิ่น", "stg_name": "ยุทธศาสตร์ด้านการปรับสมดุลและพัฒนาระบบบริหารจัดการภาครัฐ", "objc_level1_name": "งบอุดหนุน", "compare": [{"bb_amount": 3618000, "bb_province": "ชุมพร", "gf_amount": 0, "gf_province": "ชุมพร"}], "gf_amount_sum": 0}
{"bb_code": "1500848029600E25", "bb_year": "2560", "amount": 3618000, "min_code": "15000", "agc_code": "15008", "name": "ก่อสร้างระบบประปาหมู่บ้านแบบผิวดินขนาดใหญ่ บ้านหนองแขยง หมู่ที่ 3 ตำบลวังหมัน องค์การบริหารส่วนตำบลวังหมัน อำเภอวัดสิงห์จังหวัดชัยนาท", "min": "กระทรวงมหาดไทย", "agc": "กรมส่งเสริมการปกครองท้องถิ่น", "plan_name": "แผนงานบูรณาการส่งเสริมการกระจายอำนาจให้แก่องค์กรปกครองส่วนท้องถิ่น", "stg_name": "ยุทธศาสตร์ด้านการปรับสมดุลและพัฒนาระบบบริหารจัดการภาครัฐ", "objc_level1_name": "งบอุดหนุน", "compare": [{"bb_amount": 3618000, "bb_province": "ชัยนาท", "gf_amount": 3433614.02, "gf_province": "ชัยนาท"}], "gf_amount_sum": 3433614.02}
{"bb_code": "1500848029600R80", "bb_year": "2560", "amount": 3618000, "min_code": "15000", "agc_code": "15008", "name": "ก่อสร้างระบบประปาหมู่บ้านแบบผิวดินขนาดใหญ่ หมู่ที่3 บ้านแก่นท้าว- ดงดั่งตำบลยางสว่าง ตามแบบมาตรฐานกรมทรัพยากรน้ำองค์การบริหารส่วนตำบลยางสว่าง อำเภอรัตนบุรีจังหวัดสุรินทร์", "min": "กระทรวงมหาดไทย", "agc": "กรมส่งเสริมการปกครองท้องถิ่น", "plan_name": "แผนงานบูรณาการส่งเสริมการกระจายอำนาจให้แก่องค์กรปกครองส่วนท้องถิ่น", "stg_name": "ยุทธศาสตร์ด้านการปรับสมดุลและพัฒนาระบบบริหารจัดการภาครัฐ", "objc_level1_name": "งบอุดหนุน", "compare": [{"bb_amount": 3618000, "bb_province": "สุรินทร์", "gf_amount": 3541304, "gf_province": "สุรินทร์"}], "gf_amount_sum": 3541304}
{"bb_code": "1500848029600R75", "bb_year": "2560", "amount": 3618000, "min_code": "15000", "agc_code": "15008", "name": "ก่อสร้างระบบประปาหมู่บ้านแบบผิวดินขนาดใหญ่ หมู่ที่7 บ้านตาปุด ตำบลปราสาททอง ตามแบบมาตรฐานกรมทรัพยากรน้ำ องค์การบริหารส่วนตำบลปราสาททอง อำเภอเขวาสินรินทร์จังหวัดสุรินทร์", "min": "กระทรวงมหาดไทย", "agc": "กรมส่งเสริมการปกครองท้องถิ่น", "plan_name": "แผนงานบูรณาการส่งเสริมการกระจายอำนาจให้แก่องค์กรปกครองส่วนท้องถิ่น", "stg_name": "ยุทธศาสตร์ด้านการปรับสมดุลและพัฒนาระบบบริหารจัดการภาครัฐ", "objc_level1_name": "งบอุดหนุน", "compare": [{"bb_amount": 3618000, "bb_province": "สุรินทร์", "gf_amount": 3499336, "gf_province": "สุรินทร์"}], "gf_amount_sum": 3499336}
{"bb_code": "1500848029600571", "bb_year": "2560", "amount": 3618000, "min_code": "15000", "agc_code": "15008", "name": "ก่อสร้างระบบประปาหมู่บ้านหมู่ที่ 5 บ้านลาน ตำบลโคกเจริญ องค์การบริหารส่วนตำบลโคกเจริญ อำเภอทับปุด จังหวัดพังงา", "min": "กระทรวงมหาดไทย", "agc": "กรมส่งเสริมการปกครองท้องถิ่น", "plan_name": "แผนงานบูรณาการส่งเสริมการกระจายอำนาจให้แก่องค์กรปกครองส่วนท้องถิ่น", "stg_name": "ยุทธศาสตร์ด้านการปรับสมดุลและพัฒนาระบบบริหารจัดการภาครัฐ", "objc_level1_name": "งบอุดหนุน", "compare": [{"bb_amount": 3618000, "bb_province": "พังงา", "gf_amount": 2101524, "gf_province": "พังงา"}], "gf_amount_sum": 2101524}
{"bb_code": "1500848029600E26", "bb_year": "2560", "amount": 3618000, "min_code": "15000", "agc_code": "15008", "name": "ก่อสร้างระบบประปาหมู่บ้านแบบผิวดินขนาดใหญ่ บ้านดงช้างลำ หมู่ที่ 5 ตำบลวังหมัน องค์การบริหารส่วนตำบลวังหมัน อำเภอวัดสิงห์จังหวัดชัยนาท", "min": "กระทรวงมหาดไทย", "agc": "กรมส่งเสริมการปกครองท้องถิ่น", "plan_name": "แผนงานบูรณาการส่งเสริมการกระจายอำนาจให้แก่องค์กรปกครองส่วนท้องถิ่น", "stg_name": "ยุทธศาสตร์ด้านการปรับสมดุลและพัฒนาระบบบริหารจัดการภาครัฐ", "objc_level1_name": "งบอุดหนุน", "compare": [{"bb_amount": 3618000, "bb_province": "ชัยนาท", "gf_amount": 3467410.75, "gf_province": "ชัยนาท"}], "gf_amount_sum": 3467410.75}
{"bb_code": "1500848029600R76", "bb_year": "2560", "amount": 3618000, "min_code": "15000", "agc_code": "15008", "name": "ก่อสร้างระบบประปาหมู่บ้านแบบผิวดินขนาดใหญ่ หมู่ที่13 บ้านโพนครก ตำบลโพนครก ตามแบบมาตรฐานกรมทรัพยากรน้ำ องค์การบริหารส่วนตำบลโพนครกอำเภอท่าตูม จังหวัดสุรินทร์", "min": "กระทรวงมหาดไทย", "agc": "กรมส่งเสริมการปกครองท้องถิ่น", "plan_name": "แผนงานบูรณาการส่งเสริมการกระจายอำนาจให้แก่องค์กรปกครองส่วนท้องถิ่น", "stg_name": "ยุทธศาสตร์ด้านการปรับสมดุลและพัฒนาระบบบริหารจัดการภาครัฐ", "objc_level1_name": "งบอุดหนุน", "compare": [{"bb_amount": 3618000, "bb_province": "สุรินทร์", "gf_amount": 3546284, "gf_province": "สุรินทร์"}], "gf_amount_sum": 3546284}
{"bb_code": "1500848029600R81", "bb_year": "2560", "amount": 3618000, "min_code": "15000", "agc_code": "15008", "name": "ก่อสร้างระบบประปาหมู่บ้านแบบผิวดินขนาดใหญ่ หมู่ที่10 บ้านศาลา ตำบลยางสว่าง ตามแบบมาตรฐานกรมทรัพยากรน้ำ องค์การบริหารส่วนตำบลยางสว่างอำเภอรัตนบุรี จังหวัดสุรินทร์", "min": "กระทรวงมหาดไทย", "agc": "กรมส่งเสริมการปกครองท้องถิ่น", "plan_name": "แผนงานบูรณาการส่งเสริมการกระจายอำนาจให้แก่องค์กรปกครองส่วนท้องถิ่น", "stg_name": "ยุทธศาสตร์ด้านการปรับสมดุลและพัฒนาระบบบริหารจัดการภาครัฐ", "objc_level1_name": "งบอุดหนุน", "compare": [{"bb_amount": 3618000, "bb_province": "สุรินทร์", "gf_amount": 3417844, "gf_province": "สุรินทร์"}], "gf_amount_sum": 3417844}
{"bb_code": "1500848029600R65", "bb_year": "2560", "amount": 3618000, "min_code": "15000", "agc_code": "15008", "name": "ก่อสร้างระบบประปาหมู่บ้านแบบผิวดินขนาดใหญ่ หมู่ที่4 บ้านตาวร ตำบลโคกสะอาด ตามแบบมาตรฐานกรมทรัพยากรน้ำ องค์การบริหารส่วนตำบลโคกสะอาด อำเภอปราสาทจังหวัดสุรินทร์", "min": "กระทรวงมหาดไทย", "agc": "กรมส่งเสริมการปกครองท้องถิ่น", "plan_name": "แผนงานบูรณาการส่งเสริมการกระจายอำนาจให้แก่องค์กรปกครองส่วนท้องถิ่น", "stg_name": "ยุทธศาสตร์ด้านการปรับสมดุลและพัฒนาระบบบริหารจัดการภาครัฐ", "objc_level1_name": "งบอุดหนุน", "compare": [{"bb_amount": 3618000, "bb_province": "สุรินทร์", "gf_amount": 2821759, "gf_province": "สุรินทร์"}], "gf_amount_sum": 2821759}
{"bb_code": "1500848029600H46", "bb_year": "2560", "amount": 3618000, "min_code": "15000", "agc_code": "15008", "name": "ก่อสร้างระบบประปาหมู่บ้านแบบผิวดินขนาดใหญ่ หมู่ที่1 บ้านหนองคล้า ตำบลแสลง ตามแบบมาตรฐานกรมทรัพยากรน้ำ เทศบาลตำบลแสลง อำเภอเมืองจันทบุรี จังหวัดจันทบุรี", "min": "กระทรวงมหาดไทย", "agc": "กรมส่งเสริมการปกครองท้องถิ่น", "plan_name": "แผนงานบูรณาการส่งเสริมการกระจายอำนาจให้แก่องค์กรปกครองส่วนท้องถิ่น", "stg_name": "ยุทธศาสตร์ด้านการปรับสมดุลและพัฒนาระบบบริหารจัดการภาครัฐ", "objc_level1_name": "งบอุดหนุน", "compare": [{"bb_amount": 3618000, "bb_province": "จันทบุรี", "gf_amount": 3470967.83, "gf_province": "จันทบุรี"}], "gf_amount_sum": 3470967.83}
{"bb_code": "1500848029600R68", "bb_year": "2560", "amount": 3618000, "min_code": "15000", "agc_code": "15008", "name": "ก่อสร้างระบบประปาหมู่บ้านแบบผิวดินขนาดใหญ่ หมู่ที่15 บ้านโคกสวาย ตำบลทับทัน ตามแบบมาตรฐานกรมทรัพยากรน้ำ องค์การบริหารส่วนตำบลทับทันอำเภอสังขะ จังหวัดสุรินทร์", "min": "กระทรวงมหาดไทย", "agc": "กรมส่งเสริมการปกครองท้องถิ่น", "plan_name": "แผนงานบูรณาการส่งเสริมการกระจายอำนาจให้แก่องค์กรปกครองส่วนท้องถิ่น", "stg_name": "ยุทธศาสตร์ด้านการปรับสมดุลและพัฒนาระบบบริหารจัดการภาครัฐ", "objc_level1_name": "งบอุดหนุน", "compare": [{"bb_amount": 3618000, "bb_province": "สุรินทร์", "gf_amount": 0, "gf_province": "สุรินทร์"}], "gf_amount_sum": 0}
{"bb_code": "1500848029600B48", "bb_year": "2560", "amount": 3618000, "min_code": "15000", "agc_code": "15008", "name": "ก่อสร้างระบบประปาหมู่บ้านแบบผิวดินขนาดใหญ่ บ้านไผ่งาม หมู่ที่ 4 ตำบลเมืองมาย ตามแบบมาตรฐานกรมทรัพยากรน้ำ องค์การบริหารส่วนตำบลเมืองมายอำเภอแจ้ห่ม จังหวัดลำปาง", "min": "กระทรวงมหาดไทย", "agc": "กรมส่งเสริมการปกครองท้องถิ่น", "plan_name": "แผนงานบูรณาการส่งเสริมการกระจายอำนาจให้แก่องค์กรปกครองส่วนท้องถิ่น", "stg_name": "ยุทธศาสตร์ด้านการปรับสมดุลและพัฒนาระบบบริหารจัดการภาครัฐ", "objc_level1_name": "งบอุดหนุน", "compare": [{"bb_amount": 3618000, "bb_province": "ลำปาง", "gf_amount": 2681598.9, "gf_province": "ลำปาง"}], "gf_amount_sum": 2681598.9}
{"bb_code": "1500848029600R69", "bb_year": "2560", "amount": 3618000, "min_code": "15000", "agc_code": "15008", "name": "ก่อสร้างระบบประปาหมู่บ้านแบบผิวดินขนาดใหญ่ หมู่ที่11 บ้านสวาย ตำบลเทนมีย์ตามแบบมาตรฐานกรมทรัพยากรน้ำ องค์การบริหารส่วนตำบลเทนมีย์อำเภอเมืองสุรินทร์ จังหวัดสุรินทร์", "min": "กระทรวงมหาดไทย", "agc": "กรมส่งเสริมการปกครองท้องถิ่น", "plan_name": "แผนงานบูรณาการส่งเสริมการกระจายอำนาจให้แก่องค์กรปกครองส่วนท้องถิ่น", "stg_name": "ยุทธศาสตร์ด้านการปรับสมดุลและพัฒนาระบบบริหารจัดการภาครัฐ", "objc_level1_name": "งบอุดหนุน", "compare": [{"bb_amount": 3618000, "bb_province": "สุรินทร์", "gf_amount": 3372989.97, "gf_province": "สุรินทร์"}], "gf_amount_sum": 3372989.97}
{"bb_code": "1500848029600L58", "bb_year": "2560", "amount": 3618000, "min_code": "15000", "agc_code": "15008", "name": "ก่อสร้างระบบประปาหมู่บ้านแบบผิวดินขนาดใหญ่ หมู่ที่3 บ้านทองหลาง ตำบลทองหลาง ตามแบบมาตรฐานกรมทรัพยากรน้ำองค์การบริหารส่วนตำบลทองหลาง อำเภอบ้านใหม่ไชยพจน์ จังหวัดบุรีรัมย์", "min": "กระทรวงมหาดไทย", "agc": "กรมส่งเสริมการปกครองท้องถิ่น", "plan_name": "แผนงานบูรณาการส่งเสริมการกระจายอำนาจให้แก่องค์กรปกครองส่วนท้องถิ่น", "stg_name": "ยุทธศาสตร์ด้านการปรับสมดุลและพัฒนาระบบบริหารจัดการภาครัฐ", "objc_level1_name": "งบอุดหนุน", "compare": [{"bb_amount": 3618000, "bb_province": "บุรีรัมย์", "gf_amount": 3492500, "gf_province": "บุรีรัมย์"}], "gf_amount_sum": 3492500}
{"bb_code": "1500848029600L83", "bb_year": "2560", "amount": 3618000, "min_code": "15000", "agc_code": "15008", "name": "ก่อสร้างระบบประปาหมู่บ้านแบบผิวดินขนาดใหญ่ หมู่ที่3 บ้านขุนห้วยช่องแคบตำบลช่องแคบ องค์การบริหารส่วนตำบลช่องแคบอำเภอพบพระ จังหวัดตาก", "min": "กระทรวงมหาดไทย", "agc": "กรมส่งเสริมการปกครองท้องถิ่น", "plan_name": "แผนงานบูรณาการส่งเสริมการกระจายอำนาจให้แก่องค์กรปกครองส่วนท้องถิ่น", "stg_name": "ยุทธศาสตร์ด้านการปรับสมดุลและพัฒนาระบบบริหารจัดการภาครัฐ", "objc_level1_name": "งบอุดหนุน", "compare": [{"bb_amount": 3618000, "bb_province": "ตาก", "gf_amount": 3342091.87, "gf_province": "ตาก"}], "gf_amount_sum": 3342091.87}
{"bb_code": "1500848029600R55", "bb_year": "2560", "amount": 3618000, "min_code": "15000", "agc_code": "15008", "name": "ก่อสร้างระบบประปาหมู่บ้านแบบผิวดินขนาดใหญ่ หมู่ที่7 บ้านโดง ตำบลสังขะ ตามแบบมาตรฐานกรมทรัพยากรน้ำ องค์การบริหารส่วนตำบลสังชะอำเภอสังขะ จังหวัดสุรินทร์", "min": "กระทรวงมหาดไทย", "agc": "กรมส่งเสริมการปกครองท้องถิ่น", "plan_name": "แผนงานบูรณาการส่งเสริมการกระจายอำนาจให้แก่องค์กรปกครองส่วนท้องถิ่น", "stg_name": "ยุทธศาสตร์ด้านการปรับสมดุลและพัฒนาระบบบริหารจัดการภาครัฐ", "objc_level1_name": "งบอุดหนุน", "compare": [{"bb_amount": 3618000, "bb_province": "สุรินทร์", "gf_amount": 3602690, "gf_province": "สุรินทร์"}], "gf_amount_sum": 3602690}
