{"bb_code": "1500848029600E39", "bb_year": "2560", "amount": 3618000, "min_code": "15000", "agc_code": "15008", "name": "ก่อสร้างระบบประปาหมู่บ้านแบบผิวดินขนาดใหญ่ หมู่ที่5 บ้านห้วยหอย ตำบลธาตุทอง ตามแบบมาตรฐานกรมทรัพยากรน้ำ เทศบาลตำบลธาตุทอง อำเภอภูเขียว จังหวัดชัยภูมิ", "min": "กระทรวงมหาดไทย", "agc": "กรมส่งเสริมการปกครองท้องถิ่น", "plan_name": "แผนงานบูรณาการส่งเสริมการกระจายอำนาจให้แก่องค์กรปกครองส่วนท้องถิ่น", "stg_name": "ยุทธศาสตร์ด้านการปรับสมดุลและพัฒนาระบบบริหารจัดการภาครัฐ", "objc_level1_name": "งบอุดหนุน", "compare": [{"bb_amount": 3618000, "bb_province": "ชัยภูมิ", "gf_amount": 3514110, "gf_province": "ชัยภูมิ"}], "gf_amount_sum": 3514110}
{"bb_code": "1500848029600C01", "bb_year": "2560", "amount": 3618000, "min_code": "15000", "agc_code": "15008", "name": "ก่อสร้างระบบประปาหมู่บ้านแบบผิวดินขนาดใหญ่ หมู่ที่13 บ้านโคกสง่า ตำบลเทพาลัย ตามแบบมาตรฐานกรมทรัพยากรน้ำองค์การบริหารส่วนตำบลเทพาลัย อำเภอคง จังหวัดนครราชสีมา", "min": "กระทรวงมหาดไทย", "agc": "กรมส่งเสริมการปกครองท้องถิ่น", "plan_name": "แผนงานบูรณาการส่งเสริมการกระจายอำนาจให้แก่องค์กรปกครองส่วนท้องถิ่น", "stg_name": "ยุทธศาสตร์ด้านการปรับสมดุลและพัฒนาระบบบริหารจัดการภาครัฐ", "objc_level1_name": "งบอุดหนุน", "compare": [{"bb_amount": 3618000, "bb_province": "นครราชสีมา", "gf_amount": 0, "gf_province": "นครราชสีมา"}], "gf_amount_sum": 0}
{"bb_code": "1500848029600O39", "bb_year": "2560", "amount": 3618000, "min_code": "15000", "agc_code": "15008", "name": "ก่อสร้างระบบประปาหมู่บ้านแบบผิวดินขนาดใหญ่ หมู่ที่2 บ้านหนองม่วง ตำบลหนองตาด ตามแบบมาตรฐานกรมทรัพยากรน้ำเทศบาลตำบลหนองตาดอำเภอเมืองบุรีรัมย์ จังหวัดบุรีรัมย์", "min": "กระทรวงมหาดไทย", "agc": "กรมส่งเสริมการปกครองท้องถิ่น", "plan_name": "แผนงานบูรณาการส่งเสริมการกระจายอำนาจให้แก่องค์กรปกครองส่วนท้องถิ่น", "stg_name": "ยุทธศาสตร์ด้านการปรับสมดุลและพัฒนาระบบบริหารจัดการภาครัฐ", "objc_level1_name": "งบอุดหนุน", "compare": [{"bb_amount": 3618000, "bb_province": "บุรีรัมย์", "gf_amount": 0, "gf_province": "บุรีรัมย์"}], "gf_amount_sum": 0}
{"bb_code": "1500848029600O97", "bb_year": "2560", "amount": 3618000, "min_code": "15000", "agc_code": "15008", "name": "ก่อสร้างระบบประปาหมู่บ้านแบบผิวดินขนาดใหญ่ หมู่ที่24 บ้านดงพริงแจว ตำบลแม่สิน ตามแบบมาตรฐานกรมทรัพยากรน้ำ องค์การบริหารส่วนตำบลแม่สินอำเภอศรีสัชนลัย จังหวัดสุโขทัย", "min": "กระทรวงมหาดไทย", "agc": "กรมส่งเสริมการปกครองท้องถิ่น", "plan_name": "แผนงานบูรณาการส่งเสริมการกระจายอำนาจให้แก่องค์กรปกครองส่วนท้องถิ่น", "stg_name": "ยุทธศาสตร์ด้านการปรับสมดุลและพัฒนาระบบบริหารจัดการภาครัฐ", "objc_level1_name": "งบอุดหนุน", "compare": [{"bb_amount": 3618000, "bb_province": "สุโขทัย", "gf_amount": 3334586.02, "gf_province": "สุโขทัย"}], "gf_amount_sum": 3334586.02}
{"bb_code": "1500848029600R99", "bb_year": "2560", "amount": 3618000, "min_code": "15000", "agc_code": "15008", "name": "ก่อสร้างระบบประปาหมู่บ้านแบบผิวดินขนาดใหญ่ หมู่ที่19 บ้านร่มเย็น ตำบลโคกสะอาด ตามแบบมาตรฐานกรมทรัพยากรน้ำ องค์การบริหารส่วนตำบลโคกสะอาด อำเภอปราสาทจังหวัดสุรินทร์", "min": "กระทรวงมหาดไทย", "agc": "กรมส่งเสริมการปกครองท้องถิ่น", "plan_name": "แผนงานบูรณาการส่งเสริมการกระจายอำนาจให้แก่องค์กรปกครองส่วนท้องถิ่น", "stg_name": "ยุทธศาสตร์ด้านการปรับสมดุลและพัฒนาระบบบริหารจัดการภาครัฐ", "objc_level1_name": "งบอุดหนุน", "compare": [{"bb_amount": 3618000, "bb_province": "สุรินทร์", "gf_amount": 2821759, "gf_province": "สุรินทร์"}], "gf_amount_sum": 2821759}
{"bb_code": "1500848029600K09", "bb_year": "2560", "amount": 3618000, "min_code": "15000", "agc_code": "15008", "name": "ก่อสร้างระบบประปาหมู่บ้านแบบผิวดินขนาดใหญ่ หมู่ที่5 บริเวณวัดท่าไม้ลายตำบลวังใหม่ ตามแบบมาตรฐานกรมทรัพยากรน้ำเทศบาลตำบลวังใหม่อำเภอเมืองชุมพร จังหวัดชุมพร", "min": "กระทรวงมหาดไทย", "agc": "กรมส่งเสริมการปกครองท้องถิ่น", "plan_name": "แผนงานบูรณาการส่งเสริมการกระจายอำนาจให้แก่องค์กรปกครองส่วนท้องถิ่น", "stg_name": "ยุทธศาสตร์ด้านการปรับสมดุลและพัฒนาระบบบริหารจัดการภาครัฐ", "objc_level1_name": "งบอุดหนุน", "compare": [{"bb_amount": 3618000, "bb_province": "ชุมพร", "gf_amount": 0, "gf_province": "ชุมพร"}], "gf_amount_sum": 0}
{"bb_code": "1500848029600R94", "bb_year": "2560", "amount": 3618000, "min_code": "15000", "agc_code": "15008", "name": "ก่อสร้างระบบประปาหมู่บ้านแบบผิวดินขนาดใหญ่ หมู่ที่1 บ้านดู่น่าหนองไผ่ ตำบลนาหนองไผ่ ตามแบบมาตรฐานกรมทรัพยากรน้ำเทศบาลตำบลนาหนองไผ่อำเภอชุมพลบุรี จังหวัดสุรินทร์", "min": "กระทรวงมหาดไทย", "agc": "กรมส่งเสริมการปกครองท้องถิ่น", "plan_name": "แผนงานบูรณาการส่งเสริมการกระจายอำนาจให้แก่องค์กรปกครองส่วนท้องถิ่น", "stg_name": "ยุทธศาสตร์ด้านการปรับสมดุลและพัฒนาระบบบริหารจัดการภาครัฐ", "objc_level1_name": "งบอุดหนุน", "compare": [{"bb_amount": 3618000, "bb_province": "สุรินทร์", "gf_amount": 0, "gf_province": "สุรินทร์"}], "gf_amount_sum": 0}
{"bb_code": "1500848029600P55", "bb_year": "2560", "amount": 3618000, "min_code": "15000", "agc_code": "15008", "name": "ก่อสร้างระบบประปาหมู่บ้านแบบผิวดินขนาดใหญ่ หมู่ที่8 บ้านกาเกาะ ตำบลกาเกาะ ตามแบบมาตรฐานกรมทรัพยากรน้ำ องค์การบริหารส่วนตำบลกาเกาะอำเภอเมืองสุรินทร์ จังหวัดสุรินทร์", "min": "กระทรวงมหาดไทย", "agc": "กรมส่งเสริมการปกครองท้องถิ่น", "plan_name": "แผนงานบูรณาการส่งเสริมการกระจายอำนาจให้แก่องค์กรปกครองส่วนท้องถิ่น", "stg_name": "ยุทธศาสตร์ด้านการปรับสมดุลและพัฒนาระบบบริหารจัดการภาครัฐ", "objc_level1_name": "งบอุดหนุน", "compare": [{"bb_amount": 3618000, "bb_province": "สุรินทร์", "gf_amount": 0, "gf_province": "สุรินทร์"}], "gf_amount_sum": 0}
{"bb_code": "1500848029600694", "bb_year": "2560", "amount": 3618000, "min_code": "15000", "agc_code": "15008", "name": "ก่อสร้างระบบประปาหมู่บ้านแบบผิวดินขนาดใหญ่ หมู่ที่7 บ้านป่าบง ตำบลตะเบาะตามแบบมาตรฐานกรมทรัพยากรน้ำ องค์การบริหารส่วนตำบลตะเบาะอำเภอเมืองเพชรบูรณ์จังหวัดเพชรบูรณ์", "min": "กระทรวงมหาดไทย", "agc": "กรมส่งเสริมการปกครองท้องถิ่น", "plan_name": "แผนงานบูรณาการส่งเสริมการกระจายอำนาจให้แก่องค์กรปกครองส่วนท้องถิ่น", "stg_name": "ยุทธศาสตร์ด้านการปรับสมดุลและพัฒนาระบบบริหารจัดการภาครัฐ", "objc_level1_name": "งบอุดหนุน", "compare": [{"bb_amount": 3618000, "bb_province": "เพชรบูรณ์", "gf_amount": 3052984, "gf_province": "เพชรบูรณ์"}], "gf_amount_sum": 3052984}
{"bb_code": "1500848029600R96", "bb_year": "2560", "amount": 3618000, "min_code": "15000", "agc_code": "15008", "name": "ก่อสร้างระบบประปาหมู่บ้านแบบผิวดินขนาดใหญ่ หมู่ที่3 บ้านหนองอีดำ ตำบลกระโพ ตามแบบมาตรฐานกรมทรัพยากรน้ำ องค์การบริหารส่วนตำบลกระโพอำเภอท่าตูม จังหวัดสุรินทร์", "min": "กระทรวงมหาดไทย", "agc": "กรมส่งเสริมการปกครองท้องถิ่น", "plan_name": "แผนงานบูรณาการส่งเสริมการกระจายอำนาจให้แก่องค์กรปกครองส่วนท้องถิ่น", "stg_name": "ยุทธศาสตร์ด้านการปรับสมดุลและพัฒนาระบบบริหารจัดการภาครัฐ", "objc_level1_name": "งบอุดหนุน", "compare": [{"bb_amount": 3618000, "bb_province": "สุรินทร์", "gf_amount": 3388116.14, "gf_province": "สุรินทร์"}], "gf_amount_sum": 3388116.14}
{"bb_code": "1500848029600S01", "bb_year": "2560", "amount": 3618000, "min_code": "15000", "agc_code": "15008", "name": "ก่อสร้างระบบประปาหมู่บ้านแบบผิวดินขนาดใหญ่ หมู่ที่11 บ้านหนองหลวง ตำบลจีกแดก ตามแบบมาตรฐานกรมทรัพยากรน้ำ องค์การบริหารส่วนตำบลจีกแดกอำเภอพนมดงรัก จังหวัดสุรินทร์", "min": "กระทรวงมหาดไทย", "agc": "กรมส่งเสริมการปกครองท้องถิ่น", "plan_name": "แผนงานบูรณาการส่งเสริมการกระจายอำนาจให้แก่องค์กรปกครองส่วนท้องถิ่น", "stg_name": "ยุทธศาสตร์ด้านการปรับสมดุลและพัฒนาระบบบริหารจัดการภาครัฐ", "objc_level1_name": "งบอุดหนุน", "compare": [{"bb_amount": 3618000, "bb_province": "สุรินทร์", "gf_amount": 0, "gf_province": "สุรินทร์"}], "gf_amount_sum": 0}
{"bb_code": "1500848029600R90", "bb_year": "2560", "amount": 3618000, "min_code": "15000", "agc_code": "15008", "name": "ก่อสร้างระบบประปาหมู่บ้านแบบผิวดินขนาดใหญ่ หมู่ที่6 บ้านศิริพัฒน์ ตำบลหมื่นศรี ตามแบบมาตรฐานกรมทรัพยากรน้ำ องค์การบริหารส่วนตำบลหมื่นศรีอำเภอสำโรงทาบ จังหวัดสุรินทร์", "min": "กระทรวงมหาดไทย", "agc": "กรมส่งเสริมการปกครองท้องถิ่น", "plan_name": "แผนงานบูรณาการส่งเสริมการกระจายอำนาจให้แก่องค์กรปกครองส่วนท้องถิ่น", "stg_name": "ยุทธศาสตร์ด้านการปรับสมดุลและพัฒนาระบบบริหารจัดการภาครัฐ", "objc_level1_name": "งบอุดหนุน", "compare": [{"bb_amount": 3618000, "bb_province": "สุรินทร์", "gf_amount": 653594.67, "gf_province": "สุรินทร์"}], "gf_amount_sum": 653594.67}
{"bb_code": "1500848029600532", "bb_year": "2560", "amount": 3618000, "min_code": "15000", "agc_code": "15008", "name": "ก่อสร้างระบบประปาหมู่บ้านแบบผิวดินขนาดใหญ่ หมู่ที่6 บ้านสามขา ตำบลเสียวตามแบบมาตรฐานกรมทรัพยากรน้ำ องค์การบริหารส่วนตำบลเสียวอำเภอโพธิ์ศรีสุวรรณจังหวัดศรีสะเกษ", "min": "กระทรวงมหาดไทย", "agc": "กรมส่งเสริมการปกครองท้องถิ่น", "plan_name": "แผนงานบูรณาการส่งเสริมการกระจายอำนาจให้แก่องค์กรปกครองส่วนท้องถิ่น", "stg_name": "ยุทธศาสตร์ด้านการปรับสมดุลและพัฒนาระบบบริหารจัดการภาครัฐ", "objc_level1_name": "งบอุดหนุน", "compare": [{"bb_amount": 3618000, "bb_province": "ศรีสะเกษ", "gf_amount": 442722.01, "gf_province": "ศรีสะเกษ"}], "gf_amount_sum": 442722.01}
{"bb_code": "1500848029600D41", "bb_year": "2560", "amount": 3618000, "min_code": "15000", "agc_code": "15008", "name": "ก่อสร้างระบบประปาหมู่บ้านแบบผิวดินขนาดใหญ่ หมู่ที่1 บ้านถลุงทอง ตำบลหินตก ตามแบบมาตรฐานกรมทรัพยากรน้ำ องค์การบริหารส่วนตำบลหินตกอำเภอร่อนพิบูลย์ จังหวัดนครศรีธรรมราช", "min": "กระทรวงมหาดไทย", "agc": "กรมส่งเสริมการปกครองท้องถิ่น", "plan_name": "แผนงานบูรณาการส่งเสริมการกระจายอำนาจให้แก่องค์กรปกครองส่วนท้องถิ่น", "stg_name": "ยุทธศาสตร์ด้านการปรับสมดุลและพัฒนาระบบบริหารจัดการภาครัฐ", "objc_level1_name": "งบอุดหนุน", "compare": [{"bb_amount": 3618000, "bb_province": "นครศรีธรรมราช", "gf_amount": 3617500, "gf_province": "นครศรีธรรมราช"}], "gf_amount_sum": 3617500}
{"bb_code": "1500848029600M34", "bb_year": "2560", "amount": 3618000, "min_code": "15000", "agc_code": "15008", "name": "ก่อสร้างระบบประปาหมู่บ้านแบบผิวดินขนาดใหญ่ หมู่ที่7 บ้านตะโละ ตำบลเรียงองค์การบริหารส่วนตำบลเรียง อำเภอรือเสาะ จังหวัดนราธิวาส", "min": "กระทรวงมหาดไทย", "agc": "กรมส่งเสริมการปกครองท้องถิ่น", "plan_name": "แผนงานบูรณาการส่งเสริมการกระจายอำนาจให้แก่องค์กรปกครองส่วนท้องถิ่น", "stg_name": "ยุทธศาสตร์ด้านการปรับสมดุลและพัฒนาระบบบริหารจัดการภาครัฐ", "objc_level1_name": "งบอุดหนุน", "compare": [{"bb_amount": 3618000, "bb_province": "นราธิวาส", "gf_amount": 0, "gf_province": "นราธิวาส"}], "gf_amount_sum": 0}
{"bb_code": "1500848029600R81", "bb_year": "2560", "amount": 3618000, "min_code": "15000", "agc_code": "15008", "name": "ก่อสร้างระบบประปาหมู่บ้านแบบผิวดินขนาดใหญ่ หมู่ที่10 บ้านศาลา ตำบลยางสว่าง ตามแบบมาตรฐานกรมทรัพยากรน้ำ องค์การบริหารส่วนตำบลยางสว่างอำเภอรัตนบุรี จังหวัดสุรินทร์", "min": "กระทรวงมหาดไทย", "agc": "กรมส่งเสริมการปกครองท้องถิ่น", "plan_name": "แผนงานบูรณาการส่งเสริมการกระจายอำนาจให้แก่องค์กรปกครองส่วนท้องถิ่น", "stg_name": "ยุทธศาสตร์ด้านการปรับสมดุลและพัฒนาระบบบริหารจัดการภาครัฐ", "objc_level1_name": "งบอุดหนุน", "compare": [{"bb_amount": 3618000, "bb_province": "สุรินทร์", "gf_amount": 3417844, "gf_province": "สุรินทร์"}], "gf_amount_sum": 3417844}
{"bb_code": "1500848029600R89", "bb_year": "2560", "amount": 3618000, "min_code": "15000", "agc_code": "15008", "name": "ก่อสร้างระบบประปาหมู่บ้านแบบประปาผิวดินขนาดใหญ่ หมู่ที่ 4 บ้านขอนแก่นตำบลหนองฮะ ตามแบบมาตรฐานของกรมทรัพยากรน้ำ องค์การบริหารส่วนตำบลหนองฮะ อำเภอสำโรงทาบ จังหวัดสุรินทร์", "min": "กระทรวงมหาดไทย", "agc": "กรมส่งเสริมการปกครองท้องถิ่น", "plan_name": "แผนงานบูรณาการส่งเสริมการกระจายอำนาจให้แก่องค์กรปกครองส่วนท้องถิ่น", "stg_name": "ยุทธศาสตร์ด้านการปรับสมดุลและพัฒนาระบบบริหารจัดการภาครัฐ", "objc_level1_name": "งบอุดหนุน", "compare": [{"bb_amount": 3618000, "bb_province": "สุรินทร์", "gf_amount": 3545910, "gf_province": "สุรินทร์"}], "gf_amount_sum": 3545910}
{"bb_code": "1500848029600R93", "bb_year": "2560", "amount": 3618000, "min_code": "15000", "agc_code": "15008", "name": "ก่อสร้างระบบประปาหมู่บ้านแบบผิวดินขนาดใหญ่ หมู่ที่22 บ้านโคกโต่ง ตำบลชุมพลบุรี ตามแบบมาตรฐานกรมทรัพยากรน้ำ เทศบาลตำบลชุมพลบุรี อำเภอชุมพลบุรี จังหวัดสุรินทร์", "min": "กระทรวงมหาดไทย", "agc": "กรมส่งเสริมการปกครองท้องถิ่น", "plan_name": "แผนงานบูรณาการส่งเสริมการกระจายอำนาจให้แก่องค์กรปกครองส่วนท้องถิ่น", "stg_name": "ยุทธศาสตร์ด้านการปรับสมดุลและพัฒนาระบบบริหารจัดการภาครัฐ", "objc_level1_name": "งบอุดหนุน", "compare": [{"bb_amount": 3618000, "bb_province": "สุรินทร์", "gf_amount": 2696563, "gf_province": "สุรินทร์"}], "gf_amount_sum": 2696563}
{"bb_code": "1500848029600S03", "bb_year": "2560", "amount": 3618000, "min_code": "15000", "agc_code": "15008", "name": "ก่อสร้างระบบประปาหมู่บ้านแบบผิวดินขนาดใหญ่ หมู่ที่3 บ้านยะสุข ตำบลตระเปรียงเตีย ตามแบบมาตรฐานกรมทรัพยากรน้ำองค์การบริหารส่วนตำบลตะเบียงเตีย อำเภอลำดวนจังหวัดสุรินทร์", "min": "กระทรวงมหาดไทย", "agc": "กรมส่งเสริมการปกครองท้องถิ่น", "plan_name": "แผนงานบูรณาการส่งเสริมการกระจายอำนาจให้แก่องค์กรปกครองส่วนท้องถิ่น", "stg_name": "ยุทธศาสตร์ด้านการปรับสมดุลและพัฒนาระบบบริหารจัดการภาครัฐ", "objc_level1_name": "งบอุดหนุน", "compare": [{"bb_amount": 3618000, "bb_province": "สุรินทร์", "gf_amount": 2085543, "gf_province": "สุรินทร์"}], "gf_amount_sum": 2085543}
{"bb_code": "1500848029600B99", "bb_year": "2560", "amount": 3618000, "min_code": "15000", "agc_code": "15008", "name": "ก่อสร้างระบบประปาหมู่บ้านแบบผิวดินขนาดใหญ่ หมู่ที่3 บ้านดอนสวรรค์ตำบลอุ่มเหม้า ตามแบบมาตรฐานกรมทรัพยากรน้ำองค์การบริหารส่วนตำบลอุ่มเหม้า อำเภอธาตุพนม จังหวัดนครพนม", "min": "กระทรวงมหาดไทย", "agc": "กรมส่งเสริมการปกครองท้องถิ่น", "plan_name": "แผนงานบูรณาการส่งเสริมการกระจายอำนาจให้แก่องค์กรปกครองส่วนท้องถิ่น", "stg_name": "ยุทธศาสตร์ด้านการปรับสมดุลและพัฒนาระบบบริหารจัดการภาครัฐ", "objc_level1_name": "งบอุดหนุน", "compare": [{"bb_amount": 3618000, "bb_province": "นครพนม", "gf_amount": 0, "gf_province": "นครพนม"}], "gf_amount_sum": 0}
