{"bb_code": "1500848029600P17", "bb_year": "2560", "amount": 3617900, "min_code": "15000", "agc_code": "15008", "name": "ก่อสร้างระบบประปาหมู่บ้านแบบผิวดินขนาดใหญ่ หมู่ที่5 บ้านทำเนียบ ตำบลช่างปีตามแบบมาตรฐานกรมทรัพยากรน้ำ องค์การบริหารส่วนตำบลช่างปี่อำเภอศีขรภูมิ จังหวัดสุรินทร์", "min": "กระทรวงมหาดไทย", "agc": "กรมส่งเสริมการปกครองท้องถิ่น", "plan_name": "แผนงานบูรณาการส่งเสริมการกระจายอำนาจให้แก่องค์กรปกครองส่วนท้องถิ่น", "stg_name": "ยุทธศาสตร์ด้านการปรับสมดุลและพัฒนาระบบบริหารจัดการภาครัฐ", "objc_level1_name": "งบอุดหนุน", "compare": [{"bb_amount": 3617900, "bb_province": "สุรินทร์", "gf_amount": 728984, "gf_province": "สุรินทร์"}], "gf_amount_sum": 728984}
{"bb_code": "1500848029600074", "bb_year": "2560", "amount": 3617900, "min_code": "15000", "agc_code": "15008", "name": "ก่อสร้างระบบผลิตน้ำประปาผิวดินขนาดใหญ่เพื่อชุมชนหมู่ที่ 13 บ้านสุวรรณวารีตำบลคำเขื่อนแก้ว ตามแบบมาตรฐานกรมทรัพยากรน้ำ องค์การบริหารส่วนตำบลคำเขื่อนแก้ว อำเภอสิรินธร จังหวัดอุบลราชธานี", "min": "กระทรวงมหาดไทย", "agc": "กรมส่งเสริมการปกครองท้องถิ่น", "plan_name": "แผนงานบูรณาการส่งเสริมการกระจายอำนาจให้แก่องค์กรปกครองส่วนท้องถิ่น", "stg_name": "ยุทธศาสตร์ด้านการปรับสมดุลและพัฒนาระบบบริหารจัดการภาครัฐ", "objc_level1_name": "งบอุดหนุน", "compare": [{"bb_amount": 3617900, "bb_province": "อุบลราชธานี", "gf_amount": 0, "gf_province": "อุบลราชธานี"}], "gf_amount_sum": 0}
{"bb_code": "1500848029600Q11", "bb_year": "2560", "amount": 3617900, "min_code": "15000", "agc_code": "15008", "name": "ก่อสร้างประปาหมู่บ้าน แบบผิวดินขนาดใหญ่ หมู่ที่ 7บ้านทดสามัคคี ตำบลหนองม่วง ตามแบบแปลน กรมทรัพยากรน้ำ องค์การบริหารส่วนตำบลหนองม่วงอำเภอโคกสูง จังหวัดสระแก้ว", "min": "กระทรวงมหาดไทย", "agc": "กรมส่งเสริมการปกครองท้องถิ่น", "plan_name": "แผนงานบูรณาการส่งเสริมการกระจายอำนาจให้แก่องค์กรปกครองส่วนท้องถิ่น", "stg_name": "ยุทธศาสตร์ด้านการปรับสมดุลและพัฒนาระบบบริหารจัดการภาครัฐ", "objc_level1_name": "งบอุดหนุน", "compare": [{"bb_amount": 3617900, "bb_province": "สระแก้ว", "gf_amount": 3546740.97, "gf_province": "สระแก้ว"}], "gf_amount_sum": 3546740.97}
{"bb_code": "1500848029600491", "bb_year": "2560", "amount": 3617900, "min_code": "15000", "agc_code": "15008", "name": "ก่อสร้างระบบประปาหมู่บ้านแบบผิวดินขนาดใหญ่ หมู่ที่7 บ้านทุ่งสว่าง ตำบลละเอาะ ตามแบบมาตรฐานกรมทรัพยากรน้ำ องค์การบริหารส่วนตำบลละเอาะอำเภอน้ำเกลี้ยง จังหวัดศรีสะเกษ", "min": "กระทรวงมหาดไทย", "agc": "กรมส่งเสริมการปกครองท้องถิ่น", "plan_name": "แผนงานบูรณาการส่งเสริมการกระจายอำนาจให้แก่องค์กรปกครองส่วนท้องถิ่น", "stg_name": "ยุทธศาสตร์ด้านการปรับสมดุลและพัฒนาระบบบริหารจัดการภาครัฐ", "objc_level1_name": "งบอุดหนุน", "compare": [{"bb_amount": 3617900, "bb_province": "ศรีสะเกษ", "gf_amount": 2085037.5, "gf_province": "ศรีสะเกษ"}], "gf_amount_sum": 2085037.5}
{"bb_code": "1500848029600392", "bb_year": "2560", "amount": 3617900, "min_code": "15000", "agc_code": "15008", "name": "ก่อสร้างระบบประปาหมู่บ้านแบบผิวดินขนาดใหญ่ หมู่ที่1,17 บ้านโคกสะอาด,บ้านดงน้ำกิน ตำบลเวียงสะอาดตามแบบมาตรฐานกรมทรัพยากรน้ำ องค์การบริหารส่วนตำบลเวียงสะอาด อำเภอพยัคฆภูมิพิสัย จังหวัดมหาสารคาม", "min": "กระทรวงมหาดไทย", "agc": "กรมส่งเสริมการปกครองท้องถิ่น", "plan_name": "แผนงานบูรณาการส่งเสริมการกระจายอำนาจให้แก่องค์กรปกครองส่วนท้องถิ่น", "stg_name": "ยุทธศาสตร์ด้านการปรับสมดุลและพัฒนาระบบบริหารจัดการภาครัฐ", "objc_level1_name": "งบอุดหนุน", "compare": [{"bb_amount": 3617900, "bb_province": "มหาสารคาม", "gf_amount": 2531672, "gf_province": "มหาสารคาม"}], "gf_amount_sum": 2531672}
{"bb_code": "1500848029600V42", "bb_year": "2560", "amount": 3617900, "min_code": "15000", "agc_code": "15008", "name": "ก่อสร้างระบบประปาหมู่บ้านแบบผิวดินขนาดใหญ่ หมู่ที่2 บ้านบุ่ง ตำบลบ้านบุ่งตามแบบมาตรฐานกรมทรัพยากรน้ำ องค์การบริหารส่วนตำบลบ้านบุ่งอำเภอเมืองพิจิตร จังหวัดพิจิตร", "min": "กระทรวงมหาดไทย", "agc": "กรมส่งเสริมการปกครองท้องถิ่น", "plan_name": "แผนงานบูรณาการส่งเสริมการกระจายอำนาจให้แก่องค์กรปกครองส่วนท้องถิ่น", "stg_name": "ยุทธศาสตร์ด้านการปรับสมดุลและพัฒนาระบบบริหารจัดการภาครัฐ", "objc_level1_name": "งบอุดหนุน", "compare": [{"bb_amount": 3617900, "bb_province": "พิจิตร", "gf_amount": 0, "gf_province": "พิจิตร"}], "gf_amount_sum": 0}
{"bb_code": "1500848029600S68", "bb_year": "2560", "amount": 3617900, "min_code": "15000", "agc_code": "15008", "name": "ก่อสร้างระบบประปาหมู่บ้านแบบผิวดินขนาดใหญ่ หมู่ที่5 บ้านไร่ ตำบลโพนทองตามแบบมาตรฐานกรมทรัพยากรน้ำ องค์การบริหารส่วนตำบลโพนทองอำเภอโพธิ์ตาก จังหวัดหนองคาย", "min": "กระทรวงมหาดไทย", "agc": "กรมส่งเสริมการปกครองท้องถิ่น", "plan_name": "แผนงานบูรณาการส่งเสริมการกระจายอำนาจให้แก่องค์กรปกครองส่วนท้องถิ่น", "stg_name": "ยุทธศาสตร์ด้านการปรับสมดุลและพัฒนาระบบบริหารจัดการภาครัฐ", "objc_level1_name": "งบอุดหนุน", "compare": [{"bb_amount": 3617900, "bb_province": "หนองคาย", "gf_amount": 1225665, "gf_province": "หนองคาย"}], "gf_amount_sum": 1225665}
{"bb_code": "1500848029600R71", "bb_year": "2560", "amount": 3617900, "min_code": "15000", "agc_code": "15008", "name": "ก่อสร้างระบบประปาหมู่บ้านแบบผิวดินขนาดใหญ่ หมู่ที่16 บ้านไทยสันติสุข ตำบลบักได ตามแบบมาตรฐานกรมทรัพยากรน้ำ องค์การบริหารส่วนตำบลบักไดอำเภอพนมดงรัก จังหวัดสุรินทร์", "min": "กระทรวงมหาดไทย", "agc": "กรมส่งเสริมการปกครองท้องถิ่น", "plan_name": "แผนงานบูรณาการส่งเสริมการกระจายอำนาจให้แก่องค์กรปกครองส่วนท้องถิ่น", "stg_name": "ยุทธศาสตร์ด้านการปรับสมดุลและพัฒนาระบบบริหารจัดการภาครัฐ", "objc_level1_name": "งบอุดหนุน", "compare": [{"bb_amount": 3617900, "bb_province": "สุรินทร์", "gf_amount": 3550880, "gf_province": "สุรินทร์"}], "gf_amount_sum": 3550880}
{"bb_code": "1500848029600R70", "bb_year": "2560", "amount": 3617900, "min_code": "15000", "agc_code": "15008", "name": "ก่อสร้างระบบประปาหมู่บ้านแบบผิวดินขนาดใหญ่ หมู่ที่12 บ้านสกอร์ ตำบลบักไดตามแบบมาตรฐานกรมทรัพยากรน้ำ องค์การบริหารส่วนตำบลบักไดอำเภอพนมดงรัก จังหวัดสุรินทร์", "min": "กระทรวงมหาดไทย", "agc": "กรมส่งเสริมการปกครองท้องถิ่น", "plan_name": "แผนงานบูรณาการส่งเสริมการกระจายอำนาจให้แก่องค์กรปกครองส่วนท้องถิ่น", "stg_name": "ยุทธศาสตร์ด้านการปรับสมดุลและพัฒนาระบบบริหารจัดการภาครัฐ", "objc_level1_name": "งบอุดหนุน", "compare": [{"bb_amount": 3617900, "bb_province": "สุรินทร์", "gf_amount": 3322944, "gf_province": "สุรินทร์"}], "gf_amount_sum": 3322944}
{"bb_code": "1500848029600888", "bb_year": "2560", "amount": 3617900, "min_code": "15000", "agc_code": "15008", "name": "ก่อสร้างระบบประปาหมู่บ้านแบบผิวดินขนาดใหญ่มากหมู่ที่ 5 บ้านสันติสุข ตามแบบมาตรฐานกรมทรัพยากรน้ำ องค์การบริหารส่วนตำบลแม่ลาหลวง อำเภอแม่ลาน้อยจังหวัดแม่ฮ่องสอน", "min": "กระทรวงมหาดไทย", "agc": "กรมส่งเสริมการปกครองท้องถิ่น", "plan_name": "แผนงานบูรณาการส่งเสริมการกระจายอำนาจให้แก่องค์กรปกครองส่วนท้องถิ่น", "stg_name": "ยุทธศาสตร์ด้านการปรับสมดุลและพัฒนาระบบบริหารจัดการภาครัฐ", "objc_level1_name": "งบอุดหนุน", "compare": [{"bb_amount": 3617900, "bb_province": "แม่ฮ่องสอน", "gf_amount": 2894320, "gf_province": "แม่ฮ่องสอน"}], "gf_amount_sum": 2894320}
{"bb_code": "1500848029600482", "bb_year": "2560", "amount": 3617900, "min_code": "15000", "agc_code": "15008", "name": "ก่อสร้างระบบประปาหมู่บ้านแบบผิวดินขนาดใหญ่ หมู่ที่10 บ้านกุดหมากเห็บ ตำบลโนนสะอาด ตามแบบแปลนกรมทรัพยากรน้ำ องค์การบริหารส่วนตำบลโนนสะอาด อำเภอแวงใหญ่จังหวัดขอนแก่น", "min": "กระทรวงมหาดไทย", "agc": "กรมส่งเสริมการปกครองท้องถิ่น", "plan_name": "แผนงานบูรณาการส่งเสริมการกระจายอำนาจให้แก่องค์กรปกครองส่วนท้องถิ่น", "stg_name": "ยุทธศาสตร์ด้านการปรับสมดุลและพัฒนาระบบบริหารจัดการภาครัฐ", "objc_level1_name": "งบอุดหนุน", "compare": [{"bb_amount": 3617900, "bb_province": "ขอนแก่น", "gf_amount": 2988765, "gf_province": "ขอนแก่น"}], "gf_amount_sum": 2988765}
{"bb_code": "1500848029600H57", "bb_year": "2560", "amount": 3617900, "min_code": "15000", "agc_code": "15008", "name": "ก่อสร้างระบบประปาหมู่บ้านแบบผิวดินขนาดใหญ่ หมู่ที่1 บ้านดอนกา ตำบลบางเตย ตามแบบกรมทรัพยากรน้ำ องค์การบริหารส่วนตำบลบางเตย อำเภอเมืองฉะเชิงเทรา จังหวัดฉะเชิงเทรา", "min": "กระทรวงมหาดไทย", "agc": "กรมส่งเสริมการปกครองท้องถิ่น", "plan_name": "แผนงานบูรณาการส่งเสริมการกระจายอำนาจให้แก่องค์กรปกครองส่วนท้องถิ่น", "stg_name": "ยุทธศาสตร์ด้านการปรับสมดุลและพัฒนาระบบบริหารจัดการภาครัฐ", "objc_level1_name": "งบอุดหนุน", "compare": [{"bb_amount": 3617900, "bb_province": "ฉะเชิงเทรา", "gf_amount": 0, "gf_province": "ฉะเชิงเทรา"}], "gf_amount_sum": 0}
{"bb_code": "1500848029600L63", "bb_year": "2560", "amount": 3617900, "min_code": "15000", "agc_code": "15008", "name": "ก่อสร้างระบบประปาหมู่บ้านแบบผิวดินขนาดใหญ่ หมู่ที่7 บ้านโคกพัฒนา ตำบลหนองกง ตามแบบแปลนมาตรฐานกรมทรัพยากรน้ำองค์การบริหารส่วนตำบลหนองกง อำเภอนางรองจังหวัดบุรีรัมย์", "min": "กระทรวงมหาดไทย", "agc": "กรมส่งเสริมการปกครองท้องถิ่น", "plan_name": "แผนงานบูรณาการส่งเสริมการกระจายอำนาจให้แก่องค์กรปกครองส่วนท้องถิ่น", "stg_name": "ยุทธศาสตร์ด้านการปรับสมดุลและพัฒนาระบบบริหารจัดการภาครัฐ", "objc_level1_name": "งบอุดหนุน", "compare": [{"bb_amount": 3617900, "bb_province": "บุรีรัมย์", "gf_amount": 3422005, "gf_province": "บุรีรัมย์"}], "gf_amount_sum": 3422005}
{"bb_code": "1500848029600R91", "bb_year": "2560", "amount": 3617900, "min_code": "15000", "agc_code": "15008", "name": "ก่อสร้างระบบประปาหมู่บ้านแบบผิวดินขนาดใหญ่ หมู่ที่11 บ้านโพธิ์ใหญ่ ตำบลอาโพน ตามแบบมาตรฐานกรมทรัพยากรน้ำ องค์การบริหารส่วนตำบลอาโพนอำเภอบัวเชด จังหวัดสุรินทร์", "min": "กระทรวงมหาดไทย", "agc": "กรมส่งเสริมการปกครองท้องถิ่น", "plan_name": "แผนงานบูรณาการส่งเสริมการกระจายอำนาจให้แก่องค์กรปกครองส่วนท้องถิ่น", "stg_name": "ยุทธศาสตร์ด้านการปรับสมดุลและพัฒนาระบบบริหารจัดการภาครัฐ", "objc_level1_name": "งบอุดหนุน", "compare": [{"bb_amount": 3617900, "bb_province": "สุรินทร์", "gf_amount": 3521592.94, "gf_province": "สุรินทร์"}], "gf_amount_sum": 3521592.94}
{"bb_code": "1500848029600B24", "bb_year": "2560", "amount": 3617900, "min_code": "15000", "agc_code": "15008", "name": "ก่อสร้างระบบประปา แบบผิวดินขนาดใหญ่ หมุ่ที่ 7บ้านชุมนุมสูง ต.ทุ่งควายกินตามแบบมาตรฐานกรมทรัพยากรน้ำ องค์การบริหารส่วนตำบลทุ่งควายกิน อำเภอแกลง จังหวัดระยอง", "min": "กระทรวงมหาดไทย", "agc": "กรมส่งเสริมการปกครองท้องถิ่น", "plan_name": "แผนงานบูรณาการส่งเสริมการกระจายอำนาจให้แก่องค์กรปกครองส่วนท้องถิ่น", "stg_name": "ยุทธศาสตร์ด้านการปรับสมดุลและพัฒนาระบบบริหารจัดการภาครัฐ", "objc_level1_name": "งบอุดหนุน", "compare": [{"bb_amount": 3617900, "bb_province": "ระยอง", "gf_amount": 3535892.69, "gf_province": "ระยอง"}], "gf_amount_sum": 3535892.69}
{"bb_code": "1500848029600M54", "bb_year": "2560", "amount": 3617900, "min_code": "15000", "agc_code": "15008", "name": "ก่อสร้างระบบประปาหมู่บ้านแบบผิวดินขนาดใหญ่ หมู่ที่3 บ้านหนองโพรง ตำบลหนองโพรง ตามแบบมาตรฐานกรมทรัพยากรน้ำกำหนด องค์การบริหารส่วนตำบลหนองโพรง อำเภอศรีมหาโพธิ จังหวัดปราจีนบุรี", "min": "กระทรวงมหาดไทย", "agc": "กรมส่งเสริมการปกครองท้องถิ่น", "plan_name": "แผนงานบูรณาการส่งเสริมการกระจายอำนาจให้แก่องค์กรปกครองส่วนท้องถิ่น", "stg_name": "ยุทธศาสตร์ด้านการปรับสมดุลและพัฒนาระบบบริหารจัดการภาครัฐ", "objc_level1_name": "งบอุดหนุน", "compare": [{"bb_amount": 3617900, "bb_province": "ปราจีนบุรี", "gf_amount": 1981595, "gf_province": "ปราจีนบุรี"}], "gf_amount_sum": 1981595}
{"bb_code": "1500848029600965", "bb_year": "2560", "amount": 3617900, "min_code": "15000", "agc_code": "15008", "name": "ก่อสร้างระบบประปาหมู่บ้านแบบผิวดินขนาดใหญ่ หมู่ที่5 บ้านโนนสว่างหนองตึกตำบลเสาธงชัย ตามแบบมาตรฐานกรมทรัพยากรน้ำองค์การบริหารส่วนตำบลเสาธงชัย อำเภอกันทรลักษ์จังหวัดศรีสะเกษ", "min": "กระทรวงมหาดไทย", "agc": "กรมส่งเสริมการปกครองท้องถิ่น", "plan_name": "แผนงานบูรณาการส่งเสริมการกระจายอำนาจให้แก่องค์กรปกครองส่วนท้องถิ่น", "stg_name": "ยุทธศาสตร์ด้านการปรับสมดุลและพัฒนาระบบบริหารจัดการภาครัฐ", "objc_level1_name": "งบอุดหนุน", "compare": [{"bb_amount": 3617900, "bb_province": "ศรีสะเกษ", "gf_amount": 838135, "gf_province": "ศรีสะเกษ"}], "gf_amount_sum": 838135}
{"bb_code": "1500848029600R59", "bb_year": "2560", "amount": 3617900, "min_code": "15000", "agc_code": "15008", "name": "ก่อสร้างระบบประปาหมู่บ้านแบบผิวดินขนาดใหญ่ หมู่ที่1 บ้านตะเคียน ตำบลอู่โลกตามแบบมาตรฐานกรมทรัพยากรน้ำ องค์การบริหารส่วนตำบลอู่โลกอำเภอลำดวน จังหวัดสุรินทร์", "min": "กระทรวงมหาดไทย", "agc": "กรมส่งเสริมการปกครองท้องถิ่น", "plan_name": "แผนงานบูรณาการส่งเสริมการกระจายอำนาจให้แก่องค์กรปกครองส่วนท้องถิ่น", "stg_name": "ยุทธศาสตร์ด้านการปรับสมดุลและพัฒนาระบบบริหารจัดการภาครัฐ", "objc_level1_name": "งบอุดหนุน", "compare": [{"bb_amount": 3617900, "bb_province": "สุรินทร์", "gf_amount": 3474875.25, "gf_province": "สุรินทร์"}], "gf_amount_sum": 3474875.25}
{"bb_code": "1500848029600723", "bb_year": "2560", "amount": 3617900, "min_code": "15000", "agc_code": "15008", "name": "ก่อสร้างระบบประปาหมู่บ้านแบบผิวดินขนาดใหญ่ หมู่ที่3 บ้านหัวทุ่ง ตำบลหัวทุ่งตามแบบมาตรฐานกรมทรัพยากรน้ำ องค์การบริหารส่วนตำบลหัวทุ่งอำเภอลอง จังหวัดแพร่", "min": "กระทรวงมหาดไทย", "agc": "กรมส่งเสริมการปกครองท้องถิ่น", "plan_name": "แผนงานบูรณาการส่งเสริมการกระจายอำนาจให้แก่องค์กรปกครองส่วนท้องถิ่น", "stg_name": "ยุทธศาสตร์ด้านการปรับสมดุลและพัฒนาระบบบริหารจัดการภาครัฐ", "objc_level1_name": "งบอุดหนุน", "compare": [{"bb_amount": 3617900, "bb_province": "แพร่", "gf_amount": 2860321.71, "gf_province": "แพร่"}], "gf_amount_sum": 2860321.71}
{"bb_code": "1500848029600688", "bb_year": "2560", "amount": 3617900, "min_code": "15000", "agc_code": "15008", "name": "ก่อสร้างระบบประปาหมู่บ้านแบบผิวดินขนาดใหญ่หมู่ที่5 บ้านท่าหัวลบ ตำบลวังไคร้ ตามแบบแปลนกรมทรัพยากรน้ำ องค์การบริหารส่วนตำบลวังไคร้อำเภอท่ายาง จังหวัดเพชรบุรี", "min": "กระทรวงมหาดไทย", "agc": "กรมส่งเสริมการปกครองท้องถิ่น", "plan_name": "แผนงานบูรณาการส่งเสริมการกระจายอำนาจให้แก่องค์กรปกครองส่วนท้องถิ่น", "stg_name": "ยุทธศาสตร์ด้านการปรับสมดุลและพัฒนาระบบบริหารจัดการภาครัฐ", "objc_level1_name": "งบอุดหนุน", "compare": [{"bb_amount": 3617900, "bb_province": "เพชรบุรี", "gf_amount": 3558491.11, "gf_province": "เพชรบุรี"}], "gf_amount_sum": 3558491.11}
