{"bb_code": "1500848029600R59", "bb_year": "2560", "amount": 3617900, "min_code": "15000", "agc_code": "15008", "name": "ก่อสร้างระบบประปาหมู่บ้านแบบผิวดินขนาดใหญ่ หมู่ที่1 บ้านตะเคียน ตำบลอู่โลกตามแบบมาตรฐานกรมทรัพยากรน้ำ องค์การบริหารส่วนตำบลอู่โลกอำเภอลำดวน จังหวัดสุรินทร์", "min": "กระทรวงมหาดไทย", "agc": "กรมส่งเสริมการปกครองท้องถิ่น", "plan_name": "แผนงานบูรณาการส่งเสริมการกระจายอำนาจให้แก่องค์กรปกครองส่วนท้องถิ่น", "stg_name": "ยุทธศาสตร์ด้านการปรับสมดุลและพัฒนาระบบบริหารจัดการภาครัฐ", "objc_level1_name": "งบอุดหนุน", "compare": [{"bb_amount": 3617900, "bb_province": "สุรินทร์", "gf_amount": 3474875.25, "gf_province": "สุรินทร์"}], "gf_amount_sum": 3474875.25}
{"bb_code": "1500848029600M40", "bb_year": "2560", "amount": 3617900, "min_code": "15000", "agc_code": "15008", "name": "ก่อสร้างระบบประปาหมู่บ้านแบบผิวดินขนาดใหญ่ หมู่ที่2 บ้านพร้าว ตำบลพระธาตุตามแบบมาตรฐานกรมทรัพยากรน้ำ องค์การบริหารส่วนตำบลพระธาตุอำเภอเชียงกลาง จังหวัดน่าน", "min": "กระทรวงมหาดไทย", "agc": "กรมส่งเสริมการปกครองท้องถิ่น", "plan_name": "แผนงานบูรณาการส่งเสริมการกระจายอำนาจให้แก่องค์กรปกครองส่วนท้องถิ่น", "stg_name": "ยุทธศาสตร์ด้านการปรับสมดุลและพัฒนาระบบบริหารจัดการภาครัฐ", "objc_level1_name": "งบอุดหนุน", "compare": [{"bb_amount": 3617900, "bb_province": "น่าน", "gf_amount": 3357495, "gf_province": "น่าน"}], "gf_amount_sum": 3357495}
{"bb_code": "1500848029600R39", "bb_year": "2560", "amount": 3617900, "min_code": "15000", "agc_code": "15008", "name": "ก่อสร้างระบบประปาหมู่บ้านแบบผิวดินขนาดใหญ่ หมู่ที่4 บ้านทุ่งมน ตำบลหนองเมธี ตามแบบมาตรฐานกรมทรัพยากรน้ำ องค์การบริหารส่วนตำบลหนองเมธีอำเภอท่าตูม จังหวัดสุรินทร์", "min": "กระทรวงมหาดไทย", "agc": "กรมส่งเสริมการปกครองท้องถิ่น", "plan_name": "แผนงานบูรณาการส่งเสริมการกระจายอำนาจให้แก่องค์กรปกครองส่วนท้องถิ่น", "stg_name": "ยุทธศาสตร์ด้านการปรับสมดุลและพัฒนาระบบบริหารจัดการภาครัฐ", "objc_level1_name": "งบอุดหนุน", "compare": [{"bb_amount": 3617900, "bb_province": "สุรินทร์", "gf_amount": 2964825.61, "gf_province": "สุรินทร์"}], "gf_amount_sum": 2964825.61}
{"bb_code": "1500848029600125", "bb_year": "2560", "amount": 3617900, "min_code": "15000", "agc_code": "15008", "name": "ก่อสร้างระบบประปาหมู่บ้านแบบผิวดินขนาดใหญ่ หมู่ที่7 บ้านโนนศรีสวัสดิ์ ตำบลนาบอน ตามแบบมาตรฐานกรมทรัพยากรน้ำ องค์การบริหารส่วนตำบลนาบอนอำเภอคำม่วง จังหวัดกาฬสินธุ์", "min": "กระทรวงมหาดไทย", "agc": "กรมส่งเสริมการปกครองท้องถิ่น", "plan_name": "แผนงานบูรณาการส่งเสริมการกระจายอำนาจให้แก่องค์กรปกครองส่วนท้องถิ่น", "stg_name": "ยุทธศาสตร์ด้านการปรับสมดุลและพัฒนาระบบบริหารจัดการภาครัฐ", "objc_level1_name": "งบอุดหนุน", "compare": [{"bb_amount": 3617900, "bb_province": "กาฬสินธุ์", "gf_amount": 3555040.27, "gf_province": "กาฬสินธุ์"}], "gf_amount_sum": 3555040.27}
{"bb_code": "1500848029600S68", "bb_year": "2560", "amount": 3617900, "min_code": "15000", "agc_code": "15008", "name": "ก่อสร้างระบบประปาหมู่บ้านแบบผิวดินขนาดใหญ่ หมู่ที่5 บ้านไร่ ตำบลโพนทองตามแบบมาตรฐานกรมทรัพยากรน้ำ องค์การบริหารส่วนตำบลโพนทองอำเภอโพธิ์ตาก จังหวัดหนองคาย", "min": "กระทรวงมหาดไทย", "agc": "กรมส่งเสริมการปกครองท้องถิ่น", "plan_name": "แผนงานบูรณาการส่งเสริมการกระจายอำนาจให้แก่องค์กรปกครองส่วนท้องถิ่น", "stg_name": "ยุทธศาสตร์ด้านการปรับสมดุลและพัฒนาระบบบริหารจัดการภาครัฐ", "objc_level1_name": "งบอุดหนุน", "compare": [{"bb_amount": 3617900, "bb_province": "หนองคาย", "gf_amount": 1225665, "gf_province": "หนองคาย"}], "gf_amount_sum": 1225665}
{"bb_code": "1500848029600M11", "bb_year": "2560", "amount": 3617900, "min_code": "15000", "agc_code": "15008", "name": "ก่อสร้างระบบประปาหมู่บ้านแบบผิวดินขนาดใหญ่ หมู่ที่1 บ้านโคกมะขวิด ตำบลสำโรงชัย ตามแบบมาตรฐานกรมทรัพยากรน้ำกำหนด องค์การบริหารส่วนตำบลสำโรงชัย อำเภอไพศาลี จังหวัดนครสวรรค์", "min": "กระทรวงมหาดไทย", "agc": "กรมส่งเสริมการปกครองท้องถิ่น", "plan_name": "แผนงานบูรณาการส่งเสริมการกระจายอำนาจให้แก่องค์กรปกครองส่วนท้องถิ่น", "stg_name": "ยุทธศาสตร์ด้านการปรับสมดุลและพัฒนาระบบบริหารจัดการภาครัฐ", "objc_level1_name": "งบอุดหนุน", "compare": [{"bb_amount": 3617900, "bb_province": "นครสวรรค์", "gf_amount": 3496194.03, "gf_province": "นครสวรรค์"}], "gf_amount_sum": 3496194.03}
{"bb_code": "1500848029600Q84", "bb_year": "2560", "amount": 3617900, "min_code": "15000", "agc_code": "15008", "name": "ก่อสร้างระบบประปาหมู่บ้านแบบผิวดินขนาดใหญ่ หมู่ที่6 บ้านหนองผือ ตำบลช่างปี่ ตามแบบมาตรฐานกรมทรัพยากรน้ำ องค์การบริหารส่วนตำบลช่างปี่อำเภอศีขรภูมิ จังหวัดสุรินทร์", "min": "กระทรวงมหาดไทย", "agc": "กรมส่งเสริมการปกครองท้องถิ่น", "plan_name": "แผนงานบูรณาการส่งเสริมการกระจายอำนาจให้แก่องค์กรปกครองส่วนท้องถิ่น", "stg_name": "ยุทธศาสตร์ด้านการปรับสมดุลและพัฒนาระบบบริหารจัดการภาครัฐ", "objc_level1_name": "งบอุดหนุน", "compare": [{"bb_amount": 3617900, "bb_province": "สุรินทร์", "gf_amount": 743984, "gf_province": "สุรินทร์"}], "gf_amount_sum": 743984}
{"bb_code": "1500848029600688", "bb_year": "2560", "amount": 3617900, "min_code": "15000", "agc_code": "15008", "name": "ก่อสร้างระบบประปาหมู่บ้านแบบผิวดินขนาดใหญ่หมู่ที่5 บ้านท่าหัวลบ ตำบลวังไคร้ ตามแบบแปลนกรมทรัพยากรน้ำ องค์การบริหารส่วนตำบลวังไคร้อำเภอท่ายาง จังหวัดเพชรบุรี", "min": "กระทรวงมหาดไทย", "agc": "กรมส่งเสริมการปกครองท้องถิ่น", "plan_name": "แผนงานบูรณาการส่งเสริมการกระจายอำนาจให้แก่องค์กรปกครองส่วนท้องถิ่น", "stg_name": "ยุทธศาสตร์ด้านการปรับสมดุลและพัฒนาระบบบริหารจัดการภาครัฐ", "objc_level1_name": "งบอุดหนุน", "compare": [{"bb_amount": 3617900, "bb_province": "เพชรบุรี", "gf_amount": 3558491.11, "gf_province": "เพชรบุรี"}], "gf_amount_sum": 3558491.11}
{"bb_code": "1500848029600B94", "bb_year": "2560", "amount": 3617900, "min_code": "15000", "agc_code": "15008", "name": "ก่อสร้างระบบประปาหมู่บ้านแบบผิวดินขนาดใหญ่ หมู่ที่7 บ้านคำเตย ตำบลท่าจำปา ตามแบบมาตรฐานกรมทรัพยากรน้ำ องค์การบริหารส่วนตำบลท่าจำปาอำเภอท่าอุเทน จังหวัดนครพนม", "min": "กระทรวงมหาดไทย", "agc": "กรมส่งเสริมการปกครองท้องถิ่น", "plan_name": "แผนงานบูรณาการส่งเสริมการกระจายอำนาจให้แก่องค์กรปกครองส่วนท้องถิ่น", "stg_name": "ยุทธศาสตร์ด้านการปรับสมดุลและพัฒนาระบบบริหารจัดการภาครัฐ", "objc_level1_name": "งบอุดหนุน", "compare": [{"bb_amount": 3617900, "bb_province": "นครพนม", "gf_amount": 3495191, "gf_province": "นครพนม"}], "gf_amount_sum": 3495191}
{"bb_code": "1500848029600436", "bb_year": "2560", "amount": 3617900, "min_code": "15000", "agc_code": "15008", "name": "ก่อสร้างระบบประปาหมู่บ้านแบบผิวดินขนาดใหญ่ หมู่ที่13 บ้านนาสมบูรณ์ ตำบลนามน ตามแบบมาตรฐานกรมทรัพยากรน้ำ องค์การบริหารส่วนตำบลนามนอำเภอนามน จังหวัดกาฬสินธุ์", "min": "กระทรวงมหาดไทย", "agc": "กรมส่งเสริมการปกครองท้องถิ่น", "plan_name": "แผนงานบูรณาการส่งเสริมการกระจายอำนาจให้แก่องค์กรปกครองส่วนท้องถิ่น", "stg_name": "ยุทธศาสตร์ด้านการปรับสมดุลและพัฒนาระบบบริหารจัดการภาครัฐ", "objc_level1_name": "งบอุดหนุน", "compare": [{"bb_amount": 3617900, "bb_province": "กาฬสินธุ์", "gf_amount": 3537920.28, "gf_province": "กาฬสินธุ์"}], "gf_amount_sum": 3537920.28}
{"bb_code": "1500848029600H57", "bb_year": "2560", "amount": 3617900, "min_code": "15000", "agc_code": "15008", "name": "ก่อสร้างระบบประปาหมู่บ้านแบบผิวดินขนาดใหญ่ หมู่ที่1 บ้านดอนกา ตำบลบางเตย ตามแบบกรมทรัพยากรน้ำ องค์การบริหารส่วนตำบลบางเตย อำเภอเมืองฉะเชิงเทรา จังหวัดฉะเชิงเทรา", "min": "กระทรวงมหาดไทย", "agc": "กรมส่งเสริมการปกครองท้องถิ่น", "plan_name": "แผนงานบูรณาการส่งเสริมการกระจายอำนาจให้แก่องค์กรปกครองส่วนท้องถิ่น", "stg_name": "ยุทธศาสตร์ด้านการปรับสมดุลและพัฒนาระบบบริหารจัดการภาครัฐ", "objc_level1_name": "งบอุดหนุน", "compare": [{"bb_amount": 3617900, "bb_province": "ฉะเชิงเทรา", "gf_amount": 0, "gf_province": "ฉะเชิงเทรา"}], "gf_amount_sum": 0}
{"bb_code": "1500848029600857", "bb_year": "2560", "amount": 3617900, "min_code": "15000", "agc_code": "15008", "name": "ก่อสร้างระบบประปาหมู่บ้านแบบผิวดินขนาดใหญ่ หมู่ที่6,15 บ้านทุ่งสว่าง ,หนองผักไหม ตำบลทุ่งสว่าง ตามแบบมาตรฐานกรมทรัพยากรน้ำ องค์การบริหารส่วนตำบลทุ่งสว่างอำเภอวังหิน จังหวัดศรีสะเกษ", "min": "กระทรวงมหาดไทย", "agc": "กรมส่งเสริมการปกครองท้องถิ่น", "plan_name": "แผนงานบูรณาการส่งเสริมการกระจายอำนาจให้แก่องค์กรปกครองส่วนท้องถิ่น", "stg_name": "ยุทธศาสตร์ด้านการปรับสมดุลและพัฒนาระบบบริหารจัดการภาครัฐ", "objc_level1_name": "งบอุดหนุน", "compare": [{"bb_amount": 3617900, "bb_province": "ศรีสะเกษ", "gf_amount": 3214714.48, "gf_province": "ศรีสะเกษ"}], "gf_amount_sum": 3214714.48}
{"bb_code": "1500848029600H51", "bb_year": "2560", "amount": 3617900, "min_code": "15000", "agc_code": "15008", "name": "ก่อสร้างระบบประปาหมู่บ้านแบบผิวดินขนาดใหญ่ หมู่ที่4 บ้านพลงใหญ่ ตำบลช้างข้ามตามแบบมาตรฐานกรมทรัพยากรน้ำ เทศบาลตำบลช้างข้าม อำเภอนายายอาม จังหวัดจันทบุรี", "min": "กระทรวงมหาดไทย", "agc": "กรมส่งเสริมการปกครองท้องถิ่น", "plan_name": "แผนงานบูรณาการส่งเสริมการกระจายอำนาจให้แก่องค์กรปกครองส่วนท้องถิ่น", "stg_name": "ยุทธศาสตร์ด้านการปรับสมดุลและพัฒนาระบบบริหารจัดการภาครัฐ", "objc_level1_name": "งบอุดหนุน", "compare": [{"bb_amount": 3617900, "bb_province": "จันทบุรี", "gf_amount": 3546754.6, "gf_province": "จันทบุรี"}], "gf_amount_sum": 3546754.6}
{"bb_code": "1500848029600L97", "bb_year": "2560", "amount": 3617900, "min_code": "15000", "agc_code": "15008", "name": "ก่อสร้างระบบประปาหมู่บ้านแบบผิวดินขนาดใหญ่ หมู่ที่13 บ้านหนองจิกราง ตำบลสายลำโพง ตามแบบมาตรฐานกรมทรัพยากรน้ำกำหนด องค์การบริหารส่วนตำบลสายลำโพง อำเภอท่าตะโก จังหวัดนครสวรรค์", "min": "กระทรวงมหาดไทย", "agc": "กรมส่งเสริมการปกครองท้องถิ่น", "plan_name": "แผนงานบูรณาการส่งเสริมการกระจายอำนาจให้แก่องค์กรปกครองส่วนท้องถิ่น", "stg_name": "ยุทธศาสตร์ด้านการปรับสมดุลและพัฒนาระบบบริหารจัดการภาครัฐ", "objc_level1_name": "งบอุดหนุน", "compare": [{"bb_amount": 3617900, "bb_province": "นครสวรรค์", "gf_amount": 0, "gf_province": "นครสวรรค์"}], "gf_amount_sum": 0}
{"bb_code": "1500848029600F93", "bb_year": "2560", "amount": 3617900, "min_code": "15000", "agc_code": "15008", "name": "ก่อสร้างระบบประปาหมู่บ้านแบบผิวดินขนาดใหญ่ หมู่ที่6 บ้านท่าแพ ตำบลปังหวาน ตามแบบมาตรฐานกรมทรัพยากรน้ำ องค์การบริหารส่วนตำบลปังหวานอำเภอพะโต๊ะ จังหวัดชุมพร", "min": "กระทรวงมหาดไทย", "agc": "กรมส่งเสริมการปกครองท้องถิ่น", "plan_name": "แผนงานบูรณาการส่งเสริมการกระจายอำนาจให้แก่องค์กรปกครองส่วนท้องถิ่น", "stg_name": "ยุทธศาสตร์ด้านการปรับสมดุลและพัฒนาระบบบริหารจัดการภาครัฐ", "objc_level1_name": "งบอุดหนุน", "compare": [{"bb_amount": 3617900, "bb_province": "ชุมพร", "gf_amount": 2159993.4, "gf_province": "ชุมพร"}], "gf_amount_sum": 2159993.4}
{"bb_code": "1500848029600L95", "bb_year": "2560", "amount": 3617900, "min_code": "15000", "agc_code": "15008", "name": "ก่อสร้างระบบประปาหมู่บ้านแบบผิวดินขนาดใหญ่ หมู่ที่9 บ้านไผ่เกาะ ตำบลไผ่สิงห์ ตามแบบมาตรฐานกรมทรัพยากรน้ำกำหนดองค์การบริหารส่วนตำบลไผ่สิงห์ อำเภอชุมแสง จังหวัดนครสวรรค์", "min": "กระทรวงมหาดไทย", "agc": "กรมส่งเสริมการปกครองท้องถิ่น", "plan_name": "แผนงานบูรณาการส่งเสริมการกระจายอำนาจให้แก่องค์กรปกครองส่วนท้องถิ่น", "stg_name": "ยุทธศาสตร์ด้านการปรับสมดุลและพัฒนาระบบบริหารจัดการภาครัฐ", "objc_level1_name": "งบอุดหนุน", "compare": [{"bb_amount": 3617900, "bb_province": "นครสวรรค์", "gf_amount": 2991268.73, "gf_province": "นครสวรรค์"}], "gf_amount_sum": 2991268.73}
{"bb_code": "1500848029600885", "bb_year": "2560", "amount": 3617900, "min_code": "15000", "agc_code": "15008", "name": "ก่อสร้างระบบประปาหมู่บ้านแบบผิวดินขนาดใหญ่ หมู่ที่5 บ้านห้วยตอง ตำบลห้วยปูลิง ตามแบบมาตรฐานกรมทรัพยากรน้ำ องค์การบริหารส่วนตำบลห้วยปูลิงอำเภอเมืองแม่ฮ่องสอนจังหวัดแม่ฮ่องสอน", "min": "กระทรวงมหาดไทย", "agc": "กรมส่งเสริมการปกครองท้องถิ่น", "plan_name": "แผนงานบูรณาการส่งเสริมการกระจายอำนาจให้แก่องค์กรปกครองส่วนท้องถิ่น", "stg_name": "ยุทธศาสตร์ด้านการปรับสมดุลและพัฒนาระบบบริหารจัดการภาครัฐ", "objc_level1_name": "งบอุดหนุน", "compare": [{"bb_amount": 3617900, "bb_province": "แม่ฮ่องสอน", "gf_amount": 786041, "gf_province": "แม่ฮ่องสอน"}], "gf_amount_sum": 786041}
{"bb_code": "1500848029600L96", "bb_year": "2560", "amount": 3617900, "min_code": "15000", "agc_code": "15008", "name": "ก่อสร้างระบบประปาหมู่บ้านแบบผิวดินขนาดใหญ่ หมู่ที่12 บ้านหนองสะเอ้ง ตำบลสายลำโพง ตามแบบมาตรฐานกรมทรัพยากรน้ำกำหนด องค์การบริหารส่วนตำบลสายลำโพง อำเภอท่าตะโก จังหวัดนครสวรรค์", "min": "กระทรวงมหาดไทย", "agc": "กรมส่งเสริมการปกครองท้องถิ่น", "plan_name": "แผนงานบูรณาการส่งเสริมการกระจายอำนาจให้แก่องค์กรปกครองส่วนท้องถิ่น", "stg_name": "ยุทธศาสตร์ด้านการปรับสมดุลและพัฒนาระบบบริหารจัดการภาครัฐ", "objc_level1_name": "งบอุดหนุน", "compare": [{"bb_amount": 3617900, "bb_province": "นครสวรรค์", "gf_amount": 2947000, "gf_province": "นครสวรรค์"}], "gf_amount_sum": 2947000}
{"bb_code": "1500848029600B68", "bb_year": "2560", "amount": 3617900, "min_code": "15000", "agc_code": "15008", "name": "ก่อสร้างระบบประปาหมู่บ้านแบบผิวดินขนาดใหญ่ หมู่ที่7 บ้านห้วยห้าง ตำบลตะเคียนปม ตามแบบมาตรฐานของกรมทรัพยากรน้ำ องค์การบริหารส่วนตำบลตะเคียนปม อำเภอทุ่งหัวช้าง จังหวัดลำพูน", "min": "กระทรวงมหาดไทย", "agc": "กรมส่งเสริมการปกครองท้องถิ่น", "plan_name": "แผนงานบูรณาการส่งเสริมการกระจายอำนาจให้แก่องค์กรปกครองส่วนท้องถิ่น", "stg_name": "ยุทธศาสตร์ด้านการปรับสมดุลและพัฒนาระบบบริหารจัดการภาครัฐ", "objc_level1_name": "งบอุดหนุน", "compare": [{"bb_amount": 3617900, "bb_province": "ลำพูน", "gf_amount": 2679932.74, "gf_province": "ลำพูน"}], "gf_amount_sum": 2679932.74}
{"bb_code": "1500848029600Q28", "bb_year": "2560", "amount": 3617900, "min_code": "15000", "agc_code": "15008", "name": "ก่อสร้างระบบประปาหมู่บ้านแบบผิวดินขนาดใหญ่ หมู่ที่4 บ้านหนองปลิง ตำบลหนองปลิง ตามแบบมาตรฐานกรมทรัพยากรน้ำองค์การบริหารส่วนตำบลหนองปลิง อำเภอหนองแคจังหวัดสระบุรี", "min": "กระทรวงมหาดไทย", "agc": "กรมส่งเสริมการปกครองท้องถิ่น", "plan_name": "แผนงานบูรณาการส่งเสริมการกระจายอำนาจให้แก่องค์กรปกครองส่วนท้องถิ่น", "stg_name": "ยุทธศาสตร์ด้านการปรับสมดุลและพัฒนาระบบบริหารจัดการภาครัฐ", "objc_level1_name": "งบอุดหนุน", "compare": [{"bb_amount": 3617900, "bb_province": "สระบุรี", "gf_amount": 2166240, "gf_province": "สระบุรี"}], "gf_amount_sum": 2166240}
