{"bb_code": "1500883002600IT3", "bb_year": "2559", "amount": 10444000, "min_code": "15000", "agc_code": "15008", "name": "ก่อสร้างอาคารเรียน  4 ชั้น 12 ห้องเรียน โรงเรียนเทศบาลหัวดง (ป.ฟักอังกูร) เทศบาลตำบลหัวดง อำเภอลับแล จังหวัดอุตรดิตถ์", "min": "กระทรวงมหาดไทย", "agc": "กรมส่งเสริมการปกครองท้องถิ่น", "plan_name": "ส่งเสริมการกระจายอำนาจให้แก่องค์กรปกครองส่วนท้องถิ่น", "stg_name": "ยุทธศาสตร์การบริหารกิจการบ้านเมืองที่ดี", "objc_level1_name": "งบลงทุน", "compare": [{"bb_amount": 10444000, "bb_province": "อุตรดิตถ์"}], "gf_amount_sum": 0}
{"bb_code": "1500883002600IY6", "bb_year": "2559", "amount": 10444000, "min_code": "15000", "agc_code": "15008", "name": "ก่อสร้างอาคารเรียน 4 ชั้น 12 ห้องเรียน โรงเรียนเทศบาลพิบูลสวัสดี เทศบาลนครภูเก็ต อำเภอเมืองภูเก็ต จังหวัดภูเก็ต", "min": "กระทรวงมหาดไทย", "agc": "กรมส่งเสริมการปกครองท้องถิ่น", "plan_name": "ส่งเสริมการกระจายอำนาจให้แก่องค์กรปกครองส่วนท้องถิ่น", "stg_name": "ยุทธศาสตร์การบริหารกิจการบ้านเมืองที่ดี", "objc_level1_name": "งบลงทุน", "compare": [{"bb_amount": 10444000, "bb_province": "ภูเก็ต"}], "gf_amount_sum": 0}
{"bb_code": "1500883002600IT6", "bb_year": "2559", "amount": 10444000, "min_code": "15000", "agc_code": "15008", "name": "ก่อสร้างอาคารเรียน 4 ชั้น 12 ห้องเรียน โรงเรียนเทศบาล 1 เมืองท่าบ่อ เทศบาลเมืองท่าบ่อ อำเภอท่าบ่อ จังหวัดหนองคาย", "min": "กระทรวงมหาดไทย", "agc": "กรมส่งเสริมการปกครองท้องถิ่น", "plan_name": "ส่งเสริมการกระจายอำนาจให้แก่องค์กรปกครองส่วนท้องถิ่น", "stg_name": "ยุทธศาสตร์การบริหารกิจการบ้านเมืองที่ดี", "objc_level1_name": "งบลงทุน", "compare": [{"bb_amount": 10444000, "bb_province": "หนองคาย"}], "gf_amount_sum": 0}
{"bb_code": "1500883002600IV2", "bb_year": "2559", "amount": 10444000, "min_code": "15000", "agc_code": "15008", "name": "ก่อสร้างอาคารเรียน 4 ชั้น 12 ห้องเรียน โรงเรียนเทศบาลปากน้ำศิริวิทยานุสรณ์ เทศบาลเมืองปากน้ำสมุทรปราการ อำเภอเมืองสมุทรปราการ จังหวัดสมุทรปราการ", "min": "กระทรวงมหาดไทย", "agc": "กรมส่งเสริมการปกครองท้องถิ่น", "plan_name": "ส่งเสริมการกระจายอำนาจให้แก่องค์กรปกครองส่วนท้องถิ่น", "stg_name": "ยุทธศาสตร์การบริหารกิจการบ้านเมืองที่ดี", "objc_level1_name": "งบลงทุน", "compare": [{"bb_amount": 10444000, "bb_province": "สมุทรปราการ"}], "gf_amount_sum": 0}
{"bb_code": "1500883002600IX1", "bb_year": "2559", "amount": 10444000, "min_code": "15000", "agc_code": "15008", "name": "\"ก่อสร้างอาคารเรียน 4 ชั้น 12 ห้องเรียน โรงเรียนเทศบาลตำบลนาด้วง\tเทศบาลตำบลนาด้วง\tอำเภอนาด้วง\tจังหวัดเลย\"", "min": "กระทรวงมหาดไทย", "agc": "กรมส่งเสริมการปกครองท้องถิ่น", "plan_name": "ส่งเสริมการกระจายอำนาจให้แก่องค์กรปกครองส่วนท้องถิ่น", "stg_name": "ยุทธศาสตร์การบริหารกิจการบ้านเมืองที่ดี", "objc_level1_name": "งบลงทุน", "compare": [{"bb_amount": 10444000, "bb_province": "เลย"}], "gf_amount_sum": 0}
{"bb_code": "1500883002600IW4", "bb_year": "2559", "amount": 10444000, "min_code": "15000", "agc_code": "15008", "name": "ก่อสร้างอาคารเรียน 4 ชั้น 12 ห้องเรียน โรงเรียนเทศบาลเทพราชบุรีรมย์ เทศบาลตำบลเทพราช อำเภอบ้านโพธิ์ จังหวัดฉะเชิงเทรา", "min": "กระทรวงมหาดไทย", "agc": "กรมส่งเสริมการปกครองท้องถิ่น", "plan_name": "ส่งเสริมการกระจายอำนาจให้แก่องค์กรปกครองส่วนท้องถิ่น", "stg_name": "ยุทธศาสตร์การบริหารกิจการบ้านเมืองที่ดี", "objc_level1_name": "งบลงทุน", "compare": [{"bb_amount": 10444000, "bb_province": "ฉะเชิงเทรา"}], "gf_amount_sum": 0}
{"bb_code": "1500883002600IX0", "bb_year": "2559", "amount": 10444000, "min_code": "15000", "agc_code": "15008", "name": "\"ก่อสร้างอาคารเรียน 4 ชั้น 12 ห้องเรียน โรงเรียนเทศบาลอุโมงค์ ๑ เทศบาลตำบลอุโมงค์\t อำเภอเมืองลำพูน จังหวัดลำพูน\"", "min": "กระทรวงมหาดไทย", "agc": "กรมส่งเสริมการปกครองท้องถิ่น", "plan_name": "ส่งเสริมการกระจายอำนาจให้แก่องค์กรปกครองส่วนท้องถิ่น", "stg_name": "ยุทธศาสตร์การบริหารกิจการบ้านเมืองที่ดี", "objc_level1_name": "งบลงทุน", "compare": [{"bb_amount": 10444000, "bb_province": "ลำพูน"}], "gf_amount_sum": 0}
{"bb_code": "1500883002600IU6", "bb_year": "2559", "amount": 10444000, "min_code": "15000", "agc_code": "15008", "name": "ก่อสร้างอาคารเรียน 4 ชั้น 12 ห้องเรียน โรงเรียนวัฒนานคร องค์การบริหารส่วนจังหวัดสระแก้ว อำเภอเมืองสระแก้ว จังหวัดสระแก้ว", "min": "กระทรวงมหาดไทย", "agc": "กรมส่งเสริมการปกครองท้องถิ่น", "plan_name": "ส่งเสริมการกระจายอำนาจให้แก่องค์กรปกครองส่วนท้องถิ่น", "stg_name": "ยุทธศาสตร์การบริหารกิจการบ้านเมืองที่ดี", "objc_level1_name": "งบลงทุน", "compare": [{"bb_amount": 10444000, "bb_province": "สระแก้ว"}], "gf_amount_sum": 0}
{"bb_code": "1500883002600IV5", "bb_year": "2559", "amount": 10444000, "min_code": "15000", "agc_code": "15008", "name": "ก่อสร้างอาคารเรียน 4 ชั้น 12 ห้องเรียน โรงเรียนโนนโพธิ์ศรีวิทยาคม องค์การบริหารส่วนจังหวัดขอนแก่น อำเภอเมืองขอนแก่น จังหวัดขอนแก่น", "min": "กระทรวงมหาดไทย", "agc": "กรมส่งเสริมการปกครองท้องถิ่น", "plan_name": "ส่งเสริมการกระจายอำนาจให้แก่องค์กรปกครองส่วนท้องถิ่น", "stg_name": "ยุทธศาสตร์การบริหารกิจการบ้านเมืองที่ดี", "objc_level1_name": "งบลงทุน", "compare": [{"bb_amount": 10444000, "bb_province": "ขอนแก่น"}], "gf_amount_sum": 0}
{"bb_code": "1500883002600IV9", "bb_year": "2559", "amount": 10444000, "min_code": "15000", "agc_code": "15008", "name": "ก่อสร้างอาคารเรียน 4 ชั้น 12 ห้องเรียน โรงเรียนเทศบาลบ้านไผ่ เทศบาลเมืองบ้านไผ่ อำเภอบ้านไผ่ จังหวัดขอนแก่น", "min": "กระทรวงมหาดไทย", "agc": "กรมส่งเสริมการปกครองท้องถิ่น", "plan_name": "ส่งเสริมการกระจายอำนาจให้แก่องค์กรปกครองส่วนท้องถิ่น", "stg_name": "ยุทธศาสตร์การบริหารกิจการบ้านเมืองที่ดี", "objc_level1_name": "งบลงทุน", "compare": [{"bb_amount": 10444000, "bb_province": "ขอนแก่น"}], "gf_amount_sum": 0}
{"bb_code": "1500883002600IX2", "bb_year": "2559", "amount": 10444000, "min_code": "15000", "agc_code": "15008", "name": "\"ก่อสร้างอาคารเรียน 4 ชั้น 12 ห้องเรียน โรงเรียนเทศบาลวังสะพุง 2 บ้านบุ่งไสล่\tเทศบาลเมืองวังสะพุง\tอำเภอวังสะพุง\tจังหวัดเลย\"", "min": "กระทรวงมหาดไทย", "agc": "กรมส่งเสริมการปกครองท้องถิ่น", "plan_name": "ส่งเสริมการกระจายอำนาจให้แก่องค์กรปกครองส่วนท้องถิ่น", "stg_name": "ยุทธศาสตร์การบริหารกิจการบ้านเมืองที่ดี", "objc_level1_name": "งบลงทุน", "compare": [{"bb_amount": 10444000, "bb_province": "เลย"}], "gf_amount_sum": 0}
{"bb_code": "1500883002600IX3", "bb_year": "2559", "amount": 10444000, "min_code": "15000", "agc_code": "15008", "name": "ก่อสร้างอาคารเรียน 4 ชั้น 12 ห้องเรียน โรงเรียนเทศบาล 4 วัดมหาธาตุวรวิหาร เทศบาลเมืองราชบุรี อำเภอเมืองราชบุรี จังหวัดราชบุรี", "min": "กระทรวงมหาดไทย", "agc": "กรมส่งเสริมการปกครองท้องถิ่น", "plan_name": "ส่งเสริมการกระจายอำนาจให้แก่องค์กรปกครองส่วนท้องถิ่น", "stg_name": "ยุทธศาสตร์การบริหารกิจการบ้านเมืองที่ดี", "objc_level1_name": "งบลงทุน", "compare": [{"bb_amount": 10444000, "bb_province": "ราชบุรี"}], "gf_amount_sum": 0}
{"bb_code": "1500883002600IY4", "bb_year": "2559", "amount": 10444000, "min_code": "15000", "agc_code": "15008", "name": "ก่อสร้างอาคารเรียน 4 ชั้น 12 ห้องเรียน โรงเรียนอนุบาลสานสายใยรัก ทม.เมืองแกนพัฒนาเทศบาลเมืองเมืองแกนพัฒนา อำเภอแม่แตง จังหวัดเชียงใหม่", "min": "กระทรวงมหาดไทย", "agc": "กรมส่งเสริมการปกครองท้องถิ่น", "plan_name": "ส่งเสริมการกระจายอำนาจให้แก่องค์กรปกครองส่วนท้องถิ่น", "stg_name": "ยุทธศาสตร์การบริหารกิจการบ้านเมืองที่ดี", "objc_level1_name": "งบลงทุน", "compare": [{"bb_amount": 10444000, "bb_province": "เชียงใหม่"}], "gf_amount_sum": 0}
{"bb_code": "1500883002600JA5", "bb_year": "2559", "amount": 10444000, "min_code": "15000", "agc_code": "15008", "name": "ก่อสร้างอาคารเรียน 4 ชั้น 12 ห้องเรียน โรงเรียนเทศบาล 4 เพาะชำ เทศบาลนครนครราชสีมา อำเภอเมืองนครราชสีมา จังหวัดนครราชสีมา", "min": "กระทรวงมหาดไทย", "agc": "กรมส่งเสริมการปกครองท้องถิ่น", "plan_name": "ส่งเสริมการกระจายอำนาจให้แก่องค์กรปกครองส่วนท้องถิ่น", "stg_name": "ยุทธศาสตร์การบริหารกิจการบ้านเมืองที่ดี", "objc_level1_name": "งบลงทุน", "compare": [{"bb_amount": 10444000, "bb_province": "นครราชสีมา"}], "gf_amount_sum": 0}
{"bb_code": "1500883002600JA7", "bb_year": "2559", "amount": 10444000, "min_code": "15000", "agc_code": "15008", "name": "\"ก่อสร้างอาคารเรียน 4 ชั้น 12 ห้องเรียน โรงเรียนเทศบาล 2 สหกรณ์สมทบ\tเทศบาลเมืองบัวใหญ่ อำเภอบัวใหญ่ จังหวัดนครราชสีมา\"", "min": "กระทรวงมหาดไทย", "agc": "กรมส่งเสริมการปกครองท้องถิ่น", "plan_name": "ส่งเสริมการกระจายอำนาจให้แก่องค์กรปกครองส่วนท้องถิ่น", "stg_name": "ยุทธศาสตร์การบริหารกิจการบ้านเมืองที่ดี", "objc_level1_name": "งบลงทุน", "compare": [{"bb_amount": 10444000, "bb_province": "นครราชสีมา"}], "gf_amount_sum": 0}
{"bb_code": "1500883002600IV1", "bb_year": "2559", "amount": 10444000, "min_code": "15000", "agc_code": "15008", "name": "ก่อสร้างอาคารเรียน 4 ชั้น 12 ห้องเรียน โรงเรียนเทศบาล 1 สหราษฎร์วิทยา เทศบาลตำบลอินทร์บุรี อำเภออินทร์บุรี จังหวัดสิงห์บุรี", "min": "กระทรวงมหาดไทย", "agc": "กรมส่งเสริมการปกครองท้องถิ่น", "plan_name": "ส่งเสริมการกระจายอำนาจให้แก่องค์กรปกครองส่วนท้องถิ่น", "stg_name": "ยุทธศาสตร์การบริหารกิจการบ้านเมืองที่ดี", "objc_level1_name": "งบลงทุน", "compare": [{"bb_amount": 10444000, "bb_province": "สิงห์บุรี"}], "gf_amount_sum": 0}
{"bb_code": "1500883002600IU9", "bb_year": "2559", "amount": 10444000, "min_code": "15000", "agc_code": "15008", "name": "ก่อสร้างอาคารเรียน 4 ชั้น 12 ห้องเรียน โรงเรียนเทศบาล 1 นาเริ่งราษฎร์บำรุง เทศบาลตำบลหนองแค อำเภอหนองแค จังหวัดสระบุรี", "min": "กระทรวงมหาดไทย", "agc": "กรมส่งเสริมการปกครองท้องถิ่น", "plan_name": "ส่งเสริมการกระจายอำนาจให้แก่องค์กรปกครองส่วนท้องถิ่น", "stg_name": "ยุทธศาสตร์การบริหารกิจการบ้านเมืองที่ดี", "objc_level1_name": "งบลงทุน", "compare": [{"bb_amount": 10444000, "bb_province": "สระบุรี"}], "gf_amount_sum": 0}
{"bb_code": "1500883002600IV6", "bb_year": "2559", "amount": 10444000, "min_code": "15000", "agc_code": "15008", "name": "ก่อสร้างอาคารเรียน 4 ชั้น 12 ห้องเรียน โรงเรียนบ้านหนองเสี้ยว องค์การบริหารส่วนจังหวัดขอนแก่น อำเภอเมืองขอนแก่น จังหวัดขอนแก่น", "min": "กระทรวงมหาดไทย", "agc": "กรมส่งเสริมการปกครองท้องถิ่น", "plan_name": "ส่งเสริมการกระจายอำนาจให้แก่องค์กรปกครองส่วนท้องถิ่น", "stg_name": "ยุทธศาสตร์การบริหารกิจการบ้านเมืองที่ดี", "objc_level1_name": "งบลงทุน", "compare": [{"bb_amount": 10444000, "bb_province": "ขอนแก่น"}], "gf_amount_sum": 0}
{"bb_code": "1500883002600IW1", "bb_year": "2559", "amount": 10444000, "min_code": "15000", "agc_code": "15008", "name": "ก่อสร้างอาคารเรียน 4 ชั้น 12 ห้องเรียน โรงเรียนเทศบาล 1 (เขาแก้ว) เทศบาลเมืองเขารูปช้าง อำเภอเมืองสงขลา จังหวัดสงขลา", "min": "กระทรวงมหาดไทย", "agc": "กรมส่งเสริมการปกครองท้องถิ่น", "plan_name": "ส่งเสริมการกระจายอำนาจให้แก่องค์กรปกครองส่วนท้องถิ่น", "stg_name": "ยุทธศาสตร์การบริหารกิจการบ้านเมืองที่ดี", "objc_level1_name": "งบลงทุน", "compare": [{"bb_amount": 10444000, "bb_province": "สงขลา"}], "gf_amount_sum": 0}
{"bb_code": "1500883002600IW3", "bb_year": "2559", "amount": 10444000, "min_code": "15000", "agc_code": "15008", "name": "ก่อสร้างอาคารเรียน 4 ชั้น 12 ห้องเรียน โรงเรียนเทศบาล 1 (อนุบาลอัจฉริยะ) เทศบาลเมืองคลองแห อำเภอหาดใหญ่ จังหวัดสงขลา", "min": "กระทรวงมหาดไทย", "agc": "กรมส่งเสริมการปกครองท้องถิ่น", "plan_name": "ส่งเสริมการกระจายอำนาจให้แก่องค์กรปกครองส่วนท้องถิ่น", "stg_name": "ยุทธศาสตร์การบริหารกิจการบ้านเมืองที่ดี", "objc_level1_name": "งบลงทุน", "compare": [{"bb_amount": 10444000, "bb_province": "สงขลา"}], "gf_amount_sum": 0}
