{"bb_code": "1500883002600IV3", "bb_year": "2559", "amount": 10444000, "min_code": "15000", "agc_code": "15008", "name": "ก่อสร้างอาคารเรียน 4 ชั้น 12 ห้องเรียน โรงเรียนเทศบาลป้อมแผลงไฟฟ้า เทศบาลเมืองพระประแดง อำเภอพระประแดง จังหวัดสมุทรปราการ", "min": "กระทรวงมหาดไทย", "agc": "กรมส่งเสริมการปกครองท้องถิ่น", "plan_name": "ส่งเสริมการกระจายอำนาจให้แก่องค์กรปกครองส่วนท้องถิ่น", "stg_name": "ยุทธศาสตร์การบริหารกิจการบ้านเมืองที่ดี", "objc_level1_name": "งบลงทุน", "compare": [{"bb_amount": 10444000, "bb_province": "สมุทรปราการ"}], "gf_amount_sum": 0}
{"bb_code": "1500883002600IY5", "bb_year": "2559", "amount": 10444000, "min_code": "15000", "agc_code": "15008", "name": "ก่อสร้างอาคารเรียน 4 ชั้น 12 ห้องเรียน โรงเรียนอนุบาลเทศบาลตำบลร้องกวาง เทศบาลตำบลร้องกวาง อำเภอร้องกวาง จังหวัดแพร่", "min": "กระทรวงมหาดไทย", "agc": "กรมส่งเสริมการปกครองท้องถิ่น", "plan_name": "ส่งเสริมการกระจายอำนาจให้แก่องค์กรปกครองส่วนท้องถิ่น", "stg_name": "ยุทธศาสตร์การบริหารกิจการบ้านเมืองที่ดี", "objc_level1_name": "งบลงทุน", "compare": [{"bb_amount": 10444000, "bb_province": "แพร่"}], "gf_amount_sum": 0}
{"bb_code": "1500883002600IY9", "bb_year": "2559", "amount": 10444000, "min_code": "15000", "agc_code": "15008", "name": "\"ก่อสร้างอาคารเรียน 4 ชั้น 12 ห้องเรียน โรงเรียนตำรวจตระเวนชายแดนบ้านแสมใหญ่ องค์การบริหารส่วนตำบลสามหมื่น\tอำเภอแม่ระมาด จังหวัดตาก\"", "min": "กระทรวงมหาดไทย", "agc": "กรมส่งเสริมการปกครองท้องถิ่น", "plan_name": "ส่งเสริมการกระจายอำนาจให้แก่องค์กรปกครองส่วนท้องถิ่น", "stg_name": "ยุทธศาสตร์การบริหารกิจการบ้านเมืองที่ดี", "objc_level1_name": "งบลงทุน", "compare": [{"bb_amount": 10444000, "bb_province": "ตาก"}], "gf_amount_sum": 0}
{"bb_code": "1500883002600IT1", "bb_year": "2559", "amount": 10444000, "min_code": "15000", "agc_code": "15008", "name": "ก่อสร้างอาคารเรียน 4 ชั้น 12 ห้องเรียน โรงเรียนเทศบาลวัดคลองโพธิ์ เทศบาลเมืองอุตรดิตถ์ อำเภอเมืองอุตรดิตถ์ จังหวัดอุตรดิตถ์", "min": "กระทรวงมหาดไทย", "agc": "กรมส่งเสริมการปกครองท้องถิ่น", "plan_name": "ส่งเสริมการกระจายอำนาจให้แก่องค์กรปกครองส่วนท้องถิ่น", "stg_name": "ยุทธศาสตร์การบริหารกิจการบ้านเมืองที่ดี", "objc_level1_name": "งบลงทุน", "compare": [{"bb_amount": 10444000, "bb_province": "อุตรดิตถ์"}], "gf_amount_sum": 0}
{"bb_code": "1500883002600IU1", "bb_year": "2559", "amount": 10444000, "min_code": "15000", "agc_code": "15008", "name": "ก่อสร้างอาคารเรียน 4 ชั้น 12 ห้องเรียน โรงเรียนเทศบาลวัดสวรรคาราม เทศบาลเมืองสวรรคโลก อำเภอสวรรคโลก จังหวัดสุโขทัย", "min": "กระทรวงมหาดไทย", "agc": "กรมส่งเสริมการปกครองท้องถิ่น", "plan_name": "ส่งเสริมการกระจายอำนาจให้แก่องค์กรปกครองส่วนท้องถิ่น", "stg_name": "ยุทธศาสตร์การบริหารกิจการบ้านเมืองที่ดี", "objc_level1_name": "งบลงทุน", "compare": [{"bb_amount": 10444000, "bb_province": "สุโขทัย"}], "gf_amount_sum": 0}
{"bb_code": "1500883002600IV5", "bb_year": "2559", "amount": 10444000, "min_code": "15000", "agc_code": "15008", "name": "ก่อสร้างอาคารเรียน 4 ชั้น 12 ห้องเรียน โรงเรียนโนนโพธิ์ศรีวิทยาคม องค์การบริหารส่วนจังหวัดขอนแก่น อำเภอเมืองขอนแก่น จังหวัดขอนแก่น", "min": "กระทรวงมหาดไทย", "agc": "กรมส่งเสริมการปกครองท้องถิ่น", "plan_name": "ส่งเสริมการกระจายอำนาจให้แก่องค์กรปกครองส่วนท้องถิ่น", "stg_name": "ยุทธศาสตร์การบริหารกิจการบ้านเมืองที่ดี", "objc_level1_name": "งบลงทุน", "compare": [{"bb_amount": 10444000, "bb_province": "ขอนแก่น"}], "gf_amount_sum": 0}
{"bb_code": "1500883002600IY0", "bb_year": "2559", "amount": 10444000, "min_code": "15000", "agc_code": "15008", "name": "ก่อสร้างอาคารเรียน 4 ชั้น 12 ห้องเรียน โรงเรียนเทศบาล 2 บ้านใหม่ประกอบราษฎร์วิทยานุกูล เทศบาลตำบลจันจว้า อำเภอแม่จัน จังหวัดเชียงราย", "min": "กระทรวงมหาดไทย", "agc": "กรมส่งเสริมการปกครองท้องถิ่น", "plan_name": "ส่งเสริมการกระจายอำนาจให้แก่องค์กรปกครองส่วนท้องถิ่น", "stg_name": "ยุทธศาสตร์การบริหารกิจการบ้านเมืองที่ดี", "objc_level1_name": "งบลงทุน", "compare": [{"bb_amount": 10444000, "bb_province": "เชียงราย"}], "gf_amount_sum": 0}
{"bb_code": "1500883002600IU5", "bb_year": "2559", "amount": 10444000, "min_code": "15000", "agc_code": "15008", "name": "ก่อสร้างอาคารเรียน 4 ชั้น 12 ห้องเรียน โรงเรียนชุมชนบ้านโนนจิก องค์การบริหารส่วนจังหวัดสระแก้ว อำเภอเมืองสระแก้ว จังหวัดสระแก้ว", "min": "กระทรวงมหาดไทย", "agc": "กรมส่งเสริมการปกครองท้องถิ่น", "plan_name": "ส่งเสริมการกระจายอำนาจให้แก่องค์กรปกครองส่วนท้องถิ่น", "stg_name": "ยุทธศาสตร์การบริหารกิจการบ้านเมืองที่ดี", "objc_level1_name": "งบลงทุน", "compare": [{"bb_amount": 10444000, "bb_province": "สระแก้ว"}], "gf_amount_sum": 0}
{"bb_code": "1500883002600IY4", "bb_year": "2559", "amount": 10444000, "min_code": "15000", "agc_code": "15008", "name": "ก่อสร้างอาคารเรียน 4 ชั้น 12 ห้องเรียน โรงเรียนอนุบาลสานสายใยรัก ทม.เมืองแกนพัฒนาเทศบาลเมืองเมืองแกนพัฒนา อำเภอแม่แตง จังหวัดเชียงใหม่", "min": "กระทรวงมหาดไทย", "agc": "กรมส่งเสริมการปกครองท้องถิ่น", "plan_name": "ส่งเสริมการกระจายอำนาจให้แก่องค์กรปกครองส่วนท้องถิ่น", "stg_name": "ยุทธศาสตร์การบริหารกิจการบ้านเมืองที่ดี", "objc_level1_name": "งบลงทุน", "compare": [{"bb_amount": 10444000, "bb_province": "เชียงใหม่"}], "gf_amount_sum": 0}
{"bb_code": "1500883002600IW5", "bb_year": "2559", "amount": 10444000, "min_code": "15000", "agc_code": "15008", "name": "ก่อสร้างอาคารเรียน 4 ชั้น 12 ห้องเรียน โรงเรียนพรานวิบูลวิทยา องค์การบริหารส่วนจังหวัดศรีสะเกษ อำเภอเมืองศรีสะเกษ จังหวัดศรีสะเกษ", "min": "กระทรวงมหาดไทย", "agc": "กรมส่งเสริมการปกครองท้องถิ่น", "plan_name": "ส่งเสริมการกระจายอำนาจให้แก่องค์กรปกครองส่วนท้องถิ่น", "stg_name": "ยุทธศาสตร์การบริหารกิจการบ้านเมืองที่ดี", "objc_level1_name": "งบลงทุน", "compare": [{"bb_amount": 10444000, "bb_province": "ศรีสะเกษ"}], "gf_amount_sum": 0}
{"bb_code": "1500883002600IX3", "bb_year": "2559", "amount": 10444000, "min_code": "15000", "agc_code": "15008", "name": "ก่อสร้างอาคารเรียน 4 ชั้น 12 ห้องเรียน โรงเรียนเทศบาล 4 วัดมหาธาตุวรวิหาร เทศบาลเมืองราชบุรี อำเภอเมืองราชบุรี จังหวัดราชบุรี", "min": "กระทรวงมหาดไทย", "agc": "กรมส่งเสริมการปกครองท้องถิ่น", "plan_name": "ส่งเสริมการกระจายอำนาจให้แก่องค์กรปกครองส่วนท้องถิ่น", "stg_name": "ยุทธศาสตร์การบริหารกิจการบ้านเมืองที่ดี", "objc_level1_name": "งบลงทุน", "compare": [{"bb_amount": 10444000, "bb_province": "ราชบุรี"}], "gf_amount_sum": 0}
{"bb_code": "1500883002600IT6", "bb_year": "2559", "amount": 10444000, "min_code": "15000", "agc_code": "15008", "name": "ก่อสร้างอาคารเรียน 4 ชั้น 12 ห้องเรียน โรงเรียนเทศบาล 1 เมืองท่าบ่อ เทศบาลเมืองท่าบ่อ อำเภอท่าบ่อ จังหวัดหนองคาย", "min": "กระทรวงมหาดไทย", "agc": "กรมส่งเสริมการปกครองท้องถิ่น", "plan_name": "ส่งเสริมการกระจายอำนาจให้แก่องค์กรปกครองส่วนท้องถิ่น", "stg_name": "ยุทธศาสตร์การบริหารกิจการบ้านเมืองที่ดี", "objc_level1_name": "งบลงทุน", "compare": [{"bb_amount": 10444000, "bb_province": "หนองคาย"}], "gf_amount_sum": 0}
{"bb_code": "1500883002600IT8", "bb_year": "2559", "amount": 10444000, "min_code": "15000", "agc_code": "15008", "name": "ก่อสร้างอาคารเรียน 4 ชั้น 12 ห้องเรียน โรงเรียนเทศบาลวัดไทยชุมพล เทศบาลเมืองสุโขทัยธานี อำเภอเมืองสุโขทัย จังหวัดสุโขทัย", "min": "กระทรวงมหาดไทย", "agc": "กรมส่งเสริมการปกครองท้องถิ่น", "plan_name": "ส่งเสริมการกระจายอำนาจให้แก่องค์กรปกครองส่วนท้องถิ่น", "stg_name": "ยุทธศาสตร์การบริหารกิจการบ้านเมืองที่ดี", "objc_level1_name": "งบลงทุน", "compare": [{"bb_amount": 10444000, "bb_province": "สุโขทัย"}], "gf_amount_sum": 0}
{"bb_code": "1500883002600IY8", "bb_year": "2559", "amount": 10444000, "min_code": "15000", "agc_code": "15008", "name": "ก่อสร้างอาคารเรียน 4 ชั้น 12 ห้องเรียน โรงเรียนเทศบาล 4 วัดมัชฌิมภูมิ เทศบาลนครตรัง อำเภอเมืองตรัง จังหวัดตรัง", "min": "กระทรวงมหาดไทย", "agc": "กรมส่งเสริมการปกครองท้องถิ่น", "plan_name": "ส่งเสริมการกระจายอำนาจให้แก่องค์กรปกครองส่วนท้องถิ่น", "stg_name": "ยุทธศาสตร์การบริหารกิจการบ้านเมืองที่ดี", "objc_level1_name": "งบลงทุน", "compare": [{"bb_amount": 10444000, "bb_province": "ตรัง"}], "gf_amount_sum": 0}
{"bb_code": "1500883002600JA1", "bb_year": "2559", "amount": 10444000, "min_code": "15000", "agc_code": "15008", "name": "\"ก่อสร้างอาคารเรียน 4 ชั้น 12 ห้องเรียน โรงเรียนบ้านใหม่พิทยาคม องค์การบริหารส่วนจังหวัดนครราชสีมา\tอำเภอเมืองนครราชสีมา จังหวัดนครราชสีมา\"", "min": "กระทรวงมหาดไทย", "agc": "กรมส่งเสริมการปกครองท้องถิ่น", "plan_name": "ส่งเสริมการกระจายอำนาจให้แก่องค์กรปกครองส่วนท้องถิ่น", "stg_name": "ยุทธศาสตร์การบริหารกิจการบ้านเมืองที่ดี", "objc_level1_name": "งบลงทุน", "compare": [{"bb_amount": 10444000, "bb_province": "นครราชสีมา"}], "gf_amount_sum": 0}
{"bb_code": "1500883002600IW4", "bb_year": "2559", "amount": 10444000, "min_code": "15000", "agc_code": "15008", "name": "ก่อสร้างอาคารเรียน 4 ชั้น 12 ห้องเรียน โรงเรียนเทศบาลเทพราชบุรีรมย์ เทศบาลตำบลเทพราช อำเภอบ้านโพธิ์ จังหวัดฉะเชิงเทรา", "min": "กระทรวงมหาดไทย", "agc": "กรมส่งเสริมการปกครองท้องถิ่น", "plan_name": "ส่งเสริมการกระจายอำนาจให้แก่องค์กรปกครองส่วนท้องถิ่น", "stg_name": "ยุทธศาสตร์การบริหารกิจการบ้านเมืองที่ดี", "objc_level1_name": "งบลงทุน", "compare": [{"bb_amount": 10444000, "bb_province": "ฉะเชิงเทรา"}], "gf_amount_sum": 0}
{"bb_code": "1500883002600IY6", "bb_year": "2559", "amount": 10444000, "min_code": "15000", "agc_code": "15008", "name": "ก่อสร้างอาคารเรียน 4 ชั้น 12 ห้องเรียน โรงเรียนเทศบาลพิบูลสวัสดี เทศบาลนครภูเก็ต อำเภอเมืองภูเก็ต จังหวัดภูเก็ต", "min": "กระทรวงมหาดไทย", "agc": "กรมส่งเสริมการปกครองท้องถิ่น", "plan_name": "ส่งเสริมการกระจายอำนาจให้แก่องค์กรปกครองส่วนท้องถิ่น", "stg_name": "ยุทธศาสตร์การบริหารกิจการบ้านเมืองที่ดี", "objc_level1_name": "งบลงทุน", "compare": [{"bb_amount": 10444000, "bb_province": "ภูเก็ต"}], "gf_amount_sum": 0}
{"bb_code": "1500883002600IZ2", "bb_year": "2559", "amount": 10444000, "min_code": "15000", "agc_code": "15008", "name": "ก่อสร้างอาคารเรียน 4 ชั้น 12 ห้องเรียน โรงเรียนเทศบาล 5 วัดพระปฐมเจดีย์ เทศบาลนครนครปฐม อำเภอเมืองนครปฐม จังหวัดนครปฐม", "min": "กระทรวงมหาดไทย", "agc": "กรมส่งเสริมการปกครองท้องถิ่น", "plan_name": "ส่งเสริมการกระจายอำนาจให้แก่องค์กรปกครองส่วนท้องถิ่น", "stg_name": "ยุทธศาสตร์การบริหารกิจการบ้านเมืองที่ดี", "objc_level1_name": "งบลงทุน", "compare": [{"bb_amount": 10444000, "bb_province": "นครปฐม"}], "gf_amount_sum": 0}
{"bb_code": "1500883002600JA8", "bb_year": "2559", "amount": 10444000, "min_code": "15000", "agc_code": "15008", "name": "ก่อสร้างอาคารเรียน 4 ชั้น 12 ห้องเรียน โรงเรียนมัธยมศึกษาเทศบาลเมืองทุ่งสง เทศบาลเมืองทุ่งสง อำเภอทุ่งสง จังหวัดนครศรีธรรมราช", "min": "กระทรวงมหาดไทย", "agc": "กรมส่งเสริมการปกครองท้องถิ่น", "plan_name": "ส่งเสริมการกระจายอำนาจให้แก่องค์กรปกครองส่วนท้องถิ่น", "stg_name": "ยุทธศาสตร์การบริหารกิจการบ้านเมืองที่ดี", "objc_level1_name": "งบลงทุน", "compare": [{"bb_amount": 10444000, "bb_province": "นครศรีธรรมราช"}], "gf_amount_sum": 0}
{"bb_code": "1500883002600JA4", "bb_year": "2559", "amount": 10444000, "min_code": "15000", "agc_code": "15008", "name": "ก่อสร้างอาคารเรียน 4 ชั้น 12 ห้องเรียน โรงเรียนค่ายธนะรัชต์ เทศบาลตำบลเขาน้อย อำเภอปราณบุรี จังหวัดประจวบคีรีขันธ์", "min": "กระทรวงมหาดไทย", "agc": "กรมส่งเสริมการปกครองท้องถิ่น", "plan_name": "ส่งเสริมการกระจายอำนาจให้แก่องค์กรปกครองส่วนท้องถิ่น", "stg_name": "ยุทธศาสตร์การบริหารกิจการบ้านเมืองที่ดี", "objc_level1_name": "งบลงทุน", "compare": [{"bb_amount": 10444000, "bb_province": "ประจวบคีรีขันธ์"}], "gf_amount_sum": 0}
