{"bb_code": "1500883002600IV8", "bb_year": "2559", "amount": 10444000, "min_code": "15000", "agc_code": "15008", "name": "\"ก่อสร้างอาคารเรียน 4 ชั้น 12 ห้องเรียน โรงเรียนบ้านทุ่งเชือก\tองค์การบริหารส่วนตำบลภูห่าน อำเภอสีชมพู\tจังหวัดขอนแก่น\"", "min": "กระทรวงมหาดไทย", "agc": "กรมส่งเสริมการปกครองท้องถิ่น", "plan_name": "ส่งเสริมการกระจายอำนาจให้แก่องค์กรปกครองส่วนท้องถิ่น", "stg_name": "ยุทธศาสตร์การบริหารกิจการบ้านเมืองที่ดี", "objc_level1_name": "งบลงทุน", "compare": [{"bb_amount": 10444000, "bb_province": "ขอนแก่น"}], "gf_amount_sum": 0}
{"bb_code": "1500883002600IU1", "bb_year": "2559", "amount": 10444000, "min_code": "15000", "agc_code": "15008", "name": "ก่อสร้างอาคารเรียน 4 ชั้น 12 ห้องเรียน โรงเรียนเทศบาลวัดสวรรคาราม เทศบาลเมืองสวรรคโลก อำเภอสวรรคโลก จังหวัดสุโขทัย", "min": "กระทรวงมหาดไทย", "agc": "กรมส่งเสริมการปกครองท้องถิ่น", "plan_name": "ส่งเสริมการกระจายอำนาจให้แก่องค์กรปกครองส่วนท้องถิ่น", "stg_name": "ยุทธศาสตร์การบริหารกิจการบ้านเมืองที่ดี", "objc_level1_name": "งบลงทุน", "compare": [{"bb_amount": 10444000, "bb_province": "สุโขทัย"}], "gf_amount_sum": 0}
{"bb_code": "1500883002600IV5", "bb_year": "2559", "amount": 10444000, "min_code": "15000", "agc_code": "15008", "name": "ก่อสร้างอาคารเรียน 4 ชั้น 12 ห้องเรียน โรงเรียนโนนโพธิ์ศรีวิทยาคม องค์การบริหารส่วนจังหวัดขอนแก่น อำเภอเมืองขอนแก่น จังหวัดขอนแก่น", "min": "กระทรวงมหาดไทย", "agc": "กรมส่งเสริมการปกครองท้องถิ่น", "plan_name": "ส่งเสริมการกระจายอำนาจให้แก่องค์กรปกครองส่วนท้องถิ่น", "stg_name": "ยุทธศาสตร์การบริหารกิจการบ้านเมืองที่ดี", "objc_level1_name": "งบลงทุน", "compare": [{"bb_amount": 10444000, "bb_province": "ขอนแก่น"}], "gf_amount_sum": 0}
{"bb_code": "1500883002600IZ8", "bb_year": "2559", "amount": 10444000, "min_code": "15000", "agc_code": "15008", "name": "\"ก่อสร้างอาคารเรียน 4 ชั้น 12 ห้องเรียน โรงเรียนด่านเกวียนวิทยา องค์การบริหารส่วนจังหวัดนครราชสีมา\tอำเภอเมืองนครราชสีมา จังหวัดนครราชสีมา\"", "min": "กระทรวงมหาดไทย", "agc": "กรมส่งเสริมการปกครองท้องถิ่น", "plan_name": "ส่งเสริมการกระจายอำนาจให้แก่องค์กรปกครองส่วนท้องถิ่น", "stg_name": "ยุทธศาสตร์การบริหารกิจการบ้านเมืองที่ดี", "objc_level1_name": "งบลงทุน", "compare": [{"bb_amount": 10444000, "bb_province": "นครราชสีมา"}], "gf_amount_sum": 0}
{"bb_code": "1500883002600JB2", "bb_year": "2559", "amount": 10444000, "min_code": "15000", "agc_code": "15008", "name": "ก่อสร้างอาคารเรียน 4 ชั้น 12 ห้องเรียน โรงเรียนตาลชุมพิทยาคม องค์การบริหารส่วนจังหวัดจังหวัดน่าน อำเภอเมืองน่าน จังหวัดน่าน", "min": "กระทรวงมหาดไทย", "agc": "กรมส่งเสริมการปกครองท้องถิ่น", "plan_name": "ส่งเสริมการกระจายอำนาจให้แก่องค์กรปกครองส่วนท้องถิ่น", "stg_name": "ยุทธศาสตร์การบริหารกิจการบ้านเมืองที่ดี", "objc_level1_name": "งบลงทุน", "compare": [{"bb_amount": 10444000, "bb_province": "น่าน"}], "gf_amount_sum": 0}
{"bb_code": "1500883002600IT0", "bb_year": "2559", "amount": 10444000, "min_code": "15000", "agc_code": "15008", "name": "ก่อสร้างอาคารเรียน 4 ชั้น 12 ห้องเรียน โรงเรียนเทศบาล 5 สีหรักษ์วิทยา เทศบาลนครอุดรธานี อำเภอเมืองอุดรธานี จังหวัดอุดรธานี", "min": "กระทรวงมหาดไทย", "agc": "กรมส่งเสริมการปกครองท้องถิ่น", "plan_name": "ส่งเสริมการกระจายอำนาจให้แก่องค์กรปกครองส่วนท้องถิ่น", "stg_name": "ยุทธศาสตร์การบริหารกิจการบ้านเมืองที่ดี", "objc_level1_name": "งบลงทุน", "compare": [{"bb_amount": 10444000, "bb_province": "อุดรธานี"}], "gf_amount_sum": 0}
{"bb_code": "1500883002600IT1", "bb_year": "2559", "amount": 10444000, "min_code": "15000", "agc_code": "15008", "name": "ก่อสร้างอาคารเรียน 4 ชั้น 12 ห้องเรียน โรงเรียนเทศบาลวัดคลองโพธิ์ เทศบาลเมืองอุตรดิตถ์ อำเภอเมืองอุตรดิตถ์ จังหวัดอุตรดิตถ์", "min": "กระทรวงมหาดไทย", "agc": "กรมส่งเสริมการปกครองท้องถิ่น", "plan_name": "ส่งเสริมการกระจายอำนาจให้แก่องค์กรปกครองส่วนท้องถิ่น", "stg_name": "ยุทธศาสตร์การบริหารกิจการบ้านเมืองที่ดี", "objc_level1_name": "งบลงทุน", "compare": [{"bb_amount": 10444000, "bb_province": "อุตรดิตถ์"}], "gf_amount_sum": 0}
{"bb_code": "1500883002600IZ6", "bb_year": "2559", "amount": 10444000, "min_code": "15000", "agc_code": "15008", "name": "ก่อสร้างอาคารเรียน 4 ชั้น 12 ห้องเรียน โรงเรียนเทศบาลชุมชนป้อมเพชร เทศบาลนครพระนครศรีอยุธยา อำเภอพระนครศรีอยุธยา จังหวัดพระนครศรีอยุธยา", "min": "กระทรวงมหาดไทย", "agc": "กรมส่งเสริมการปกครองท้องถิ่น", "plan_name": "ส่งเสริมการกระจายอำนาจให้แก่องค์กรปกครองส่วนท้องถิ่น", "stg_name": "ยุทธศาสตร์การบริหารกิจการบ้านเมืองที่ดี", "objc_level1_name": "งบลงทุน", "compare": [{"bb_amount": 10444000, "bb_province": "พระนครศรีอยุธยา"}], "gf_amount_sum": 0}
{"bb_code": "1500883002600IT5", "bb_year": "2559", "amount": 10444000, "min_code": "15000", "agc_code": "15008", "name": "ก่อสร้างอาคารเรียน 4 ชั้น 12 ห้องเรียน โรงเรียนเทศบาล 1 สว่างวิทยา เทศบาลเมืองหนองคาย อำเภอเมืองหนองคาย จังหวัดหนองคาย", "min": "กระทรวงมหาดไทย", "agc": "กรมส่งเสริมการปกครองท้องถิ่น", "plan_name": "ส่งเสริมการกระจายอำนาจให้แก่องค์กรปกครองส่วนท้องถิ่น", "stg_name": "ยุทธศาสตร์การบริหารกิจการบ้านเมืองที่ดี", "objc_level1_name": "งบลงทุน", "compare": [{"bb_amount": 10444000, "bb_province": "หนองคาย"}], "gf_amount_sum": 0}
{"bb_code": "1500883002600IX7", "bb_year": "2559", "amount": 10444000, "min_code": "15000", "agc_code": "15008", "name": "ก่อสร้างอาคารเรียน 4 ชั้น 12 ห้องเรียน โรงเรียนเทศบาล 7 ฝั่งหมิ่น เทศบาลนครเชียงราย อำเภอเมืองเชียงราย จังหวัดเชียงราย", "min": "กระทรวงมหาดไทย", "agc": "กรมส่งเสริมการปกครองท้องถิ่น", "plan_name": "ส่งเสริมการกระจายอำนาจให้แก่องค์กรปกครองส่วนท้องถิ่น", "stg_name": "ยุทธศาสตร์การบริหารกิจการบ้านเมืองที่ดี", "objc_level1_name": "งบลงทุน", "compare": [{"bb_amount": 10444000, "bb_province": "เชียงราย"}], "gf_amount_sum": 0}
{"bb_code": "1500883002600IT4", "bb_year": "2559", "amount": 10444000, "min_code": "15000", "agc_code": "15008", "name": "\"ก่อสร้างอาคารเรียน 4 ชั้น 12 ห้องเรียน โรงเรียนเทศบาล 2 พิบูลวิทยาคาร\tเทศบาลเมืองพิบูลมังสาหาร อำเภอพิบูลมังสาหาร จังหวัดอุบลราชธานี\"", "min": "กระทรวงมหาดไทย", "agc": "กรมส่งเสริมการปกครองท้องถิ่น", "plan_name": "ส่งเสริมการกระจายอำนาจให้แก่องค์กรปกครองส่วนท้องถิ่น", "stg_name": "ยุทธศาสตร์การบริหารกิจการบ้านเมืองที่ดี", "objc_level1_name": "งบลงทุน", "compare": [{"bb_amount": 10444000, "bb_province": "อุบลราชธานี"}], "gf_amount_sum": 0}
{"bb_code": "1500883002600IY3", "bb_year": "2559", "amount": 10444000, "min_code": "15000", "agc_code": "15008", "name": "ก่อสร้างอาคารเรียน 4 ชั้น 12 ห้องเรียน โรงเรียนเทศบาลบูรพาพิทยาคาร เทศบาลเมืองมหาสารคาม อำเภอเมืองมหาสารคาม จังหวัดมหาสารคาม", "min": "กระทรวงมหาดไทย", "agc": "กรมส่งเสริมการปกครองท้องถิ่น", "plan_name": "ส่งเสริมการกระจายอำนาจให้แก่องค์กรปกครองส่วนท้องถิ่น", "stg_name": "ยุทธศาสตร์การบริหารกิจการบ้านเมืองที่ดี", "objc_level1_name": "งบลงทุน", "compare": [{"bb_amount": 10444000, "bb_province": "มหาสารคาม"}], "gf_amount_sum": 0}
{"bb_code": "1500883002600JA4", "bb_year": "2559", "amount": 10444000, "min_code": "15000", "agc_code": "15008", "name": "ก่อสร้างอาคารเรียน 4 ชั้น 12 ห้องเรียน โรงเรียนค่ายธนะรัชต์ เทศบาลตำบลเขาน้อย อำเภอปราณบุรี จังหวัดประจวบคีรีขันธ์", "min": "กระทรวงมหาดไทย", "agc": "กรมส่งเสริมการปกครองท้องถิ่น", "plan_name": "ส่งเสริมการกระจายอำนาจให้แก่องค์กรปกครองส่วนท้องถิ่น", "stg_name": "ยุทธศาสตร์การบริหารกิจการบ้านเมืองที่ดี", "objc_level1_name": "งบลงทุน", "compare": [{"bb_amount": 10444000, "bb_province": "ประจวบคีรีขันธ์"}], "gf_amount_sum": 0}
{"bb_code": "1500883002600IX5", "bb_year": "2559", "amount": 10444000, "min_code": "15000", "agc_code": "15008", "name": "ก่อสร้างอาคารเรียน 4 ชั้น 12 ห้องเรียน โรงเรียนองค์การบริหารส่วนจังหวัดเชียงราย องค์การบริหารส่วนจังหวัดเชียงราย อำเภอเมืองเชียงราย จังหวัดเชียงราย", "min": "กระทรวงมหาดไทย", "agc": "กรมส่งเสริมการปกครองท้องถิ่น", "plan_name": "ส่งเสริมการกระจายอำนาจให้แก่องค์กรปกครองส่วนท้องถิ่น", "stg_name": "ยุทธศาสตร์การบริหารกิจการบ้านเมืองที่ดี", "objc_level1_name": "งบลงทุน", "compare": [{"bb_amount": 10444000, "bb_province": "เชียงราย"}], "gf_amount_sum": 0}
{"bb_code": "1500883002600JA2", "bb_year": "2559", "amount": 10444000, "min_code": "15000", "agc_code": "15008", "name": "\"ก่อสร้างอาคารเรียน 4 ชั้น 12 ห้องเรียน โรงเรียนมาบตะโกพิทยาคม องค์การบริหารส่วนจังหวัดนครราชสีมา\tอำเภอเมืองนครราชสีมา จังหวัดนครราชสีมา\"", "min": "กระทรวงมหาดไทย", "agc": "กรมส่งเสริมการปกครองท้องถิ่น", "plan_name": "ส่งเสริมการกระจายอำนาจให้แก่องค์กรปกครองส่วนท้องถิ่น", "stg_name": "ยุทธศาสตร์การบริหารกิจการบ้านเมืองที่ดี", "objc_level1_name": "งบลงทุน", "compare": [{"bb_amount": 10444000, "bb_province": "นครราชสีมา"}], "gf_amount_sum": 0}
{"bb_code": "1500883002600JA8", "bb_year": "2559", "amount": 10444000, "min_code": "15000", "agc_code": "15008", "name": "ก่อสร้างอาคารเรียน 4 ชั้น 12 ห้องเรียน โรงเรียนมัธยมศึกษาเทศบาลเมืองทุ่งสง เทศบาลเมืองทุ่งสง อำเภอทุ่งสง จังหวัดนครศรีธรรมราช", "min": "กระทรวงมหาดไทย", "agc": "กรมส่งเสริมการปกครองท้องถิ่น", "plan_name": "ส่งเสริมการกระจายอำนาจให้แก่องค์กรปกครองส่วนท้องถิ่น", "stg_name": "ยุทธศาสตร์การบริหารกิจการบ้านเมืองที่ดี", "objc_level1_name": "งบลงทุน", "compare": [{"bb_amount": 10444000, "bb_province": "นครศรีธรรมราช"}], "gf_amount_sum": 0}
{"bb_code": "1500785013420040", "bb_year": "2559", "amount": 10437800, "min_code": "15000", "agc_code": "15007", "name": "โครงการปรับปรุงถนนในชุมชน สายควนกันติง หมู่ที่ 7 ตำบลบ้านควน อำเภอเมือง จังหวัดสตูล ระยะทาง 4.000 กิโลเมตร", "min": "กระทรวงมหาดไทย", "agc": "กรมโยธาธิการและผังเมือง", "plan_name": "แก้ไขปัญหาและพัฒนาจังหวัดชายแดนภาคใต้", "stg_name": "ยุทธศาสตร์เร่งรัดวางรากฐานการพัฒนาที่ยั่งยืนของประเทศ", "objc_level1_name": "งบลงทุน", "compare": [{"bb_amount": 10437800, "bb_province": "สตูล", "gf_amount": 10437000, "gf_province": "สตูล"}], "gf_amount_sum": 10437000}
{"bb_code": "1500786007420281", "bb_year": "2559", "amount": 10400000, "min_code": "15000", "agc_code": "15007", "name": "เขื่อนป้องกันตลิ่งริมแม่น้ำบางปะกง วัดผาณิตาราม ต.บางกูด อ.บ้านโพธิ์ จ.ฉะเชิงเทรา ความยาว 190 เมตร", "min": "กระทรวงมหาดไทย", "agc": "กรมโยธาธิการและผังเมือง", "plan_name": "ฟื้นฟู ป้องกัน และจัดการภัยพิบัติ ", "stg_name": "ยุทธศาสตร์การจัดการทรัพยากรธรรมชาติและสิ่งแวดล้อม", "objc_level1_name": "งบลงทุน", "compare": [{"bb_amount": 10400000, "bb_province": "ฉะเชิงเทรา"}, {"gf_amount": 10400000, "gf_province": "ส่วนกลาง", "bb_amount": null, "bb_province": "กรุงเทพมหานคร"}], "gf_amount_sum": 10400000}
{"bb_code": "1500786007420256", "bb_year": "2559", "amount": 10400000, "min_code": "15000", "agc_code": "15007", "name": "เขื่อนป้องกันตลิ่งริมแม่น้ำท่าจีน บริเวณวัดอ้อยร้าง ต.สามชุก อ.สามชุก จ.สุพรรณบุรี ความยาว 196 เมตร", "min": "กระทรวงมหาดไทย", "agc": "กรมโยธาธิการและผังเมือง", "plan_name": "ฟื้นฟู ป้องกัน และจัดการภัยพิบัติ ", "stg_name": "ยุทธศาสตร์การจัดการทรัพยากรธรรมชาติและสิ่งแวดล้อม", "objc_level1_name": "งบลงทุน", "compare": [{"bb_amount": 10400000, "bb_province": "สุพรรณบุรี"}], "gf_amount_sum": 0}
{"bb_code": "1500785013420016", "bb_year": "2559", "amount": 10300500, "min_code": "15000", "agc_code": "15007", "name": "โครงการปรับปรุงถนนในชุมชน สายคลองรำพัน-สวนสาธารณะ หมู่ที่ 2 ตำบลเกาะสะบ้า อำเภเทพา จังหวัดสงขลา ระยะทาง 3.00 กม.", "min": "กระทรวงมหาดไทย", "agc": "กรมโยธาธิการและผังเมือง", "plan_name": "แก้ไขปัญหาและพัฒนาจังหวัดชายแดนภาคใต้", "stg_name": "ยุทธศาสตร์เร่งรัดวางรากฐานการพัฒนาที่ยั่งยืนของประเทศ", "objc_level1_name": "งบลงทุน", "compare": [{"bb_amount": 10300500, "bb_province": "สงขลา", "gf_amount": 10298000, "gf_province": "สงขลา"}], "gf_amount_sum": 10298000}
