{"bb_code": "1500785013420015", "bb_year": "2559", "amount": 10300500, "min_code": "15000", "agc_code": "15007", "name": "โครงการปรับปรุงถนนในชุมชน สายบ้านเลียบ - ท่าไผ่ไท หมู่ที่ 5 ตำบลปลักหนู อำเภอนาทวี จังหวัดสงขลา ระยะทาง 3.00 กม.", "min": "กระทรวงมหาดไทย", "agc": "กรมโยธาธิการและผังเมือง", "plan_name": "แก้ไขปัญหาและพัฒนาจังหวัดชายแดนภาคใต้", "stg_name": "ยุทธศาสตร์เร่งรัดวางรากฐานการพัฒนาที่ยั่งยืนของประเทศ", "objc_level1_name": "งบลงทุน", "compare": [{"bb_amount": 10300500, "bb_province": "สงขลา", "gf_amount": 10295000, "gf_province": "สงขลา"}], "gf_amount_sum": 10295000}
{"bb_code": "1500720002410127", "bb_year": "2559", "amount": 10252700, "min_code": "15000", "agc_code": "15007", "name": "ค่าบำรุงรักษาและปรับปรุงซ่อมแซมเขื่อนป้องกันตลิ่ง สำนักงานโยธาธิการและผังเมืองจังหวัดหนองคาย ตำบลหนองกอมเกาะ อำเภอเมืองหนองคาย จังหวัดหนองคาย", "min": "กระทรวงมหาดไทย", "agc": "กรมโยธาธิการและผังเมือง", "plan_name": "รักษาความมั่นคงของฐานทรัพยากรธรรมชาติและแก้ปัญหาที่ดินทำกิน", "stg_name": "ยุทธศาสตร์การจัดการทรัพยากรธรรมชาติและสิ่งแวดล้อม", "objc_level1_name": "งบลงทุน", "compare": [{"bb_amount": 10252700, "bb_province": "หนองคาย", "gf_amount": 9239000, "gf_province": "หนองคาย"}], "gf_amount_sum": 9239000}
{"bb_code": "1500786007420078", "bb_year": "2559", "amount": 10245700, "min_code": "15000", "agc_code": "15007", "name": "เขื่อนป้องกันตลิ่งริมแม่น้ำท่าจีน วัดพังม่วง หมู่ 3 ต.วังน้ำซับ อ.ศรีประจันต์ จ.สุพรรณบุรี ความยาว 210 เมตร", "min": "กระทรวงมหาดไทย", "agc": "กรมโยธาธิการและผังเมือง", "plan_name": "ฟื้นฟู ป้องกัน และจัดการภัยพิบัติ ", "stg_name": "ยุทธศาสตร์การจัดการทรัพยากรธรรมชาติและสิ่งแวดล้อม", "objc_level1_name": "งบลงทุน", "compare": [{"bb_amount": 10245700, "bb_province": "สุพรรณบุรี"}, {"gf_amount": 15475000, "gf_province": "ส่วนกลาง", "bb_amount": null, "bb_province": "กรุงเทพมหานคร"}], "gf_amount_sum": 15475000}
{"bb_code": "1500786007420237", "bb_year": "2559", "amount": 10240000, "min_code": "15000", "agc_code": "15007", "name": "เขื่อนป้องกันตลิ่งริมแม่น้ำแม่กลอง (ต่อจากเขื่อนเดิม) พร้อมจัดภูมิทัศน์บริเวณวัดท้ายหาด ต.ท้ายหาด อ.เมืองสมุทรสงคราม จ.สมุทรสงคราม ความยาว 80 เมตร", "min": "กระทรวงมหาดไทย", "agc": "กรมโยธาธิการและผังเมือง", "plan_name": "ฟื้นฟู ป้องกัน และจัดการภัยพิบัติ ", "stg_name": "ยุทธศาสตร์การจัดการทรัพยากรธรรมชาติและสิ่งแวดล้อม", "objc_level1_name": "งบลงทุน", "compare": [{"bb_amount": 10240000, "bb_province": "สมุทรสงคราม", "gf_amount": 10185600, "gf_province": "สมุทรสงคราม"}], "gf_amount_sum": 10185600}
{"bb_code": "1500786007420359", "bb_year": "2559", "amount": 10237500, "min_code": "15000", "agc_code": "15007", "name": "เขื่อนป้องกันตลิ่งริมแม่น้ำน่าน ม.5 บ้านวังส้มซ่า ต.วัดพริก อ.เมือง จ.พิษณุโลก (ต่อเนื่องเขื่อนเดิม) ความยาว 350 เมตร", "min": "กระทรวงมหาดไทย", "agc": "กรมโยธาธิการและผังเมือง", "plan_name": "ฟื้นฟู ป้องกัน และจัดการภัยพิบัติ ", "stg_name": "ยุทธศาสตร์การจัดการทรัพยากรธรรมชาติและสิ่งแวดล้อม", "objc_level1_name": "งบลงทุน", "compare": [{"bb_amount": 10237500, "bb_province": "พิษณุโลก"}, {"gf_amount": 10237500, "gf_province": "ส่วนกลาง", "bb_amount": null, "bb_province": "กรุงเทพมหานคร"}], "gf_amount_sum": 10237500}
{"bb_code": "1500786007420427", "bb_year": "2559", "amount": 10237500, "min_code": "15000", "agc_code": "15007", "name": "เขื่อนป้องกันตลิ่งและปรับปรุงภูมิทัศน์ริมฝั่งลำน้ำปาว ทั้งซ้ายและขวา บริเวณวัดใต้โพธิ์ค้ำ ต.กาฬสินธุ์ อ.เมือง จ.กาฬสินธุ์ (ระยะที่ 2) ความยาว 500 เมตร", "min": "กระทรวงมหาดไทย", "agc": "กรมโยธาธิการและผังเมือง", "plan_name": "ฟื้นฟู ป้องกัน และจัดการภัยพิบัติ ", "stg_name": "ยุทธศาสตร์การจัดการทรัพยากรธรรมชาติและสิ่งแวดล้อม", "objc_level1_name": "งบลงทุน", "compare": [{"bb_amount": 10237500, "bb_province": "กาฬสินธุ์"}, {"gf_amount": 5985000, "gf_province": "ส่วนกลาง", "bb_amount": null, "bb_province": "กรุงเทพมหานคร"}], "gf_amount_sum": 5985000}
{"bb_code": "1500720002420038", "bb_year": "2559", "amount": 10201700, "min_code": "15000", "agc_code": "15007", "name": "โครงการพัฒนาพื้นที่เพื่อการท่องเที่ยวชุมชนเชียงคาน ระยะที่ 2  อำเภอเชียงคาน  จังหวัดเลย", "min": "กระทรวงมหาดไทย", "agc": "กรมโยธาธิการและผังเมือง", "plan_name": "รักษาความมั่นคงของฐานทรัพยากรธรรมชาติและแก้ปัญหาที่ดินทำกิน", "stg_name": "ยุทธศาสตร์การจัดการทรัพยากรธรรมชาติและสิ่งแวดล้อม", "objc_level1_name": "งบลงทุน", "compare": [{"bb_amount": 10201700, "bb_province": "เลย"}, {"gf_amount": 20201700, "gf_province": "ส่วนกลาง", "bb_amount": null, "bb_province": "กรุงเทพมหานคร"}], "gf_amount_sum": 20201700}
{"bb_code": "1500720002420097", "bb_year": "2559", "amount": 10140000, "min_code": "15000", "agc_code": "15007", "name": "โครงการพัฒนาพื้นที่เฉพาะชุมชนบางน้อย อำเภอบางคนที จังหวัดสมุทรสงคราม ระยะที่ 2", "min": "กระทรวงมหาดไทย", "agc": "กรมโยธาธิการและผังเมือง", "plan_name": "รักษาความมั่นคงของฐานทรัพยากรธรรมชาติและแก้ปัญหาที่ดินทำกิน", "stg_name": "ยุทธศาสตร์การจัดการทรัพยากรธรรมชาติและสิ่งแวดล้อม", "objc_level1_name": "งบลงทุน", "compare": [{"bb_amount": 10140000, "bb_province": "สมุทรสงคราม"}], "gf_amount_sum": 0}
{"bb_code": "1500786007420168", "bb_year": "2559", "amount": 10096000, "min_code": "15000", "agc_code": "15007", "name": "เขื่อนป้องกันตลิ่งริมแม่น้ำยม ม.6 ต.วังทอง อ.ศรีสำโรง จ.สุโขทัย ความยาว 385 เมตร", "min": "กระทรวงมหาดไทย", "agc": "กรมโยธาธิการและผังเมือง", "plan_name": "ฟื้นฟู ป้องกัน และจัดการภัยพิบัติ ", "stg_name": "ยุทธศาสตร์การจัดการทรัพยากรธรรมชาติและสิ่งแวดล้อม", "objc_level1_name": "งบลงทุน", "compare": [{"bb_amount": 10096000, "bb_province": "สุโขทัย", "gf_amount": 7977720, "gf_province": "สุโขทัย"}], "gf_amount_sum": 7977720}
{"bb_code": "1500720004420026", "bb_year": "2559", "amount": 10029000, "min_code": "15000", "agc_code": "15007", "name": "โครงการจัดรูปที่ดินเพื่อพัฒนาพื้นที่จังหวัดสมุทรสาคร", "min": "กระทรวงมหาดไทย", "agc": "กรมโยธาธิการและผังเมือง", "plan_name": "รักษาความมั่นคงของฐานทรัพยากรธรรมชาติและแก้ปัญหาที่ดินทำกิน", "stg_name": "ยุทธศาสตร์การจัดการทรัพยากรธรรมชาติและสิ่งแวดล้อม", "objc_level1_name": "งบลงทุน", "compare": [{"bb_amount": 10029000, "bb_province": "สมุทรสาคร", "gf_amount": 7500000, "gf_province": "สมุทรสาคร"}], "gf_amount_sum": 7500000}
{"bb_code": "1500785013420071", "bb_year": "2559", "amount": 10000300, "min_code": "15000", "agc_code": "15007", "name": "โครงการปรับปรุงถนนในชุมชนสายเลียบชลประทาน (บ้านพักชลประทาน - บ้านหรั่ง) ตำบลมะกรูด อำเภอโคกโพธิ์ จังหวัดปัตตานี ระยะทาง 2.700 กม.", "min": "กระทรวงมหาดไทย", "agc": "กรมโยธาธิการและผังเมือง", "plan_name": "แก้ไขปัญหาและพัฒนาจังหวัดชายแดนภาคใต้", "stg_name": "ยุทธศาสตร์เร่งรัดวางรากฐานการพัฒนาที่ยั่งยืนของประเทศ", "objc_level1_name": "งบลงทุน", "compare": [{"bb_amount": 10000300, "bb_province": "ปัตตานี", "gf_amount": 10000300, "gf_province": "ปัตตานี"}], "gf_amount_sum": 10000300}
{"bb_code": "1500786020420009", "bb_year": "2559", "amount": 10000000, "min_code": "15000", "agc_code": "15007", "name": "เขื่อนป้องกันตลิ่งริมแม่น้ำโขง เทศบาลตำบลเวียงคุก อ.เมืองหนองคาย จ.หนองคาย (ช่วงที่ 1) ความยาว 935 เมตร", "min": "กระทรวงมหาดไทย", "agc": "กรมโยธาธิการและผังเมือง", "plan_name": "ฟื้นฟู ป้องกัน และจัดการภัยพิบัติ ", "stg_name": "ยุทธศาสตร์การจัดการทรัพยากรธรรมชาติและสิ่งแวดล้อม", "objc_level1_name": "งบลงทุน", "compare": [{"bb_amount": 10000000, "bb_province": "หนองคาย"}, {"gf_amount": 10000000, "gf_province": "ส่วนกลาง", "bb_amount": null, "bb_province": "กรุงเทพมหานคร"}], "gf_amount_sum": 10000000}
{"bb_code": "1500786007420205", "bb_year": "2559", "amount": 10000000, "min_code": "15000", "agc_code": "15007", "name": "เขื่อนป้องกันตลิ่งริมแม่น้ำยัง บริเวณหน้าวัดเลิงท่าสว่าง บ้านโพธิ์ตาก ต.นางาม อ.เสลภูมิ จ.ร้อยเอ็ด ความยาว 375 เมตร", "min": "กระทรวงมหาดไทย", "agc": "กรมโยธาธิการและผังเมือง", "plan_name": "ฟื้นฟู ป้องกัน และจัดการภัยพิบัติ ", "stg_name": "ยุทธศาสตร์การจัดการทรัพยากรธรรมชาติและสิ่งแวดล้อม", "objc_level1_name": "งบลงทุน", "compare": [{"bb_amount": 10000000, "bb_province": "ร้อยเอ็ด"}], "gf_amount_sum": 0}
{"bb_code": "1500786007420173", "bb_year": "2559", "amount": 10000000, "min_code": "15000", "agc_code": "15007", "name": "เขื่อนป้องกันตลิ่งบริเวณหมู่ที่ 1 (จุดที่1) ต.พระขาว อ.บางบาล จ.พระนครศรีอยุธยา ความยาว 202.50 เมตร", "min": "กระทรวงมหาดไทย", "agc": "กรมโยธาธิการและผังเมือง", "plan_name": "ฟื้นฟู ป้องกัน และจัดการภัยพิบัติ ", "stg_name": "ยุทธศาสตร์การจัดการทรัพยากรธรรมชาติและสิ่งแวดล้อม", "objc_level1_name": "งบลงทุน", "compare": [{"bb_amount": 10000000, "bb_province": "พระนครศรีอยุธยา"}, {"gf_amount": 8124000, "gf_province": "ส่วนกลาง", "bb_amount": null, "bb_province": "กรุงเทพมหานคร"}], "gf_amount_sum": 8124000}
{"bb_code": "1500786020420007", "bb_year": "2559", "amount": 10000000, "min_code": "15000", "agc_code": "15007", "name": "เขื่อนป้องกันตลิ่งริมแม่น้ำโขง บริเวณวัดโพธิ์หมากจันทร์ - เทศบาลตำบลเวียงคุก อ.เมือง จ.หนองคาย  ความยาว 1,150 เมตร", "min": "กระทรวงมหาดไทย", "agc": "กรมโยธาธิการและผังเมือง", "plan_name": "ฟื้นฟู ป้องกัน และจัดการภัยพิบัติ ", "stg_name": "ยุทธศาสตร์การจัดการทรัพยากรธรรมชาติและสิ่งแวดล้อม", "objc_level1_name": "งบลงทุน", "compare": [{"bb_amount": 10000000, "bb_province": "หนองคาย"}, {"gf_amount": 10000000, "gf_province": "ส่วนกลาง", "bb_amount": null, "bb_province": "กรุงเทพมหานคร"}], "gf_amount_sum": 10000000}
{"bb_code": "1500520018120003", "bb_year": "2559", "amount": 10000000, "min_code": "15000", "agc_code": "15005", "name": "สถานีรับสัญญาณดาวเทียมถาวร ตำบลในเมือง อำเภอเมือง จังหวัดขอนแก่น", "min": "กระทรวงมหาดไทย", "agc": "กรมที่ดิน", "plan_name": "รักษาความมั่นคงของฐานทรัพยากรธรรมชาติและแก้ปัญหาที่ดินทำกิน", "stg_name": "ยุทธศาสตร์การจัดการทรัพยากรธรรมชาติและสิ่งแวดล้อม", "objc_level1_name": "งบลงทุน", "compare": [{"bb_amount": 10000000, "bb_province": "ขอนแก่น"}], "gf_amount_sum": 0}
{"bb_code": "1500786007420267", "bb_year": "2559", "amount": 10000000, "min_code": "15000", "agc_code": "15007", "name": "เขื่อนป้องกันตลิ่งริมแม่น้ำมูล พร้อมปรับปรุงภูมิทัศน์ ม.1 บ้านด่านเกวียน ต.ด่านเกวียน อ.โชคชัย จ.นครราชสีมา ความยาว 200 เมตร", "min": "กระทรวงมหาดไทย", "agc": "กรมโยธาธิการและผังเมือง", "plan_name": "ฟื้นฟู ป้องกัน และจัดการภัยพิบัติ ", "stg_name": "ยุทธศาสตร์การจัดการทรัพยากรธรรมชาติและสิ่งแวดล้อม", "objc_level1_name": "งบลงทุน", "compare": [{"bb_amount": 10000000, "bb_province": "นครราชสีมา"}, {"gf_amount": 3581500, "gf_province": "ส่วนกลาง", "bb_amount": null, "bb_province": "กรุงเทพมหานคร"}], "gf_amount_sum": 3581500}
{"bb_code": "1500520018120017", "bb_year": "2559", "amount": 10000000, "min_code": "15000", "agc_code": "15005", "name": "สถานีรับสัญญาณดาวเทียมถาวร ตำบลในเมือง อำเภอเมือง จังหวัดเพชรบูรณ์", "min": "กระทรวงมหาดไทย", "agc": "กรมที่ดิน", "plan_name": "รักษาความมั่นคงของฐานทรัพยากรธรรมชาติและแก้ปัญหาที่ดินทำกิน", "stg_name": "ยุทธศาสตร์การจัดการทรัพยากรธรรมชาติและสิ่งแวดล้อม", "objc_level1_name": "งบลงทุน", "compare": [{"bb_amount": 10000000, "bb_province": "เพชรบูรณ์"}], "gf_amount_sum": 0}
{"bb_code": "1500520018120025", "bb_year": "2559", "amount": 10000000, "min_code": "15000", "agc_code": "15005", "name": "สถานีรับสัญญาณดาวเทียมถาวร ตำบลกุดป่อง อำเภอเมือง จังหวัดเลย", "min": "กระทรวงมหาดไทย", "agc": "กรมที่ดิน", "plan_name": "รักษาความมั่นคงของฐานทรัพยากรธรรมชาติและแก้ปัญหาที่ดินทำกิน", "stg_name": "ยุทธศาสตร์การจัดการทรัพยากรธรรมชาติและสิ่งแวดล้อม", "objc_level1_name": "งบลงทุน", "compare": [{"bb_amount": 10000000, "bb_province": "เลย"}], "gf_amount_sum": 0}
{"bb_code": "1500520018120006", "bb_year": "2559", "amount": 10000000, "min_code": "15000", "agc_code": "15005", "name": "สถานีรับสัญญาณดาวเทียมถาวร ตำบลเวียง อำเภอเมือง จังหวัดเชียงราย", "min": "กระทรวงมหาดไทย", "agc": "กรมที่ดิน", "plan_name": "รักษาความมั่นคงของฐานทรัพยากรธรรมชาติและแก้ปัญหาที่ดินทำกิน", "stg_name": "ยุทธศาสตร์การจัดการทรัพยากรธรรมชาติและสิ่งแวดล้อม", "objc_level1_name": "งบลงทุน", "compare": [{"bb_amount": 10000000, "bb_province": "เชียงราย"}], "gf_amount_sum": 0}
