{"bb_code": "1500786020420004", "bb_year": "2559", "amount": 10000000, "min_code": "15000", "agc_code": "15007", "name": "เขื่อนป้องกันตลิ่งริมแม่น้ำโขง บ้านห้วยลึก ต.ม่วงยาย อ.เวียงแก่น จ.เชียงราย ความยาว 1,000 เมตร", "min": "กระทรวงมหาดไทย", "agc": "กรมโยธาธิการและผังเมือง", "plan_name": "ฟื้นฟู ป้องกัน และจัดการภัยพิบัติ ", "stg_name": "ยุทธศาสตร์การจัดการทรัพยากรธรรมชาติและสิ่งแวดล้อม", "objc_level1_name": "งบลงทุน", "compare": [{"bb_amount": 10000000, "bb_province": "เชียงราย"}, {"gf_amount": 10000000, "gf_province": "ส่วนกลาง", "bb_amount": null, "bb_province": "กรุงเทพมหานคร"}], "gf_amount_sum": 10000000}
{"bb_code": "1500520018120026", "bb_year": "2559", "amount": 10000000, "min_code": "15000", "agc_code": "15005", "name": "สถานีรับสัญญาณดาวเทียมถาวร ตำบลบ่อยาง อำเภอเมือง จังหวัดสงขลา", "min": "กระทรวงมหาดไทย", "agc": "กรมที่ดิน", "plan_name": "รักษาความมั่นคงของฐานทรัพยากรธรรมชาติและแก้ปัญหาที่ดินทำกิน", "stg_name": "ยุทธศาสตร์การจัดการทรัพยากรธรรมชาติและสิ่งแวดล้อม", "objc_level1_name": "งบลงทุน", "compare": [{"bb_amount": 10000000, "bb_province": "สงขลา"}], "gf_amount_sum": 0}
{"bb_code": "1500786007420186", "bb_year": "2559", "amount": 10000000, "min_code": "15000", "agc_code": "15007", "name": "เขื่อนป้องกันตลิ่งริมแม่น้ำปิง ม.4 บ้านตาขีด อ.บรรพตพิสัย จ.นครสวรรค์ ความยาว 200 เมตร", "min": "กระทรวงมหาดไทย", "agc": "กรมโยธาธิการและผังเมือง", "plan_name": "ฟื้นฟู ป้องกัน และจัดการภัยพิบัติ ", "stg_name": "ยุทธศาสตร์การจัดการทรัพยากรธรรมชาติและสิ่งแวดล้อม", "objc_level1_name": "งบลงทุน", "compare": [{"bb_amount": 10000000, "bb_province": "นครสวรรค์"}, {"gf_amount": 19043000, "gf_province": "ส่วนกลาง", "bb_amount": null, "bb_province": "กรุงเทพมหานคร"}], "gf_amount_sum": 19043000}
{"bb_code": "1500520018120023", "bb_year": "2559", "amount": 10000000, "min_code": "15000", "agc_code": "15005", "name": "สถานีรับสัญญาณดาวเทียมถาวร ตำบลบางริ้น อำเภอเมือง จังหวัดระนอง", "min": "กระทรวงมหาดไทย", "agc": "กรมที่ดิน", "plan_name": "รักษาความมั่นคงของฐานทรัพยากรธรรมชาติและแก้ปัญหาที่ดินทำกิน", "stg_name": "ยุทธศาสตร์การจัดการทรัพยากรธรรมชาติและสิ่งแวดล้อม", "objc_level1_name": "งบลงทุน", "compare": [{"bb_amount": 10000000, "bb_province": "ระนอง"}], "gf_amount_sum": 0}
{"bb_code": "1500520018120017", "bb_year": "2559", "amount": 10000000, "min_code": "15000", "agc_code": "15005", "name": "สถานีรับสัญญาณดาวเทียมถาวร ตำบลในเมือง อำเภอเมือง จังหวัดเพชรบูรณ์", "min": "กระทรวงมหาดไทย", "agc": "กรมที่ดิน", "plan_name": "รักษาความมั่นคงของฐานทรัพยากรธรรมชาติและแก้ปัญหาที่ดินทำกิน", "stg_name": "ยุทธศาสตร์การจัดการทรัพยากรธรรมชาติและสิ่งแวดล้อม", "objc_level1_name": "งบลงทุน", "compare": [{"bb_amount": 10000000, "bb_province": "เพชรบูรณ์"}], "gf_amount_sum": 0}
{"bb_code": "1500520018120022", "bb_year": "2559", "amount": 10000000, "min_code": "15000", "agc_code": "15005", "name": "สถานีรับสัญญาณดาวเทียมถาวร ตำบลจองคำ อำเภอเมือง จังหวัดแม่ฮ่องสอน", "min": "กระทรวงมหาดไทย", "agc": "กรมที่ดิน", "plan_name": "รักษาความมั่นคงของฐานทรัพยากรธรรมชาติและแก้ปัญหาที่ดินทำกิน", "stg_name": "ยุทธศาสตร์การจัดการทรัพยากรธรรมชาติและสิ่งแวดล้อม", "objc_level1_name": "งบลงทุน", "compare": [{"bb_amount": 10000000, "bb_province": "แม่ฮ่องสอน"}], "gf_amount_sum": 0}
{"bb_code": "1500520018120012", "bb_year": "2559", "amount": 10000000, "min_code": "15000", "agc_code": "15005", "name": "สถานีรับสัญญาณดาวเทียมถาวร ตำบลในเวียง อำเภอเมือง จังหวัดน่าน", "min": "กระทรวงมหาดไทย", "agc": "กรมที่ดิน", "plan_name": "รักษาความมั่นคงของฐานทรัพยากรธรรมชาติและแก้ปัญหาที่ดินทำกิน", "stg_name": "ยุทธศาสตร์การจัดการทรัพยากรธรรมชาติและสิ่งแวดล้อม", "objc_level1_name": "งบลงทุน", "compare": [{"bb_amount": 10000000, "bb_province": "น่าน"}], "gf_amount_sum": 0}
{"bb_code": "1500786020420007", "bb_year": "2559", "amount": 10000000, "min_code": "15000", "agc_code": "15007", "name": "เขื่อนป้องกันตลิ่งริมแม่น้ำโขง บริเวณวัดโพธิ์หมากจันทร์ - เทศบาลตำบลเวียงคุก อ.เมือง จ.หนองคาย  ความยาว 1,150 เมตร", "min": "กระทรวงมหาดไทย", "agc": "กรมโยธาธิการและผังเมือง", "plan_name": "ฟื้นฟู ป้องกัน และจัดการภัยพิบัติ ", "stg_name": "ยุทธศาสตร์การจัดการทรัพยากรธรรมชาติและสิ่งแวดล้อม", "objc_level1_name": "งบลงทุน", "compare": [{"bb_amount": 10000000, "bb_province": "หนองคาย"}, {"gf_amount": 10000000, "gf_province": "ส่วนกลาง", "bb_amount": null, "bb_province": "กรุงเทพมหานคร"}], "gf_amount_sum": 10000000}
{"bb_code": "1500520018120009", "bb_year": "2559", "amount": 10000000, "min_code": "15000", "agc_code": "15005", "name": "สถานีรับสัญญาณดาวเทียมถาวร ตำบลน้ำรึม อำเภอเมือง จังหวัดตาก", "min": "กระทรวงมหาดไทย", "agc": "กรมที่ดิน", "plan_name": "รักษาความมั่นคงของฐานทรัพยากรธรรมชาติและแก้ปัญหาที่ดินทำกิน", "stg_name": "ยุทธศาสตร์การจัดการทรัพยากรธรรมชาติและสิ่งแวดล้อม", "objc_level1_name": "งบลงทุน", "compare": [{"bb_amount": 10000000, "bb_province": "ตาก"}], "gf_amount_sum": 0}
{"bb_code": "1500520018120010", "bb_year": "2559", "amount": 10000000, "min_code": "15000", "agc_code": "15005", "name": "สถานีรับสัญญาณดาวเทียมถาวร ตำบลปากนคร อำเภอเมือง จังหวัดนครศรีธรรมราช", "min": "กระทรวงมหาดไทย", "agc": "กรมที่ดิน", "plan_name": "รักษาความมั่นคงของฐานทรัพยากรธรรมชาติและแก้ปัญหาที่ดินทำกิน", "stg_name": "ยุทธศาสตร์การจัดการทรัพยากรธรรมชาติและสิ่งแวดล้อม", "objc_level1_name": "งบลงทุน", "compare": [{"bb_amount": 10000000, "bb_province": "นครศรีธรรมราช"}], "gf_amount_sum": 0}
{"bb_code": "1500520018120006", "bb_year": "2559", "amount": 10000000, "min_code": "15000", "agc_code": "15005", "name": "สถานีรับสัญญาณดาวเทียมถาวร ตำบลเวียง อำเภอเมือง จังหวัดเชียงราย", "min": "กระทรวงมหาดไทย", "agc": "กรมที่ดิน", "plan_name": "รักษาความมั่นคงของฐานทรัพยากรธรรมชาติและแก้ปัญหาที่ดินทำกิน", "stg_name": "ยุทธศาสตร์การจัดการทรัพยากรธรรมชาติและสิ่งแวดล้อม", "objc_level1_name": "งบลงทุน", "compare": [{"bb_amount": 10000000, "bb_province": "เชียงราย"}], "gf_amount_sum": 0}
{"bb_code": "1500786020420009", "bb_year": "2559", "amount": 10000000, "min_code": "15000", "agc_code": "15007", "name": "เขื่อนป้องกันตลิ่งริมแม่น้ำโขง เทศบาลตำบลเวียงคุก อ.เมืองหนองคาย จ.หนองคาย (ช่วงที่ 1) ความยาว 935 เมตร", "min": "กระทรวงมหาดไทย", "agc": "กรมโยธาธิการและผังเมือง", "plan_name": "ฟื้นฟู ป้องกัน และจัดการภัยพิบัติ ", "stg_name": "ยุทธศาสตร์การจัดการทรัพยากรธรรมชาติและสิ่งแวดล้อม", "objc_level1_name": "งบลงทุน", "compare": [{"bb_amount": 10000000, "bb_province": "หนองคาย"}, {"gf_amount": 10000000, "gf_province": "ส่วนกลาง", "bb_amount": null, "bb_province": "กรุงเทพมหานคร"}], "gf_amount_sum": 10000000}
{"bb_code": "1500520018120007", "bb_year": "2559", "amount": 10000000, "min_code": "15000", "agc_code": "15005", "name": "สถานีรับสัญญาณดาวเทียมถาวร ตำบลช้างเผือก อำเภอเมือง จังหวัดเชียงใหม่", "min": "กระทรวงมหาดไทย", "agc": "กรมที่ดิน", "plan_name": "รักษาความมั่นคงของฐานทรัพยากรธรรมชาติและแก้ปัญหาที่ดินทำกิน", "stg_name": "ยุทธศาสตร์การจัดการทรัพยากรธรรมชาติและสิ่งแวดล้อม", "objc_level1_name": "งบลงทุน", "compare": [{"bb_amount": 10000000, "bb_province": "เชียงใหม่"}], "gf_amount_sum": 0}
{"bb_code": "1500786006420009", "bb_year": "2559", "amount": 10000000, "min_code": "15000", "agc_code": "15007", "name": "ก่อสร้างระบบป้องกันน้ำท่วมพื้นที่ชุมชนท่าแพ  อ.เมือง  จ.นครศรีธรรมราช", "min": "กระทรวงมหาดไทย", "agc": "กรมโยธาธิการและผังเมือง", "plan_name": "ฟื้นฟู ป้องกัน และจัดการภัยพิบัติ ", "stg_name": "ยุทธศาสตร์การจัดการทรัพยากรธรรมชาติและสิ่งแวดล้อม", "objc_level1_name": "งบลงทุน", "compare": [{"bb_amount": 10000000, "bb_province": "นครศรีธรรมราช"}, {"gf_amount": 53307000, "gf_province": "ส่วนกลาง", "bb_amount": null, "bb_province": "กรุงเทพมหานคร"}], "gf_amount_sum": 53307000}
{"bb_code": "1500786007420016", "bb_year": "2559", "amount": 10000000, "min_code": "15000", "agc_code": "15007", "name": "เขื่อนป้องกันตลิ่งริมแม่น้ำเลย ในเขตเทศบาลเมืองเลย บริเวณตลาดสดเมืองใหม่ ต.กุดป่อง อ.เมือง จ.เลย ความยาว 1,000 เมตร", "min": "กระทรวงมหาดไทย", "agc": "กรมโยธาธิการและผังเมือง", "plan_name": "ฟื้นฟู ป้องกัน และจัดการภัยพิบัติ ", "stg_name": "ยุทธศาสตร์การจัดการทรัพยากรธรรมชาติและสิ่งแวดล้อม", "objc_level1_name": "งบลงทุน", "compare": [{"bb_amount": 10000000, "bb_province": "เลย"}], "gf_amount_sum": 0}
{"bb_code": "1500786020420002", "bb_year": "2559", "amount": 10000000, "min_code": "15000", "agc_code": "15007", "name": "เขื่อนป้องกันตลิ่งริมแม่น้ำโขง บ้านคำผักแพรว หมู่ที่ 8 ต.น้ำก่ำ อ.ธาตุพนม จ.นครพนม ความยาว 990  เมตร", "min": "กระทรวงมหาดไทย", "agc": "กรมโยธาธิการและผังเมือง", "plan_name": "ฟื้นฟู ป้องกัน และจัดการภัยพิบัติ ", "stg_name": "ยุทธศาสตร์การจัดการทรัพยากรธรรมชาติและสิ่งแวดล้อม", "objc_level1_name": "งบลงทุน", "compare": [{"bb_amount": 10000000, "bb_province": "นครพนม"}], "gf_amount_sum": 0}
{"bb_code": "1500786007420205", "bb_year": "2559", "amount": 10000000, "min_code": "15000", "agc_code": "15007", "name": "เขื่อนป้องกันตลิ่งริมแม่น้ำยัง บริเวณหน้าวัดเลิงท่าสว่าง บ้านโพธิ์ตาก ต.นางาม อ.เสลภูมิ จ.ร้อยเอ็ด ความยาว 375 เมตร", "min": "กระทรวงมหาดไทย", "agc": "กรมโยธาธิการและผังเมือง", "plan_name": "ฟื้นฟู ป้องกัน และจัดการภัยพิบัติ ", "stg_name": "ยุทธศาสตร์การจัดการทรัพยากรธรรมชาติและสิ่งแวดล้อม", "objc_level1_name": "งบลงทุน", "compare": [{"bb_amount": 10000000, "bb_province": "ร้อยเอ็ด"}], "gf_amount_sum": 0}
{"bb_code": "1501183003600005", "bb_year": "2559", "amount": 10000000, "min_code": "15000", "agc_code": "15011", "name": "การจัดหาเครื่องมืออุปกรณ์ทางการแพทย์ศูนย์การแพทย์ชุมชนเกาะล้านเมืองพัทยา", "min": "กระทรวงมหาดไทย", "agc": "เมืองพัทยา", "plan_name": "ส่งเสริมการกระจายอำนาจให้แก่องค์กรปกครองส่วนท้องถิ่น", "stg_name": "ยุทธศาสตร์การบริหารกิจการบ้านเมืองที่ดี", "objc_level1_name": "งบลงทุน", "compare": [{"bb_amount": 10000000, "bb_province": "ชลบุรี"}], "gf_amount_sum": 0}
{"bb_code": "1501117008500001", "bb_year": "2559", "amount": 10000000, "min_code": "15000", "agc_code": "15011", "name": "โครงการปฏิบัติการพัทยาสีขาวเพื่อการจัดการปัญหายาเสพติดเมืองพัทยา", "min": "กระทรวงมหาดไทย", "agc": "เมืองพัทยา", "plan_name": "ป้องกัน ปราบปราม และบําบัดรักษาผู้ติดยาเสพติด ", "stg_name": "ยุทธศาสตร์การศึกษา สาธารณสุข คุณธรรม จริยธรรม และคุณภาพชีวิต", "objc_level1_name": "งบอุดหนุน", "compare": [{"bb_amount": 10000000, "bb_province": "ชลบุรี", "gf_amount": 9940000, "gf_province": "ชลบุรี"}], "gf_amount_sum": 9940000}
{"bb_code": "1500520018120025", "bb_year": "2559", "amount": 10000000, "min_code": "15000", "agc_code": "15005", "name": "สถานีรับสัญญาณดาวเทียมถาวร ตำบลกุดป่อง อำเภอเมือง จังหวัดเลย", "min": "กระทรวงมหาดไทย", "agc": "กรมที่ดิน", "plan_name": "รักษาความมั่นคงของฐานทรัพยากรธรรมชาติและแก้ปัญหาที่ดินทำกิน", "stg_name": "ยุทธศาสตร์การจัดการทรัพยากรธรรมชาติและสิ่งแวดล้อม", "objc_level1_name": "งบลงทุน", "compare": [{"bb_amount": 10000000, "bb_province": "เลย"}], "gf_amount_sum": 0}
