{"bb_code": "1500686002110001", "bb_year": "2559", "amount": 95569000, "min_code": "15000", "agc_code": "15006", "name": "ค่าซ่อมใหญ่เครื่องจักรกล แขวงวชิระ เขตดุสิต กรุงเทพมหานคร", "min": "กระทรวงมหาดไทย", "agc": "กรมป้องกันและบรรเทาสาธารณภัย", "plan_name": "ฟื้นฟู ป้องกัน และจัดการภัยพิบัติ ", "stg_name": "ยุทธศาสตร์การจัดการทรัพยากรธรรมชาติและสิ่งแวดล้อม", "objc_level1_name": "งบลงทุน", "compare": [{"bb_amount": 95569000, "bb_province": "กรุงเทพมหานคร", "gf_amount": 0, "gf_province": "ส่วนกลาง"}, {"gf_amount": 9854990, "gf_province": "นครราชสีมา", "bb_amount": null, "bb_province": "นครราชสีมา"}, {"gf_amount": 5242200, "gf_province": "ขอนแก่น", "bb_amount": null, "bb_province": "ขอนแก่น"}, {"gf_amount": 5241999.5, "gf_province": "กำแพงเพชร", "bb_amount": null, "bb_province": "กำแพงเพชร"}, {"gf_amount": 5200098.79, "gf_province": "สงขลา", "bb_amount": null, "bb_province": "สงขลา"}, {"gf_amount": 5198470.66, "gf_province": "พิษณุโลก", "bb_amount": null, "bb_province": "พิษณุโลก"}, {"gf_amount": 5074298.15, "gf_province": "สุพรรณบุรี", "bb_amount": null, "bb_province": "สุพรรณบุรี"}, {"gf_amount": 5074268, "gf_province": "สุราษฎร์ธานี", "bb_amount": null, "bb_province": "สุราษฎร์ธานี"}, {"gf_amount": 4864600, "gf_province": "ประจวบคีรีขันธ์", "bb_amount": null, "bb_province": "ประจวบคีรีขันธ์"}, {"gf_amount": 4780631, "gf_province": "ลำปาง", "bb_amount": null, "bb_province": "ลำปาง"}, {"gf_amount": 4571200, "gf_province": "ปราจีนบุรี", "bb_amount": null, "bb_province": "ปราจีนบุรี"}, {"gf_amount": 4529100, "gf_province": "สกลนคร", "bb_amount": null, "bb_province": "สกลนคร"}, {"gf_amount": 4445391, "gf_province": "ปทุมธานี", "bb_amount": null, "bb_province": "ปทุมธานี"}, {"gf_amount": 3564600, "gf_province": "ชัยนาท", "bb_amount": null, "bb_province": "ชัยนาท"}, {"gf_amount": 3522600, "gf_province": "จันทบุรี", "bb_amount": null, "bb_province": "จันทบุรี"}, {"gf_amount": 3187123.5, "gf_province": "ภูเก็ต", "bb_amount": null, "bb_province": "ภูเก็ต"}, {"gf_amount": 2448400, "gf_province": "อุบลราชธานี", "bb_amount": null, "bb_province": "อุบลราชธานี"}, {"gf_amount": 2391090, "gf_province": "อุดรธานี", "bb_amount": null, "bb_province": "อุดรธานี"}, {"gf_amount": 975200, "gf_province": "เชียงราย", "bb_amount": null, "bb_province": "เชียงราย"}], "gf_amount_sum": 80166260.6}
{"bb_code": "1500983035500002", "bb_year": "2559", "amount": 92424000, "min_code": "15000", "agc_code": "15009", "name": "เงินอุดหนุนเป็นเงินเพิ่มพิเศษรายเดือนสำหรับผู้ปฏิบัติงานกู้ภัย", "min": "กระทรวงมหาดไทย", "agc": "กรุงเทพมหานคร", "plan_name": "ส่งเสริมการกระจายอำนาจให้แก่องค์กรปกครองส่วนท้องถิ่น", "stg_name": "ยุทธศาสตร์การบริหารกิจการบ้านเมืองที่ดี", "objc_level1_name": "งบอุดหนุน", "compare": [{"bb_amount": 92424000, "bb_province": "กรุงเทพมหานคร", "gf_amount": 92424000, "gf_province": "ส่วนกลาง"}], "gf_amount_sum": 92424000}
{"bb_code": "1501183003600007", "bb_year": "2559", "amount": 90000000, "min_code": "15000", "agc_code": "15011", "name": "โครงการเพิ่มศักยภาพในการป้องกันและบรรเทาสาธารณภัยเมืองพัทยา", "min": "กระทรวงมหาดไทย", "agc": "เมืองพัทยา", "plan_name": "ส่งเสริมการกระจายอำนาจให้แก่องค์กรปกครองส่วนท้องถิ่น", "stg_name": "ยุทธศาสตร์การบริหารกิจการบ้านเมืองที่ดี", "objc_level1_name": "งบลงทุน", "compare": [{"bb_amount": 90000000, "bb_province": "ชลบุรี"}], "gf_amount_sum": 0}
{"bb_code": "1500720002420011", "bb_year": "2559", "amount": 89657800, "min_code": "15000", "agc_code": "15007", "name": "โครงการพัฒนาเมืองในพื้นที่ชุมชนสตึก จังหวัดบุรีรัมย์", "min": "กระทรวงมหาดไทย", "agc": "กรมโยธาธิการและผังเมือง", "plan_name": "รักษาความมั่นคงของฐานทรัพยากรธรรมชาติและแก้ปัญหาที่ดินทำกิน", "stg_name": "ยุทธศาสตร์การจัดการทรัพยากรธรรมชาติและสิ่งแวดล้อม", "objc_level1_name": "งบลงทุน", "compare": [{"bb_amount": 89657800, "bb_province": "บุรีรัมย์"}, {"gf_amount": 40425600, "gf_province": "ส่วนกลาง", "bb_amount": null, "bb_province": "กรุงเทพมหานคร"}], "gf_amount_sum": 40425600}
{"bb_code": "1500983002500004", "bb_year": "2559", "amount": 87740500, "min_code": "15000", "agc_code": "15009", "name": "การบริการป้องกัน ควบคุม และแก้ไขปัญหาเอดส์", "min": "กระทรวงมหาดไทย", "agc": "กรุงเทพมหานคร", "plan_name": "ส่งเสริมการกระจายอำนาจให้แก่องค์กรปกครองส่วนท้องถิ่น", "stg_name": "ยุทธศาสตร์การบริหารกิจการบ้านเมืองที่ดี", "objc_level1_name": "งบอุดหนุน", "compare": [{"bb_amount": 87740500, "bb_province": "กรุงเทพมหานคร", "gf_amount": 87740500, "gf_province": "ส่วนกลาง"}], "gf_amount_sum": 87740500}
{"bb_code": "1500720002420010", "bb_year": "2559", "amount": 87502600, "min_code": "15000", "agc_code": "15007", "name": "โครงการพัฒนาเมืองในพื้นที่ชุมชนศรีสงคราม จังหวัดนครพนม", "min": "กระทรวงมหาดไทย", "agc": "กรมโยธาธิการและผังเมือง", "plan_name": "รักษาความมั่นคงของฐานทรัพยากรธรรมชาติและแก้ปัญหาที่ดินทำกิน", "stg_name": "ยุทธศาสตร์การจัดการทรัพยากรธรรมชาติและสิ่งแวดล้อม", "objc_level1_name": "งบลงทุน", "compare": [{"bb_amount": 87502600, "bb_province": "นครพนม"}, {"gf_amount": 60054000, "gf_province": "ส่วนกลาง", "bb_amount": null, "bb_province": "กรุงเทพมหานคร"}], "gf_amount_sum": 60054000}
{"bb_code": "1500983001600002", "bb_year": "2559", "amount": 85280000, "min_code": "15000", "agc_code": "15009", "name": "ก่อสร้างขยายผิวจราจรของถนนสุทธาวาสและสะพานข้ามถนนจรัญสนิทวงศ์", "min": "กระทรวงมหาดไทย", "agc": "กรุงเทพมหานคร", "plan_name": "ส่งเสริมการกระจายอำนาจให้แก่องค์กรปกครองส่วนท้องถิ่น", "stg_name": "ยุทธศาสตร์การบริหารกิจการบ้านเมืองที่ดี", "objc_level1_name": "งบลงทุน", "compare": [{"bb_amount": 85280000, "bb_province": "กรุงเทพมหานคร"}], "gf_amount_sum": 0}
{"bb_code": "1500712039420002", "bb_year": "2559", "amount": 84941300, "min_code": "15000", "agc_code": "15007", "name": "โครงการพัฒนาพื้นที่เฉพาะเกาะเต่า ระยะที่ 1 จ.สุราษฎร์ธานี", "min": "กระทรวงมหาดไทย", "agc": "กรมโยธาธิการและผังเมือง", "plan_name": "พัฒนาและเพิ่มรายได้จากการท่องเที่ยวและบริการ", "stg_name": "ยุทธศาสตร์เร่งรัดวางรากฐานการพัฒนาที่ยั่งยืนของประเทศ", "objc_level1_name": "งบลงทุน", "compare": [{"bb_amount": 84941300, "bb_province": "สุราษฎร์ธานี"}], "gf_amount_sum": 0}
{"bb_code": "1500720002420016", "bb_year": "2559", "amount": 83504700, "min_code": "15000", "agc_code": "15007", "name": "โครงการพัฒนาเมืองในพื้นที่ชุมชนย่านตาขาว จังหวัดตรัง", "min": "กระทรวงมหาดไทย", "agc": "กรมโยธาธิการและผังเมือง", "plan_name": "รักษาความมั่นคงของฐานทรัพยากรธรรมชาติและแก้ปัญหาที่ดินทำกิน", "stg_name": "ยุทธศาสตร์การจัดการทรัพยากรธรรมชาติและสิ่งแวดล้อม", "objc_level1_name": "งบลงทุน", "compare": [{"bb_amount": 83504700, "bb_province": "ตรัง"}, {"gf_amount": 49905000, "gf_province": "ส่วนกลาง", "bb_amount": null, "bb_province": "กรุงเทพมหานคร"}], "gf_amount_sum": 49905000}
{"bb_code": "1500720002420047", "bb_year": "2559", "amount": 82500000, "min_code": "15000", "agc_code": "15007", "name": "โครงการพัฒนาพื้นที่เฉพาะชุมชนหัวว่าว อ.เมือง จ. สิงห์บุรี", "min": "กระทรวงมหาดไทย", "agc": "กรมโยธาธิการและผังเมือง", "plan_name": "รักษาความมั่นคงของฐานทรัพยากรธรรมชาติและแก้ปัญหาที่ดินทำกิน", "stg_name": "ยุทธศาสตร์การจัดการทรัพยากรธรรมชาติและสิ่งแวดล้อม", "objc_level1_name": "งบลงทุน", "compare": [{"bb_amount": 82500000, "bb_province": "สิงห์บุรี"}], "gf_amount_sum": 0}
{"bb_code": "1500786006420048", "bb_year": "2559", "amount": 81900000, "min_code": "15000", "agc_code": "15007", "name": "ก่อสร้างระบบป้องกันน้ำท่วมพื้นที่ชุมชนป่าตอง อำเภอกระทู้  จังหวัดภูเก็ต", "min": "กระทรวงมหาดไทย", "agc": "กรมโยธาธิการและผังเมือง", "plan_name": "ฟื้นฟู ป้องกัน และจัดการภัยพิบัติ ", "stg_name": "ยุทธศาสตร์การจัดการทรัพยากรธรรมชาติและสิ่งแวดล้อม", "objc_level1_name": "งบลงทุน", "compare": [{"bb_amount": 81900000, "bb_province": "ภูเก็ต"}], "gf_amount_sum": 0}
{"bb_code": "1500686002600002", "bb_year": "2559", "amount": 81000000, "min_code": "15000", "agc_code": "15006", "name": "เงินอุดหนุนสงเคราะห์ราษฎรประสบภัยธรรมชาติและสาธารณภัยอื่นๆ", "min": "กระทรวงมหาดไทย", "agc": "กรมป้องกันและบรรเทาสาธารณภัย", "plan_name": "ฟื้นฟู ป้องกัน และจัดการภัยพิบัติ ", "stg_name": "ยุทธศาสตร์การจัดการทรัพยากรธรรมชาติและสิ่งแวดล้อม", "objc_level1_name": "งบอุดหนุน", "compare": [{"bb_amount": 81000000, "bb_province": "กรุงเทพมหานคร", "gf_amount": 27041205.5, "gf_province": "ส่วนกลาง"}], "gf_amount_sum": 27041205.5}
{"bb_code": "1500786006420019", "bb_year": "2559", "amount": 80000000, "min_code": "15000", "agc_code": "15007", "name": "ก่อสร้างระบบป้องกันน้ำท่วมพื้นที่ชุมชนสรรพยา ระยะที่ 2 ตำบลสรรพยา อำเภอสรรพยา จังหวัดชัยนาท", "min": "กระทรวงมหาดไทย", "agc": "กรมโยธาธิการและผังเมือง", "plan_name": "ฟื้นฟู ป้องกัน และจัดการภัยพิบัติ ", "stg_name": "ยุทธศาสตร์การจัดการทรัพยากรธรรมชาติและสิ่งแวดล้อม", "objc_level1_name": "งบลงทุน", "compare": [{"bb_amount": 80000000, "bb_province": "ชัยนาท"}, {"gf_amount": 68639400, "gf_province": "ส่วนกลาง", "bb_amount": null, "bb_province": "กรุงเทพมหานคร"}], "gf_amount_sum": 68639400}
{"bb_code": "1500883002500019", "bb_year": "2559", "amount": 78332400, "min_code": "15000", "agc_code": "15008", "name": "เงินอุดหนุนสำหรับสนับสนุนสถานสงเคราะห์คนชรา", "min": "กระทรวงมหาดไทย", "agc": "กรมส่งเสริมการปกครองท้องถิ่น", "plan_name": "ส่งเสริมการกระจายอำนาจให้แก่องค์กรปกครองส่วนท้องถิ่น", "stg_name": "ยุทธศาสตร์การบริหารกิจการบ้านเมืองที่ดี", "objc_level1_name": "งบอุดหนุน", "compare": [{"bb_amount": 15486950, "bb_province": "นครราชสีมา"}, {"bb_amount": 9574400, "bb_province": "มหาสารคาม"}, {"bb_amount": 8083800, "bb_province": "นครปฐม"}, {"bb_amount": 8026600, "bb_province": "ตรัง"}, {"bb_amount": 7564900, "bb_province": "ชุมพร"}, {"bb_amount": 6824650, "bb_province": "นครสวรรค์"}, {"bb_amount": 6472000, "bb_province": "ลพบุรี"}, {"bb_amount": 6280500, "bb_province": "กาญจนบุรี"}, {"bb_amount": 5373100, "bb_province": "เชียงใหม่"}, {"bb_amount": 4645500, "bb_province": "จันทบุรี"}, {"gf_amount": 78332400, "gf_province": "ส่วนกลาง", "bb_amount": null, "bb_province": "กรุงเทพมหานคร"}], "gf_amount_sum": 78332400}
{"bb_code": "1500720002420007", "bb_year": "2559", "amount": 75643700, "min_code": "15000", "agc_code": "15007", "name": "โครงการพัฒนาเมืองในพื้นที่ชุมชนเมืองคง  จังหวัดศรีสะเกษ", "min": "กระทรวงมหาดไทย", "agc": "กรมโยธาธิการและผังเมือง", "plan_name": "รักษาความมั่นคงของฐานทรัพยากรธรรมชาติและแก้ปัญหาที่ดินทำกิน", "stg_name": "ยุทธศาสตร์การจัดการทรัพยากรธรรมชาติและสิ่งแวดล้อม", "objc_level1_name": "งบลงทุน", "compare": [{"bb_amount": 75643700, "bb_province": "ศรีสะเกษ"}], "gf_amount_sum": 0}
{"bb_code": "1500785013420013", "bb_year": "2559", "amount": 75479200, "min_code": "15000", "agc_code": "15007", "name": "โครงการพัฒนาพื้นที่ลานนันทนาการและกีฬา เทศบาลนครยะลา อ.เมือง จ.ยะลา", "min": "กระทรวงมหาดไทย", "agc": "กรมโยธาธิการและผังเมือง", "plan_name": "แก้ไขปัญหาและพัฒนาจังหวัดชายแดนภาคใต้", "stg_name": "ยุทธศาสตร์เร่งรัดวางรากฐานการพัฒนาที่ยั่งยืนของประเทศ", "objc_level1_name": "งบลงทุน", "compare": [{"bb_amount": 75479200, "bb_province": "ยะลา", "gf_amount": 50098009, "gf_province": "ยะลา"}], "gf_amount_sum": 50098009}
{"bb_code": "1500686001700001", "bb_year": "2559", "amount": 75452000, "min_code": "15000", "agc_code": "15006", "name": "ค่าใช้จ่ายตามมาตรการแก้ไขปัญหาอุบัติเหตุทางถนนช่วงเทศกาลและช่วงปกติ", "min": "กระทรวงมหาดไทย", "agc": "กรมป้องกันและบรรเทาสาธารณภัย", "plan_name": "ฟื้นฟู ป้องกัน และจัดการภัยพิบัติ ", "stg_name": "ยุทธศาสตร์การจัดการทรัพยากรธรรมชาติและสิ่งแวดล้อม", "objc_level1_name": "รายจ่ายอื่น", "compare": [{"bb_amount": 31740800, "bb_province": "กรุงเทพมหานคร", "gf_amount": 18107676.35, "gf_province": "ส่วนกลาง"}, {"bb_amount": 1559400, "bb_province": "นครราชสีมา", "gf_amount": 1587291, "gf_province": "นครราชสีมา"}, {"bb_amount": 1369000, "bb_province": "ขอนแก่น", "gf_amount": 1378008, "gf_province": "ขอนแก่น"}, {"bb_amount": 1323300, "bb_province": "อุบลราชธานี", "gf_amount": 1249720, "gf_province": "อุบลราชธานี"}, {"bb_amount": 1254800, "bb_province": "อุดรธานี", "gf_amount": 1191400, "gf_province": "อุดรธานี"}, {"bb_amount": 1196700, "bb_province": "สุราษฎร์ธานี", "gf_amount": 1206015, "gf_province": "สุราษฎร์ธานี"}, {"bb_amount": 1162900, "bb_province": "สงขลา", "gf_amount": 1165193.64, "gf_province": "สงขลา"}, {"bb_amount": 1092400, "bb_province": "เชียงราย", "gf_amount": 1135065, "gf_province": "เชียงราย"}, {"bb_amount": 1050800, "bb_province": "ลำปาง", "gf_amount": 1069099.75, "gf_province": "ลำปาง"}, {"bb_amount": 1001600, "bb_province": "สกลนคร", "gf_amount": 946185, "gf_province": "สกลนคร"}, {"bb_amount": 907600, "bb_province": "พิษณุโลก", "gf_amount": 927999, "gf_province": "พิษณุโลก"}, {"bb_amount": 891100, "bb_province": "ปราจีนบุรี", "gf_amount": 862200, "gf_province": "ปราจีนบุรี"}, {"bb_amount": 884400, "bb_province": "เชียงใหม่", "gf_amount": 913908, "gf_province": "เชียงใหม่"}, {"bb_amount": 842300, "bb_province": "กำแพงเพชร", "gf_amount": 809885, "gf_province": "กำแพงเพชร"}, {"bb_amount": 825400, "bb_province": "นครศรีธรรมราช", "gf_amount": 855760, "gf_province": "นครศรีธรรมราช"}, {"bb_amount": 805600, "bb_province": "บุรีรัมย์", "gf_amount": 729465, "gf_province": "บุรีรัมย์"}, {"bb_amount": 803600, "bb_province": "สุพรรณบุรี", "gf_amount": 790708.34, "gf_province": "สุพรรณบุรี"}, {"bb_amount": 798800, "bb_province": "จันทบุรี", "gf_amount": 777468, "gf_province": "จันทบุรี"}, {"bb_amount": 786000, "bb_province": "ศรีสะเกษ", "gf_amount": 777348, "gf_province": "ศรีสะเกษ"}, {"bb_amount": 745600, "bb_province": "ประจวบคีรีขันธ์", "gf_amount": 725780, "gf_province": "ประจวบคีรีขันธ์"}, {"bb_amount": 740800, "bb_province": "ชัยนาท", "gf_amount": 707334, "gf_province": "ชัยนาท"}, {"bb_amount": 731900, "bb_province": "ภูเก็ต", "gf_amount": 707602.95, "gf_province": "ภูเก็ต"}, {"bb_amount": 727000, "bb_province": "ร้อยเอ็ด", "gf_amount": 664992, "gf_province": "ร้อยเอ็ด"}, {"bb_amount": 719400, "bb_province": "ปทุมธานี", "gf_amount": 703085.16, "gf_province": "ปทุมธานี"}, {"bb_amount": 648400, "bb_province": "สุรินทร์", "gf_amount": 598999.73, "gf_province": "สุรินทร์"}, {"bb_amount": 637200, "bb_province": "กาฬสินธุ์", "gf_amount": 609239.74, "gf_province": "กาฬสินธุ์"}, {"bb_amount": 622200, "bb_province": "ชัยภูมิ", "gf_amount": 580000, "gf_province": "ชัยภูมิ"}, {"bb_amount": 609200, "bb_province": "นครสวรรค์", "gf_amount": 629600, "gf_province": "นครสวรรค์"}, {"bb_amount": 578200, "bb_province": "พระนครศรีอยุธยา", "gf_amount": 506455.7, "gf_province": "พระนครศรีอยุธยา"}, {"bb_amount": 565200, "bb_province": "น่าน", "gf_amount": 600599.4, "gf_province": "น่าน"}, {"bb_amount": 532400, "bb_province": "เลย", "gf_amount": 519140, "gf_province": "เลย"}, {"bb_amount": 506200, "bb_province": "กาญจนบุรี", "gf_amount": 503640, "gf_province": "กาญจนบุรี"}, {"bb_amount": 499600, "bb_province": "สระบุรี", "gf_amount": 473456, "gf_province": "สระบุรี"}, {"bb_amount": 499600, "bb_province": "นราธิวาส", "gf_amount": 469000, "gf_province": "นราธิวาส"}, {"bb_amount": 499600, "bb_province": "มหาสารคาม", "gf_amount": 469000, "gf_province": "มหาสารคาม"}, {"bb_amount": 491200, "bb_province": "ชลบุรี", "gf_amount": 467000, "gf_province": "ชลบุรี"}, {"bb_amount": 491200, "bb_province": "เพชรบูรณ์", "gf_amount": 466999.5, "gf_province": "เพชรบูรณ์"}, {"bb_amount": 473400, "bb_province": "พิจิตร", "gf_amount": 446935.05, "gf_province": "พิจิตร"}, {"bb_amount": 473400, "bb_province": "นครพนม", "gf_amount": 457556, "gf_province": "นครพนม"}, {"bb_amount": 473400, "bb_province": "ปัตตานี", "gf_amount": 446999, "gf_province": "ปัตตานี"}, {"bb_amount": 465000, "bb_province": "ตรัง", "gf_amount": 447999, "gf_province": "ตรัง"}, {"bb_amount": 447200, "bb_province": "ฉะเชิงเทรา", "gf_amount": 422000, "gf_province": "ฉะเชิงเทรา"}, {"bb_amount": 447200, "bb_province": "ลพบุรี", "gf_amount": 428300, "gf_province": "ลพบุรี"}, {"bb_amount": 447200, "bb_province": "พัทลุง", "gf_amount": 424992, "gf_province": "พัทลุง"}, {"bb_amount": 421000, "bb_province": "ราชบุรี", "gf_amount": 400000, "gf_province": "ราชบุรี"}, {"bb_amount": 401400, "bb_province": "ตาก", "gf_amount": 414687, "gf_province": "ตาก"}, {"bb_amount": 394800, "bb_province": "อุตรดิตถ์", "gf_amount": 388000, "gf_province": "อุตรดิตถ์"}, {"bb_amount": 394800, "bb_province": "ยโสธร", "gf_amount": 381000, "gf_province": "ยโสธร"}, {"bb_amount": 394800, "bb_province": "สระแก้ว", "gf_amount": 381000, "gf_province": "สระแก้ว"}, {"bb_amount": 394800, "bb_province": "พะเยา", "gf_amount": 380719, "gf_province": "พะเยา"}, {"bb_amount": 394800, "bb_province": "หนองคาย", "gf_amount": 377934, "gf_province": "หนองคาย"}, {"bb_amount": 394800, "bb_province": "สุโขทัย", "gf_amount": 381000, "gf_province": "สุโขทัย"}, {"bb_amount": 386400, "bb_province": "นครปฐม", "gf_amount": 379000, "gf_province": "นครปฐม"}, {"bb_amount": 368600, "bb_province": "ชุมพร", "gf_amount": 376440, "gf_province": "ชุมพร"}, {"bb_amount": 368600, "bb_province": "ลำพูน", "gf_amount": 369878.47, "gf_province": "ลำพูน"}, {"bb_amount": 368600, "bb_province": "ระยอง", "gf_amount": 359000, "gf_province": "ระยอง"}, {"bb_amount": 368600, "bb_province": "กระบี่", "gf_amount": 358999.26, "gf_province": "กระบี่"}, {"bb_amount": 368600, "bb_province": "อุทัยธานี", "gf_amount": 355599, "gf_province": "อุทัยธานี"}, {"bb_amount": 368600, "bb_province": "เพชรบุรี", "gf_amount": 376956, "gf_province": "เพชรบุรี"}, {"bb_amount": 368600, "bb_province": "แพร่", "gf_amount": 358980, "gf_province": "แพร่"}, {"bb_amount": 368600, "bb_province": "ยะลา", "gf_amount": 359000, "gf_province": "ยะลา"}, {"bb_amount": 342400, "bb_province": "อ่างทอง", "gf_amount": 313295, "gf_province": "อ่างทอง"}, {"bb_amount": 324600, "bb_province": "บึงกาฬ", "gf_amount": 316000, "gf_province": "บึงกาฬ"}, {"bb_amount": 324600, "bb_province": "พังงา", "gf_amount": 316000, "gf_province": "พังงา"}, {"bb_amount": 316200, "bb_province": "นนทบุรี", "gf_amount": 315000, "gf_province": "นนทบุรี"}, {"bb_amount": 316200, "bb_province": "สมุทรปราการ", "gf_amount": 316983.55, "gf_province": "สมุทรปราการ"}, {"bb_amount": 298400, "bb_province": "แม่ฮ่องสอน", "gf_amount": 294000, "gf_province": "แม่ฮ่องสอน"}, {"bb_amount": 298400, "bb_province": "อำนาจเจริญ", "gf_amount": 291000, "gf_province": "อำนาจเจริญ"}, {"bb_amount": 298400, "bb_province": "ตราด", "gf_amount": 298190, "gf_province": "ตราด"}, {"bb_amount": 298400, "bb_province": "มุกดาหาร", "gf_amount": 291000, "gf_province": "มุกดาหาร"}, {"bb_amount": 298400, "bb_province": "สตูล", "gf_amount": 293988.14, "gf_province": "สตูล"}, {"bb_amount": 272200, "bb_province": "สิงห์บุรี", "gf_amount": 271000, "gf_province": "สิงห์บุรี"}, {"bb_amount": 272200, "bb_province": "หนองบัวลำภู", "gf_amount": 269000, "gf_province": "หนองบัวลำภู"}, {"bb_amount": 246000, "bb_province": "ระนอง", "gf_amount": 250000, "gf_province": "ระนอง"}, {"bb_amount": 237600, "bb_province": "สมุทรสาคร", "gf_amount": 253592, "gf_province": "สมุทรสาคร"}, {"bb_amount": 219800, "bb_province": "นครนายก", "gf_amount": 228000, "gf_province": "นครนายก"}, {"bb_amount": 193600, "bb_province": "สมุทรสงคราม", "gf_amount": 180165, "gf_province": "สมุทรสงคราม"}], "gf_amount_sum": 60852506.73}
{"bb_code": "1500686002000000", "bb_year": "2559", "amount": 75092200, "min_code": "15000", "agc_code": "15006", "name": "วัสดุคอมพิวเตอร์", "min": "กระทรวงมหาดไทย", "agc": "กรมป้องกันและบรรเทาสาธารณภัย", "plan_name": "ฟื้นฟู ป้องกัน และจัดการภัยพิบัติ ", "stg_name": "ยุทธศาสตร์การจัดการทรัพยากรธรรมชาติและสิ่งแวดล้อม", "objc_level1_name": "งบดำเนินงาน", "compare": [{"bb_amount": 29836800, "bb_province": "กรุงเทพมหานคร", "gf_amount": 19530722.23, "gf_province": "ส่วนกลาง"}, {"bb_amount": 9616000, "bb_province": "ส่วนกลาง"}, {"bb_amount": 1315000, "bb_province": "ชัยนาท", "gf_amount": 2379999.04, "gf_province": "ชัยนาท"}, {"bb_amount": 1185800, "bb_province": "นครราชสีมา", "gf_amount": 2513773.47, "gf_province": "นครราชสีมา"}, {"bb_amount": 1185800, "bb_province": "ขอนแก่น", "gf_amount": 2084986.93, "gf_province": "ขอนแก่น"}, {"bb_amount": 1180500, "bb_province": "สุราษฎร์ธานี", "gf_amount": 2126995.68, "gf_province": "สุราษฎร์ธานี"}, {"bb_amount": 1150300, "bb_province": "ลำปาง", "gf_amount": 2050944.95, "gf_province": "ลำปาง"}, {"bb_amount": 1125300, "bb_province": "สงขลา", "gf_amount": 2072971.28, "gf_province": "สงขลา"}, {"bb_amount": 1085300, "bb_province": "พิษณุโลก", "gf_amount": 2153707.27, "gf_province": "พิษณุโลก"}, {"bb_amount": 1029900, "bb_province": "ประจวบคีรีขันธ์", "gf_amount": 1869705.47, "gf_province": "ประจวบคีรีขันธ์"}, {"bb_amount": 1011300, "bb_province": "สุพรรณบุรี", "gf_amount": 1989913.71, "gf_province": "สุพรรณบุรี"}, {"bb_amount": 1005800, "bb_province": "เชียงราย", "gf_amount": 2241528.49, "gf_province": "เชียงราย"}, {"bb_amount": 1000300, "bb_province": "สกลนคร", "gf_amount": 2023995.13, "gf_province": "สกลนคร"}, {"bb_amount": 988800, "bb_province": "ปราจีนบุรี", "gf_amount": 1869678.72, "gf_province": "ปราจีนบุรี"}, {"bb_amount": 988800, "bb_province": "ปทุมธานี", "gf_amount": 4923635.09, "gf_province": "ปทุมธานี"}, {"bb_amount": 988800, "bb_province": "กำแพงเพชร", "gf_amount": 1939216.73, "gf_province": "กำแพงเพชร"}, {"bb_amount": 960300, "bb_province": "อุบลราชธานี", "gf_amount": 1869909.38, "gf_province": "อุบลราชธานี"}, {"bb_amount": 922800, "bb_province": "อุดรธานี", "gf_amount": 1914901.6, "gf_province": "อุดรธานี"}, {"bb_amount": 891300, "bb_province": "จันทบุรี", "gf_amount": 1969995.83, "gf_province": "จันทบุรี"}, {"bb_amount": 872800, "bb_province": "ภูเก็ต", "gf_amount": 2249759.83, "gf_province": "ภูเก็ต"}, {"bb_amount": 599800, "bb_province": "เชียงใหม่", "gf_amount": 871023.48, "gf_province": "เชียงใหม่"}, {"bb_amount": 431300, "bb_province": "นครศรีธรรมราช", "gf_amount": 628945.93, "gf_province": "นครศรีธรรมราช"}, {"bb_amount": 403300, "bb_province": "นครสวรรค์", "gf_amount": 427978.97, "gf_province": "นครสวรรค์"}, {"bb_amount": 392300, "bb_province": "น่าน", "gf_amount": 376621.57, "gf_province": "น่าน"}, {"bb_amount": 368300, "bb_province": "เลย", "gf_amount": 313999.44, "gf_province": "เลย"}, {"bb_amount": 367300, "bb_province": "กาฬสินธุ์", "gf_amount": 289999.03, "gf_province": "กาฬสินธุ์"}, {"bb_amount": 366500, "bb_province": "กาญจนบุรี", "gf_amount": 345046.4, "gf_province": "กาญจนบุรี"}, {"bb_amount": 357300, "bb_province": "ศรีสะเกษ", "gf_amount": 289918.46, "gf_province": "ศรีสะเกษ"}, {"bb_amount": 347300, "bb_province": "ตาก", "gf_amount": 289960.87, "gf_province": "ตาก"}, {"bb_amount": 340800, "bb_province": "บุรีรัมย์", "gf_amount": 250000, "gf_province": "บุรีรัมย์"}, {"bb_amount": 303300, "bb_province": "ร้อยเอ็ด", "gf_amount": 199845.27, "gf_province": "ร้อยเอ็ด"}, {"bb_amount": 303300, "bb_province": "ชัยภูมิ", "gf_amount": 199963.8, "gf_province": "ชัยภูมิ"}, {"bb_amount": 303300, "bb_province": "สุรินทร์", "gf_amount": 299998.27, "gf_province": "สุรินทร์"}, {"bb_amount": 287700, "bb_province": "ชลบุรี", "gf_amount": 199985.91, "gf_province": "ชลบุรี"}, {"bb_amount": 273300, "bb_province": "เพชรบูรณ์", "gf_amount": 199999.06, "gf_province": "เพชรบูรณ์"}, {"bb_amount": 271800, "bb_province": "ชุมพร", "gf_amount": 199996.84, "gf_province": "ชุมพร"}, {"bb_amount": 271800, "bb_province": "นนทบุรี", "gf_amount": 269980.12, "gf_province": "นนทบุรี"}, {"bb_amount": 271800, "bb_province": "ตรัง", "gf_amount": 199998.28, "gf_province": "ตรัง"}, {"bb_amount": 271800, "bb_province": "สุโขทัย", "gf_amount": 229999.83, "gf_province": "สุโขทัย"}, {"bb_amount": 271800, "bb_province": "เพชรบุรี", "gf_amount": 200000, "gf_province": "เพชรบุรี"}, {"bb_amount": 271800, "bb_province": "พังงา", "gf_amount": 256499.95, "gf_province": "พังงา"}, {"bb_amount": 271800, "bb_province": "อุตรดิตถ์", "gf_amount": 199920.8, "gf_province": "อุตรดิตถ์"}, {"bb_amount": 271800, "bb_province": "ตราด", "gf_amount": 199974.81, "gf_province": "ตราด"}, {"bb_amount": 271800, "bb_province": "สมุทรสาคร", "gf_amount": 199999.61, "gf_province": "สมุทรสาคร"}, {"bb_amount": 271800, "bb_province": "หนองคาย", "gf_amount": 199919.34, "gf_province": "หนองคาย"}, {"bb_amount": 271800, "bb_province": "นครปฐม", "gf_amount": 222000, "gf_province": "นครปฐม"}, {"bb_amount": 271800, "bb_province": "ราชบุรี", "gf_amount": 199999.53, "gf_province": "ราชบุรี"}, {"bb_amount": 271800, "bb_province": "มุกดาหาร", "gf_amount": 199999.58, "gf_province": "มุกดาหาร"}, {"bb_amount": 271800, "bb_province": "บึงกาฬ", "gf_amount": 260000, "gf_province": "บึงกาฬ"}, {"bb_amount": 271800, "bb_province": "ลำพูน", "gf_amount": 199999.8, "gf_province": "ลำพูน"}, {"bb_amount": 271800, "bb_province": "พะเยา", "gf_amount": 199998.93, "gf_province": "พะเยา"}, {"bb_amount": 271800, "bb_province": "ระยอง", "gf_amount": 260000, "gf_province": "ระยอง"}, {"bb_amount": 271800, "bb_province": "สระบุรี", "gf_amount": 200000, "gf_province": "สระบุรี"}, {"bb_amount": 271800, "bb_province": "สระแก้ว", "gf_amount": 177037.09, "gf_province": "สระแก้ว"}, {"bb_amount": 271800, "bb_province": "ยโสธร", "gf_amount": 200000, "gf_province": "ยโสธร"}, {"bb_amount": 271800, "bb_province": "สมุทรปราการ", "gf_amount": 243000, "gf_province": "สมุทรปราการ"}, {"bb_amount": 271800, "bb_province": "กระบี่", "gf_amount": 199971.35, "gf_province": "กระบี่"}, {"bb_amount": 271800, "bb_province": "ลพบุรี", "gf_amount": 279937.18, "gf_province": "ลพบุรี"}, {"bb_amount": 271800, "bb_province": "พัทลุง", "gf_amount": 269999.76, "gf_province": "พัทลุง"}, {"bb_amount": 271800, "bb_province": "พิจิตร", "gf_amount": 199990.49, "gf_province": "พิจิตร"}, {"bb_amount": 271800, "bb_province": "สตูล", "gf_amount": 199999.1, "gf_province": "สตูล"}, {"bb_amount": 271800, "bb_province": "นครพนม", "gf_amount": 199999.91, "gf_province": "นครพนม"}, {"bb_amount": 271800, "bb_province": "อ่างทอง", "gf_amount": 199986.29, "gf_province": "อ่างทอง"}, {"bb_amount": 271800, "bb_province": "แพร่", "gf_amount": 199999.47, "gf_province": "แพร่"}, {"bb_amount": 271800, "bb_province": "ฉะเชิงเทรา", "gf_amount": 219967.41, "gf_province": "ฉะเชิงเทรา"}, {"bb_amount": 271800, "bb_province": "มหาสารคาม", "gf_amount": 199994.56, "gf_province": "มหาสารคาม"}, {"bb_amount": 271800, "bb_province": "หนองบัวลำภู", "gf_amount": 200000, "gf_province": "หนองบัวลำภู"}, {"bb_amount": 271800, "bb_province": "พระนครศรีอยุธยา", "gf_amount": 199575.68, "gf_province": "พระนครศรีอยุธยา"}, {"bb_amount": 271800, "bb_province": "อำนาจเจริญ", "gf_amount": 279969.02, "gf_province": "อำนาจเจริญ"}, {"bb_amount": 266800, "bb_province": "อุทัยธานี", "gf_amount": 199998.65, "gf_province": "อุทัยธานี"}, {"bb_amount": 263800, "bb_province": "แม่ฮ่องสอน", "gf_amount": 199860.53, "gf_province": "แม่ฮ่องสอน"}, {"bb_amount": 228300, "bb_province": "ระนอง", "gf_amount": 200000, "gf_province": "ระนอง"}, {"bb_amount": 228300, "bb_province": "สมุทรสงคราม", "gf_amount": 199999.99, "gf_province": "สมุทรสงคราม"}, {"bb_amount": 228300, "bb_province": "สิงห์บุรี", "gf_amount": 325000, "gf_province": "สิงห์บุรี"}, {"bb_amount": 228300, "bb_province": "นครนายก", "gf_amount": 200000, "gf_province": "นครนายก"}, {"bb_amount": 206800, "bb_province": "ปัตตานี", "gf_amount": 199999.59, "gf_province": "ปัตตานี"}, {"bb_amount": 206800, "bb_province": "ยะลา", "gf_amount": 229999.15, "gf_province": "ยะลา"}, {"bb_amount": 206800, "bb_province": "นราธิวาส", "gf_amount": 199999.8, "gf_province": "นราธิวาส"}], "gf_amount_sum": 74282199.73}
{"bb_code": "1500786020420076", "bb_year": "2559", "amount": 74699500, "min_code": "15000", "agc_code": "15007", "name": "เขื่อนป้องกันตลิ่งริมแม่น้ำโขง พร้อมยกระดับถนนเทศบาลเมืองบึงกาฬ อ.เมืองบึงกาฬ จ.บึงกาฬ (สัญญา 1) ความยาว 700 เมตร", "min": "กระทรวงมหาดไทย", "agc": "กรมโยธาธิการและผังเมือง", "plan_name": "ฟื้นฟู ป้องกัน และจัดการภัยพิบัติ ", "stg_name": "ยุทธศาสตร์การจัดการทรัพยากรธรรมชาติและสิ่งแวดล้อม", "objc_level1_name": "งบลงทุน", "compare": [{"bb_amount": 74699500, "bb_province": "บึงกาฬ"}, {"gf_amount": 43000500, "gf_province": "ส่วนกลาง", "bb_amount": null, "bb_province": "กรุงเทพมหานคร"}], "gf_amount_sum": 43000500}
{"bb_code": "1500720002420002", "bb_year": "2559", "amount": 74500000, "min_code": "15000", "agc_code": "15007", "name": "โครงการพัฒนาพื้นที่เฉพาะบริเวณชายหาดปราณบุรี  อำเภอปราณบุรี  จังหวัดประจวบคีรีขันธ์", "min": "กระทรวงมหาดไทย", "agc": "กรมโยธาธิการและผังเมือง", "plan_name": "รักษาความมั่นคงของฐานทรัพยากรธรรมชาติและแก้ปัญหาที่ดินทำกิน", "stg_name": "ยุทธศาสตร์การจัดการทรัพยากรธรรมชาติและสิ่งแวดล้อม", "objc_level1_name": "งบลงทุน", "compare": [{"bb_amount": 74500000, "bb_province": "ประจวบคีรีขันธ์"}, {"gf_amount": 83814306, "gf_province": "ส่วนกลาง", "bb_amount": null, "bb_province": "กรุงเทพมหานคร"}], "gf_amount_sum": 83814306}
