{"bb_code": "1500883002600P37", "bb_year": "2559", "amount": 9563400, "min_code": "15000", "agc_code": "15008", "name": "ซ่อมสร้างถนนลาดยางแบบ Asphaltic Concrete สายบ้านสร้าง ตำบลบางกระเบา – สถานีรถไฟ โยธากา ตำบลบางเตย อำเภอบ้านสร้าง กม.ที่ ๐+๐๐๐ ถึง กม.ที่ ๒+๔๑๐ กว้าง ๖ เมตร ยาว ๒,๔๑๐ เมตร หนา ๐.๐๔ เมตร ไหล่ทาง Asphalt", "min": "กระทรวงมหาดไทย", "agc": "กรมส่งเสริมการปกครองท้องถิ่น", "plan_name": "ส่งเสริมการกระจายอำนาจให้แก่องค์กรปกครองส่วนท้องถิ่น", "stg_name": "ยุทธศาสตร์การบริหารกิจการบ้านเมืองที่ดี", "objc_level1_name": "งบลงทุน", "compare": [{"bb_amount": 9563400, "bb_province": "ปราจีนบุรี"}], "gf_amount_sum": 0}
{"bb_code": "1500883002600S79", "bb_year": "2559", "amount": 9563400, "min_code": "15000", "agc_code": "15008", "name": "ซ่อมสร้างถนนลาดยางแอสฟัลท์ติกคอนกรีต (โดยวิธี Pavement In-Place Recycling) แยกทางหลวง หมายเลข ๒๒๔ - บ้านสายตรี ๑๖ ตำบลหนองไม้งาม กว้าง ๖ เมตร ยาว ๒.๔๔๓ เมตร หนา ๐.๐๔ เมตร ไหล่ทางกว้างข้างละ ๑ เมตร ทต.", "min": "กระทรวงมหาดไทย", "agc": "กรมส่งเสริมการปกครองท้องถิ่น", "plan_name": "ส่งเสริมการกระจายอำนาจให้แก่องค์กรปกครองส่วนท้องถิ่น", "stg_name": "ยุทธศาสตร์การบริหารกิจการบ้านเมืองที่ดี", "objc_level1_name": "งบลงทุน", "compare": [{"bb_amount": 9563400, "bb_province": "บุรีรัมย์"}], "gf_amount_sum": 0}
{"bb_code": "1500883002600U81", "bb_year": "2559", "amount": 9563400, "min_code": "15000", "agc_code": "15008", "name": "ซ่อมสร้างถนนลาดยางผิวทางพาราแอสฟัลท์ติกคอนกรีต (โดยวิธี Pavement In - Place Recycling) สายแยกทางหลวง ๒๑๐๘ - บ้านห้วยผักกูด หมู่ที่ ๘ ตำบลเชียงกลม กว้าง  ๖ เมตร ยาว ๒,๑๕๐ เมตร พร้อมไหล่ทางข้างละ ๑ เมตร", "min": "กระทรวงมหาดไทย", "agc": "กรมส่งเสริมการปกครองท้องถิ่น", "plan_name": "ส่งเสริมการกระจายอำนาจให้แก่องค์กรปกครองส่วนท้องถิ่น", "stg_name": "ยุทธศาสตร์การบริหารกิจการบ้านเมืองที่ดี", "objc_level1_name": "งบลงทุน", "compare": [{"bb_amount": 9563400, "bb_province": "เลย"}], "gf_amount_sum": 0}
{"bb_code": "1500883002600AS3", "bb_year": "2559", "amount": 9563400, "min_code": "15000", "agc_code": "15008", "name": "ปรับปรุงซ่อมแซมถนนลาดยางผิวทางพาราแอสฟัลท์ติกคอนกรีต (โดยวิธี Pavement In-Place Recycling) สายทาง  มค.ถ.๑-๐๐๒๕ บ้านเขวาน้อย หมู่ที่ ๙ ตำบลหนองม่วง - บ้านเหล่าใหญ่   หมู่ที่ ๕  ตำบลโนนราษี  กว้าง   ๗", "min": "กระทรวงมหาดไทย", "agc": "กรมส่งเสริมการปกครองท้องถิ่น", "plan_name": "ส่งเสริมการกระจายอำนาจให้แก่องค์กรปกครองส่วนท้องถิ่น", "stg_name": "ยุทธศาสตร์การบริหารกิจการบ้านเมืองที่ดี", "objc_level1_name": "งบลงทุน", "compare": [{"bb_amount": 9563400, "bb_province": "มหาสารคาม"}], "gf_amount_sum": 0}
{"bb_code": "1500883002600L78", "bb_year": "2559", "amount": 9563400, "min_code": "15000", "agc_code": "15008", "name": "ซ่อมสร้างถนนลาดยางผิวจราจรแอสฟัลท์ติกคอนกรีต สายทาง นน.ถ. ๑-๐๐๓๔ บ้านเจดีย์ – บ้านสร้อยพร้าว ตำบลเชียงกลาง – ตำบลพระธาตุ กว้าง ๘ เมตร ยาว ๒,๔๕๐ เมตร หนา ๐.๐๔ เมตร อบจ.น่าน อ.เชียงกลาง จ.น่าน", "min": "กระทรวงมหาดไทย", "agc": "กรมส่งเสริมการปกครองท้องถิ่น", "plan_name": "ส่งเสริมการกระจายอำนาจให้แก่องค์กรปกครองส่วนท้องถิ่น", "stg_name": "ยุทธศาสตร์การบริหารกิจการบ้านเมืองที่ดี", "objc_level1_name": "งบลงทุน", "compare": [{"bb_amount": 9563400, "bb_province": "น่าน"}], "gf_amount_sum": 0}
{"bb_code": "1500883002600L79", "bb_year": "2559", "amount": 9563400, "min_code": "15000", "agc_code": "15008", "name": "ซ่อมสร้างถนนลาดยางผิวจราจรแอสฟัลท์ติกคอนกรีต สายทาง นน.ถ. ๑-๐๐๖๔ บ้านดอนสบเปือ – บ้านตึ๊ด ตำบลพระพุทธบาท -  ตำบลเปือ จำนวน 2 ช่วง รวมมีพื้นที่ไม่น้อยกว่า ๑๙,๔๑๐ ตารางเมตร อบจ.น่าน อ.เชียงกลาง จ.น่าน", "min": "กระทรวงมหาดไทย", "agc": "กรมส่งเสริมการปกครองท้องถิ่น", "plan_name": "ส่งเสริมการกระจายอำนาจให้แก่องค์กรปกครองส่วนท้องถิ่น", "stg_name": "ยุทธศาสตร์การบริหารกิจการบ้านเมืองที่ดี", "objc_level1_name": "งบลงทุน", "compare": [{"bb_amount": 9563400, "bb_province": "น่าน"}], "gf_amount_sum": 0}
{"bb_code": "1500883002600P35", "bb_year": "2559", "amount": 9563400, "min_code": "15000", "agc_code": "15008", "name": "ซ่อมสร้างถนนลาดยางแบบ Asphaltic Concrete สายถนนสุวรรณศร ตำบลนนทรี , ตำบลนาแขม อำเภอกบินทร์บุรี – บ้านโคกกระได ตำบลสะพานหิน อำเภอนาดี จำนวน ๒ ช่วง กว้าง ๖ เมตร ยาวรวม ๒,๓๑๕ เมตร หนา ๐.๐๔ เมตร ไหล่ทาง A", "min": "กระทรวงมหาดไทย", "agc": "กรมส่งเสริมการปกครองท้องถิ่น", "plan_name": "ส่งเสริมการกระจายอำนาจให้แก่องค์กรปกครองส่วนท้องถิ่น", "stg_name": "ยุทธศาสตร์การบริหารกิจการบ้านเมืองที่ดี", "objc_level1_name": "งบลงทุน", "compare": [{"bb_amount": 9563400, "bb_province": "ปราจีนบุรี"}], "gf_amount_sum": 0}
{"bb_code": "1500883002600P42", "bb_year": "2559", "amount": 9563400, "min_code": "15000", "agc_code": "15008", "name": "ซ่อมสร้างถนนลาดยางแบบ Asphaltic Concrete สาย ปจ ๒๐๔๘ หมู่ที่ ๓ – หมู่ที่ ๘ ตำบลหัวหว้า อำเภอศรีมหาโพธิ  กม.ที่ ๐+๐๐๐ ถึง กม.ที่ ๒+๓๕๐ กว้าง ๖ เมตร ยาว ๒,๓๕๐ เมตร หนา ๐.๐๔ เมตร ไหล่ทาง Asphaltic Concre", "min": "กระทรวงมหาดไทย", "agc": "กรมส่งเสริมการปกครองท้องถิ่น", "plan_name": "ส่งเสริมการกระจายอำนาจให้แก่องค์กรปกครองส่วนท้องถิ่น", "stg_name": "ยุทธศาสตร์การบริหารกิจการบ้านเมืองที่ดี", "objc_level1_name": "งบลงทุน", "compare": [{"bb_amount": 9563400, "bb_province": "ปราจีนบุรี"}], "gf_amount_sum": 0}
{"bb_code": "1500883002600S80", "bb_year": "2559", "amount": 9563400, "min_code": "15000", "agc_code": "15008", "name": "ซ่อมสร้างถนนลาดยางแอสฟัลท์ติกคอนกรีต (โดยวิธี Pavement In Place Recycling) แยก ทล ๒๒๔ - บ้านแท่นทัพไทย ตำบลหนองแวง กว้าง ๖ เมตร ยาว ๒,๓๐๐ เมตร หนา ๐.๐๔ เมตร พร้อมไหล่ทาง ทต.หนองแวง อ.ละหานทราย จ.บุรีร", "min": "กระทรวงมหาดไทย", "agc": "กรมส่งเสริมการปกครองท้องถิ่น", "plan_name": "ส่งเสริมการกระจายอำนาจให้แก่องค์กรปกครองส่วนท้องถิ่น", "stg_name": "ยุทธศาสตร์การบริหารกิจการบ้านเมืองที่ดี", "objc_level1_name": "งบลงทุน", "compare": [{"bb_amount": 9563400, "bb_province": "บุรีรัมย์"}], "gf_amount_sum": 0}
{"bb_code": "1500883002600U82", "bb_year": "2559", "amount": 9563400, "min_code": "15000", "agc_code": "15008", "name": "ปรับปรุงก่อสร้างถนนลาดยาง สายบ้านห้วยข้อง - บ้านเนิน หมู่ที่ ๒ - ๓ ตำบลห้วยข้อง กว้าง ๖ เมตร ยาว ๓,๓๐๐ เมตร หนา ๐.๐๔ เมตร อบจ.เพชรบุรี อ.บ้านลาด จ.เพชรบุรี", "min": "กระทรวงมหาดไทย", "agc": "กรมส่งเสริมการปกครองท้องถิ่น", "plan_name": "ส่งเสริมการกระจายอำนาจให้แก่องค์กรปกครองส่วนท้องถิ่น", "stg_name": "ยุทธศาสตร์การบริหารกิจการบ้านเมืองที่ดี", "objc_level1_name": "งบลงทุน", "compare": [{"bb_amount": 9563400, "bb_province": "เพชรบุรี"}], "gf_amount_sum": 0}
{"bb_code": "1500883002600P31", "bb_year": "2559", "amount": 9563400, "min_code": "15000", "agc_code": "15008", "name": "ซ่อมสร้างถนนลาดยางแบบ Asphaltic Concrete สายบ้านตรอกปลาไหล ตำบลย่านรี – บ้านเขากระแต ตำบลวังตะเคียน อำเภอกบินทร์บุรี จำนวน ๒ ช่วง กว้าง ๖ เมตร ยาวรวม ๒,๗๖๙ เมตร หนา ๐.๐๔ เมตร พื้นที่รวมไม่น้อยกว่า ๑๘,", "min": "กระทรวงมหาดไทย", "agc": "กรมส่งเสริมการปกครองท้องถิ่น", "plan_name": "ส่งเสริมการกระจายอำนาจให้แก่องค์กรปกครองส่วนท้องถิ่น", "stg_name": "ยุทธศาสตร์การบริหารกิจการบ้านเมืองที่ดี", "objc_level1_name": "งบลงทุน", "compare": [{"bb_amount": 9563400, "bb_province": "ปราจีนบุรี"}], "gf_amount_sum": 0}
{"bb_code": "1500883002600L90", "bb_year": "2559", "amount": 9563400, "min_code": "15000", "agc_code": "15008", "name": "ซ่อมสร้างถนนลาดยางผิวจราจรแอสฟัลท์ติกคอนกรีตสายทาง นน.ถ. ๑-๐๐๖๙ บ้านห้วยบง - บ้านห้วยกอม ตำบลน้ำปาย กว้าง ๘ เมตร ยาว ๒,๕๒๕ เมตร หนา ๐.๐๔ เมตร อบจ.น่าน อ.แม่จริม จ.น่าน", "min": "กระทรวงมหาดไทย", "agc": "กรมส่งเสริมการปกครองท้องถิ่น", "plan_name": "ส่งเสริมการกระจายอำนาจให้แก่องค์กรปกครองส่วนท้องถิ่น", "stg_name": "ยุทธศาสตร์การบริหารกิจการบ้านเมืองที่ดี", "objc_level1_name": "งบลงทุน", "compare": [{"bb_amount": 9563400, "bb_province": "น่าน"}], "gf_amount_sum": 0}
{"bb_code": "1500883002600P32", "bb_year": "2559", "amount": 9563400, "min_code": "15000", "agc_code": "15008", "name": "ซ่อมสร้างถนนลาดยางแบบ Asphaltic Concrete สายบ้านไผ่ ตำบลเมืองเก่า – บ้านบ่อทอง ตำบลบ่อทอง อำเภอกบินทร์บุรี จำนวน ๒ ช่วง กว้าง ๖ เมตร ยาวรวม ๒,๖๗๒ เมตร หนา ๐.๐๔ เมตร พื้นที่รวมไม่น้อยกว่า ๑๙,๙๒๒ ตารางเ", "min": "กระทรวงมหาดไทย", "agc": "กรมส่งเสริมการปกครองท้องถิ่น", "plan_name": "ส่งเสริมการกระจายอำนาจให้แก่องค์กรปกครองส่วนท้องถิ่น", "stg_name": "ยุทธศาสตร์การบริหารกิจการบ้านเมืองที่ดี", "objc_level1_name": "งบลงทุน", "compare": [{"bb_amount": 9563400, "bb_province": "ปราจีนบุรี"}], "gf_amount_sum": 0}
{"bb_code": "1500883002600EC8", "bb_year": "2559", "amount": 9563400, "min_code": "15000", "agc_code": "15008", "name": "ซ่อมสร้างผิวทางแอสฟัลท์ติกคอนกรีตถนนสายบ้านทุ่งนารี- บ้านโหล๊ะหาร ตำบลทุ่งนารี อำเภอป่าบอน กว้าง ๖ เมตร ยาว ๑,๙๐๐ เมตร หนา ๐.๐๕ เมตร ไหล่ทางข้างละ ๑ เมตร อบจ.พัทลุง อ.กงหรา จ.พัทลุง", "min": "กระทรวงมหาดไทย", "agc": "กรมส่งเสริมการปกครองท้องถิ่น", "plan_name": "ส่งเสริมการกระจายอำนาจให้แก่องค์กรปกครองส่วนท้องถิ่น", "stg_name": "ยุทธศาสตร์การบริหารกิจการบ้านเมืองที่ดี", "objc_level1_name": "งบลงทุน", "compare": [{"bb_amount": 9563400, "bb_province": "พัทลุง"}], "gf_amount_sum": 0}
{"bb_code": "1500883002600FH0", "bb_year": "2559", "amount": 9563400, "min_code": "15000", "agc_code": "15008", "name": "ปรับปรุงผิวจราจรถนนลาดยางแอสฟัลท์ติกคอนกรีต สายบ้านเขาน้อย - บ้านเขาทุเรียน ตำบลเขาพระ กว้าง ๖ เมตร  ยาว ๒,๙๔๐ เมตร อบจ.นครนายก อ.เมือง จ.นครนายก", "min": "กระทรวงมหาดไทย", "agc": "กรมส่งเสริมการปกครองท้องถิ่น", "plan_name": "ส่งเสริมการกระจายอำนาจให้แก่องค์กรปกครองส่วนท้องถิ่น", "stg_name": "ยุทธศาสตร์การบริหารกิจการบ้านเมืองที่ดี", "objc_level1_name": "งบลงทุน", "compare": [{"bb_amount": 9563400, "bb_province": "นครนายก"}], "gf_amount_sum": 0}
{"bb_code": "1500883002600T04", "bb_year": "2559", "amount": 9563400, "min_code": "15000", "agc_code": "15008", "name": "ซ่อมสร้างถนนลาดยางแอสฟัลท์ติกคอนกรีต (โดยวิธี Pavement In Place Recycling) แยก ทล ๒๑๒๐ - บ้านโคกไม้แดง ตำบลสำโรงใหม่ มีพื้นที่ไม่น้อยกว่า ๑๘,๔๐๐ ตารางเมตร พร้อมไหล่ทาง อบต.สำโรงใหม่ อ.ละหานทราย จ.บุรี", "min": "กระทรวงมหาดไทย", "agc": "กรมส่งเสริมการปกครองท้องถิ่น", "plan_name": "ส่งเสริมการกระจายอำนาจให้แก่องค์กรปกครองส่วนท้องถิ่น", "stg_name": "ยุทธศาสตร์การบริหารกิจการบ้านเมืองที่ดี", "objc_level1_name": "งบลงทุน", "compare": [{"bb_amount": 9563400, "bb_province": "บุรีรัมย์"}], "gf_amount_sum": 0}
{"bb_code": "1500883002600FG4", "bb_year": "2559", "amount": 9563400, "min_code": "15000", "agc_code": "15008", "name": "ปรับปรุงผิวจราจรถนนลาดยางแอสฟัลท์ติกคอนกรีตสายบ้านเกาะกา - บ้านหนองทองทราย ตำบลดงละคร กว้าง ๖ เมตร ยาว ๒,๖๕๒ เมตร ไหล่ทางกว้างข้างละ ๑ เมตร อบจ.นครนายก อ.เมือง จ.นครนายก", "min": "กระทรวงมหาดไทย", "agc": "กรมส่งเสริมการปกครองท้องถิ่น", "plan_name": "ส่งเสริมการกระจายอำนาจให้แก่องค์กรปกครองส่วนท้องถิ่น", "stg_name": "ยุทธศาสตร์การบริหารกิจการบ้านเมืองที่ดี", "objc_level1_name": "งบลงทุน", "compare": [{"bb_amount": 9563400, "bb_province": "นครนายก"}], "gf_amount_sum": 0}
{"bb_code": "1500883002600CV5", "bb_year": "2559", "amount": 9563400, "min_code": "15000", "agc_code": "15008", "name": "ซ่อมสร้างผิวทางแอสฟัลท์ติกคอนกรีต (โดยวิธี Pavement In - Place Recycling) แยกทางหลวงหมายเลข ๒๒๗๗ (กม.ที่ ๘+๘๐๐) - บ้านเมืองเก่า (ช่วงที่ ๒) อำเภอดอนตาล, อำเภอชานุมาน มีพื้นที่ไม่น้อยกว่า   ๑๔,๔๐๐  ตาร", "min": "กระทรวงมหาดไทย", "agc": "กรมส่งเสริมการปกครองท้องถิ่น", "plan_name": "ส่งเสริมการกระจายอำนาจให้แก่องค์กรปกครองส่วนท้องถิ่น", "stg_name": "ยุทธศาสตร์การบริหารกิจการบ้านเมืองที่ดี", "objc_level1_name": "งบลงทุน", "compare": [{"bb_amount": 9563400, "bb_province": "อำนาจเจริญ"}], "gf_amount_sum": 0}
{"bb_code": "1500883002600L84", "bb_year": "2559", "amount": 9563400, "min_code": "15000", "agc_code": "15008", "name": "ซ่อมสร้างถนนลาดยางผิวจราจรแอสฟัลท์ติกคอนกรีต  สายทาง นน.ถ. ๑-๐๐๔๗ บ้านใหม่จัดสรร – บ้านบ่อแก้ว ตำบลสถาน – ตำบลบ่อแก้ว จำนวน 2 ช่วง รวมมีพื้นที่ไม่น้อยกว่า 20,510 ตารางเมตร อบจ.น่าน อ.นาน้อย จ.น่าน", "min": "กระทรวงมหาดไทย", "agc": "กรมส่งเสริมการปกครองท้องถิ่น", "plan_name": "ส่งเสริมการกระจายอำนาจให้แก่องค์กรปกครองส่วนท้องถิ่น", "stg_name": "ยุทธศาสตร์การบริหารกิจการบ้านเมืองที่ดี", "objc_level1_name": "งบลงทุน", "compare": [{"bb_amount": 9563400, "bb_province": "น่าน"}], "gf_amount_sum": 0}
{"bb_code": "1500883002600W90", "bb_year": "2559", "amount": 9563400, "min_code": "15000", "agc_code": "15008", "name": "ซ่อมสร้างผิวทางแอสฟัลท์ติกคอนกรีต (โดยวิธี Pavement In - Place Recycling) สายบ้านบางลาย - บ้านหนองในดง - บ้านประดาทอง กว้าง ๖ เมตร ยาว ๒,๔๐๕ เมตร อบต.บางลาย อ.บึงนาราง จ.พิจิตร", "min": "กระทรวงมหาดไทย", "agc": "กรมส่งเสริมการปกครองท้องถิ่น", "plan_name": "ส่งเสริมการกระจายอำนาจให้แก่องค์กรปกครองส่วนท้องถิ่น", "stg_name": "ยุทธศาสตร์การบริหารกิจการบ้านเมืองที่ดี", "objc_level1_name": "งบลงทุน", "compare": [{"bb_amount": 9563400, "bb_province": "พิจิตร"}], "gf_amount_sum": 0}
