{"bb_code": "1500883002600R76", "bb_year": "2559", "amount": 9177000, "min_code": "15000", "agc_code": "15008", "name": "ปรับปรุงบำรุงรักษาทางเสริมผิวลาดยาง Asphaltic Concrete ถนนเทศบาล ๑๘ บ้านข่อยงาม - บ้านปลายน้ำ หมู่ที่ ๓ บ้านข่อยงาม ตำบลศาลาขาว ถึงบ้านปลายน้ำ หมู่ที่ ๔ ตำบลสระแก้ว กว้าง ๕.๕๐ เมตร ยาว ๔,๙๒๐ เมตร หนา", "min": "กระทรวงมหาดไทย", "agc": "กรมส่งเสริมการปกครองท้องถิ่น", "plan_name": "ส่งเสริมการกระจายอำนาจให้แก่องค์กรปกครองส่วนท้องถิ่น", "stg_name": "ยุทธศาสตร์การบริหารกิจการบ้านเมืองที่ดี", "objc_level1_name": "งบลงทุน", "compare": [{"bb_amount": 9177000, "bb_province": "สุพรรณบุรี"}], "gf_amount_sum": 0}
{"bb_code": "1500883002600M05", "bb_year": "2559", "amount": 9177000, "min_code": "15000", "agc_code": "15008", "name": "ซ่อมสร้างถนนลาดยางผิวจราจร Cape Seal หมายเลข นน ๓๐๗๒ สายบ้านไร่ไพรวัลย์ - สันติภาพ ตำบลบ่อ จำนวน ๒ ช่วง พิกัดเริ่มต้น N ๒๐๙๖๕๓๓ E ๖๘๒๔๙๐ พิกัดสิ้นสุด N ๒๐๙๗๕๘๒ E ๖๗๙๘๗๑  รวมพื้นที่ไม่น้อยกว่า ๓๐,๔๐๐ ต", "min": "กระทรวงมหาดไทย", "agc": "กรมส่งเสริมการปกครองท้องถิ่น", "plan_name": "ส่งเสริมการกระจายอำนาจให้แก่องค์กรปกครองส่วนท้องถิ่น", "stg_name": "ยุทธศาสตร์การบริหารกิจการบ้านเมืองที่ดี", "objc_level1_name": "งบลงทุน", "compare": [{"bb_amount": 9177000, "bb_province": "น่าน"}], "gf_amount_sum": 0}
{"bb_code": "1500720002420069", "bb_year": "2559", "amount": 9166700, "min_code": "15000", "agc_code": "15007", "name": "โครงการพัฒนาพื้นที่เฉพาะเมืองฟากท่า อำเภอฟากท่า จังหวัดอุตรดิตถ์ (หน้าวัดกกต้องสามัคคี)", "min": "กระทรวงมหาดไทย", "agc": "กรมโยธาธิการและผังเมือง", "plan_name": "รักษาความมั่นคงของฐานทรัพยากรธรรมชาติและแก้ปัญหาที่ดินทำกิน", "stg_name": "ยุทธศาสตร์การจัดการทรัพยากรธรรมชาติและสิ่งแวดล้อม", "objc_level1_name": "งบลงทุน", "compare": [{"bb_amount": 9166700, "bb_province": "อุตรดิตถ์"}, {"gf_amount": 1568580, "gf_province": "ส่วนกลาง", "bb_amount": null, "bb_province": "กรุงเทพมหานคร"}], "gf_amount_sum": 1568580}
{"bb_code": "1500786007420003", "bb_year": "2559", "amount": 9163300, "min_code": "15000", "agc_code": "15007", "name": "เขื่อนป้องกันตลิ่งริมแม่น้ำท่าจีน บริเวณหน้าศาลเจ้าพ่อหลักเมือง อ.เมือง จ.สมุทรสาคร ความยาว 220 เมตร", "min": "กระทรวงมหาดไทย", "agc": "กรมโยธาธิการและผังเมือง", "plan_name": "ฟื้นฟู ป้องกัน และจัดการภัยพิบัติ ", "stg_name": "ยุทธศาสตร์การจัดการทรัพยากรธรรมชาติและสิ่งแวดล้อม", "objc_level1_name": "งบลงทุน", "compare": [{"bb_amount": 9163300, "bb_province": "สมุทรสาคร"}, {"gf_amount": 21000000, "gf_province": "ส่วนกลาง", "bb_amount": null, "bb_province": "กรุงเทพมหานคร"}], "gf_amount_sum": 21000000}
{"bb_code": "1500785013410038", "bb_year": "2559", "amount": 9133100, "min_code": "15000", "agc_code": "15007", "name": "โครงการปรับปรุงถนนในชุมชน สายบ้านส้านแดงถึงแค้มป์ขี้พร้า หมู่ที่ 11 ตำบลควนกาหลง อำเภอควนกาหลง จังหวัดสตูล กว้าง 4 เมตร ระยะทาง 3.500 กิโลเมตร", "min": "กระทรวงมหาดไทย", "agc": "กรมโยธาธิการและผังเมือง", "plan_name": "แก้ไขปัญหาและพัฒนาจังหวัดชายแดนภาคใต้", "stg_name": "ยุทธศาสตร์เร่งรัดวางรากฐานการพัฒนาที่ยั่งยืนของประเทศ", "objc_level1_name": "งบลงทุน", "compare": [{"bb_amount": 9133100, "bb_province": "สตูล", "gf_amount": 9130300, "gf_province": "สตูล"}], "gf_amount_sum": 9130300}
{"bb_code": "1500883002600JL6", "bb_year": "2559", "amount": 9127000, "min_code": "15000", "agc_code": "15008", "name": "ปรับปรุงร้านค้าในที่สาธารณะบริเวณ หมู่ที่ 5 บ้านเขาเหล็ก เทศบาลตำบลเขาโจด อำเภอศรีสวัสดิ์ จังหวัดกาญจนบุรี", "min": "กระทรวงมหาดไทย", "agc": "กรมส่งเสริมการปกครองท้องถิ่น", "plan_name": "ส่งเสริมการกระจายอำนาจให้แก่องค์กรปกครองส่วนท้องถิ่น", "stg_name": "ยุทธศาสตร์การบริหารกิจการบ้านเมืองที่ดี", "objc_level1_name": "งบลงทุน", "compare": [{"bb_amount": 9127000, "bb_province": "กาญจนบุรี"}], "gf_amount_sum": 0}
{"bb_code": "1500883002600HQ4", "bb_year": "2559", "amount": 9124800, "min_code": "15000", "agc_code": "15008", "name": "ซ่อมสร้างและเสริมผิวจราจรถนนลาดยางแอสฟัลท์ติกคอนกรีต สายแยกทางหลวงหมายเลข ๒๒ บ้านโนนคำ - บ้านกุดสะกอย กว้าง ๖ เมตร ยาว ๓,๓๙๕ เมตร หนา ๐.๐๔ เมตร อบต.โพธิไพศาล อ.กุสุมาลย์ จ.สกลนคร", "min": "กระทรวงมหาดไทย", "agc": "กรมส่งเสริมการปกครองท้องถิ่น", "plan_name": "ส่งเสริมการกระจายอำนาจให้แก่องค์กรปกครองส่วนท้องถิ่น", "stg_name": "ยุทธศาสตร์การบริหารกิจการบ้านเมืองที่ดี", "objc_level1_name": "งบลงทุน", "compare": [{"bb_amount": 9124800, "bb_province": "สกลนคร"}], "gf_amount_sum": 0}
{"bb_code": "1500786020420011", "bb_year": "2559", "amount": 9107400, "min_code": "15000", "agc_code": "15007", "name": "เขื่อนป้องกันตลิ่งริมแม่น้ำโขง เขตเทศบาลตำบลเขมราฐ (ต่อเนื่องเขื่อนเดิมท้ายน้ำ) ต.เขมราฐ อ.เขมราฐ จ.อุบลราชธานี ความยาว 400 เมตร", "min": "กระทรวงมหาดไทย", "agc": "กรมโยธาธิการและผังเมือง", "plan_name": "ฟื้นฟู ป้องกัน และจัดการภัยพิบัติ ", "stg_name": "ยุทธศาสตร์การจัดการทรัพยากรธรรมชาติและสิ่งแวดล้อม", "objc_level1_name": "งบลงทุน", "compare": [{"bb_amount": 9107400, "bb_province": "อุบลราชธานี"}, {"gf_amount": 35000000, "gf_province": "ส่วนกลาง", "bb_amount": null, "bb_province": "กรุงเทพมหานคร"}], "gf_amount_sum": 35000000}
{"bb_code": "1500883002600FH7", "bb_year": "2559", "amount": 9099700, "min_code": "15000", "agc_code": "15008", "name": "ปรับปรุงผิวจราจรถนนลาดยางแอสฟัลท์ติกคอนกรีต   สายบ้านใหญ่ - บ้านมะคำทอง (ช่วงที่ ๒) ตำบลเขาพระ กว้าง ๖ เมตร ยาว ๒,๗๗๕ เมตร อบจ.นครนายก อ.เมือง จ.นครนายก", "min": "กระทรวงมหาดไทย", "agc": "กรมส่งเสริมการปกครองท้องถิ่น", "plan_name": "ส่งเสริมการกระจายอำนาจให้แก่องค์กรปกครองส่วนท้องถิ่น", "stg_name": "ยุทธศาสตร์การบริหารกิจการบ้านเมืองที่ดี", "objc_level1_name": "งบลงทุน", "compare": [{"bb_amount": 9099700, "bb_province": "นครนายก"}], "gf_amount_sum": 0}
{"bb_code": "1500883002600AX1", "bb_year": "2559", "amount": 9097800, "min_code": "15000", "agc_code": "15008", "name": "บำรุงรักษาซ่อมแซมถนน รบ ๒๐๐๖ สายบ้านแก้มอ้น - บ้านทุ่งเขาหลวง - ตำบลแก้มอ้น อำเภอจอมบึง วิธี (PAVEMENT IN PLACE RECYCLING) กว้าง ๖ เมตร ไหล่ทางแอสฟัลท์ติกคอนกรีตกว้างข้างละ ๑.๕๐ เมตร ยาว ๒,๑๒๐ เมตร  อ", "min": "กระทรวงมหาดไทย", "agc": "กรมส่งเสริมการปกครองท้องถิ่น", "plan_name": "ส่งเสริมการกระจายอำนาจให้แก่องค์กรปกครองส่วนท้องถิ่น", "stg_name": "ยุทธศาสตร์การบริหารกิจการบ้านเมืองที่ดี", "objc_level1_name": "งบลงทุน", "compare": [{"bb_amount": 9097800, "bb_province": "ราชบุรี"}], "gf_amount_sum": 0}
{"bb_code": "1500720002420030", "bb_year": "2559", "amount": 9090000, "min_code": "15000", "agc_code": "15007", "name": "โครงการพัฒนาพื้นที่เฉพาะเทศบาลตำบลเขื่องใน  อำเภอเขื่องใน จังหวัดอุบลราชธานี ระยะที่ 2", "min": "กระทรวงมหาดไทย", "agc": "กรมโยธาธิการและผังเมือง", "plan_name": "รักษาความมั่นคงของฐานทรัพยากรธรรมชาติและแก้ปัญหาที่ดินทำกิน", "stg_name": "ยุทธศาสตร์การจัดการทรัพยากรธรรมชาติและสิ่งแวดล้อม", "objc_level1_name": "งบลงทุน", "compare": [{"bb_amount": 9090000, "bb_province": "อุบลราชธานี"}], "gf_amount_sum": 0}
{"bb_code": "1500883002600L11", "bb_year": "2559", "amount": 9080400, "min_code": "15000", "agc_code": "15008", "name": "ซ่อมสร้างถนนลาดยางผิวปูแอสฟัลท์ติกคอนกรีต โดยวิธี RECYCLING สายทาง อบจ.๓๐๒๗ บ้านโคกสะอาด - บ้านโจด อำเภอภูเขียว กว้าง ๖ เมตร ยาว ๒,๐๗๐ เมตร หนา ๐.๐๔ เมตร ไหล่ทางกว้างข้างละ ๑ เมตร อบจ.ชัยภูมิ อ.ภูเขีย", "min": "กระทรวงมหาดไทย", "agc": "กรมส่งเสริมการปกครองท้องถิ่น", "plan_name": "ส่งเสริมการกระจายอำนาจให้แก่องค์กรปกครองส่วนท้องถิ่น", "stg_name": "ยุทธศาสตร์การบริหารกิจการบ้านเมืองที่ดี", "objc_level1_name": "งบลงทุน", "compare": [{"bb_amount": 9080400, "bb_province": "ชัยภูมิ"}], "gf_amount_sum": 0}
{"bb_code": "1500883002600L01", "bb_year": "2559", "amount": 9080400, "min_code": "15000", "agc_code": "15008", "name": "ซ่อมสร้างถนนลาดยางผิวปูแอสฟัลท์ติกคอนกรีต โดยวิธี RECYCLING สายทาง อบจ.๓๐๑๙ บ้านแก้งคร้อ - บ้านนาหนองทุ่ม อำเภอแก้งคร้อ กว้าง ๖ เมตร ยาว ๒,๐๕๐ เมตร หนา ๐.๐๔ เมตร ไหล่ทางกว้างข้างละ ๑ เมตร อบจ.ชัยภูมิ", "min": "กระทรวงมหาดไทย", "agc": "กรมส่งเสริมการปกครองท้องถิ่น", "plan_name": "ส่งเสริมการกระจายอำนาจให้แก่องค์กรปกครองส่วนท้องถิ่น", "stg_name": "ยุทธศาสตร์การบริหารกิจการบ้านเมืองที่ดี", "objc_level1_name": "งบลงทุน", "compare": [{"bb_amount": 9080400, "bb_province": "ชัยภูมิ"}], "gf_amount_sum": 0}
{"bb_code": "1500883002600AN9", "bb_year": "2559", "amount": 9051400, "min_code": "15000", "agc_code": "15008", "name": "ซ่อมสร้างผิวทางแอสฟัลท์ติกคอนกรีต (โดยวิธี Pavement-In Place Recycling ) สายแยกทางหลวง ๒๔ (บ้านถนน) ตำบลกระเทียม เชื่อมติดต่อบ้านคูตัน ตำบลคูตัน กว้าง ๖ เมตร ยาว ๒,๐๙๐ เมตร หนา ๐.๐๕ เมตร ไหล่ทางข้างละ", "min": "กระทรวงมหาดไทย", "agc": "กรมส่งเสริมการปกครองท้องถิ่น", "plan_name": "ส่งเสริมการกระจายอำนาจให้แก่องค์กรปกครองส่วนท้องถิ่น", "stg_name": "ยุทธศาสตร์การบริหารกิจการบ้านเมืองที่ดี", "objc_level1_name": "งบลงทุน", "compare": [{"bb_amount": 9051400, "bb_province": "สุรินทร์"}], "gf_amount_sum": 0}
{"bb_code": "1500883002600JN4", "bb_year": "2559", "amount": 9043000, "min_code": "15000", "agc_code": "15008", "name": "ค่าใช้จ่ายในการจัดระเบียบร้านค้าในที่สาธารณะ บ้านหนองนาแซง หมู่ที่ 8 องค์การบริหารส่วนตำบลหนองนาแซง อำเภอเมืองชัยภูมิ จังหวัดชัยภูมิ", "min": "กระทรวงมหาดไทย", "agc": "กรมส่งเสริมการปกครองท้องถิ่น", "plan_name": "ส่งเสริมการกระจายอำนาจให้แก่องค์กรปกครองส่วนท้องถิ่น", "stg_name": "ยุทธศาสตร์การบริหารกิจการบ้านเมืองที่ดี", "objc_level1_name": "งบลงทุน", "compare": [{"bb_amount": 9043000, "bb_province": "ชัยภูมิ"}], "gf_amount_sum": 0}
{"bb_code": "1500720001700038", "bb_year": "2559", "amount": 9040000, "min_code": "15000", "agc_code": "15007", "name": "โครงการวางและจัดทำผังเมืองรวมจังหวัดนครพนม", "min": "กระทรวงมหาดไทย", "agc": "กรมโยธาธิการและผังเมือง", "plan_name": "รักษาความมั่นคงของฐานทรัพยากรธรรมชาติและแก้ปัญหาที่ดินทำกิน", "stg_name": "ยุทธศาสตร์การจัดการทรัพยากรธรรมชาติและสิ่งแวดล้อม", "objc_level1_name": "งบลงทุน", "compare": [{"bb_amount": 9040000, "bb_province": "นครพนม"}], "gf_amount_sum": 0}
{"bb_code": "1500282003700010", "bb_year": "2559", "amount": 9028800, "min_code": "15000", "agc_code": "15002", "name": "ค่าใช้จ่ายดำเนินงานมหาดไทยสู่อาเซียน", "min": "กระทรวงมหาดไทย", "agc": "สนง.ปลัดกระทรวงมหาดไทย", "plan_name": "พัฒนาประสิทธิภาพการบริหารราชการแผ่นดิน", "stg_name": "ยุทธศาสตร์การบริหารกิจการบ้านเมืองที่ดี", "objc_level1_name": "รายจ่ายอื่น", "compare": [{"bb_amount": 9028800, "bb_province": "กรุงเทพมหานคร", "gf_amount": 1949057.16, "gf_province": "ส่วนกลาง"}, {"gf_amount": 90000, "gf_province": "บึงกาฬ", "bb_amount": null, "bb_province": "บึงกาฬ"}, {"gf_amount": 90000, "gf_province": "ระนอง", "bb_amount": null, "bb_province": "ระนอง"}, {"gf_amount": 90000, "gf_province": "เพชรบุรี", "bb_amount": null, "bb_province": "เพชรบุรี"}, {"gf_amount": 90000, "gf_province": "ประจวบคีรีขันธ์", "bb_amount": null, "bb_province": "ประจวบคีรีขันธ์"}, {"gf_amount": 90000, "gf_province": "เชียงใหม่", "bb_amount": null, "bb_province": "เชียงใหม่"}, {"gf_amount": 90000, "gf_province": "ศรีสะเกษ", "bb_amount": null, "bb_province": "ศรีสะเกษ"}, {"gf_amount": 90000, "gf_province": "พะเยา", "bb_amount": null, "bb_province": "พะเยา"}, {"gf_amount": 90000, "gf_province": "เชียงราย", "bb_amount": null, "bb_province": "เชียงราย"}, {"gf_amount": 90000, "gf_province": "แม่ฮ่องสอน", "bb_amount": null, "bb_province": "แม่ฮ่องสอน"}, {"gf_amount": 90000, "gf_province": "ยะลา", "bb_amount": null, "bb_province": "ยะลา"}, {"gf_amount": 90000, "gf_province": "ตาก", "bb_amount": null, "bb_province": "ตาก"}, {"gf_amount": 90000, "gf_province": "เลย", "bb_amount": null, "bb_province": "เลย"}, {"gf_amount": 90000, "gf_province": "อุบลราชธานี", "bb_amount": null, "bb_province": "อุบลราชธานี"}, {"gf_amount": 90000, "gf_province": "ปัตตานี", "bb_amount": null, "bb_province": "ปัตตานี"}, {"gf_amount": 90000, "gf_province": "ราชบุรี", "bb_amount": null, "bb_province": "ราชบุรี"}, {"gf_amount": 90000, "gf_province": "ชุมพร", "bb_amount": null, "bb_province": "ชุมพร"}, {"gf_amount": 90000, "gf_province": "นครพนม", "bb_amount": null, "bb_province": "นครพนม"}, {"gf_amount": 90000, "gf_province": "บุรีรัมย์", "bb_amount": null, "bb_province": "บุรีรัมย์"}, {"gf_amount": 90000, "gf_province": "สงขลา", "bb_amount": null, "bb_province": "สงขลา"}, {"gf_amount": 90000, "gf_province": "อำนาจเจริญ", "bb_amount": null, "bb_province": "อำนาจเจริญ"}, {"gf_amount": 90000, "gf_province": "มุกดาหาร", "bb_amount": null, "bb_province": "มุกดาหาร"}, {"gf_amount": 90000, "gf_province": "จันทบุรี", "bb_amount": null, "bb_province": "จันทบุรี"}, {"gf_amount": 90000, "gf_province": "สุรินทร์", "bb_amount": null, "bb_province": "สุรินทร์"}, {"gf_amount": 90000, "gf_province": "สตูล", "bb_amount": null, "bb_province": "สตูล"}, {"gf_amount": 90000, "gf_province": "ตราด", "bb_amount": null, "bb_province": "ตราด"}, {"gf_amount": 90000, "gf_province": "กาญจนบุรี", "bb_amount": null, "bb_province": "กาญจนบุรี"}, {"gf_amount": 85600, "gf_province": "อุตรดิตถ์", "bb_amount": null, "bb_province": "อุตรดิตถ์"}, {"gf_amount": 85400, "gf_province": "สระแก้ว", "bb_amount": null, "bb_province": "สระแก้ว"}, {"gf_amount": 82600, "gf_province": "น่าน", "bb_amount": null, "bb_province": "น่าน"}, {"gf_amount": 80000, "gf_province": "ปราจีนบุรี", "bb_amount": null, "bb_province": "ปราจีนบุรี"}, {"gf_amount": 80000, "gf_province": "กาฬสินธุ์", "bb_amount": null, "bb_province": "กาฬสินธุ์"}, {"gf_amount": 80000, "gf_province": "ขอนแก่น", "bb_amount": null, "bb_province": "ขอนแก่น"}, {"gf_amount": 80000, "gf_province": "สุราษฎร์ธานี", "bb_amount": null, "bb_province": "สุราษฎร์ธานี"}, {"gf_amount": 80000, "gf_province": "สมุทรปราการ", "bb_amount": null, "bb_province": "สมุทรปราการ"}, {"gf_amount": 80000, "gf_province": "ฉะเชิงเทรา", "bb_amount": null, "bb_province": "ฉะเชิงเทรา"}, {"gf_amount": 80000, "gf_province": "สุโขทัย", "bb_amount": null, "bb_province": "สุโขทัย"}, {"gf_amount": 80000, "gf_province": "นครราชสีมา", "bb_amount": null, "bb_province": "นครราชสีมา"}, {"gf_amount": 80000, "gf_province": "นครสวรรค์", "bb_amount": null, "bb_province": "นครสวรรค์"}, {"gf_amount": 80000, "gf_province": "ชลบุรี", "bb_amount": null, "bb_province": "ชลบุรี"}, {"gf_amount": 80000, "gf_province": "ระยอง", "bb_amount": null, "bb_province": "ระยอง"}, {"gf_amount": 79991, "gf_province": "อุดรธานี", "bb_amount": null, "bb_province": "อุดรธานี"}, {"gf_amount": 79763, "gf_province": "ภูเก็ต", "bb_amount": null, "bb_province": "ภูเก็ต"}, {"gf_amount": 76300, "gf_province": "หนองคาย", "bb_amount": null, "bb_province": "หนองคาย"}, {"gf_amount": 70000, "gf_province": "ยโสธร", "bb_amount": null, "bb_province": "ยโสธร"}, {"gf_amount": 70000, "gf_province": "สุพรรณบุรี", "bb_amount": null, "bb_province": "สุพรรณบุรี"}, {"gf_amount": 70000, "gf_province": "ร้อยเอ็ด", "bb_amount": null, "bb_province": "ร้อยเอ็ด"}, {"gf_amount": 70000, "gf_province": "พัทลุง", "bb_amount": null, "bb_province": "พัทลุง"}, {"gf_amount": 70000, "gf_province": "ปทุมธานี", "bb_amount": null, "bb_province": "ปทุมธานี"}, {"gf_amount": 70000, "gf_province": "กระบี่", "bb_amount": null, "bb_province": "กระบี่"}, {"gf_amount": 70000, "gf_province": "สมุทรสงคราม", "bb_amount": null, "bb_province": "สมุทรสงคราม"}, {"gf_amount": 70000, "gf_province": "เพชรบูรณ์", "bb_amount": null, "bb_province": "เพชรบูรณ์"}, {"gf_amount": 70000, "gf_province": "อ่างทอง", "bb_amount": null, "bb_province": "อ่างทอง"}, {"gf_amount": 70000, "gf_province": "สมุทรสาคร", "bb_amount": null, "bb_province": "สมุทรสาคร"}, {"gf_amount": 70000, "gf_province": "ชัยภูมิ", "bb_amount": null, "bb_province": "ชัยภูมิ"}, {"gf_amount": 70000, "gf_province": "นครปฐม", "bb_amount": null, "bb_province": "นครปฐม"}, {"gf_amount": 70000, "gf_province": "นครนายก", "bb_amount": null, "bb_province": "นครนายก"}, {"gf_amount": 70000, "gf_province": "ลำปาง", "bb_amount": null, "bb_province": "ลำปาง"}, {"gf_amount": 70000, "gf_province": "ลำพูน", "bb_amount": null, "bb_province": "ลำพูน"}, {"gf_amount": 70000, "gf_province": "กำแพงเพชร", "bb_amount": null, "bb_province": "กำแพงเพชร"}, {"gf_amount": 70000, "gf_province": "อุทัยธานี", "bb_amount": null, "bb_province": "อุทัยธานี"}, {"gf_amount": 70000, "gf_province": "สระบุรี", "bb_amount": null, "bb_province": "สระบุรี"}, {"gf_amount": 70000, "gf_province": "หนองบัวลำภู", "bb_amount": null, "bb_province": "หนองบัวลำภู"}, {"gf_amount": 70000, "gf_province": "พังงา", "bb_amount": null, "bb_province": "พังงา"}, {"gf_amount": 70000, "gf_province": "มหาสารคาม", "bb_amount": null, "bb_province": "มหาสารคาม"}, {"gf_amount": 70000, "gf_province": "พระนครศรีอยุธยา", "bb_amount": null, "bb_province": "พระนครศรีอยุธยา"}, {"gf_amount": 69992, "gf_province": "ลพบุรี", "bb_amount": null, "bb_province": "ลพบุรี"}, {"gf_amount": 69965, "gf_province": "ตรัง", "bb_amount": null, "bb_province": "ตรัง"}, {"gf_amount": 69935, "gf_province": "สิงห์บุรี", "bb_amount": null, "bb_province": "สิงห์บุรี"}, {"gf_amount": 69862, "gf_province": "แพร่", "bb_amount": null, "bb_province": "แพร่"}, {"gf_amount": 69780, "gf_province": "นครศรีธรรมราช", "bb_amount": null, "bb_province": "นครศรีธรรมราช"}, {"gf_amount": 68916, "gf_province": "นราธิวาส", "bb_amount": null, "bb_province": "นราธิวาส"}, {"gf_amount": 67863, "gf_province": "พิจิตร", "bb_amount": null, "bb_province": "พิจิตร"}, {"gf_amount": 65865, "gf_province": "นนทบุรี", "bb_amount": null, "bb_province": "นนทบุรี"}, {"gf_amount": 64400, "gf_province": "ชัยนาท", "bb_amount": null, "bb_province": "ชัยนาท"}, {"gf_amount": 64380, "gf_province": "พิษณุโลก", "bb_amount": null, "bb_province": "พิษณุโลก"}, {"gf_amount": 62400, "gf_province": "สกลนคร", "bb_amount": null, "bb_province": "สกลนคร"}], "gf_amount_sum": 7942069.16}
{"bb_code": "1500786007420502", "bb_year": "2559", "amount": 9000000, "min_code": "15000", "agc_code": "15007", "name": "ค่าจ้างที่ปรึกษาออกแบบเขื่อนริมแม่น้ำภายในประเทศ ระยะที่ 4 สัญญาที่ 3 ความยาวไม่น้อยกว่า 30,000 เมตร", "min": "กระทรวงมหาดไทย", "agc": "กรมโยธาธิการและผังเมือง", "plan_name": "ฟื้นฟู ป้องกัน และจัดการภัยพิบัติ ", "stg_name": "ยุทธศาสตร์การจัดการทรัพยากรธรรมชาติและสิ่งแวดล้อม", "objc_level1_name": "งบลงทุน", "compare": [{"bb_amount": 9000000, "bb_province": "กรุงเทพมหานคร", "gf_amount": 8986000, "gf_province": "ส่วนกลาง"}], "gf_amount_sum": 8986000}
{"bb_code": "1500795043700011", "bb_year": "2559", "amount": 9000000, "min_code": "15000", "agc_code": "15007", "name": "โครงการศึกษา ออกแบบวางผังพื้นที่เฉพาะชุมชนชายแดนบ้านม่วง จังหวัดหนองคาย", "min": "กระทรวงมหาดไทย", "agc": "กรมโยธาธิการและผังเมือง", "plan_name": "ส่งเสริมเขตพัฒนาเศรษฐกิจพิเศษ", "stg_name": "ยุทธศาสตร์เร่งรัดวางรากฐานการพัฒนาที่ยั่งยืนของประเทศ", "objc_level1_name": "งบลงทุน", "compare": [{"bb_amount": 9000000, "bb_province": "หนองคาย"}], "gf_amount_sum": 0}
{"bb_code": "1500795041700016", "bb_year": "2559", "amount": 9000000, "min_code": "15000", "agc_code": "15007", "name": "โครงการศึกษา ออกแบบวางผังพื้นที่เฉพาะชุมชนชายแดนบ้านฮวก จังหวัดพะเยา", "min": "กระทรวงมหาดไทย", "agc": "กรมโยธาธิการและผังเมือง", "plan_name": "ส่งเสริมเขตพัฒนาเศรษฐกิจพิเศษ", "stg_name": "ยุทธศาสตร์เร่งรัดวางรากฐานการพัฒนาที่ยั่งยืนของประเทศ", "objc_level1_name": "งบลงทุน", "compare": [{"bb_amount": 9000000, "bb_province": "พะเยา"}], "gf_amount_sum": 0}
