{"bb_code": "1500786007420137", "bb_year": "2559", "amount": 9000000, "min_code": "15000", "agc_code": "15007", "name": "เขื่อนป้องกันตลิ่งริมห้วยสุครีพ ต.บางพระ อ.ศรีราชา จ.ชลบุรี ความยาว 312 เมตร", "min": "กระทรวงมหาดไทย", "agc": "กรมโยธาธิการและผังเมือง", "plan_name": "ฟื้นฟู ป้องกัน และจัดการภัยพิบัติ ", "stg_name": "ยุทธศาสตร์การจัดการทรัพยากรธรรมชาติและสิ่งแวดล้อม", "objc_level1_name": "งบลงทุน", "compare": [{"bb_amount": 9000000, "bb_province": "ชลบุรี", "gf_amount": 9000000, "gf_province": "ชลบุรี"}], "gf_amount_sum": 9000000}
{"bb_code": "1500795041700021", "bb_year": "2559", "amount": 9000000, "min_code": "15000", "agc_code": "15007", "name": "โครงการศึกษา ออกแบบวางผังพื้นที่เฉพาะชุมชนชายแดนบริเวณช่องทางหลักแต่ง จังหวัดเชียงใหม่", "min": "กระทรวงมหาดไทย", "agc": "กรมโยธาธิการและผังเมือง", "plan_name": "ส่งเสริมเขตพัฒนาเศรษฐกิจพิเศษ", "stg_name": "ยุทธศาสตร์เร่งรัดวางรากฐานการพัฒนาที่ยั่งยืนของประเทศ", "objc_level1_name": "งบลงทุน", "compare": [{"bb_amount": 9000000, "bb_province": "เชียงใหม่"}], "gf_amount_sum": 0}
{"bb_code": "1500786007420156", "bb_year": "2559", "amount": 9000000, "min_code": "15000", "agc_code": "15007", "name": "เขื่อนป้องกันตลิ่งริมแม่น้ำเจ้าพระยา บริเวณวัดช่องลมและบริเวณใกล้เคียง ต.บ้านใหม่ อ.ปากเกร็ด จ.นนทบุรี ความยาว 61 เมตร", "min": "กระทรวงมหาดไทย", "agc": "กรมโยธาธิการและผังเมือง", "plan_name": "ฟื้นฟู ป้องกัน และจัดการภัยพิบัติ ", "stg_name": "ยุทธศาสตร์การจัดการทรัพยากรธรรมชาติและสิ่งแวดล้อม", "objc_level1_name": "งบลงทุน", "compare": [{"bb_amount": 9000000, "bb_province": "นนทบุรี", "gf_amount": 0, "gf_province": "นนทบุรี"}], "gf_amount_sum": 0}
{"bb_code": "1500883002600R40", "bb_year": "2559", "amount": 8991500, "min_code": "15000", "agc_code": "15008", "name": "ซ่อมสร้าง ช่วงที่ ๑ เสริมผิวแอสฟัลท์ติกคอนกรีต หมู่ที่ ๑๙ - ๖ กว้าง ๘ เมตร ยาว ๑,๕๓๐ เมตร ช่วงที่ ๒ ซ่อมผิว cape seal หมู่ที่ ๖  กว้าง ๘ เมตร ยาว ๕๖๐ เมตร ช่วงที่ ๓ ซ่อมผิวทางแอสฟัลท์ติกคอนกรีต (โดยวิ", "min": "กระทรวงมหาดไทย", "agc": "กรมส่งเสริมการปกครองท้องถิ่น", "plan_name": "ส่งเสริมการกระจายอำนาจให้แก่องค์กรปกครองส่วนท้องถิ่น", "stg_name": "ยุทธศาสตร์การบริหารกิจการบ้านเมืองที่ดี", "objc_level1_name": "งบลงทุน", "compare": [{"bb_amount": 8991500, "bb_province": "กำแพงเพชร"}], "gf_amount_sum": 0}
{"bb_code": "1500883002600AP4", "bb_year": "2559", "amount": 8987700, "min_code": "15000", "agc_code": "15008", "name": "ซ่อมสร้างผิวทางลาดยางแอสฟัลท์ติกคอนกรีต  (โดยวิธี Pavement-In Place Recycling ) สายบ้านตะเคียน - ฉางข้าว บ้านพลวง หมู่ที่ ๖ ตำบลคอโค กว้าง ๖ เมตร ยาว ๒,๒๐๐ เมตร หนา ๐.๐๕ เมตร และขยายซ่อมสร้างทางเชื่อม", "min": "กระทรวงมหาดไทย", "agc": "กรมส่งเสริมการปกครองท้องถิ่น", "plan_name": "ส่งเสริมการกระจายอำนาจให้แก่องค์กรปกครองส่วนท้องถิ่น", "stg_name": "ยุทธศาสตร์การบริหารกิจการบ้านเมืองที่ดี", "objc_level1_name": "งบลงทุน", "compare": [{"bb_amount": 8987700, "bb_province": "สุรินทร์"}], "gf_amount_sum": 0}
{"bb_code": "1500786020420217", "bb_year": "2559", "amount": 8970000, "min_code": "15000", "agc_code": "15007", "name": "เขื่อนป้องกันตลิ่งริมแม่น้ำโขง เทศบาลเมืองท่าบ่อ หมู่ที่ 9 ต.ท่าบ่อ อ.ท่าบ่อ จ.หนองคาย ความยาว 400 เมตร", "min": "กระทรวงมหาดไทย", "agc": "กรมโยธาธิการและผังเมือง", "plan_name": "ฟื้นฟู ป้องกัน และจัดการภัยพิบัติ ", "stg_name": "ยุทธศาสตร์การจัดการทรัพยากรธรรมชาติและสิ่งแวดล้อม", "objc_level1_name": "งบลงทุน", "compare": [{"bb_amount": 8970000, "bb_province": "หนองคาย"}, {"gf_amount": 6600225, "gf_province": "ส่วนกลาง", "bb_amount": null, "bb_province": "กรุงเทพมหานคร"}], "gf_amount_sum": 6600225}
{"bb_code": "1500786007420246", "bb_year": "2559", "amount": 8970000, "min_code": "15000", "agc_code": "15007", "name": "เขื่อนป้องกันตลิ่งริมแม่น้ำเจ้าพระยา บริเวณโค้งตาเขียว (ระยะที่ 2) ต.หาดท่าเสา อ.เมือง จ.ชัยนาท ความยาว 325 เมตร", "min": "กระทรวงมหาดไทย", "agc": "กรมโยธาธิการและผังเมือง", "plan_name": "ฟื้นฟู ป้องกัน และจัดการภัยพิบัติ ", "stg_name": "ยุทธศาสตร์การจัดการทรัพยากรธรรมชาติและสิ่งแวดล้อม", "objc_level1_name": "งบลงทุน", "compare": [{"bb_amount": 8970000, "bb_province": "สิงห์บุรี"}, {"gf_amount": 14008450, "gf_province": "ส่วนกลาง", "bb_amount": null, "bb_province": "กรุงเทพมหานคร"}], "gf_amount_sum": 14008450}
{"bb_code": "1500582001410040", "bb_year": "2559", "amount": 8961000, "min_code": "15000", "agc_code": "15005", "name": "ค่าก่อสร้างอาคารที่ทำการและสิ่งก่อสร้างประกอบ ตำบลคลองแห อำเภอหาดใหญ่ จังหวัดสงขลา", "min": "กระทรวงมหาดไทย", "agc": "กรมที่ดิน", "plan_name": "พัฒนาประสิทธิภาพการบริหารราชการแผ่นดิน", "stg_name": "ยุทธศาสตร์การบริหารกิจการบ้านเมืองที่ดี", "objc_level1_name": "งบลงทุน", "compare": [{"bb_amount": 8961000, "bb_province": "สงขลา"}], "gf_amount_sum": 0}
{"bb_code": "1500822040600436", "bb_year": "2559", "amount": 8947300, "min_code": "15000", "agc_code": "15008", "name": "ก่อสร้างประปาภูเขาภายในตำบลท่าผา หมู่ที่ ๑ - ๑๐ ตำบลท่าผา ตามแบบเทศบาลตำบลท่าผากำหนด ทต.ท่าผา อ.แม่แจ่ม จ.เชียงใหม่", "min": "กระทรวงมหาดไทย", "agc": "กรมส่งเสริมการปกครองท้องถิ่น", "plan_name": "บริหารจัดการทรัพยากรน้ำ", "stg_name": "ยุทธศาสตร์เร่งรัดวางรากฐานการพัฒนาที่ยั่งยืนของประเทศ", "objc_level1_name": "งบลงทุน", "compare": [{"bb_amount": 8947300, "bb_province": "เชียงใหม่"}], "gf_amount_sum": 0}
{"bb_code": "1500785013420038", "bb_year": "2559", "amount": 8945300, "min_code": "15000", "agc_code": "15007", "name": "โครงการก่อสร้างรางระบายน้ำ คสล. บริเวณคลองแบเมาะ ความยาว 280 เมตร บ้านตลาดเก่า ตำบลสะเตง อำเภอเมือง  จังหวัดยะลา", "min": "กระทรวงมหาดไทย", "agc": "กรมโยธาธิการและผังเมือง", "plan_name": "แก้ไขปัญหาและพัฒนาจังหวัดชายแดนภาคใต้", "stg_name": "ยุทธศาสตร์เร่งรัดวางรากฐานการพัฒนาที่ยั่งยืนของประเทศ", "objc_level1_name": "งบลงทุน", "compare": [{"bb_amount": 8945300, "bb_province": "ยะลา", "gf_amount": 7114716, "gf_province": "ยะลา"}], "gf_amount_sum": 7114716}
{"bb_code": "1500883002600FL2", "bb_year": "2559", "amount": 8945200, "min_code": "15000", "agc_code": "15008", "name": "ปรับปรุงผิวจราจรถนนลาดยางแอสฟัลท์ติกคอนกรีต สายวัดราษฎร์ประดิษฐ์ - บ้านปากคลอง ๒๒ ตำบลศรีษะกระบือ กว้าง ๖ เมตร ยาว ๒,๔๗๓ เมตร ไหล่ทางกว้างข้างละ ๑ เมตร อบจ.นครนายก อ.องครักษ์ จ.นครนายก", "min": "กระทรวงมหาดไทย", "agc": "กรมส่งเสริมการปกครองท้องถิ่น", "plan_name": "ส่งเสริมการกระจายอำนาจให้แก่องค์กรปกครองส่วนท้องถิ่น", "stg_name": "ยุทธศาสตร์การบริหารกิจการบ้านเมืองที่ดี", "objc_level1_name": "งบลงทุน", "compare": [{"bb_amount": 8945200, "bb_province": "นครนายก"}], "gf_amount_sum": 0}
{"bb_code": "1500883002600AF5", "bb_year": "2559", "amount": 8935500, "min_code": "15000", "agc_code": "15008", "name": "ปรับปรุงถนนลาดยางแอสฟัลท์ติกคอนกรีต สายบ้านรางหวาย - บ้านเขารักษ์ บ้านนาทราย หมู่ที่ ๑๘ ตำบลรางหวาย กว้าง ๖ เมตร ยาว ๒,๒๐๐ เมตร หนา ๐.๒๐ เมตร ทต.รางหวาย อ.พนมทวน จ.กาญจนบุรี", "min": "กระทรวงมหาดไทย", "agc": "กรมส่งเสริมการปกครองท้องถิ่น", "plan_name": "ส่งเสริมการกระจายอำนาจให้แก่องค์กรปกครองส่วนท้องถิ่น", "stg_name": "ยุทธศาสตร์การบริหารกิจการบ้านเมืองที่ดี", "objc_level1_name": "งบลงทุน", "compare": [{"bb_amount": 8935500, "bb_province": "กาญจนบุรี"}], "gf_amount_sum": 0}
{"bb_code": "1500883002600EA8", "bb_year": "2559", "amount": 8931100, "min_code": "15000", "agc_code": "15008", "name": "ปรับปรุงซ่อมแซมถนนลาดยางแอสฟัลท์ติกคอนกรีต สาย อต.ถ ๑ - ๐๐๖ (ช่วงที่ ๑) บ้านด่าน ตำบลบ้านด่าน - บ้านน้ำหมัน ตำบลน้ำหมัน จำนวน ๓ ช่วง รวมมีพื้นที่ไม่น้อย ๒๐,๔๓๖ ตารางเมตร  อบจ.อุตรดิตถ์ อ.เมืองอุตรดิตถ", "min": "กระทรวงมหาดไทย", "agc": "กรมส่งเสริมการปกครองท้องถิ่น", "plan_name": "ส่งเสริมการกระจายอำนาจให้แก่องค์กรปกครองส่วนท้องถิ่น", "stg_name": "ยุทธศาสตร์การบริหารกิจการบ้านเมืองที่ดี", "objc_level1_name": "งบลงทุน", "compare": [{"bb_amount": 8931100, "bb_province": "อุตรดิตถ์"}], "gf_amount_sum": 0}
{"bb_code": "1500883002600EI8", "bb_year": "2559", "amount": 8916200, "min_code": "15000", "agc_code": "15008", "name": "ซ่อมสร้างผิวทางแอสฟัลท์ติกคอนกรีต ถนนสายบ้านบ่อทราย-บ้านควนพลี ช่วงที่ ๒ ตำบลปันแต อำเภอควนขนุน กว้าง ๖ เมตร ยาว ๒,๐๒๐ เมตร หนา ๐.๐๕ เมตร ไหล่ทางข้างละ ๑ เมตร  อบจ.พัทลุง อ.ควนขนุน จ.พัทลุง", "min": "กระทรวงมหาดไทย", "agc": "กรมส่งเสริมการปกครองท้องถิ่น", "plan_name": "ส่งเสริมการกระจายอำนาจให้แก่องค์กรปกครองส่วนท้องถิ่น", "stg_name": "ยุทธศาสตร์การบริหารกิจการบ้านเมืองที่ดี", "objc_level1_name": "งบลงทุน", "compare": [{"bb_amount": 8916200, "bb_province": "พัทลุง"}], "gf_amount_sum": 0}
{"bb_code": "1500822040600P45", "bb_year": "2559", "amount": 8892200, "min_code": "15000", "agc_code": "15008", "name": "ก่อสร้างประปาหมู่บ้าน แบบผิวดินขนาดใหญ่ หมู่ที่ ๕ บ้านนางแก้ว ตำบลบ้านยาง ตามแบบมาตรฐานการประปานครหลวง อบต.บ้านยาง อ.คีรีรัฐนิคม จ.สุราษฎร์ธานี", "min": "กระทรวงมหาดไทย", "agc": "กรมส่งเสริมการปกครองท้องถิ่น", "plan_name": "บริหารจัดการทรัพยากรน้ำ", "stg_name": "ยุทธศาสตร์เร่งรัดวางรากฐานการพัฒนาที่ยั่งยืนของประเทศ", "objc_level1_name": "งบลงทุน", "compare": [{"bb_amount": 8892200, "bb_province": "สุราษฎร์ธานี"}], "gf_amount_sum": 0}
{"bb_code": "1500883002600L09", "bb_year": "2559", "amount": 8887200, "min_code": "15000", "agc_code": "15008", "name": "ซ่อมสร้างถนนลาดยางผิวปูแอสฟัลท์ติกคอนกรีต โดยวิธี RECYCLING สายทาง อบจ.๓๐๓๐ บ้านหนองสองห้อง - บ้านโนนข่า อำเภอภูเขียว กว้าง ๖ เมตร ยาว ๒,๕๕๐ เมตร หนา ๐.๐๔ เมตร อบจ.ชัยภูมิ อ.ภูเขียว จ.ชัยภูมิ", "min": "กระทรวงมหาดไทย", "agc": "กรมส่งเสริมการปกครองท้องถิ่น", "plan_name": "ส่งเสริมการกระจายอำนาจให้แก่องค์กรปกครองส่วนท้องถิ่น", "stg_name": "ยุทธศาสตร์การบริหารกิจการบ้านเมืองที่ดี", "objc_level1_name": "งบลงทุน", "compare": [{"bb_amount": 8887200, "bb_province": "ชัยภูมิ"}], "gf_amount_sum": 0}
{"bb_code": "1500883002600L40", "bb_year": "2559", "amount": 8887200, "min_code": "15000", "agc_code": "15008", "name": "ปรับปรุงซ่อมแซมเสริมผิวแอสฟัลท์ติกคอนกรีต สาย ชย.ถ.๙๙-๐๐๑ บ้านขวาน้อย - บ้านบุ่งคล้า กว้าง ๖ เมตร ยาว ๒,๗๐๖ เมตร หนา ๐.๐๔ เมตร ไหล่ทางกว้างข้างละ ๑ เมตร  อบต.บุ่งคล้า อ.เมืองชัยภูมิ จ.ชัยภูมิ", "min": "กระทรวงมหาดไทย", "agc": "กรมส่งเสริมการปกครองท้องถิ่น", "plan_name": "ส่งเสริมการกระจายอำนาจให้แก่องค์กรปกครองส่วนท้องถิ่น", "stg_name": "ยุทธศาสตร์การบริหารกิจการบ้านเมืองที่ดี", "objc_level1_name": "งบลงทุน", "compare": [{"bb_amount": 8887200, "bb_province": "ชัยภูมิ"}], "gf_amount_sum": 0}
{"bb_code": "1500883002600L04", "bb_year": "2559", "amount": 8887200, "min_code": "15000", "agc_code": "15008", "name": "ซ่อมสร้างถนนลาดยางผิวปูแอสฟัลท์ติกคอนกรีต โดยวิธี RECYCLING สายทาง อบจ.๒๐๓๓ บ้านหนองหล่ม - บ้านนาผักเสี้ยน อำเภอคอนสาร จำนวน ๒ ช่วง มีพื้นที่รวมไม่น้อยกว่า ๑๖,๕๖๐ ตารางเมตร อบจ.ชัยภูมิ อ.คอนสาร จ.ชัยภ", "min": "กระทรวงมหาดไทย", "agc": "กรมส่งเสริมการปกครองท้องถิ่น", "plan_name": "ส่งเสริมการกระจายอำนาจให้แก่องค์กรปกครองส่วนท้องถิ่น", "stg_name": "ยุทธศาสตร์การบริหารกิจการบ้านเมืองที่ดี", "objc_level1_name": "งบลงทุน", "compare": [{"bb_amount": 8887200, "bb_province": "ชัยภูมิ"}], "gf_amount_sum": 0}
{"bb_code": "1500883002600AH1", "bb_year": "2559", "amount": 8887200, "min_code": "15000", "agc_code": "15008", "name": "ปรับปรุงถนนลาดยางแอสฟัลท์ติกคอนกรีตสายบ้านน้ำพุ - บ้านควนศรี หมู่ที่ ๒,๓,๔ บ้านน้ำพุ  ตำบลน้ำพุ กว้าง ๖ เมตร ยาว ๓,๘๐๐ เมตร หนา ๐.๐๕ เมตร หรือมีพื้นที่ไม่น้อยกว่า ๒๒,๘๐๐ ตารางเมตร  อบต.น้ำพุ อ.บ้านนาส", "min": "กระทรวงมหาดไทย", "agc": "กรมส่งเสริมการปกครองท้องถิ่น", "plan_name": "ส่งเสริมการกระจายอำนาจให้แก่องค์กรปกครองส่วนท้องถิ่น", "stg_name": "ยุทธศาสตร์การบริหารกิจการบ้านเมืองที่ดี", "objc_level1_name": "งบลงทุน", "compare": [{"bb_amount": 8887200, "bb_province": "สุราษฎร์ธานี"}], "gf_amount_sum": 0}
{"bb_code": "1500883002600R69", "bb_year": "2559", "amount": 8887200, "min_code": "15000", "agc_code": "15008", "name": "ปรับปรุงถนน เสริมผิวลาดยางแอสฟัลท์ติกคอนกรีต สายบ้านสันติสุข - บ้านดาดทองเจริญ หมู่ที่ ๗ ตำบลอ่างทอง ขนาดผิวจราจรและไหล่ทางกว้าง ๘ เมตร หนา ๐.๐๔ เมตร ยาว ๓,๔๖๙ เมตร  อบต.อ่างทอง อ.เมืองกำแพงเพชร จ.กำแ", "min": "กระทรวงมหาดไทย", "agc": "กรมส่งเสริมการปกครองท้องถิ่น", "plan_name": "ส่งเสริมการกระจายอำนาจให้แก่องค์กรปกครองส่วนท้องถิ่น", "stg_name": "ยุทธศาสตร์การบริหารกิจการบ้านเมืองที่ดี", "objc_level1_name": "งบลงทุน", "compare": [{"bb_amount": 8887200, "bb_province": "กำแพงเพชร"}], "gf_amount_sum": 0}
