{"bb_code": "1500883002600Y17", "bb_year": "2559", "amount": 8520100, "min_code": "15000", "agc_code": "15008", "name": "ซ่อมสร้างถนนลาดยางแอสฟัลท์ติกคอนกรีต (โดยวิธี Tack Coat) บ้านนาแซง - บ้านหนองสิม (ช่วงบ้านนาแซง-บุ่งเบ้า-ห้วยเจริญ) ตำบลนาแซง กว้าง ๖ เมตร ยาว ๓,๑๐๕ เมตร หนา ๐.๐๔ เมตร  ทต.นาแซง อ.เสลภูมิ จ.ร้อยเอ็ด", "min": "กระทรวงมหาดไทย", "agc": "กรมส่งเสริมการปกครองท้องถิ่น", "plan_name": "ส่งเสริมการกระจายอำนาจให้แก่องค์กรปกครองส่วนท้องถิ่น", "stg_name": "ยุทธศาสตร์การบริหารกิจการบ้านเมืองที่ดี", "objc_level1_name": "งบลงทุน", "compare": [{"bb_amount": 8520100, "bb_province": "ร้อยเอ็ด"}], "gf_amount_sum": 0}
{"bb_code": "1500883002600Q04", "bb_year": "2559", "amount": 8500800, "min_code": "15000", "agc_code": "15008", "name": "ซ่อมสร้างผิวจราจรแอสฟัลท์ติกคอนกรีต แบบ Recycling สาย บก ๒๐๓๘ บ้านดงบังใต้ หมู่ที่ ๑ ตำบลหนองยอง - บ้านโป่งไฮ หมู่ที่ ๕ ตำบลสมสนุก อำเภอปากคาด กว้าง ๖ เมตร ยาว ๒,๑๔๒ เมตร ไหล่ทางกว้างข้างละ ๐.๕๐ เมตร", "min": "กระทรวงมหาดไทย", "agc": "กรมส่งเสริมการปกครองท้องถิ่น", "plan_name": "ส่งเสริมการกระจายอำนาจให้แก่องค์กรปกครองส่วนท้องถิ่น", "stg_name": "ยุทธศาสตร์การบริหารกิจการบ้านเมืองที่ดี", "objc_level1_name": "งบลงทุน", "compare": [{"bb_amount": 8500800, "bb_province": "บึงกาฬ"}], "gf_amount_sum": 0}
{"bb_code": "1500883002600L16", "bb_year": "2559", "amount": 8500800, "min_code": "15000", "agc_code": "15008", "name": "ซ่อมสร้างถนนลาดยางผิวปูแอสฟัลท์ติกคอนกรีต โดยวิธี RECYCLING สายทาง อบจ.๓๐๐๕ บ้านหนองนาแซง - บ้านโนนหว้านไพร อำเภอเมืองชัยภูมิ จำนวน ๒ ช่วง มีพื้นที่รวมไม่น้อยกว่า ๑๗,๙๖๐ ตารางเมตร อบจ.ชัยภูมิ อ.เมืองช", "min": "กระทรวงมหาดไทย", "agc": "กรมส่งเสริมการปกครองท้องถิ่น", "plan_name": "ส่งเสริมการกระจายอำนาจให้แก่องค์กรปกครองส่วนท้องถิ่น", "stg_name": "ยุทธศาสตร์การบริหารกิจการบ้านเมืองที่ดี", "objc_level1_name": "งบลงทุน", "compare": [{"bb_amount": 8500800, "bb_province": "ชัยภูมิ"}], "gf_amount_sum": 0}
{"bb_code": "1500883002600Q17", "bb_year": "2559", "amount": 8500800, "min_code": "15000", "agc_code": "15008", "name": "ปรับปรุงซ่อมแซมผิวจราจรถนนคอนกรีตเสริมเหล็ก ปูทับด้วยแอสฟัลท์ติกคอนกรีต สายทางบ้านเหล่าหลวง - บ้านท่าสีไค จำนวน ๓ ช่วง มีพื้นที่รวมไม่น้อยกว่า ๒๒,๒๒๗ ตารางเมตร อบต.ดงบัง อ.บึงโขงหลง จ.บึงกาฬ", "min": "กระทรวงมหาดไทย", "agc": "กรมส่งเสริมการปกครองท้องถิ่น", "plan_name": "ส่งเสริมการกระจายอำนาจให้แก่องค์กรปกครองส่วนท้องถิ่น", "stg_name": "ยุทธศาสตร์การบริหารกิจการบ้านเมืองที่ดี", "objc_level1_name": "งบลงทุน", "compare": [{"bb_amount": 8500800, "bb_province": "บึงกาฬ"}], "gf_amount_sum": 0}
{"bb_code": "1500883002600W47", "bb_year": "2559", "amount": 8462200, "min_code": "15000", "agc_code": "15008", "name": "ซ่อมสร้างผิวทางเคพซีล สายบ้านตาดเสี้ยว - บ้านถ้ำพระ (เส้นทางสายบ้านตาดเสี้ยว -  บ้านถ้ำพรพ) ช่วงบ้านวังบอน หมู่ที่ ๒ บ้านถ้ำพระ หมู่ที่ ๗ขนาดกว้าง ๖ เมตร ยาว ๒.๗๗๕ กิโลเมตร ไหล่ทางกว้าง ข้างละ ๑ เมตร", "min": "กระทรวงมหาดไทย", "agc": "กรมส่งเสริมการปกครองท้องถิ่น", "plan_name": "ส่งเสริมการกระจายอำนาจให้แก่องค์กรปกครองส่วนท้องถิ่น", "stg_name": "ยุทธศาสตร์การบริหารกิจการบ้านเมืองที่ดี", "objc_level1_name": "งบลงทุน", "compare": [{"bb_amount": 8462200, "bb_province": "เลย"}], "gf_amount_sum": 0}
{"bb_code": "1500883002600Q24", "bb_year": "2559", "amount": 8455400, "min_code": "15000", "agc_code": "15008", "name": "ซ่อมสร้าง/ซ่อมแซมถนนลาดยาง สายบ้านคลองเจริญสุข-บ้านวังไผ่ กว้าง ๖ เมตร ยาว ๑,๕๑๐ เมตร ไหล่ทางข้างละ ๑ เมตร  ทต.วังทอง อ.วังสมบูรณ์ จ.สระแก้ว", "min": "กระทรวงมหาดไทย", "agc": "กรมส่งเสริมการปกครองท้องถิ่น", "plan_name": "ส่งเสริมการกระจายอำนาจให้แก่องค์กรปกครองส่วนท้องถิ่น", "stg_name": "ยุทธศาสตร์การบริหารกิจการบ้านเมืองที่ดี", "objc_level1_name": "งบลงทุน", "compare": [{"bb_amount": 8455400, "bb_province": "สระแก้ว"}], "gf_amount_sum": 0}
{"bb_code": "1500883002600FD3", "bb_year": "2559", "amount": 8452900, "min_code": "15000", "agc_code": "15008", "name": "ปรับปรุงถนนลาดยางแอสฟัลท์ติกคอนกรีต สายบ้านใหม่ - บางแห้ง หมู่ที่ ๑๐ ตำบลปริก อำเภอสะเดา ซ่อมสร้างเป็นถนนคอนกรีตเสริมเหล็ก กว้าง ๖ เมตร ยาว ๓๘๔  เมตร หนา ๐.๑๕ เมตร และซ่อมด้วยผิวจราจรแอสฟัลต์ติกเป็นช่", "min": "กระทรวงมหาดไทย", "agc": "กรมส่งเสริมการปกครองท้องถิ่น", "plan_name": "ส่งเสริมการกระจายอำนาจให้แก่องค์กรปกครองส่วนท้องถิ่น", "stg_name": "ยุทธศาสตร์การบริหารกิจการบ้านเมืองที่ดี", "objc_level1_name": "งบลงทุน", "compare": [{"bb_amount": 8452900, "bb_province": "สงขลา"}], "gf_amount_sum": 0}
{"bb_code": "1500883002600EB5", "bb_year": "2559", "amount": 8452500, "min_code": "15000", "agc_code": "15008", "name": "ซ่อมสร้างผิวทางแอสฟัลท์ติกคอนกรีต ถนนสายบ้านท่าควาย- บ้านศาลาเม็ง ตำบลคลองเฉลิม อำเภอกงหรา  กว้าง ๖ เมตร ยาว ๒,๒๓๕ เมตร หนา ๐.๐๕ เมตร  อบจ.พัทลุง อ.กงหรา จ.พัทลุง", "min": "กระทรวงมหาดไทย", "agc": "กรมส่งเสริมการปกครองท้องถิ่น", "plan_name": "ส่งเสริมการกระจายอำนาจให้แก่องค์กรปกครองส่วนท้องถิ่น", "stg_name": "ยุทธศาสตร์การบริหารกิจการบ้านเมืองที่ดี", "objc_level1_name": "งบลงทุน", "compare": [{"bb_amount": 8452500, "bb_province": "พัทลุง"}], "gf_amount_sum": 0}
{"bb_code": "1500883002600Y92", "bb_year": "2559", "amount": 8425500, "min_code": "15000", "agc_code": "15008", "name": "ซ่อมสร้างถนนลาดยางพาราแอสฟัลท์ติกคอนกรีต (โดยวิธี Pavement ln-Place Recycling) สายทางบ้านโคกสาย - บ้านหนองจิก หมู่ที่ ๑๒ ตำบลดงลาน มีพื้นที่ไม่น้อยกว่า ๑๐,๖๘๐ ตารางเมตร  อบต.ดงลาน อ.เมืองร้อยเอ็ด จ.ร้", "min": "กระทรวงมหาดไทย", "agc": "กรมส่งเสริมการปกครองท้องถิ่น", "plan_name": "ส่งเสริมการกระจายอำนาจให้แก่องค์กรปกครองส่วนท้องถิ่น", "stg_name": "ยุทธศาสตร์การบริหารกิจการบ้านเมืองที่ดี", "objc_level1_name": "งบลงทุน", "compare": [{"bb_amount": 8425500, "bb_province": "ร้อยเอ็ด"}], "gf_amount_sum": 0}
{"bb_code": "1500883002600Q29", "bb_year": "2559", "amount": 8404200, "min_code": "15000", "agc_code": "15008", "name": "ซ่อมสร้างถนนแอสฟัลต์ติกคอนกรีต สายบ้านพระเพลิง (ภูเงิน)-บ้าคลองสามัคคี ตำบลพระเพลิง-ตำบลหนองหว้า โดยทำการ OVER-LAY ผิวด้วยแอสฟัลท์ติกคอนกรีต กว้าง ๖ เมตร ยาว ๒,๙๐๐ เมตร หนา ๐.๐๔ เมตร ไหล่ทางแอสฟัลท์ติ", "min": "กระทรวงมหาดไทย", "agc": "กรมส่งเสริมการปกครองท้องถิ่น", "plan_name": "ส่งเสริมการกระจายอำนาจให้แก่องค์กรปกครองส่วนท้องถิ่น", "stg_name": "ยุทธศาสตร์การบริหารกิจการบ้านเมืองที่ดี", "objc_level1_name": "งบลงทุน", "compare": [{"bb_amount": 8404200, "bb_province": "สระแก้ว"}], "gf_amount_sum": 0}
{"bb_code": "1500883002600FC1", "bb_year": "2559", "amount": 8404200, "min_code": "15000", "agc_code": "15008", "name": "ปรับปรุงบำรุงพิเศษซ่อมสร้างแอสฟัลท์ติกคอนกรีต โดยวิธี Pavement In-place Recycling  สายบ้านท่าชะมวง บ้านท่าชะมวง - บ้านท่ามะปรางค์  หมู่ที่ ๖,๑๒  ตำบลท่าชะมวง  อำเภอรัตภูมิ กว้าง  ๘  เมตร  ยาว  ๑,๘๖๐", "min": "กระทรวงมหาดไทย", "agc": "กรมส่งเสริมการปกครองท้องถิ่น", "plan_name": "ส่งเสริมการกระจายอำนาจให้แก่องค์กรปกครองส่วนท้องถิ่น", "stg_name": "ยุทธศาสตร์การบริหารกิจการบ้านเมืองที่ดี", "objc_level1_name": "งบลงทุน", "compare": [{"bb_amount": 8404200, "bb_province": "สงขลา"}], "gf_amount_sum": 0}
{"bb_code": "1500786007420177", "bb_year": "2559", "amount": 8400000, "min_code": "15000", "agc_code": "15007", "name": "เขื่อนป้องกันตลิ่งริมแม่น้ำยม ม.2 ต.คลองกระจง อ.สวรรคโลก จ.สุโขทัย ความยาว 142 เมตร", "min": "กระทรวงมหาดไทย", "agc": "กรมโยธาธิการและผังเมือง", "plan_name": "ฟื้นฟู ป้องกัน และจัดการภัยพิบัติ ", "stg_name": "ยุทธศาสตร์การจัดการทรัพยากรธรรมชาติและสิ่งแวดล้อม", "objc_level1_name": "งบลงทุน", "compare": [{"bb_amount": 8400000, "bb_province": "สุโขทัย"}, {"gf_amount": 5924500, "gf_province": "ส่วนกลาง", "bb_amount": null, "bb_province": "กรุงเทพมหานคร"}], "gf_amount_sum": 5924500}
{"bb_code": "1500520018120056", "bb_year": "2559", "amount": 8400000, "min_code": "15000", "agc_code": "15005", "name": "เครื่องรับสัญญาณดาวเทียมแบบเคลื่อนที่ ตำบลบ่อยาง อำเภอเมือง จังหวัดสงขลา", "min": "กระทรวงมหาดไทย", "agc": "กรมที่ดิน", "plan_name": "รักษาความมั่นคงของฐานทรัพยากรธรรมชาติและแก้ปัญหาที่ดินทำกิน", "stg_name": "ยุทธศาสตร์การจัดการทรัพยากรธรรมชาติและสิ่งแวดล้อม", "objc_level1_name": "งบลงทุน", "compare": [{"bb_amount": 8400000, "bb_province": "สงขลา"}, {"gf_amount": 6600000, "gf_province": "ส่วนกลาง", "bb_amount": null, "bb_province": "กรุงเทพมหานคร"}], "gf_amount_sum": 6600000}
{"bb_code": "1500520018120057", "bb_year": "2559", "amount": 8400000, "min_code": "15000", "agc_code": "15005", "name": "เครื่องรับสัญญาณดาวเทียมแบบเคลื่อนที่ ตำบลตลาด อำเภอเมือง จังหวัดสุราษฎร์ธานี", "min": "กระทรวงมหาดไทย", "agc": "กรมที่ดิน", "plan_name": "รักษาความมั่นคงของฐานทรัพยากรธรรมชาติและแก้ปัญหาที่ดินทำกิน", "stg_name": "ยุทธศาสตร์การจัดการทรัพยากรธรรมชาติและสิ่งแวดล้อม", "objc_level1_name": "งบลงทุน", "compare": [{"bb_amount": 8400000, "bb_province": "สุราษฎร์ธานี"}, {"gf_amount": 6600000, "gf_province": "ส่วนกลาง", "bb_amount": null, "bb_province": "กรุงเทพมหานคร"}], "gf_amount_sum": 6600000}
{"bb_code": "1500520018120040", "bb_year": "2559", "amount": 8400000, "min_code": "15000", "agc_code": "15005", "name": "เครื่องรับสัญญาณดาวเทียมแบบเคลื่อนที่ ตำบลปากนคร อำเภอเมือง จังหวัดนครศรีธรรมราช", "min": "กระทรวงมหาดไทย", "agc": "กรมที่ดิน", "plan_name": "รักษาความมั่นคงของฐานทรัพยากรธรรมชาติและแก้ปัญหาที่ดินทำกิน", "stg_name": "ยุทธศาสตร์การจัดการทรัพยากรธรรมชาติและสิ่งแวดล้อม", "objc_level1_name": "งบลงทุน", "compare": [{"bb_amount": 8400000, "bb_province": "นครศรีธรรมราช"}, {"gf_amount": 6600000, "gf_province": "ส่วนกลาง", "bb_amount": null, "bb_province": "กรุงเทพมหานคร"}], "gf_amount_sum": 6600000}
{"bb_code": "1500786007420255", "bb_year": "2559", "amount": 8400000, "min_code": "15000", "agc_code": "15007", "name": "เขื่อนป้องกันตลิ่งริมแม่น้ำท่าจีน บริเวณวัดน้อยชมภู่ ต.บ้านกร่าง อ.ศรีประจันต์ จ.สุพรรณบุรี ความยาว 155 เมตร", "min": "กระทรวงมหาดไทย", "agc": "กรมโยธาธิการและผังเมือง", "plan_name": "ฟื้นฟู ป้องกัน และจัดการภัยพิบัติ ", "stg_name": "ยุทธศาสตร์การจัดการทรัพยากรธรรมชาติและสิ่งแวดล้อม", "objc_level1_name": "งบลงทุน", "compare": [{"bb_amount": 8400000, "bb_province": "สุพรรณบุรี"}, {"gf_amount": 7591500, "gf_province": "ส่วนกลาง", "bb_amount": null, "bb_province": "กรุงเทพมหานคร"}], "gf_amount_sum": 7591500}
{"bb_code": "1500786007420277", "bb_year": "2559", "amount": 8400000, "min_code": "15000", "agc_code": "15007", "name": "เขื่อนป้องกันตลิ่งริมคลองตรอน บริเวณหลังฝายกั้นน้ำ บ้านพงสะตือ ม.6 ต.บ้านแก่ง อ.ตรอน จ.อุตรดิตถ์ ความยาว 317 เมตร", "min": "กระทรวงมหาดไทย", "agc": "กรมโยธาธิการและผังเมือง", "plan_name": "ฟื้นฟู ป้องกัน และจัดการภัยพิบัติ ", "stg_name": "ยุทธศาสตร์การจัดการทรัพยากรธรรมชาติและสิ่งแวดล้อม", "objc_level1_name": "งบลงทุน", "compare": [{"bb_amount": 8400000, "bb_province": "อุตรดิตถ์"}, {"gf_amount": 15905000, "gf_province": "ส่วนกลาง", "bb_amount": null, "bb_province": "กรุงเทพมหานคร"}], "gf_amount_sum": 15905000}
{"bb_code": "1500520004410018", "bb_year": "2559", "amount": 8399200, "min_code": "15000", "agc_code": "15005", "name": "ค่าก่อสร้างประกอบการใช้ประโยชน์ที่ดินของรัฐเพื่อแก้ไขปัญหาความยากจน ตำบลห้วยใต้ อำเภอขุขันธ์ จังหวัดศรีสะเกษ", "min": "กระทรวงมหาดไทย", "agc": "กรมที่ดิน", "plan_name": "รักษาความมั่นคงของฐานทรัพยากรธรรมชาติและแก้ปัญหาที่ดินทำกิน", "stg_name": "ยุทธศาสตร์การจัดการทรัพยากรธรรมชาติและสิ่งแวดล้อม", "objc_level1_name": "งบลงทุน", "compare": [{"bb_amount": 8399200, "bb_province": "ศรีสะเกษ", "gf_amount": 2300000, "gf_province": "ศรีสะเกษ"}, {"gf_amount": 3422101.1, "gf_province": "ส่วนกลาง", "bb_amount": null, "bb_province": "กรุงเทพมหานคร"}], "gf_amount_sum": 5722101.1}
{"bb_code": "1500786007420098", "bb_year": "2559", "amount": 8396400, "min_code": "15000", "agc_code": "15007", "name": "เขื่อนป้องกันตลิ่งริมแม่น้ำน้อย บริเวณบ้านพระงาม หมู่ที่ 4 ตำบลพระงาม อำเภอพรหมบุรี จังหวัดสิงห์บุรี ความยาว 530 เมตร", "min": "กระทรวงมหาดไทย", "agc": "กรมโยธาธิการและผังเมือง", "plan_name": "ฟื้นฟู ป้องกัน และจัดการภัยพิบัติ ", "stg_name": "ยุทธศาสตร์การจัดการทรัพยากรธรรมชาติและสิ่งแวดล้อม", "objc_level1_name": "งบลงทุน", "compare": [{"bb_amount": 8396400, "bb_province": "สิงห์บุรี"}, {"gf_amount": 12830000, "gf_province": "ส่วนกลาง", "bb_amount": null, "bb_province": "กรุงเทพมหานคร"}], "gf_amount_sum": 12830000}
{"bb_code": "1500786007420155", "bb_year": "2559", "amount": 8395000, "min_code": "15000", "agc_code": "15007", "name": "เขื่อนป้องกันตลิ่งริมแม่น้ำเจ้าพระยา (แม่น้ำลัดเกร็ด) บริเวณวัดฉิมพลี (เพิ่มเติม) ม.1 ต.เกาะเกร็ด อ.ปากเกร็ด จ.นนทบุรี ความยาว 44 เมตร", "min": "กระทรวงมหาดไทย", "agc": "กรมโยธาธิการและผังเมือง", "plan_name": "ฟื้นฟู ป้องกัน และจัดการภัยพิบัติ ", "stg_name": "ยุทธศาสตร์การจัดการทรัพยากรธรรมชาติและสิ่งแวดล้อม", "objc_level1_name": "งบลงทุน", "compare": [{"bb_amount": 8395000, "bb_province": "นนทบุรี", "gf_amount": 60325, "gf_province": "นนทบุรี"}], "gf_amount_sum": 60325}
