{"bb_code": "1500786007420194", "bb_year": "2559", "amount": 8380000, "min_code": "15000", "agc_code": "15007", "name": "เขื่อนป้องกันตลิ่งริมแม่น้ำน่าน ม.1 ต.หัวดง อ.เมือง จ.พิจิตร ความยาว 112 เมตร", "min": "กระทรวงมหาดไทย", "agc": "กรมโยธาธิการและผังเมือง", "plan_name": "ฟื้นฟู ป้องกัน และจัดการภัยพิบัติ ", "stg_name": "ยุทธศาสตร์การจัดการทรัพยากรธรรมชาติและสิ่งแวดล้อม", "objc_level1_name": "งบลงทุน", "compare": [{"bb_amount": 8380000, "bb_province": "พิจิตร"}, {"gf_amount": 5687000, "gf_province": "ส่วนกลาง", "bb_amount": null, "bb_province": "กรุงเทพมหานคร"}], "gf_amount_sum": 5687000}
{"bb_code": "1500786007420249", "bb_year": "2559", "amount": 8370000, "min_code": "15000", "agc_code": "15007", "name": "เขื่อนป้องกันตลิ่งริมแม่น้ำ วัดวารีปาโมกข์ ต.ตะเครี๊ย อ.ระโนด จ.สงขลา ความยาว 90 เมตร", "min": "กระทรวงมหาดไทย", "agc": "กรมโยธาธิการและผังเมือง", "plan_name": "ฟื้นฟู ป้องกัน และจัดการภัยพิบัติ ", "stg_name": "ยุทธศาสตร์การจัดการทรัพยากรธรรมชาติและสิ่งแวดล้อม", "objc_level1_name": "งบลงทุน", "compare": [{"bb_amount": 8370000, "bb_province": "สงขลา", "gf_amount": 8167901.95, "gf_province": "สงขลา"}], "gf_amount_sum": 8167901.95}
{"bb_code": "1500883002600V21", "bb_year": "2559", "amount": 8369400, "min_code": "15000", "agc_code": "15008", "name": "ซ่อมสร้างถนนลาดยางผิวทางพาราแอสฟัลท์ติกคอนกรีต (โดยวิธี Pavement In - Place Recycling) สายแยก ทล ๒๐๑๖ บ้านหนองอีเก้ง หมู่ที่ ๗ ตำบลภูหอ อำเภอภูหลวง - บ้านน้ำค้อใหญ่ หมู่ที่ ๑๒ ตำบลทรายขาว อำเภอวังสะพุ", "min": "กระทรวงมหาดไทย", "agc": "กรมส่งเสริมการปกครองท้องถิ่น", "plan_name": "ส่งเสริมการกระจายอำนาจให้แก่องค์กรปกครองส่วนท้องถิ่น", "stg_name": "ยุทธศาสตร์การบริหารกิจการบ้านเมืองที่ดี", "objc_level1_name": "งบลงทุน", "compare": [{"bb_amount": 8369400, "bb_province": "เลย"}], "gf_amount_sum": 0}
{"bb_code": "1500883002600ES6", "bb_year": "2559", "amount": 8365600, "min_code": "15000", "agc_code": "15008", "name": "ซ่อมสร้างผิวทางแอสฟัลท์ติกคอนกรีต ถนนสายบ้านหัวเขา - บ้านบางแก้ว ตำบลท่ามะเดื่อ อำเภอบางแก้ว กว้าง ๖ เมตร ยาว ๑,๗๐๐ เมตร หนา ๐.๐๕ เมตร ไหล่ทางข้างละ ๑ เมตร อบจ.พัทลุง อ.บางแก้ว จ.พัทลุง", "min": "กระทรวงมหาดไทย", "agc": "กรมส่งเสริมการปกครองท้องถิ่น", "plan_name": "ส่งเสริมการกระจายอำนาจให้แก่องค์กรปกครองส่วนท้องถิ่น", "stg_name": "ยุทธศาสตร์การบริหารกิจการบ้านเมืองที่ดี", "objc_level1_name": "งบลงทุน", "compare": [{"bb_amount": 8365600, "bb_province": "พัทลุง"}], "gf_amount_sum": 0}
{"bb_code": "1500822040600V53", "bb_year": "2559", "amount": 8355500, "min_code": "15000", "agc_code": "15008", "name": "ก่อสร้างประปาหมู่บ้านแบบผิวดินขนาดใหญ่มาก บ้านซำเจริญ หมู่ที่ ๘ ตำบลบ้านจีต ตามแบบมาตรฐานกรมทรัพยากรน้ำ ทต.กู่แก้ว อ.กู่แก้ว จ.อุดรธานี", "min": "กระทรวงมหาดไทย", "agc": "กรมส่งเสริมการปกครองท้องถิ่น", "plan_name": "บริหารจัดการทรัพยากรน้ำ", "stg_name": "ยุทธศาสตร์เร่งรัดวางรากฐานการพัฒนาที่ยั่งยืนของประเทศ", "objc_level1_name": "งบลงทุน", "compare": [{"bb_amount": 8355500, "bb_province": "อุดรธานี"}], "gf_amount_sum": 0}
{"bb_code": "1500883002600JL5", "bb_year": "2559", "amount": 8355000, "min_code": "15000", "agc_code": "15008", "name": "ก่อสร้างร้านค้าชุมชนบริเวณ หมู่ที่ 4 บ้านไผ่แถว องค์การบริหารส่วนตำบลสนามแย้ อำเภอท่ามะกา จังหวัดกาญจนบุรี", "min": "กระทรวงมหาดไทย", "agc": "กรมส่งเสริมการปกครองท้องถิ่น", "plan_name": "ส่งเสริมการกระจายอำนาจให้แก่องค์กรปกครองส่วนท้องถิ่น", "stg_name": "ยุทธศาสตร์การบริหารกิจการบ้านเมืองที่ดี", "objc_level1_name": "งบลงทุน", "compare": [{"bb_amount": 8355000, "bb_province": "กาญจนบุรี"}], "gf_amount_sum": 0}
{"bb_code": "1500883002600JN1", "bb_year": "2559", "amount": 8355000, "min_code": "15000", "agc_code": "15008", "name": "ค่าใช้จ่ายในการจัดระเบียบการค้าในที่สาธารณะ (ก่อสร้างตลาดสด) องค์การบริหารส่วนตำบลร่องเคาะ อำเภอวังเหนือ จังหวัดลำปาง", "min": "กระทรวงมหาดไทย", "agc": "กรมส่งเสริมการปกครองท้องถิ่น", "plan_name": "ส่งเสริมการกระจายอำนาจให้แก่องค์กรปกครองส่วนท้องถิ่น", "stg_name": "ยุทธศาสตร์การบริหารกิจการบ้านเมืองที่ดี", "objc_level1_name": "งบลงทุน", "compare": [{"bb_amount": 8355000, "bb_province": "ลำปาง"}], "gf_amount_sum": 0}
{"bb_code": "1500822040600239", "bb_year": "2559", "amount": 8343700, "min_code": "15000", "agc_code": "15008", "name": "ก่อสร้างระบบประปาผิวดินขนาดใหญ่มาก หมู่ที่ ๑๑ บ้านอ่างตาผึ้ง ตำบลคู้ยายหมี อบต.คู้ยายหมี อ.สนามชัยเขต จ.ฉะเชิงเทรา", "min": "กระทรวงมหาดไทย", "agc": "กรมส่งเสริมการปกครองท้องถิ่น", "plan_name": "บริหารจัดการทรัพยากรน้ำ", "stg_name": "ยุทธศาสตร์เร่งรัดวางรากฐานการพัฒนาที่ยั่งยืนของประเทศ", "objc_level1_name": "งบลงทุน", "compare": [{"bb_amount": 8343700, "bb_province": "ฉะเชิงเทรา"}], "gf_amount_sum": 0}
{"bb_code": "1500720001700040", "bb_year": "2559", "amount": 8340000, "min_code": "15000", "agc_code": "15007", "name": "โครงการวางและจัดทำผังเมืองรวมจังหวัดนราธิวาส", "min": "กระทรวงมหาดไทย", "agc": "กรมโยธาธิการและผังเมือง", "plan_name": "รักษาความมั่นคงของฐานทรัพยากรธรรมชาติและแก้ปัญหาที่ดินทำกิน", "stg_name": "ยุทธศาสตร์การจัดการทรัพยากรธรรมชาติและสิ่งแวดล้อม", "objc_level1_name": "งบลงทุน", "compare": [{"bb_amount": 8340000, "bb_province": "นราธิวาส"}], "gf_amount_sum": 0}
{"bb_code": "1500785013410007", "bb_year": "2559", "amount": 8338500, "min_code": "15000", "agc_code": "15007", "name": "โครงการปรับปรุงถนนในชุมชน สายบ้านบ่อหิน - บ้านแบนะ ม.11 ต.บ้านแหร อ.ธารโต จ.ยะลา กว้าง 5 ม. ระยะทาง 2.000 กม.", "min": "กระทรวงมหาดไทย", "agc": "กรมโยธาธิการและผังเมือง", "plan_name": "แก้ไขปัญหาและพัฒนาจังหวัดชายแดนภาคใต้", "stg_name": "ยุทธศาสตร์เร่งรัดวางรากฐานการพัฒนาที่ยั่งยืนของประเทศ", "objc_level1_name": "งบลงทุน", "compare": [{"bb_amount": 8338500, "bb_province": "ยะลา", "gf_amount": 8338000, "gf_province": "ยะลา"}], "gf_amount_sum": 8338000}
{"bb_code": "1500883002600X64", "bb_year": "2559", "amount": 8309100, "min_code": "15000", "agc_code": "15008", "name": "ปรับปรุงซ่อมสร้างถนนคอนกรีตเสริมเหล็ก สายบ้านดงบัง ตำบลหนองบ่อ อำเภอนาแก - บ้านสามแยก ตำบลวังยาง อำเภอวังยาง (ช่วงบ้านดงบัง - บ้านหมากเฟือง) กว้าง ๖ เมตร ยาว ๒,๓๕๐ เมตร หนา ๐.๑๕ เมตร ไหล่ทางลูกรังกว้า", "min": "กระทรวงมหาดไทย", "agc": "กรมส่งเสริมการปกครองท้องถิ่น", "plan_name": "ส่งเสริมการกระจายอำนาจให้แก่องค์กรปกครองส่วนท้องถิ่น", "stg_name": "ยุทธศาสตร์การบริหารกิจการบ้านเมืองที่ดี", "objc_level1_name": "งบลงทุน", "compare": [{"bb_amount": 8309100, "bb_province": "นครพนม"}], "gf_amount_sum": 0}
{"bb_code": "1500883002600R68", "bb_year": "2559", "amount": 8307600, "min_code": "15000", "agc_code": "15008", "name": "ซ่อมสร้างถนนลาดยาง สายหินดาต - วังตะเคียน หมู่ที่ ๒ บ้านมอเจริญ ตำบลหินดาต  กว้าง ๖ เมตร ยาว ๔,๑๕๐ เมตร ไหล่ทางข้างละ ๑ เมตร  อบต.หินดาต อ.ปางศิลาทอง จ.กำแพงเพชร", "min": "กระทรวงมหาดไทย", "agc": "กรมส่งเสริมการปกครองท้องถิ่น", "plan_name": "ส่งเสริมการกระจายอำนาจให้แก่องค์กรปกครองส่วนท้องถิ่น", "stg_name": "ยุทธศาสตร์การบริหารกิจการบ้านเมืองที่ดี", "objc_level1_name": "งบลงทุน", "compare": [{"bb_amount": 8307600, "bb_province": "กำแพงเพชร"}], "gf_amount_sum": 0}
{"bb_code": "1500883002600Q15", "bb_year": "2559", "amount": 8307600, "min_code": "15000", "agc_code": "15008", "name": "ซ่อมสร้างผิวจราจรแอสฟัลท์ติกคอนกรีต แบบ Recycling สาย บก ๑๐๑๒ บ้านนาแสงสาคร หมู่ที่ ๗ ตำบลนาแสง อำเภอศรีวิไล - บ้านท่าเชียงเครือ หมู่ที่ ๒ ตำบลป่งไฮ อำเภอเซกา กว้าง ๖ เมตร ยาว ๒,๐๙๒ เมตร ไหล่ทางกว้างข", "min": "กระทรวงมหาดไทย", "agc": "กรมส่งเสริมการปกครองท้องถิ่น", "plan_name": "ส่งเสริมการกระจายอำนาจให้แก่องค์กรปกครองส่วนท้องถิ่น", "stg_name": "ยุทธศาสตร์การบริหารกิจการบ้านเมืองที่ดี", "objc_level1_name": "งบลงทุน", "compare": [{"bb_amount": 8307600, "bb_province": "บึงกาฬ"}], "gf_amount_sum": 0}
{"bb_code": "1500883002600Q08", "bb_year": "2559", "amount": 8307600, "min_code": "15000", "agc_code": "15008", "name": "ซ่อมสร้างผิวจราจรแอสฟัลท์ติกคอนกรีต แบบ Recycling สาย บก ๒๐๕๓ ข้างโรงพยาบาลพรเจริญ - บ้านวังยาว หมู่ที่ ๑ ตำบลวังชมภู อำเภอพรเจริญ กว้าง ๖ เมตร ยาว ๒,๐๙๒ เมตร ไหล่ทางกว้างข้างละ ๐.๕๐ เมตร อบจ.บึงกาฬ อ", "min": "กระทรวงมหาดไทย", "agc": "กรมส่งเสริมการปกครองท้องถิ่น", "plan_name": "ส่งเสริมการกระจายอำนาจให้แก่องค์กรปกครองส่วนท้องถิ่น", "stg_name": "ยุทธศาสตร์การบริหารกิจการบ้านเมืองที่ดี", "objc_level1_name": "งบลงทุน", "compare": [{"bb_amount": 8307600, "bb_province": "บึงกาฬ"}], "gf_amount_sum": 0}
{"bb_code": "1500883002600Q06", "bb_year": "2559", "amount": 8307600, "min_code": "15000", "agc_code": "15008", "name": "ซ่อมสร้างผิวจราจรแอสฟัลท์ติกคอนกรีต แบบ Recycling สาย บก ๒๐๔๗ แยกทางหลวงเฝ้าไร่ อำเภอเฝ้าไร่ จังหวัดหนองคาย - บ้านโคกสะอาด หมู่ที่ ๗ ตำบลโซ่ อำเภอโซ่พิสัย จังหวัดบึงกาฬ กว้าง ๖ เมตร ยาว ๒,๐๙๒ เมตร ไหล", "min": "กระทรวงมหาดไทย", "agc": "กรมส่งเสริมการปกครองท้องถิ่น", "plan_name": "ส่งเสริมการกระจายอำนาจให้แก่องค์กรปกครองส่วนท้องถิ่น", "stg_name": "ยุทธศาสตร์การบริหารกิจการบ้านเมืองที่ดี", "objc_level1_name": "งบลงทุน", "compare": [{"bb_amount": 8307600, "bb_province": "บึงกาฬ"}], "gf_amount_sum": 0}
{"bb_code": "1500883002600R37", "bb_year": "2559", "amount": 8288300, "min_code": "15000", "agc_code": "15008", "name": "ซ่อมสร้างถนนลาดยางชนิดผิวแอสฟัลท์ติกคอนกรีต สายทาง กพ.ถ. ๑๒-๐๐๗ สามแยก กพ ๔๐๐๔ - บ้านทุ่งตากแดด ตำบลทุ่งทราย  กว้าง ๖ เมตร ยาว ๒,๕๐๐ เมตร ไหล่ทางข้างละ ๑ เมตร  ทต.ทุ่งทราย อ.ทรายทองวัฒนา จ.กำแพงเพชร", "min": "กระทรวงมหาดไทย", "agc": "กรมส่งเสริมการปกครองท้องถิ่น", "plan_name": "ส่งเสริมการกระจายอำนาจให้แก่องค์กรปกครองส่วนท้องถิ่น", "stg_name": "ยุทธศาสตร์การบริหารกิจการบ้านเมืองที่ดี", "objc_level1_name": "งบลงทุน", "compare": [{"bb_amount": 8288300, "bb_province": "กำแพงเพชร"}], "gf_amount_sum": 0}
{"bb_code": "1500883002600U61", "bb_year": "2559", "amount": 8259300, "min_code": "15000", "agc_code": "15008", "name": "ปรับปรุงผิวจราจรแอสฟัลท์ติกคอนกรีต สายบ้านหนองหมี - บ้านลำพญากลาง (ช่วงที่๒) หมู่ที่ ๑๕ บ้านหนองหมี เชื่อมหมู่ที่ ๒ บ้านลำพญากลาง ตำบลลำพญากลาง กว้าง ๖ เมตร ยาว ๒,๘๕๐ เมตร หนา ๐.๐๓ เมตร  ไหล่ทางกว้างข", "min": "กระทรวงมหาดไทย", "agc": "กรมส่งเสริมการปกครองท้องถิ่น", "plan_name": "ส่งเสริมการกระจายอำนาจให้แก่องค์กรปกครองส่วนท้องถิ่น", "stg_name": "ยุทธศาสตร์การบริหารกิจการบ้านเมืองที่ดี", "objc_level1_name": "งบลงทุน", "compare": [{"bb_amount": 8259300, "bb_province": "สระบุรี"}], "gf_amount_sum": 0}
{"bb_code": "1500785013410001", "bb_year": "2559", "amount": 8240400, "min_code": "15000", "agc_code": "15007", "name": "โครงการปรับปรุงถนนในชุมขน บ้านบ่อน้ำส้ม (สายกองซีเป้า - บ่อน้ำส้ม) หมู่ที่ 8,2 ตำบลเกาะสะบ้า อำเภอเทพา จังหวัดสงขลา กว้าง 4 ม. ระยะทาง 3.000 กม.", "min": "กระทรวงมหาดไทย", "agc": "กรมโยธาธิการและผังเมือง", "plan_name": "แก้ไขปัญหาและพัฒนาจังหวัดชายแดนภาคใต้", "stg_name": "ยุทธศาสตร์เร่งรัดวางรากฐานการพัฒนาที่ยั่งยืนของประเทศ", "objc_level1_name": "งบลงทุน", "compare": [{"bb_amount": 8240400, "bb_province": "สงขลา", "gf_amount": 8238000, "gf_province": "สงขลา"}], "gf_amount_sum": 8238000}
{"bb_code": "1500883002600Z43", "bb_year": "2559", "amount": 8234200, "min_code": "15000", "agc_code": "15008", "name": "ปรับปรุงซ่อมแซมถนนลาดยางผิวทางพาราแอสฟัลท์ติกคอนกรีต (โดยวิธี Pavement In-Place Recycling) สายทาง มค.ถ.๑- ๐๐๗๓ บ้านโนนสวรรค์  หมู่ที่ ๒ ตำบลหนองแวง  - บ้านปอแดง หมู่ที่ ๒  ตำบลเลิงแฝก อำเภอกุดรัง กว้า", "min": "กระทรวงมหาดไทย", "agc": "กรมส่งเสริมการปกครองท้องถิ่น", "plan_name": "ส่งเสริมการกระจายอำนาจให้แก่องค์กรปกครองส่วนท้องถิ่น", "stg_name": "ยุทธศาสตร์การบริหารกิจการบ้านเมืองที่ดี", "objc_level1_name": "งบลงทุน", "compare": [{"bb_amount": 8234200, "bb_province": "มหาสารคาม"}], "gf_amount_sum": 0}
{"bb_code": "1500883002600JK0", "bb_year": "2559", "amount": 8227000, "min_code": "15000", "agc_code": "15008", "name": "ก่อสร้างพื้นที่ขายของและจัดระเบียบการค้าในที่สาธารณะ บริเวณหมู่ที่ 2 และหมู่ที่ 4 เทศบาลเมืองนครปฐม อำเภอเมืองนครปฐม จังหวัดนครปฐม", "min": "กระทรวงมหาดไทย", "agc": "กรมส่งเสริมการปกครองท้องถิ่น", "plan_name": "ส่งเสริมการกระจายอำนาจให้แก่องค์กรปกครองส่วนท้องถิ่น", "stg_name": "ยุทธศาสตร์การบริหารกิจการบ้านเมืองที่ดี", "objc_level1_name": "งบลงทุน", "compare": [{"bb_amount": 8227000, "bb_province": "นครปฐม"}], "gf_amount_sum": 0}
