{"bb_code": "1500883002600M92", "bb_year": "2559", "amount": 8215300, "min_code": "15000", "agc_code": "15008", "name": "เสริมผิวแอสฟัลท์ติกคอนกรีตสายทางบ้านหนองพังพวย - บ้านดอนเตาอิฐ ตำบลสระสี่มุม กว้าง ๖ เมตร หนา ๐.๐๕ เมตร ยาว ๓,๖๙๙ เมตร พื้นที่ไม่น้อยกว่า ๒๒,๑๙๔ ตารางเมตร อบต.สระสี่มุม อ.กำแพงแสน จ.นครปฐม", "min": "กระทรวงมหาดไทย", "agc": "กรมส่งเสริมการปกครองท้องถิ่น", "plan_name": "ส่งเสริมการกระจายอำนาจให้แก่องค์กรปกครองส่วนท้องถิ่น", "stg_name": "ยุทธศาสตร์การบริหารกิจการบ้านเมืองที่ดี", "objc_level1_name": "งบลงทุน", "compare": [{"bb_amount": 8215300, "bb_province": "นครปฐม"}], "gf_amount_sum": 0}
{"bb_code": "1500883002600HE0", "bb_year": "2559", "amount": 8211000, "min_code": "15000", "agc_code": "15008", "name": "ซ่อมสร้างถนนแอสฟัลล์ติกคอนกรีต บ้านวังหม้อ เชื่อม บ้านแอ่นใหม่ ตำบลบ้านแอ่น จำนวน ๕ ช่วง พื้นที่ไม่น้อยกว่า ๑๖,๙๕๐ ตารางเมตร  ทต.บ้านแอ่น อ.ดอยเต่า จ.เชียงใหม่", "min": "กระทรวงมหาดไทย", "agc": "กรมส่งเสริมการปกครองท้องถิ่น", "plan_name": "ส่งเสริมการกระจายอำนาจให้แก่องค์กรปกครองส่วนท้องถิ่น", "stg_name": "ยุทธศาสตร์การบริหารกิจการบ้านเมืองที่ดี", "objc_level1_name": "งบลงทุน", "compare": [{"bb_amount": 8211000, "bb_province": "เชียงใหม่"}], "gf_amount_sum": 0}
{"bb_code": "1500883002600EL5", "bb_year": "2559", "amount": 8201300, "min_code": "15000", "agc_code": "15008", "name": "ซ่อมสร้างผิวทางแอสฟัลท์ติกคอนกรีตถนนบ้านลานแซะ-บ้านหัสคุณ ตำบลนาขยาด อำเภอควนขนุน กว้าง ๖ เมตร ยาว ๑,๖๓๕ เมตร หนา ๐.๐๕ เมตร ไหล่ทางข้างละ ๑.๐๐-๑.๕๐ เมตร อบจ.พัทลุง อ.ควนขนุน จ.พัทลุง", "min": "กระทรวงมหาดไทย", "agc": "กรมส่งเสริมการปกครองท้องถิ่น", "plan_name": "ส่งเสริมการกระจายอำนาจให้แก่องค์กรปกครองส่วนท้องถิ่น", "stg_name": "ยุทธศาสตร์การบริหารกิจการบ้านเมืองที่ดี", "objc_level1_name": "งบลงทุน", "compare": [{"bb_amount": 8201300, "bb_province": "พัทลุง"}], "gf_amount_sum": 0}
{"bb_code": "1500720001700044", "bb_year": "2559", "amount": 8200000, "min_code": "15000", "agc_code": "15007", "name": "โครงการวางและจัดทำผังเมืองรวมจังหวัดลำปาง", "min": "กระทรวงมหาดไทย", "agc": "กรมโยธาธิการและผังเมือง", "plan_name": "รักษาความมั่นคงของฐานทรัพยากรธรรมชาติและแก้ปัญหาที่ดินทำกิน", "stg_name": "ยุทธศาสตร์การจัดการทรัพยากรธรรมชาติและสิ่งแวดล้อม", "objc_level1_name": "งบลงทุน", "compare": [{"bb_amount": 8200000, "bb_province": "ลำปาง"}], "gf_amount_sum": 0}
{"bb_code": "1500883002600BB7", "bb_year": "2559", "amount": 8194600, "min_code": "15000", "agc_code": "15008", "name": "บำรุงรักษาซ่อมแซมถนน รบ ๓๐๒๔ สายบ้านชัฏป่าหวาย - บ้านหนองจอก ตำบลหนองพันจันทร์ อำเภอบ้านคา ด้วยวิธี PAVEMENT IN PLACE RECYCLING จำนวน ๔ ช่วง กว้าง ๖ เมตร รวมพื้นที่ไม่น้อยกว่า ๑๙,๕๘๔ ตารางเมตร อบจ.ราช", "min": "กระทรวงมหาดไทย", "agc": "กรมส่งเสริมการปกครองท้องถิ่น", "plan_name": "ส่งเสริมการกระจายอำนาจให้แก่องค์กรปกครองส่วนท้องถิ่น", "stg_name": "ยุทธศาสตร์การบริหารกิจการบ้านเมืองที่ดี", "objc_level1_name": "งบลงทุน", "compare": [{"bb_amount": 8194600, "bb_province": "ราชบุรี"}], "gf_amount_sum": 0}
{"bb_code": "1500786007410003", "bb_year": "2559", "amount": 8190000, "min_code": "15000", "agc_code": "15007", "name": "เขื่อนป้องกันตลิ่งริมแม่น้ำชาน บ้านสบอาว ม.4 ต.สันติสุข อ.ดอยหล่อ จ.เชียงใหม่ ความยาว 150 เมตร", "min": "กระทรวงมหาดไทย", "agc": "กรมโยธาธิการและผังเมือง", "plan_name": "ฟื้นฟู ป้องกัน และจัดการภัยพิบัติ ", "stg_name": "ยุทธศาสตร์การจัดการทรัพยากรธรรมชาติและสิ่งแวดล้อม", "objc_level1_name": "งบลงทุน", "compare": [{"bb_amount": 8190000, "bb_province": "เชียงใหม่", "gf_amount": 847500, "gf_province": "เชียงใหม่"}], "gf_amount_sum": 847500}
{"bb_code": "1500786007420332", "bb_year": "2559", "amount": 8190000, "min_code": "15000", "agc_code": "15007", "name": "เขื่อนป้องกันตลิ่งริมแม่น้ำน่าน บ้านหนองพุก ม.10 ต.เปือ อ.เชียงกลาง จ.น่าน ความยาว 700 เมตร", "min": "กระทรวงมหาดไทย", "agc": "กรมโยธาธิการและผังเมือง", "plan_name": "ฟื้นฟู ป้องกัน และจัดการภัยพิบัติ ", "stg_name": "ยุทธศาสตร์การจัดการทรัพยากรธรรมชาติและสิ่งแวดล้อม", "objc_level1_name": "งบลงทุน", "compare": [{"bb_amount": 8190000, "bb_province": "น่าน"}], "gf_amount_sum": 0}
{"bb_code": "1500785013420026", "bb_year": "2559", "amount": 8190000, "min_code": "15000", "agc_code": "15007", "name": "โครงการก่อสร้างเขื่อนป้องกันตลิ่งริมคลองอู่ตะเภา บ้านหัวควาย หมู่ที่ 9 ตำบลคูเต่า อำเภอหาดใหญ่ จังหวัดสงขลา ความยาว 280  เมตร", "min": "กระทรวงมหาดไทย", "agc": "กรมโยธาธิการและผังเมือง", "plan_name": "แก้ไขปัญหาและพัฒนาจังหวัดชายแดนภาคใต้", "stg_name": "ยุทธศาสตร์เร่งรัดวางรากฐานการพัฒนาที่ยั่งยืนของประเทศ", "objc_level1_name": "งบลงทุน", "compare": [{"bb_amount": 8190000, "bb_province": "สงขลา", "gf_amount": 0, "gf_province": "สงขลา"}], "gf_amount_sum": 0}
{"bb_code": "1500883002600DJ4", "bb_year": "2559", "amount": 8176200, "min_code": "15000", "agc_code": "15008", "name": "ซ่อมสร้างถนนลาดยางแอสฟัลท์ติกคอนกรีตสายบ้านบึงตะกู-บ้านอมพนม ตำบลธาตุทอง, ตำบลวัดสุวรรณ กว้าง ๖ เมตร ยาว ๓,๐๐๐ เมตร หนา ๐.๐๕ เมตร ไหล่ทางกว้างข้างละ ๑ เมตร พื้นที่ไม่น้อยกว่า ๒๔,๐๐๐ ตารางเมตร  อบจ.ชลบ", "min": "กระทรวงมหาดไทย", "agc": "กรมส่งเสริมการปกครองท้องถิ่น", "plan_name": "ส่งเสริมการกระจายอำนาจให้แก่องค์กรปกครองส่วนท้องถิ่น", "stg_name": "ยุทธศาสตร์การบริหารกิจการบ้านเมืองที่ดี", "objc_level1_name": "งบลงทุน", "compare": [{"bb_amount": 8176200, "bb_province": "ชลบุรี"}], "gf_amount_sum": 0}
{"bb_code": "1500883002600N02", "bb_year": "2559", "amount": 8172400, "min_code": "15000", "agc_code": "15008", "name": "ปรับปรุงผิวจราจรแอสฟัลท์ติกคอนกรีต สายทางเทศบาลบ้านไร่ - บ้านน้ำป่า หมู่ที่ ๔ บ้านหัวนา - หมู่ที่ ๙ บ้านศาลาคลอง ตำบลบ้านไร่ กว้าง ๖ เมตร ยาว ๒,๘๗๕ เมตร ไหล่ทางกว้างข้างละ ๑.๕๐ เมตร  อบต.บ้านไร่ อ.บ้า", "min": "กระทรวงมหาดไทย", "agc": "กรมส่งเสริมการปกครองท้องถิ่น", "plan_name": "ส่งเสริมการกระจายอำนาจให้แก่องค์กรปกครองส่วนท้องถิ่น", "stg_name": "ยุทธศาสตร์การบริหารกิจการบ้านเมืองที่ดี", "objc_level1_name": "งบลงทุน", "compare": [{"bb_amount": 8172400, "bb_province": "อุทัยธานี"}], "gf_amount_sum": 0}
{"bb_code": "1500883002600BS3", "bb_year": "2559", "amount": 8168500, "min_code": "15000", "agc_code": "15008", "name": "เสริมผิวจราจรแอสฟัลท์ติกคอนกรีต ถนนสาย อบจ.ปน.๓๐๕๔ บ้านโคกดีปรี - บ้านฮูแตบองอ ตอนที่ ๑ อำเภอหนองจิก กว้าง ๖ เมตร ไหล่ทางข้างละ ๑ เมตร หนา ๐.๐๔ เมตร ยาว ๒,๕๐๐ เมตร อบจ.ปัตตานี อ.หนองจิก จ.ปัตตานี", "min": "กระทรวงมหาดไทย", "agc": "กรมส่งเสริมการปกครองท้องถิ่น", "plan_name": "ส่งเสริมการกระจายอำนาจให้แก่องค์กรปกครองส่วนท้องถิ่น", "stg_name": "ยุทธศาสตร์การบริหารกิจการบ้านเมืองที่ดี", "objc_level1_name": "งบลงทุน", "compare": [{"bb_amount": 8168500, "bb_province": "ปัตตานี"}], "gf_amount_sum": 0}
{"bb_code": "1500883002600EK2", "bb_year": "2559", "amount": 8149200, "min_code": "15000", "agc_code": "15008", "name": "ซ่อมสร้างถนนลาดยางแอสฟัลท์ติกคอนกรีต สายปาดังเบซาร์ -สี่แยกพัฒนาบ้านไร่   หมู่ที่ ๑๐ ตำบลปาดัง    อำเภอสะเดา  กว้าง ๖ เมตร ยาว ๑,๔๘๕ เมตร  หนา  ๐.๐๕ เมตร  ไหล่ทางกว้างข้างละ ๐.๕๐ เมตร  ทต.ปาดัง อ.สะเด", "min": "กระทรวงมหาดไทย", "agc": "กรมส่งเสริมการปกครองท้องถิ่น", "plan_name": "ส่งเสริมการกระจายอำนาจให้แก่องค์กรปกครองส่วนท้องถิ่น", "stg_name": "ยุทธศาสตร์การบริหารกิจการบ้านเมืองที่ดี", "objc_level1_name": "งบลงทุน", "compare": [{"bb_amount": 8149200, "bb_province": "สงขลา"}], "gf_amount_sum": 0}
{"bb_code": "1500883002600X86", "bb_year": "2559", "amount": 8142400, "min_code": "15000", "agc_code": "15008", "name": "ซ่อมสร้างถนนลาดยางแอสฟัลท์ติกคอนกรีต สายทางถนนอรุณประเสริฐ - บ้านตาดทอง หมู่ที่ ๖, ๙ ตำบลตาดทอง กว้าง ๖ เมตร ยาว ๒,๔๘๐ เมตร ไหล่ทางกว้างข้างละ ๑ เมตร  ทต.ตาดทอง อ.เมืองยโสธร จ.ยโสธร", "min": "กระทรวงมหาดไทย", "agc": "กรมส่งเสริมการปกครองท้องถิ่น", "plan_name": "ส่งเสริมการกระจายอำนาจให้แก่องค์กรปกครองส่วนท้องถิ่น", "stg_name": "ยุทธศาสตร์การบริหารกิจการบ้านเมืองที่ดี", "objc_level1_name": "งบลงทุน", "compare": [{"bb_amount": 8142400, "bb_province": "ยโสธร"}], "gf_amount_sum": 0}
{"bb_code": "1500785013410160", "bb_year": "2559", "amount": 8142300, "min_code": "15000", "agc_code": "15007", "name": "โครงการปรับปรุงถนนในชุมชนสายบาโด ม.7 ต.ยะหา อ.ยะหา จ.ยะลา ความกว้าง 4.00 ม. ความยาว 2.500 กม.", "min": "กระทรวงมหาดไทย", "agc": "กรมโยธาธิการและผังเมือง", "plan_name": "แก้ไขปัญหาและพัฒนาจังหวัดชายแดนภาคใต้", "stg_name": "ยุทธศาสตร์เร่งรัดวางรากฐานการพัฒนาที่ยั่งยืนของประเทศ", "objc_level1_name": "งบลงทุน", "compare": [{"bb_amount": 8142300, "bb_province": "ยะลา", "gf_amount": 8142000, "gf_province": "ยะลา"}], "gf_amount_sum": 8142000}
{"bb_code": "1500883002600R49", "bb_year": "2559", "amount": 8133700, "min_code": "15000", "agc_code": "15008", "name": "ซ่อมสร้างถนนลาดยาง ผิวจราจรแอสฟัลท์ติกคอนกรีต (Asphaltic Concrete) สาย กพ.ถ ๑-๐๐๓๔ บ้านบัวสวรรค์ ตำบลคลองพิไกร อำเภอพรานกระต่าย เชื่อมบ้านบึงมาลย์ ตำบลลานกระบือ กว้าง ๖ เมตร ยาว ๒,๘๐๐ เมตร ไหล่ทางข้าง", "min": "กระทรวงมหาดไทย", "agc": "กรมส่งเสริมการปกครองท้องถิ่น", "plan_name": "ส่งเสริมการกระจายอำนาจให้แก่องค์กรปกครองส่วนท้องถิ่น", "stg_name": "ยุทธศาสตร์การบริหารกิจการบ้านเมืองที่ดี", "objc_level1_name": "งบลงทุน", "compare": [{"bb_amount": 8133700, "bb_province": "กำแพงเพชร"}], "gf_amount_sum": 0}
{"bb_code": "1500883002600GX6", "bb_year": "2559", "amount": 8128900, "min_code": "15000", "agc_code": "15008", "name": "ซ่อมสร้างและเสริมผิวจราจรแอสฟัลท์ติกคอนกรีต  สาย สน.๓๒๑๑ บ้านวาริชภูมิ  - บ้านหนองแวง อ.วาริชภูมิ   กว้าง ๖ เมตร ยาว  ๒,๓๖๖ เมตร หนา ๐.๐๔ เมตร ไหล่ทางแอสฟัลท์ติกคอนกรีตข้างละ ๐.๕๐ เมตร หรือพื้นที่ไม่น", "min": "กระทรวงมหาดไทย", "agc": "กรมส่งเสริมการปกครองท้องถิ่น", "plan_name": "ส่งเสริมการกระจายอำนาจให้แก่องค์กรปกครองส่วนท้องถิ่น", "stg_name": "ยุทธศาสตร์การบริหารกิจการบ้านเมืองที่ดี", "objc_level1_name": "งบลงทุน", "compare": [{"bb_amount": 8128900, "bb_province": "สกลนคร"}], "gf_amount_sum": 0}
{"bb_code": "1500720001700046", "bb_year": "2559", "amount": 8120000, "min_code": "15000", "agc_code": "15007", "name": "โครงการวางและจัดทำผังเมืองรวมจังหวัดกระบี่", "min": "กระทรวงมหาดไทย", "agc": "กรมโยธาธิการและผังเมือง", "plan_name": "รักษาความมั่นคงของฐานทรัพยากรธรรมชาติและแก้ปัญหาที่ดินทำกิน", "stg_name": "ยุทธศาสตร์การจัดการทรัพยากรธรรมชาติและสิ่งแวดล้อม", "objc_level1_name": "งบลงทุน", "compare": [{"bb_amount": 8120000, "bb_province": "กระบี่"}], "gf_amount_sum": 0}
{"bb_code": "1500883002600Z31", "bb_year": "2559", "amount": 8116300, "min_code": "15000", "agc_code": "15008", "name": "ปรับปรุงซ่อมแซมถนนลาดยางผิวทางพาราแอสฟัลท์ติกคอนกรีต  (โดยวิธี Pavement In-Place Recycling)  สายทาง  มค.ถ.๑-๐๐๕๙ บ้านหัวขัว หมู่ที่ ๙  ตำบลท่าขอนยาง - บ้านสมศรี หมู่ที่ ๑๑ ตำบลโคกพระ  กว้าง ๗ เมตร ยาว", "min": "กระทรวงมหาดไทย", "agc": "กรมส่งเสริมการปกครองท้องถิ่น", "plan_name": "ส่งเสริมการกระจายอำนาจให้แก่องค์กรปกครองส่วนท้องถิ่น", "stg_name": "ยุทธศาสตร์การบริหารกิจการบ้านเมืองที่ดี", "objc_level1_name": "งบลงทุน", "compare": [{"bb_amount": 8116300, "bb_province": "มหาสารคาม"}], "gf_amount_sum": 0}
{"bb_code": "1500883002600Q35", "bb_year": "2559", "amount": 8114400, "min_code": "15000", "agc_code": "15008", "name": "ปรับปรุงซ่อมแซมถนนลาดยางสายบ้านท่าเกวียน-บ้านบ่อนางชิง ตำบลท่าเกวียน-ตำบลห้วยโจด โดยการ OVER-LAY ผิวด้วยแอสฟัลท์ติกคอนกรีต กว้าง ๖ เมตร ยาว ๒,๘๐๐ เมตร หนา ๐.๐๔ เมตร ไหล่ทางแอสฟัลท์ติกคอนกรีต กว้างข้าง", "min": "กระทรวงมหาดไทย", "agc": "กรมส่งเสริมการปกครองท้องถิ่น", "plan_name": "ส่งเสริมการกระจายอำนาจให้แก่องค์กรปกครองส่วนท้องถิ่น", "stg_name": "ยุทธศาสตร์การบริหารกิจการบ้านเมืองที่ดี", "objc_level1_name": "งบลงทุน", "compare": [{"bb_amount": 8114400, "bb_province": "สระแก้ว"}], "gf_amount_sum": 0}
{"bb_code": "1500883002600AU7", "bb_year": "2559", "amount": 8114400, "min_code": "15000", "agc_code": "15008", "name": "ซ่อมสร้างผิวทางแอสฟัลท์ติกคอนกรีต ( โดยวิธี Pavement -in Place Recycling) บ้านสำโรงทาบ - บ้านสังแก ตำบลเสม็จ จำนวน  ๒ ช่วง มีพื้นที่ไม่น้อยกว่า ๑๔,๐๔๐ ตารางเมตร อบต.เสม็จ อ.สำโรงทาบ จ.สุรินทร์", "min": "กระทรวงมหาดไทย", "agc": "กรมส่งเสริมการปกครองท้องถิ่น", "plan_name": "ส่งเสริมการกระจายอำนาจให้แก่องค์กรปกครองส่วนท้องถิ่น", "stg_name": "ยุทธศาสตร์การบริหารกิจการบ้านเมืองที่ดี", "objc_level1_name": "งบลงทุน", "compare": [{"bb_amount": 8114400, "bb_province": "สุรินทร์"}], "gf_amount_sum": 0}
