{"bb_code": "1500883002600IG8", "bb_year": "2559", "amount": 8111000, "min_code": "15000", "agc_code": "15008", "name": "ก่อสร้างอาคารเรียน 3 ชั้น 12 ห้องเรียน โรงเรียนปรางค์ทองวิทยา องค์การบริหารส่วนจังหวัดนครราชสีมา อำเภอเมืองนครราชสีมา จังหวัดนครราชสีมา", "min": "กระทรวงมหาดไทย", "agc": "กรมส่งเสริมการปกครองท้องถิ่น", "plan_name": "ส่งเสริมการกระจายอำนาจให้แก่องค์กรปกครองส่วนท้องถิ่น", "stg_name": "ยุทธศาสตร์การบริหารกิจการบ้านเมืองที่ดี", "objc_level1_name": "งบลงทุน", "compare": [{"bb_amount": 8111000, "bb_province": "นครราชสีมา"}], "gf_amount_sum": 0}
{"bb_code": "1500883002600IG9", "bb_year": "2559", "amount": 8111000, "min_code": "15000", "agc_code": "15008", "name": "ก่อสร้างอาคารเรียน 3 ชั้น 12 ห้องเรียน โรงเรียนเทศบาล 3 บ้านปาตาตีมอ เทศบาลตำบลตะลุบัน อำเภอสายบุรี จังหวัดปัตตานี", "min": "กระทรวงมหาดไทย", "agc": "กรมส่งเสริมการปกครองท้องถิ่น", "plan_name": "ส่งเสริมการกระจายอำนาจให้แก่องค์กรปกครองส่วนท้องถิ่น", "stg_name": "ยุทธศาสตร์การบริหารกิจการบ้านเมืองที่ดี", "objc_level1_name": "งบลงทุน", "compare": [{"bb_amount": 8111000, "bb_province": "ปัตตานี"}], "gf_amount_sum": 0}
{"bb_code": "1500883002600IC4", "bb_year": "2559", "amount": 8111000, "min_code": "15000", "agc_code": "15008", "name": "ก่อสร้างอาคารเรียน 3 ชั้น 12 ห้องเรียน โรงเรียนไร่ใต้ประชาคม องค์การบริหารส่วนจังหวัดอุบลราชธานี อำเภอเมืองอุบลราชธานี จังหวัดอุบลราชธานี", "min": "กระทรวงมหาดไทย", "agc": "กรมส่งเสริมการปกครองท้องถิ่น", "plan_name": "ส่งเสริมการกระจายอำนาจให้แก่องค์กรปกครองส่วนท้องถิ่น", "stg_name": "ยุทธศาสตร์การบริหารกิจการบ้านเมืองที่ดี", "objc_level1_name": "งบลงทุน", "compare": [{"bb_amount": 8111000, "bb_province": "อุบลราชธานี"}], "gf_amount_sum": 0}
{"bb_code": "1500883002600IG2", "bb_year": "2559", "amount": 8111000, "min_code": "15000", "agc_code": "15008", "name": "ก่อสร้างอาคารเรียน 3 ชั้น 12 ห้องเรียน โรงเรียนเทศบาล 4 วัดไชยสุรินทร์ เทศบาลเมืองเพชรบุรี อำเภอเมืองเพชรบุรี จังหวัดเพชรบุรี", "min": "กระทรวงมหาดไทย", "agc": "กรมส่งเสริมการปกครองท้องถิ่น", "plan_name": "ส่งเสริมการกระจายอำนาจให้แก่องค์กรปกครองส่วนท้องถิ่น", "stg_name": "ยุทธศาสตร์การบริหารกิจการบ้านเมืองที่ดี", "objc_level1_name": "งบลงทุน", "compare": [{"bb_amount": 8111000, "bb_province": "เพชรบุรี"}], "gf_amount_sum": 0}
{"bb_code": "1500883002600IG3", "bb_year": "2559", "amount": 8111000, "min_code": "15000", "agc_code": "15008", "name": "ก่อสร้างอาคารเรียน 3 ชั้น 12 ห้องเรียน โรงเรียนอนุบาลเทศบาลตำบลพบพระ เทศบาลตำบลพบพระ อำเภอพบพระ จังหวัดตาก", "min": "กระทรวงมหาดไทย", "agc": "กรมส่งเสริมการปกครองท้องถิ่น", "plan_name": "ส่งเสริมการกระจายอำนาจให้แก่องค์กรปกครองส่วนท้องถิ่น", "stg_name": "ยุทธศาสตร์การบริหารกิจการบ้านเมืองที่ดี", "objc_level1_name": "งบลงทุน", "compare": [{"bb_amount": 8111000, "bb_province": "ตาก"}], "gf_amount_sum": 0}
{"bb_code": "1500883002600IG1", "bb_year": "2559", "amount": 8111000, "min_code": "15000", "agc_code": "15008", "name": "\"ก่อสร้างอาคารเรียน 3 ชั้น 12 ห้องเรียน โรงเรียนบ้านจองคำ\tองค์การบริหารส่วนจังหวัดแม่ฮ่องสอน\tอำเภอเมืองแม่ฮ่องสอน จังหวัดแม่ฮ่องสอน\"", "min": "กระทรวงมหาดไทย", "agc": "กรมส่งเสริมการปกครองท้องถิ่น", "plan_name": "ส่งเสริมการกระจายอำนาจให้แก่องค์กรปกครองส่วนท้องถิ่น", "stg_name": "ยุทธศาสตร์การบริหารกิจการบ้านเมืองที่ดี", "objc_level1_name": "งบลงทุน", "compare": [{"bb_amount": 8111000, "bb_province": "แม่ฮ่องสอน"}], "gf_amount_sum": 0}
{"bb_code": "1500883002600IG4", "bb_year": "2559", "amount": 8111000, "min_code": "15000", "agc_code": "15008", "name": "ก่อสร้างอาคารเรียน 3 ชั้น 12 ห้องเรียน โรงเรียนองค์การบริหารส่วนตำบลทุ่งมะพร้าว องค์การบริหารส่วนตำบลทุ่งมะพร้าว อำเภอท้ายเหมือง จังหวัดพังงา", "min": "กระทรวงมหาดไทย", "agc": "กรมส่งเสริมการปกครองท้องถิ่น", "plan_name": "ส่งเสริมการกระจายอำนาจให้แก่องค์กรปกครองส่วนท้องถิ่น", "stg_name": "ยุทธศาสตร์การบริหารกิจการบ้านเมืองที่ดี", "objc_level1_name": "งบลงทุน", "compare": [{"bb_amount": 8111000, "bb_province": "พังงา"}], "gf_amount_sum": 0}
{"bb_code": "1500883002600IC9", "bb_year": "2559", "amount": 8111000, "min_code": "15000", "agc_code": "15008", "name": "ก่อสร้างอาคารเรียน 3 ชั้น 12 ห้องเรียน โรงเรียนบ้านนางาม องค์การบริหารส่วนจังหวัดสระแก้ว อำเภอเมืองสระแก้ว จังหวัดสระแก้ว", "min": "กระทรวงมหาดไทย", "agc": "กรมส่งเสริมการปกครองท้องถิ่น", "plan_name": "ส่งเสริมการกระจายอำนาจให้แก่องค์กรปกครองส่วนท้องถิ่น", "stg_name": "ยุทธศาสตร์การบริหารกิจการบ้านเมืองที่ดี", "objc_level1_name": "งบลงทุน", "compare": [{"bb_amount": 8111000, "bb_province": "สระแก้ว"}], "gf_amount_sum": 0}
{"bb_code": "1500883002600IG5", "bb_year": "2559", "amount": 8111000, "min_code": "15000", "agc_code": "15008", "name": "\"ก่อสร้างอาคารเรียน 3 ชั้น 12 ห้องเรียน โรงเรียนเทศบาล 5 แก้วปัญญาอุปถัมภ์ เทศบาลเมืองพะเยา อำเภอเมืองพะเยา\tจังหวัดพะเยา\"", "min": "กระทรวงมหาดไทย", "agc": "กรมส่งเสริมการปกครองท้องถิ่น", "plan_name": "ส่งเสริมการกระจายอำนาจให้แก่องค์กรปกครองส่วนท้องถิ่น", "stg_name": "ยุทธศาสตร์การบริหารกิจการบ้านเมืองที่ดี", "objc_level1_name": "งบลงทุน", "compare": [{"bb_amount": 8111000, "bb_province": "พะเยา"}], "gf_amount_sum": 0}
{"bb_code": "1500883002600IG6", "bb_year": "2559", "amount": 8111000, "min_code": "15000", "agc_code": "15008", "name": "\"ก่อสร้างอาคารเรียน 3 ชั้น 12 ห้องเรียน โรงเรียนเทศบาลวัดถลุงเหล็ก เทศบาลตำบลท่าหลวง อำเภอท่าเรือ\t จังหวัดพระนครศรีอยุธยา\"", "min": "กระทรวงมหาดไทย", "agc": "กรมส่งเสริมการปกครองท้องถิ่น", "plan_name": "ส่งเสริมการกระจายอำนาจให้แก่องค์กรปกครองส่วนท้องถิ่น", "stg_name": "ยุทธศาสตร์การบริหารกิจการบ้านเมืองที่ดี", "objc_level1_name": "งบลงทุน", "compare": [{"bb_amount": 8111000, "bb_province": "พระนครศรีอยุธยา"}], "gf_amount_sum": 0}
{"bb_code": "1500883002600IE8", "bb_year": "2559", "amount": 8111000, "min_code": "15000", "agc_code": "15008", "name": "\"ก่อสร้างอาคารเรียน 3 ชั้น 12 ห้องเรียน โรงเรียนอนุบาลเทศบาลตำบลธาตุ\tเทศบาลตำบลธาตุ\tอำเภอเชียงคาน\tจังหวัดเลย\"", "min": "กระทรวงมหาดไทย", "agc": "กรมส่งเสริมการปกครองท้องถิ่น", "plan_name": "ส่งเสริมการกระจายอำนาจให้แก่องค์กรปกครองส่วนท้องถิ่น", "stg_name": "ยุทธศาสตร์การบริหารกิจการบ้านเมืองที่ดี", "objc_level1_name": "งบลงทุน", "compare": [{"bb_amount": 8111000, "bb_province": "เลย"}], "gf_amount_sum": 0}
{"bb_code": "1500883002600ID0", "bb_year": "2559", "amount": 8111000, "min_code": "15000", "agc_code": "15008", "name": "ก่อสร้างอาคารเรียน 3 ชั้น 12 ห้องเรียน โรงเรียนเทศบาลชนะชัยศรี เทศบาลเมืองอรัญญประเทศ อำเภออรัญประเทศ จังหวัดสระแก้ว", "min": "กระทรวงมหาดไทย", "agc": "กรมส่งเสริมการปกครองท้องถิ่น", "plan_name": "ส่งเสริมการกระจายอำนาจให้แก่องค์กรปกครองส่วนท้องถิ่น", "stg_name": "ยุทธศาสตร์การบริหารกิจการบ้านเมืองที่ดี", "objc_level1_name": "งบลงทุน", "compare": [{"bb_amount": 8111000, "bb_province": "สระแก้ว"}], "gf_amount_sum": 0}
{"bb_code": "1500883002600IG7", "bb_year": "2559", "amount": 8111000, "min_code": "15000", "agc_code": "15008", "name": "ก่อสร้างอาคารเรียน 3 ชั้น 12 ห้องเรียน โรงเรียนบ้านตะบิงตีงิ องค์การบริหารส่วนจังหวัดปัตตานี อำเภอเมืองปัตตานี จังหวัดปัตตานี", "min": "กระทรวงมหาดไทย", "agc": "กรมส่งเสริมการปกครองท้องถิ่น", "plan_name": "ส่งเสริมการกระจายอำนาจให้แก่องค์กรปกครองส่วนท้องถิ่น", "stg_name": "ยุทธศาสตร์การบริหารกิจการบ้านเมืองที่ดี", "objc_level1_name": "งบลงทุน", "compare": [{"bb_amount": 8111000, "bb_province": "ปัตตานี"}], "gf_amount_sum": 0}
{"bb_code": "1500883002600IE5", "bb_year": "2559", "amount": 8111000, "min_code": "15000", "agc_code": "15008", "name": "ก่อสร้างอาคารเรียน 3 ชั้น 12 ห้องเรียน โรงเรียนธาตุทองอำนวยวิทย์ องค์การบริหารส่วนจังหวัดสกลนคร อำเภอเมืองสกลนคร จังหวัดสกลนคร", "min": "กระทรวงมหาดไทย", "agc": "กรมส่งเสริมการปกครองท้องถิ่น", "plan_name": "ส่งเสริมการกระจายอำนาจให้แก่องค์กรปกครองส่วนท้องถิ่น", "stg_name": "ยุทธศาสตร์การบริหารกิจการบ้านเมืองที่ดี", "objc_level1_name": "งบลงทุน", "compare": [{"bb_amount": 8111000, "bb_province": "สกลนคร"}], "gf_amount_sum": 0}
{"bb_code": "1500883002600IG0", "bb_year": "2559", "amount": 8111000, "min_code": "15000", "agc_code": "15008", "name": "ก่อสร้างอาคารเรียน 3 ชั้น 12 ห้องเรียน โรงเรียนอนุบาลเทศบาลตำบลดงเย็น เทศบาลตำบลดงเย็น อำเภอเมืองมุกดาหาร จังหวัดมุกดาหาร", "min": "กระทรวงมหาดไทย", "agc": "กรมส่งเสริมการปกครองท้องถิ่น", "plan_name": "ส่งเสริมการกระจายอำนาจให้แก่องค์กรปกครองส่วนท้องถิ่น", "stg_name": "ยุทธศาสตร์การบริหารกิจการบ้านเมืองที่ดี", "objc_level1_name": "งบลงทุน", "compare": [{"bb_amount": 8111000, "bb_province": "มุกดาหาร"}], "gf_amount_sum": 0}
{"bb_code": "1500883002600IH1", "bb_year": "2559", "amount": 8111000, "min_code": "15000", "agc_code": "15008", "name": "ก่อสร้างอาคารเรียน 3 ชั้น 12 ห้องเรียน โรงเรียนประชารัฐพัฒนา องค์การบริหารส่วนจังหวัดปราจีนบุรี อำเภอเมืองปราจีนบุรี จังหวัดปราจีนบุรี", "min": "กระทรวงมหาดไทย", "agc": "กรมส่งเสริมการปกครองท้องถิ่น", "plan_name": "ส่งเสริมการกระจายอำนาจให้แก่องค์กรปกครองส่วนท้องถิ่น", "stg_name": "ยุทธศาสตร์การบริหารกิจการบ้านเมืองที่ดี", "objc_level1_name": "งบลงทุน", "compare": [{"bb_amount": 8111000, "bb_province": "ปราจีนบุรี"}], "gf_amount_sum": 0}
{"bb_code": "1500883002600IF9", "bb_year": "2559", "amount": 8111000, "min_code": "15000", "agc_code": "15008", "name": "ก่อสร้างอาคารเรียน 3 ชั้น 12 ห้องเรียน โรงเรียนหนองโพธิ์วิทยาคม องค์การบริหารส่วนจังหวัดมหาสารคาม อำเภอเมืองมหาสารคาม จังหวัดมหาสารคาม", "min": "กระทรวงมหาดไทย", "agc": "กรมส่งเสริมการปกครองท้องถิ่น", "plan_name": "ส่งเสริมการกระจายอำนาจให้แก่องค์กรปกครองส่วนท้องถิ่น", "stg_name": "ยุทธศาสตร์การบริหารกิจการบ้านเมืองที่ดี", "objc_level1_name": "งบลงทุน", "compare": [{"bb_amount": 8111000, "bb_province": "มหาสารคาม"}], "gf_amount_sum": 0}
{"bb_code": "1500883002600IF5", "bb_year": "2559", "amount": 8111000, "min_code": "15000", "agc_code": "15008", "name": "ก่อสร้างอาคารเรียน 3 ชั้น 12 ห้องเรียน โรงเรียนกีฬาองค์การบริหารส่วนจังหวัดยโสธร องค์การบริหารส่วนจังหวัดยโสธร อำเภอเมืองยโสธร จังหวัดยโสธร", "min": "กระทรวงมหาดไทย", "agc": "กรมส่งเสริมการปกครองท้องถิ่น", "plan_name": "ส่งเสริมการกระจายอำนาจให้แก่องค์กรปกครองส่วนท้องถิ่น", "stg_name": "ยุทธศาสตร์การบริหารกิจการบ้านเมืองที่ดี", "objc_level1_name": "งบลงทุน", "compare": [{"bb_amount": 8111000, "bb_province": "ยโสธร"}], "gf_amount_sum": 0}
{"bb_code": "1500883002600IF7", "bb_year": "2559", "amount": 8111000, "min_code": "15000", "agc_code": "15008", "name": "ก่อสร้างอาคารเรียน 3 ชั้น 12 ห้องเรียน โรงเรียนงัวบาวิทยาคม องค์การบริหารส่วนจังหวัดมหาสารคาม อำเภอเมืองมหาสารคาม จังหวัดมหาสารคาม", "min": "กระทรวงมหาดไทย", "agc": "กรมส่งเสริมการปกครองท้องถิ่น", "plan_name": "ส่งเสริมการกระจายอำนาจให้แก่องค์กรปกครองส่วนท้องถิ่น", "stg_name": "ยุทธศาสตร์การบริหารกิจการบ้านเมืองที่ดี", "objc_level1_name": "งบลงทุน", "compare": [{"bb_amount": 8111000, "bb_province": "มหาสารคาม"}], "gf_amount_sum": 0}
{"bb_code": "1500883002600IF1", "bb_year": "2559", "amount": 8111000, "min_code": "15000", "agc_code": "15008", "name": "ก่อสร้างอาคารเรียน 3 ชั้น 12 ห้องเรียน โรงเรียนหนองสังข์วิทยายน องค์การบริหารส่วนจังหวัดชัยภูมิ อำเภอเมืองชัยภูมิ จังหวัดชัยภูมิ", "min": "กระทรวงมหาดไทย", "agc": "กรมส่งเสริมการปกครองท้องถิ่น", "plan_name": "ส่งเสริมการกระจายอำนาจให้แก่องค์กรปกครองส่วนท้องถิ่น", "stg_name": "ยุทธศาสตร์การบริหารกิจการบ้านเมืองที่ดี", "objc_level1_name": "งบลงทุน", "compare": [{"bb_amount": 8111000, "bb_province": "ชัยภูมิ"}], "gf_amount_sum": 0}
