{"bb_code": "1500883002600IJ5", "bb_year": "2559", "amount": 8094000, "min_code": "15000", "agc_code": "15008", "name": "ก่อสร้างอาคารอเนกประสงค์ โรงเรียนเทศบาล 2 เชิงชุมอนุชนวิทยา เทศบาลนครสกลนคร อำเภอเมืองสกลนคร จังหวัดสกลนคร", "min": "กระทรวงมหาดไทย", "agc": "กรมส่งเสริมการปกครองท้องถิ่น", "plan_name": "ส่งเสริมการกระจายอำนาจให้แก่องค์กรปกครองส่วนท้องถิ่น", "stg_name": "ยุทธศาสตร์การบริหารกิจการบ้านเมืองที่ดี", "objc_level1_name": "งบลงทุน", "compare": [{"bb_amount": 8094000, "bb_province": "สกลนคร"}], "gf_amount_sum": 0}
{"bb_code": "1500883002600IK5", "bb_year": "2559", "amount": 8094000, "min_code": "15000", "agc_code": "15008", "name": "ก่อสร้างอาคารอเนกประสงค์ โรงเรียนเทศบาลตำบลบ้านปลวกแดง เทศบาลตำบลบ้านปลวกแดง อำเภอปลวกแดง จังหวัดระยอง", "min": "กระทรวงมหาดไทย", "agc": "กรมส่งเสริมการปกครองท้องถิ่น", "plan_name": "ส่งเสริมการกระจายอำนาจให้แก่องค์กรปกครองส่วนท้องถิ่น", "stg_name": "ยุทธศาสตร์การบริหารกิจการบ้านเมืองที่ดี", "objc_level1_name": "งบลงทุน", "compare": [{"bb_amount": 8094000, "bb_province": "ระยอง"}], "gf_amount_sum": 0}
{"bb_code": "1500883002600IQ3", "bb_year": "2559", "amount": 8094000, "min_code": "15000", "agc_code": "15008", "name": "ก่อสร้างอาคารอเนกประสงค์ โรงเรียนหนองแหนพัฒนวิทยาคม องค์การบริหารส่วนจังหวัดยโสธร อำเภอเมืองยโสธร จังหวัดยโสธร", "min": "กระทรวงมหาดไทย", "agc": "กรมส่งเสริมการปกครองท้องถิ่น", "plan_name": "ส่งเสริมการกระจายอำนาจให้แก่องค์กรปกครองส่วนท้องถิ่น", "stg_name": "ยุทธศาสตร์การบริหารกิจการบ้านเมืองที่ดี", "objc_level1_name": "งบลงทุน", "compare": [{"bb_amount": 8094000, "bb_province": "ยโสธร"}], "gf_amount_sum": 0}
{"bb_code": "1500883002600IL4", "bb_year": "2559", "amount": 8094000, "min_code": "15000", "agc_code": "15008", "name": "ก่อสร้างอาคารอเนกประสงค์ โรงเรียนกฤษณาวิทยา องค์การบริหารส่วนจังหวัดนครราชสีมา อำเภอเมืองนครราชสีมา จังหวัดนครราชสีมา", "min": "กระทรวงมหาดไทย", "agc": "กรมส่งเสริมการปกครองท้องถิ่น", "plan_name": "ส่งเสริมการกระจายอำนาจให้แก่องค์กรปกครองส่วนท้องถิ่น", "stg_name": "ยุทธศาสตร์การบริหารกิจการบ้านเมืองที่ดี", "objc_level1_name": "งบลงทุน", "compare": [{"bb_amount": 8094000, "bb_province": "นครราชสีมา"}], "gf_amount_sum": 0}
{"bb_code": "1500883002600IL6", "bb_year": "2559", "amount": 8094000, "min_code": "15000", "agc_code": "15008", "name": "ก่อสร้างอาคารอเนกประสงค์ โรงเรียนดอนไพลพิทยาคม องค์การบริหารส่วนจังหวัดนครราชสีมา อำเภอเมืองนครราชสีมา จังหวัดนครราชสีมา", "min": "กระทรวงมหาดไทย", "agc": "กรมส่งเสริมการปกครองท้องถิ่น", "plan_name": "ส่งเสริมการกระจายอำนาจให้แก่องค์กรปกครองส่วนท้องถิ่น", "stg_name": "ยุทธศาสตร์การบริหารกิจการบ้านเมืองที่ดี", "objc_level1_name": "งบลงทุน", "compare": [{"bb_amount": 8094000, "bb_province": "นครราชสีมา"}], "gf_amount_sum": 0}
{"bb_code": "1500883002600IP1", "bb_year": "2559", "amount": 8094000, "min_code": "15000", "agc_code": "15008", "name": "ก่อสร้างอาคารอเนกประสงค์ โรงเรียนอนุบาลช้าง เทศบาลเมืองพังงา อำเภอเมืองพังงา จังหวัดพังงา", "min": "กระทรวงมหาดไทย", "agc": "กรมส่งเสริมการปกครองท้องถิ่น", "plan_name": "ส่งเสริมการกระจายอำนาจให้แก่องค์กรปกครองส่วนท้องถิ่น", "stg_name": "ยุทธศาสตร์การบริหารกิจการบ้านเมืองที่ดี", "objc_level1_name": "งบลงทุน", "compare": [{"bb_amount": 8094000, "bb_province": "พังงา"}], "gf_amount_sum": 0}
{"bb_code": "1500883002600IR8", "bb_year": "2559", "amount": 8094000, "min_code": "15000", "agc_code": "15008", "name": "ก่อสร้างอาคารอเนกประสงค์ โรงเรียนอนุบาลเทศบาลตำบลกุดดินจี่ เทศบาลตำบลกุดดินจี่ อำเภอนากลาง จังหวัดหนองบัวลำภู", "min": "กระทรวงมหาดไทย", "agc": "กรมส่งเสริมการปกครองท้องถิ่น", "plan_name": "ส่งเสริมการกระจายอำนาจให้แก่องค์กรปกครองส่วนท้องถิ่น", "stg_name": "ยุทธศาสตร์การบริหารกิจการบ้านเมืองที่ดี", "objc_level1_name": "งบลงทุน", "compare": [{"bb_amount": 8094000, "bb_province": "หนองบัวลำภู"}], "gf_amount_sum": 0}
{"bb_code": "1500883002600IL8", "bb_year": "2559", "amount": 8094000, "min_code": "15000", "agc_code": "15008", "name": "ก่อสร้างอาคารอเนกประสงค์ โรงเรียนศรีรักษ์ราษฎร์บำรุง องค์การบริหารส่วนจังหวัดปราจีนบุรี อำเภอเมืองปราจีนบุรี จังหวัดปราจีนบุรี", "min": "กระทรวงมหาดไทย", "agc": "กรมส่งเสริมการปกครองท้องถิ่น", "plan_name": "ส่งเสริมการกระจายอำนาจให้แก่องค์กรปกครองส่วนท้องถิ่น", "stg_name": "ยุทธศาสตร์การบริหารกิจการบ้านเมืองที่ดี", "objc_level1_name": "งบลงทุน", "compare": [{"bb_amount": 8094000, "bb_province": "ปราจีนบุรี"}], "gf_amount_sum": 0}
{"bb_code": "1500883002600IO4", "bb_year": "2559", "amount": 8094000, "min_code": "15000", "agc_code": "15008", "name": "ก่อสร้างอาคารอเนกประสงค์ โรงเรียนนครระยองวิทยาคม (วัดโขดใต้) เทศบาลนครระยอง อำเภอเมืองระยอง จังหวัดระยอง", "min": "กระทรวงมหาดไทย", "agc": "กรมส่งเสริมการปกครองท้องถิ่น", "plan_name": "ส่งเสริมการกระจายอำนาจให้แก่องค์กรปกครองส่วนท้องถิ่น", "stg_name": "ยุทธศาสตร์การบริหารกิจการบ้านเมืองที่ดี", "objc_level1_name": "งบลงทุน", "compare": [{"bb_amount": 8094000, "bb_province": "ระยอง"}], "gf_amount_sum": 0}
{"bb_code": "1500883002600IO7", "bb_year": "2559", "amount": 8094000, "min_code": "15000", "agc_code": "15008", "name": "ก่อสร้างอาคารอเนกประสงค์ โรงเรียนวัฒนานคร องค์การบริหารส่วนจังหวัดสระแก้ว อำเภอเมืองสระแก้ว จังหวัดสระแก้ว", "min": "กระทรวงมหาดไทย", "agc": "กรมส่งเสริมการปกครองท้องถิ่น", "plan_name": "ส่งเสริมการกระจายอำนาจให้แก่องค์กรปกครองส่วนท้องถิ่น", "stg_name": "ยุทธศาสตร์การบริหารกิจการบ้านเมืองที่ดี", "objc_level1_name": "งบลงทุน", "compare": [{"bb_amount": 8094000, "bb_province": "สระแก้ว"}], "gf_amount_sum": 0}
{"bb_code": "1500883002600IO5", "bb_year": "2559", "amount": 8094000, "min_code": "15000", "agc_code": "15008", "name": "ก่อสร้างอาคารอเนกประสงค์ โรงเรียนเทศบาลทับช้าง 1 เทศบาลตำบลทับช้าง อำเภอสอยดาว จังหวัดจันทบุรี", "min": "กระทรวงมหาดไทย", "agc": "กรมส่งเสริมการปกครองท้องถิ่น", "plan_name": "ส่งเสริมการกระจายอำนาจให้แก่องค์กรปกครองส่วนท้องถิ่น", "stg_name": "ยุทธศาสตร์การบริหารกิจการบ้านเมืองที่ดี", "objc_level1_name": "งบลงทุน", "compare": [{"bb_amount": 8094000, "bb_province": "จันทบุรี"}], "gf_amount_sum": 0}
{"bb_code": "1500883002600IO6", "bb_year": "2559", "amount": 8094000, "min_code": "15000", "agc_code": "15008", "name": "ก่อสร้างอาคารอเนกประสงค์ โรงเรียนบ้านนางาม องค์การบริหารส่วนจังหวัดสระแก้ว อำเภอเมืองสระแก้ว จังหวัดสระแก้ว", "min": "กระทรวงมหาดไทย", "agc": "กรมส่งเสริมการปกครองท้องถิ่น", "plan_name": "ส่งเสริมการกระจายอำนาจให้แก่องค์กรปกครองส่วนท้องถิ่น", "stg_name": "ยุทธศาสตร์การบริหารกิจการบ้านเมืองที่ดี", "objc_level1_name": "งบลงทุน", "compare": [{"bb_amount": 8094000, "bb_province": "สระแก้ว"}], "gf_amount_sum": 0}
{"bb_code": "1500883002600IS7", "bb_year": "2559", "amount": 8094000, "min_code": "15000", "agc_code": "15008", "name": "ก่อสร้างอาคารอเนกประสงค์ โรงเรียนเทศบาลวังสะพุง 2 บ้านบุ่งไสล่ เทศบาลเมืองวังสะพุง อำเภอวังสะพุง จังหวัดเลย", "min": "กระทรวงมหาดไทย", "agc": "กรมส่งเสริมการปกครองท้องถิ่น", "plan_name": "ส่งเสริมการกระจายอำนาจให้แก่องค์กรปกครองส่วนท้องถิ่น", "stg_name": "ยุทธศาสตร์การบริหารกิจการบ้านเมืองที่ดี", "objc_level1_name": "งบลงทุน", "compare": [{"bb_amount": 8094000, "bb_province": "เลย"}], "gf_amount_sum": 0}
{"bb_code": "1500883002600IK6", "bb_year": "2559", "amount": 8094000, "min_code": "15000", "agc_code": "15008", "name": "ก่อสร้างอาคารอเนกประสงค์ โรงเรียนเทศบาลวัดป่าเรไร เทศบาลเมืองร้อยเอ็ด อำเภอเมืองร้อยเอ็ด จังหวัดร้อยเอ็ด", "min": "กระทรวงมหาดไทย", "agc": "กรมส่งเสริมการปกครองท้องถิ่น", "plan_name": "ส่งเสริมการกระจายอำนาจให้แก่องค์กรปกครองส่วนท้องถิ่น", "stg_name": "ยุทธศาสตร์การบริหารกิจการบ้านเมืองที่ดี", "objc_level1_name": "งบลงทุน", "compare": [{"bb_amount": 8094000, "bb_province": "ร้อยเอ็ด"}], "gf_amount_sum": 0}
{"bb_code": "1500883002600IK7", "bb_year": "2559", "amount": 8094000, "min_code": "15000", "agc_code": "15008", "name": "\"ก่อสร้างอาคารอเนกประสงค์ โรงเรียนร่มฉัตรวิทยา (เทศบาล ๒)\tเทศบาลตำบลแม่ลาน้อย อำเภอแม่ลาน้อย จังหวัดแม่ฮ่องสอน\"", "min": "กระทรวงมหาดไทย", "agc": "กรมส่งเสริมการปกครองท้องถิ่น", "plan_name": "ส่งเสริมการกระจายอำนาจให้แก่องค์กรปกครองส่วนท้องถิ่น", "stg_name": "ยุทธศาสตร์การบริหารกิจการบ้านเมืองที่ดี", "objc_level1_name": "งบลงทุน", "compare": [{"bb_amount": 8094000, "bb_province": "แม่ฮ่องสอน"}], "gf_amount_sum": 0}
{"bb_code": "1500883002600IP7", "bb_year": "2559", "amount": 8094000, "min_code": "15000", "agc_code": "15008", "name": "ก่อสร้างอาคารอเนกประสงค์ โรงเรียนเทศบาล 6 บ้านบางตาหยาด เทศบาลตำบลตะลุบัน อำเภอสายบุรี จังหวัดปัตตานี", "min": "กระทรวงมหาดไทย", "agc": "กรมส่งเสริมการปกครองท้องถิ่น", "plan_name": "ส่งเสริมการกระจายอำนาจให้แก่องค์กรปกครองส่วนท้องถิ่น", "stg_name": "ยุทธศาสตร์การบริหารกิจการบ้านเมืองที่ดี", "objc_level1_name": "งบลงทุน", "compare": [{"bb_amount": 8094000, "bb_province": "ปัตตานี"}], "gf_amount_sum": 0}
{"bb_code": "1500883002600IO8", "bb_year": "2559", "amount": 8094000, "min_code": "15000", "agc_code": "15008", "name": "ก่อสร้างอาคารอเนกประสงค์ โรงเรียนสิริราชอนุสรณ์ องค์การบริหารส่วนจังหวัดสระแก้ว อำเภอเมืองสระแก้ว จังหวัดสระแก้ว", "min": "กระทรวงมหาดไทย", "agc": "กรมส่งเสริมการปกครองท้องถิ่น", "plan_name": "ส่งเสริมการกระจายอำนาจให้แก่องค์กรปกครองส่วนท้องถิ่น", "stg_name": "ยุทธศาสตร์การบริหารกิจการบ้านเมืองที่ดี", "objc_level1_name": "งบลงทุน", "compare": [{"bb_amount": 8094000, "bb_province": "สระแก้ว"}], "gf_amount_sum": 0}
{"bb_code": "1500883002600IJ4", "bb_year": "2559", "amount": 8094000, "min_code": "15000", "agc_code": "15008", "name": "ก่อสร้างอาคารอเนกประสงค์ โรงเรียนหวายคำวิทยา องค์การบริหารส่วนจังหวัดศรีสะเกษ อำเภอเมืองศรีสะเกษ จังหวัดศรีสะเกษ", "min": "กระทรวงมหาดไทย", "agc": "กรมส่งเสริมการปกครองท้องถิ่น", "plan_name": "ส่งเสริมการกระจายอำนาจให้แก่องค์กรปกครองส่วนท้องถิ่น", "stg_name": "ยุทธศาสตร์การบริหารกิจการบ้านเมืองที่ดี", "objc_level1_name": "งบลงทุน", "compare": [{"bb_amount": 8094000, "bb_province": "ศรีสะเกษ"}], "gf_amount_sum": 0}
{"bb_code": "1500883002600II2", "bb_year": "2559", "amount": 8094000, "min_code": "15000", "agc_code": "15008", "name": "ก่อสร้างอาคารอเนกประสงค์ โรงเรียนเทศบาล 5 วัดดาวเรือง เทศบาลเมืองสระบุรี อำเภอเมืองสระบุรี จังหวัดสระบุรี", "min": "กระทรวงมหาดไทย", "agc": "กรมส่งเสริมการปกครองท้องถิ่น", "plan_name": "ส่งเสริมการกระจายอำนาจให้แก่องค์กรปกครองส่วนท้องถิ่น", "stg_name": "ยุทธศาสตร์การบริหารกิจการบ้านเมืองที่ดี", "objc_level1_name": "งบลงทุน", "compare": [{"bb_amount": 8094000, "bb_province": "สระบุรี"}], "gf_amount_sum": 0}
{"bb_code": "1500883002600IO3", "bb_year": "2559", "amount": 8094000, "min_code": "15000", "agc_code": "15008", "name": "ก่อสร้างอาคารอเนกประสงค์ โรงเรียนเทศบาลพัฒนา เทศบาลเมืองแก่งคอย อำเภอแก่งคอย จังหวัดสระบุรี", "min": "กระทรวงมหาดไทย", "agc": "กรมส่งเสริมการปกครองท้องถิ่น", "plan_name": "ส่งเสริมการกระจายอำนาจให้แก่องค์กรปกครองส่วนท้องถิ่น", "stg_name": "ยุทธศาสตร์การบริหารกิจการบ้านเมืองที่ดี", "objc_level1_name": "งบลงทุน", "compare": [{"bb_amount": 8094000, "bb_province": "สระบุรี"}], "gf_amount_sum": 0}
