{"bb_code": "1500720001700045", "bb_year": "2559", "amount": 7900000, "min_code": "15000", "agc_code": "15007", "name": "โครงการวางและจัดทำผังเมืองรวมจังหวัดหนองบัวลำภู", "min": "กระทรวงมหาดไทย", "agc": "กรมโยธาธิการและผังเมือง", "plan_name": "รักษาความมั่นคงของฐานทรัพยากรธรรมชาติและแก้ปัญหาที่ดินทำกิน", "stg_name": "ยุทธศาสตร์การจัดการทรัพยากรธรรมชาติและสิ่งแวดล้อม", "objc_level1_name": "งบลงทุน", "compare": [{"bb_amount": 7900000, "bb_province": "หนองบัวลำภู"}], "gf_amount_sum": 0}
{"bb_code": "1500786007420343", "bb_year": "2559", "amount": 7897500, "min_code": "15000", "agc_code": "15007", "name": "เขื่อนป้องกันตลิ่งริมแม่น้ำบางปะกง (ต่อเนื่องเขื่อนเดิม) บริเวณศาลเจ้าพ่อถึงสะพานข้ามแม่น้ำบางปะกง ม.7 ต.บ้านสร้าง และ ม.1 ต.บางกระเบา อ.บ้านสร้าง จ.ปราจีนบุรี ความยาว 300 เมตร", "min": "กระทรวงมหาดไทย", "agc": "กรมโยธาธิการและผังเมือง", "plan_name": "ฟื้นฟู ป้องกัน และจัดการภัยพิบัติ ", "stg_name": "ยุทธศาสตร์การจัดการทรัพยากรธรรมชาติและสิ่งแวดล้อม", "objc_level1_name": "งบลงทุน", "compare": [{"bb_amount": 7897500, "bb_province": "ปราจีนบุรี"}, {"gf_amount": 5913000, "gf_province": "ส่วนกลาง", "bb_amount": null, "bb_province": "กรุงเทพมหานคร"}], "gf_amount_sum": 5913000}
{"bb_code": "1500883002600Z38", "bb_year": "2559", "amount": 7871000, "min_code": "15000", "agc_code": "15008", "name": "ซ่อมสร้างถนนลาดยางผิวจราจรแอสฟัลท์ติกคอนกรีตสายแยกทางหลวงหมายเลข ๔๐๐๙ - บ้านทุ่งหลวง หมู่ที่ ๔ กว้าง ๖ เมตร ยาว ๒,๖๗๕ เมตร หนา ๐.๐๕ เมตร หรือมีพื้นที่ไม่น้อนกว่า ๑๖,๐๕๐ ตารางเมตร  ทต.ทุ่งหลวง อ.เวียงส", "min": "กระทรวงมหาดไทย", "agc": "กรมส่งเสริมการปกครองท้องถิ่น", "plan_name": "ส่งเสริมการกระจายอำนาจให้แก่องค์กรปกครองส่วนท้องถิ่น", "stg_name": "ยุทธศาสตร์การบริหารกิจการบ้านเมืองที่ดี", "objc_level1_name": "งบลงทุน", "compare": [{"bb_amount": 7871000, "bb_province": "สุราษฎร์ธานี"}], "gf_amount_sum": 0}
{"bb_code": "1500785013410110", "bb_year": "2559", "amount": 7864700, "min_code": "15000", "agc_code": "15007", "name": "โครงการปรับปรุงถนนในชุมชน สายเลียบชลประทาน บ้านต้นเลียบ - บ้านหรั่ง ตำบลมะกรูด  อำเภอโคกโพธิ์ จังหวัดปัตตานี ความกว้าง 5.00 ม.ระยะทาง 2.190 กม.", "min": "กระทรวงมหาดไทย", "agc": "กรมโยธาธิการและผังเมือง", "plan_name": "แก้ไขปัญหาและพัฒนาจังหวัดชายแดนภาคใต้", "stg_name": "ยุทธศาสตร์เร่งรัดวางรากฐานการพัฒนาที่ยั่งยืนของประเทศ", "objc_level1_name": "งบลงทุน", "compare": [{"bb_amount": 7864700, "bb_province": "ปัตตานี", "gf_amount": 7864700, "gf_province": "ปัตตานี"}], "gf_amount_sum": 7864700}
{"bb_code": "1500282003420030", "bb_year": "2559", "amount": 7864000, "min_code": "15000", "agc_code": "15002", "name": "ค่าก่อสร้างอาคารหอประชุมจังหวัดพัทลุง ตำบลคูหาสวรรค์ อำเภอเมืองพัทลุง จังหวัดพัทลุง", "min": "กระทรวงมหาดไทย", "agc": "สนง.ปลัดกระทรวงมหาดไทย", "plan_name": "พัฒนาประสิทธิภาพการบริหารราชการแผ่นดิน", "stg_name": "ยุทธศาสตร์การบริหารกิจการบ้านเมืองที่ดี", "objc_level1_name": "งบลงทุน", "compare": [{"bb_amount": 7864000, "bb_province": "พัทลุง", "gf_amount": 0, "gf_province": "พัทลุง"}], "gf_amount_sum": 0}
{"bb_code": "1500883002600U68", "bb_year": "2559", "amount": 7860300, "min_code": "15000", "agc_code": "15008", "name": "ซ่อมสร้างถนนลาดยางผิวทางพาราแอสฟัลท์ติกคอนกรีต (โดยวิธี Pavement In - Place Recycling) สายบ้านน้ำพุง หมู่ที่ ๓ ตำบลโป่ง - บ้านห้วยมุ่น หมู่ที่ ๘ ตำบลกกสะทอน อำเภอด่านซ้าย  กว้าง  ๖  เมตร ยาว ๒,๓๒๐ เมต", "min": "กระทรวงมหาดไทย", "agc": "กรมส่งเสริมการปกครองท้องถิ่น", "plan_name": "ส่งเสริมการกระจายอำนาจให้แก่องค์กรปกครองส่วนท้องถิ่น", "stg_name": "ยุทธศาสตร์การบริหารกิจการบ้านเมืองที่ดี", "objc_level1_name": "งบลงทุน", "compare": [{"bb_amount": 7860300, "bb_province": "เลย"}], "gf_amount_sum": 0}
{"bb_code": "1500785013410133", "bb_year": "2559", "amount": 7857800, "min_code": "15000", "agc_code": "15007", "name": "โครงการปรับปรุงถนนในชุมชนสายบาโงมาแย ม.3 ต.สากอ อ.สุไหงปาดี จ.นราธิวาส กว้าง 5.00 ม. ความยาว 2.000 กม.", "min": "กระทรวงมหาดไทย", "agc": "กรมโยธาธิการและผังเมือง", "plan_name": "แก้ไขปัญหาและพัฒนาจังหวัดชายแดนภาคใต้", "stg_name": "ยุทธศาสตร์เร่งรัดวางรากฐานการพัฒนาที่ยั่งยืนของประเทศ", "objc_level1_name": "งบลงทุน", "compare": [{"bb_amount": 7857800, "bb_province": "นราธิวาส", "gf_amount": 7855000, "gf_province": "นราธิวาส"}], "gf_amount_sum": 7855000}
{"bb_code": "1500883002600HE1", "bb_year": "2559", "amount": 7848000, "min_code": "15000", "agc_code": "15008", "name": "ซ่อมสร้างถนนคอนกรีตเสริมเหล็ก หมู่ที่ ๑๐ สายบ้านสบลาน ถึง บ้านสบลาน กว้าง ๔ เมตร ยาว ๒,๘๙๕ เมตร หนา ๐.๑๕ เมตร ไหล่ทางข้าละ ๐.๑๕ เมตร  อบต.ยางเปียง อ.อมก๋อย จ.เชียงใหม่", "min": "กระทรวงมหาดไทย", "agc": "กรมส่งเสริมการปกครองท้องถิ่น", "plan_name": "ส่งเสริมการกระจายอำนาจให้แก่องค์กรปกครองส่วนท้องถิ่น", "stg_name": "ยุทธศาสตร์การบริหารกิจการบ้านเมืองที่ดี", "objc_level1_name": "งบลงทุน", "compare": [{"bb_amount": 7848000, "bb_province": "เชียงใหม่"}], "gf_amount_sum": 0}
{"bb_code": "1500720002420106", "bb_year": "2559", "amount": 7848000, "min_code": "15000", "agc_code": "15007", "name": "โครงการพัฒนาพื้นที่เฉพาะเมืองหัวหิน อำเภอหัวหิน จังหวัดประจวบคีรีขันธ์", "min": "กระทรวงมหาดไทย", "agc": "กรมโยธาธิการและผังเมือง", "plan_name": "รักษาความมั่นคงของฐานทรัพยากรธรรมชาติและแก้ปัญหาที่ดินทำกิน", "stg_name": "ยุทธศาสตร์การจัดการทรัพยากรธรรมชาติและสิ่งแวดล้อม", "objc_level1_name": "งบลงทุน", "compare": [{"bb_amount": 7848000, "bb_province": "ประจวบคีรีขันธ์"}, {"gf_amount": 5850000, "gf_province": "ส่วนกลาง", "bb_amount": null, "bb_province": "กรุงเทพมหานคร"}], "gf_amount_sum": 5850000}
{"bb_code": "1500785013410070", "bb_year": "2559", "amount": 7848000, "min_code": "15000", "agc_code": "15007", "name": "โครงการปรับปรุงถนนในชุมชน สายบ้านกาหลง - บ้านสายบน หมู่ที่ 3 ตำบลกาหลง อำเภอศรีสาคร จังหวัดนราธิวาส กว้าง 5 เมตร ระยะทาง 2.00 กิโลเมตร", "min": "กระทรวงมหาดไทย", "agc": "กรมโยธาธิการและผังเมือง", "plan_name": "แก้ไขปัญหาและพัฒนาจังหวัดชายแดนภาคใต้", "stg_name": "ยุทธศาสตร์เร่งรัดวางรากฐานการพัฒนาที่ยั่งยืนของประเทศ", "objc_level1_name": "งบลงทุน", "compare": [{"bb_amount": 7848000, "bb_province": "นราธิวาส", "gf_amount": 7848000, "gf_province": "นราธิวาส"}], "gf_amount_sum": 7848000}
{"bb_code": "1500785013410077", "bb_year": "2559", "amount": 7848000, "min_code": "15000", "agc_code": "15007", "name": "โครงการปรับปรุงถนนในชุมชน สายบ้านโคกกูโน หมู่ที่ 3 ตำบลปูโยะ อำเภอสุไหงโกลก จังหวัดนราธิวาส กว้าง 5 เมตร ระยะทาง 2.00 กิโลเมตร", "min": "กระทรวงมหาดไทย", "agc": "กรมโยธาธิการและผังเมือง", "plan_name": "แก้ไขปัญหาและพัฒนาจังหวัดชายแดนภาคใต้", "stg_name": "ยุทธศาสตร์เร่งรัดวางรากฐานการพัฒนาที่ยั่งยืนของประเทศ", "objc_level1_name": "งบลงทุน", "compare": [{"bb_amount": 7848000, "bb_province": "นราธิวาส", "gf_amount": 7840000, "gf_province": "นราธิวาส"}], "gf_amount_sum": 7840000}
{"bb_code": "1500785013410080", "bb_year": "2559", "amount": 7848000, "min_code": "15000", "agc_code": "15007", "name": "โครงการปรับปรุงถนนในชุมชน สายภายในโครงการฟาร์มตัวอย่างฯบ้านรอตันบาตู หมู่ที่ 7 ตำบลกะลุวอเหนือ อำเภอเมือง จังหวัดนราธิวาส กว้าง 5 เมตร ระยะทาง 2.00 กิโลเมตร", "min": "กระทรวงมหาดไทย", "agc": "กรมโยธาธิการและผังเมือง", "plan_name": "แก้ไขปัญหาและพัฒนาจังหวัดชายแดนภาคใต้", "stg_name": "ยุทธศาสตร์เร่งรัดวางรากฐานการพัฒนาที่ยั่งยืนของประเทศ", "objc_level1_name": "งบลงทุน", "compare": [{"bb_amount": 7848000, "bb_province": "นราธิวาส", "gf_amount": 7845000, "gf_province": "นราธิวาส"}], "gf_amount_sum": 7845000}
{"bb_code": "1500883002600FJ5", "bb_year": "2559", "amount": 7845500, "min_code": "15000", "agc_code": "15008", "name": "ซ่อมสร้างถนนลาดยางผิวจราจรแบบแอสฟัลท์ติกคอนกรีต สายทาง ลป.ถ. ๑-๐๐๒๔ บ้านหนองละคอน - บ้านใหม่จำบอน ช่วงบ้านใหม่จำบอน หมู่ที่ ๙ ตำบลต้นธงชัย กว้าง ๘ เมตร ยาว ๒,๕๕๐ เมตร หนา ๐.๐๕ เมตร  อบจ.ลำปาง อ.ห้างฉั", "min": "กระทรวงมหาดไทย", "agc": "กรมส่งเสริมการปกครองท้องถิ่น", "plan_name": "ส่งเสริมการกระจายอำนาจให้แก่องค์กรปกครองส่วนท้องถิ่น", "stg_name": "ยุทธศาสตร์การบริหารกิจการบ้านเมืองที่ดี", "objc_level1_name": "งบลงทุน", "compare": [{"bb_amount": 7845500, "bb_province": "ลำปาง"}], "gf_amount_sum": 0}
{"bb_code": "1500883002600W22", "bb_year": "2559", "amount": 7842000, "min_code": "15000", "agc_code": "15008", "name": "ซ่อมสร้างถนนลาดยางผิวทางพาราแอสฟัลท์ติกคอนกรีต (โดยวิธี Pavement In - Place Recycling) สายบ้านเอราวัณ หมู่ที่ ๓ ตำบลผาอินทร์แปลง - บ้านวังเลา หมู่ที่ ๗ ตำบลเอราวัณ  กว้าง ๖ เมตร ยาว ๑,๘๒๕ เมตร พร้อมไห", "min": "กระทรวงมหาดไทย", "agc": "กรมส่งเสริมการปกครองท้องถิ่น", "plan_name": "ส่งเสริมการกระจายอำนาจให้แก่องค์กรปกครองส่วนท้องถิ่น", "stg_name": "ยุทธศาสตร์การบริหารกิจการบ้านเมืองที่ดี", "objc_level1_name": "งบลงทุน", "compare": [{"bb_amount": 7842000, "bb_province": "เลย"}], "gf_amount_sum": 0}
{"bb_code": "1500720001700048", "bb_year": "2559", "amount": 7840000, "min_code": "15000", "agc_code": "15007", "name": "โครงการวางและจัดทำผังเมืองรวมจังหวัดอุทัยธานี", "min": "กระทรวงมหาดไทย", "agc": "กรมโยธาธิการและผังเมือง", "plan_name": "รักษาความมั่นคงของฐานทรัพยากรธรรมชาติและแก้ปัญหาที่ดินทำกิน", "stg_name": "ยุทธศาสตร์การจัดการทรัพยากรธรรมชาติและสิ่งแวดล้อม", "objc_level1_name": "งบลงทุน", "compare": [{"bb_amount": 7840000, "bb_province": "อุทัยธานี"}], "gf_amount_sum": 0}
{"bb_code": "1500217015700003", "bb_year": "2559", "amount": 7830000, "min_code": "15000", "agc_code": "15002", "name": "ค่าใช้จ่ายในการสนับสนุนการป้องกันและแก้ไขปัญหายาเสพติดในระดับพื้นที่", "min": "กระทรวงมหาดไทย", "agc": "สนง.ปลัดกระทรวงมหาดไทย", "plan_name": "ป้องกัน ปราบปราม และบําบัดรักษาผู้ติดยาเสพติด ", "stg_name": "ยุทธศาสตร์การศึกษา สาธารณสุข คุณธรรม จริยธรรม และคุณภาพชีวิต", "objc_level1_name": "รายจ่ายอื่น", "compare": [{"bb_amount": 7830000, "bb_province": "กรุงเทพมหานคร", "gf_amount": 4913234.85, "gf_province": "ส่วนกลาง"}, {"gf_amount": 25000, "gf_province": "ชุมพร", "bb_amount": null, "bb_province": "ชุมพร"}, {"gf_amount": 25000, "gf_province": "ราชบุรี", "bb_amount": null, "bb_province": "ราชบุรี"}, {"gf_amount": 25000, "gf_province": "บุรีรัมย์", "bb_amount": null, "bb_province": "บุรีรัมย์"}, {"gf_amount": 25000, "gf_province": "ภูเก็ต", "bb_amount": null, "bb_province": "ภูเก็ต"}, {"gf_amount": 25000, "gf_province": "ชัยนาท", "bb_amount": null, "bb_province": "ชัยนาท"}, {"gf_amount": 25000, "gf_province": "ชลบุรี", "bb_amount": null, "bb_province": "ชลบุรี"}, {"gf_amount": 25000, "gf_province": "ระยอง", "bb_amount": null, "bb_province": "ระยอง"}, {"gf_amount": 25000, "gf_province": "พิษณุโลก", "bb_amount": null, "bb_province": "พิษณุโลก"}, {"gf_amount": 25000, "gf_province": "ปราจีนบุรี", "bb_amount": null, "bb_province": "ปราจีนบุรี"}, {"gf_amount": 25000, "gf_province": "ลำพูน", "bb_amount": null, "bb_province": "ลำพูน"}, {"gf_amount": 25000, "gf_province": "เชียงราย", "bb_amount": null, "bb_province": "เชียงราย"}, {"gf_amount": 25000, "gf_province": "อุทัยธานี", "bb_amount": null, "bb_province": "อุทัยธานี"}, {"gf_amount": 25000, "gf_province": "ศรีสะเกษ", "bb_amount": null, "bb_province": "ศรีสะเกษ"}, {"gf_amount": 25000, "gf_province": "หนองบัวลำภู", "bb_amount": null, "bb_province": "หนองบัวลำภู"}, {"gf_amount": 25000, "gf_province": "พิจิตร", "bb_amount": null, "bb_province": "พิจิตร"}, {"gf_amount": 25000, "gf_province": "นครศรีธรรมราช", "bb_amount": null, "bb_province": "นครศรีธรรมราช"}, {"gf_amount": 25000, "gf_province": "ระนอง", "bb_amount": null, "bb_province": "ระนอง"}, {"gf_amount": 25000, "gf_province": "สมุทรปราการ", "bb_amount": null, "bb_province": "สมุทรปราการ"}, {"gf_amount": 25000, "gf_province": "สระบุรี", "bb_amount": null, "bb_province": "สระบุรี"}, {"gf_amount": 25000, "gf_province": "สระแก้ว", "bb_amount": null, "bb_province": "สระแก้ว"}, {"gf_amount": 25000, "gf_province": "นราธิวาส", "bb_amount": null, "bb_province": "นราธิวาส"}, {"gf_amount": 25000, "gf_province": "กระบี่", "bb_amount": null, "bb_province": "กระบี่"}, {"gf_amount": 25000, "gf_province": "เพชรบุรี", "bb_amount": null, "bb_province": "เพชรบุรี"}, {"gf_amount": 25000, "gf_province": "สุรินทร์", "bb_amount": null, "bb_province": "สุรินทร์"}, {"gf_amount": 25000, "gf_province": "ยโสธร", "bb_amount": null, "bb_province": "ยโสธร"}, {"gf_amount": 25000, "gf_province": "ฉะเชิงเทรา", "bb_amount": null, "bb_province": "ฉะเชิงเทรา"}, {"gf_amount": 25000, "gf_province": "บึงกาฬ", "bb_amount": null, "bb_province": "บึงกาฬ"}, {"gf_amount": 25000, "gf_province": "เชียงใหม่", "bb_amount": null, "bb_province": "เชียงใหม่"}, {"gf_amount": 25000, "gf_province": "สตูล", "bb_amount": null, "bb_province": "สตูล"}, {"gf_amount": 25000, "gf_province": "พัทลุง", "bb_amount": null, "bb_province": "พัทลุง"}, {"gf_amount": 25000, "gf_province": "สุโขทัย", "bb_amount": null, "bb_province": "สุโขทัย"}, {"gf_amount": 25000, "gf_province": "สุพรรณบุรี", "bb_amount": null, "bb_province": "สุพรรณบุรี"}, {"gf_amount": 25000, "gf_province": "จันทบุรี", "bb_amount": null, "bb_province": "จันทบุรี"}, {"gf_amount": 25000, "gf_province": "ร้อยเอ็ด", "bb_amount": null, "bb_province": "ร้อยเอ็ด"}, {"gf_amount": 25000, "gf_province": "มุกดาหาร", "bb_amount": null, "bb_province": "มุกดาหาร"}, {"gf_amount": 25000, "gf_province": "ตรัง", "bb_amount": null, "bb_province": "ตรัง"}, {"gf_amount": 25000, "gf_province": "หนองคาย", "bb_amount": null, "bb_province": "หนองคาย"}, {"gf_amount": 25000, "gf_province": "อุดรธานี", "bb_amount": null, "bb_province": "อุดรธานี"}, {"gf_amount": 25000, "gf_province": "พระนครศรีอยุธยา", "bb_amount": null, "bb_province": "พระนครศรีอยุธยา"}, {"gf_amount": 25000, "gf_province": "มหาสารคาม", "bb_amount": null, "bb_province": "มหาสารคาม"}, {"gf_amount": 25000, "gf_province": "พังงา", "bb_amount": null, "bb_province": "พังงา"}, {"gf_amount": 25000, "gf_province": "แพร่", "bb_amount": null, "bb_province": "แพร่"}, {"gf_amount": 25000, "gf_province": "อ่างทอง", "bb_amount": null, "bb_province": "อ่างทอง"}, {"gf_amount": 25000, "gf_province": "สิงห์บุรี", "bb_amount": null, "bb_province": "สิงห์บุรี"}, {"gf_amount": 25000, "gf_province": "นครพนม", "bb_amount": null, "bb_province": "นครพนม"}, {"gf_amount": 25000, "gf_province": "ตราด", "bb_amount": null, "bb_province": "ตราด"}, {"gf_amount": 25000, "gf_province": "ลพบุรี", "bb_amount": null, "bb_province": "ลพบุรี"}, {"gf_amount": 25000, "gf_province": "เพชรบูรณ์", "bb_amount": null, "bb_province": "เพชรบูรณ์"}, {"gf_amount": 25000, "gf_province": "สกลนคร", "bb_amount": null, "bb_province": "สกลนคร"}, {"gf_amount": 25000, "gf_province": "ปัตตานี", "bb_amount": null, "bb_province": "ปัตตานี"}, {"gf_amount": 25000, "gf_province": "นครราชสีมา", "bb_amount": null, "bb_province": "นครราชสีมา"}, {"gf_amount": 25000, "gf_province": "ชัยภูมิ", "bb_amount": null, "bb_province": "ชัยภูมิ"}, {"gf_amount": 25000, "gf_province": "นครสวรรค์", "bb_amount": null, "bb_province": "นครสวรรค์"}, {"gf_amount": 25000, "gf_province": "สงขลา", "bb_amount": null, "bb_province": "สงขลา"}, {"gf_amount": 25000, "gf_province": "กาญจนบุรี", "bb_amount": null, "bb_province": "กาญจนบุรี"}, {"gf_amount": 25000, "gf_province": "นครนายก", "bb_amount": null, "bb_province": "นครนายก"}, {"gf_amount": 25000, "gf_province": "อุบลราชธานี", "bb_amount": null, "bb_province": "อุบลราชธานี"}, {"gf_amount": 25000, "gf_province": "เลย", "bb_amount": null, "bb_province": "เลย"}, {"gf_amount": 25000, "gf_province": "พะเยา", "bb_amount": null, "bb_province": "พะเยา"}, {"gf_amount": 25000, "gf_province": "สมุทรสาคร", "bb_amount": null, "bb_province": "สมุทรสาคร"}, {"gf_amount": 25000, "gf_province": "นครปฐม", "bb_amount": null, "bb_province": "นครปฐม"}, {"gf_amount": 25000, "gf_province": "นนทบุรี", "bb_amount": null, "bb_province": "นนทบุรี"}, {"gf_amount": 25000, "gf_province": "กาฬสินธุ์", "bb_amount": null, "bb_province": "กาฬสินธุ์"}, {"gf_amount": 25000, "gf_province": "แม่ฮ่องสอน", "bb_amount": null, "bb_province": "แม่ฮ่องสอน"}, {"gf_amount": 25000, "gf_province": "ขอนแก่น", "bb_amount": null, "bb_province": "ขอนแก่น"}, {"gf_amount": 25000, "gf_province": "อุตรดิตถ์", "bb_amount": null, "bb_province": "อุตรดิตถ์"}, {"gf_amount": 25000, "gf_province": "ตาก", "bb_amount": null, "bb_province": "ตาก"}, {"gf_amount": 25000, "gf_province": "สุราษฎร์ธานี", "bb_amount": null, "bb_province": "สุราษฎร์ธานี"}, {"gf_amount": 25000, "gf_province": "น่าน", "bb_amount": null, "bb_province": "น่าน"}, {"gf_amount": 25000, "gf_province": "ลำปาง", "bb_amount": null, "bb_province": "ลำปาง"}, {"gf_amount": 25000, "gf_province": "อำนาจเจริญ", "bb_amount": null, "bb_province": "อำนาจเจริญ"}, {"gf_amount": 24996.8, "gf_province": "สมุทรสงคราม", "bb_amount": null, "bb_province": "สมุทรสงคราม"}, {"gf_amount": 24990, "gf_province": "ประจวบคีรีขันธ์", "bb_amount": null, "bb_province": "ประจวบคีรีขันธ์"}, {"gf_amount": 23600, "gf_province": "ยะลา", "bb_amount": null, "bb_province": "ยะลา"}, {"gf_amount": 20700, "gf_province": "ปทุมธานี", "bb_amount": null, "bb_province": "ปทุมธานี"}], "gf_amount_sum": 6782521.65}
{"bb_code": "1500883002600Q37", "bb_year": "2559", "amount": 7824600, "min_code": "15000", "agc_code": "15008", "name": "ปรับปรุงซ่อมแซมถนนลาดยาง สายบ้านเมืองไผ่-หนองหอย (ตอน ๓) ตำบลเมืองไผ่-ตำบลผักขะ โดยการ OVER-LAY ผิวด้วยแอสฟัลท์ติกคอนกรีต กว้าง ๖ เมตร ยาว ๒,๗๐๐ เมตร หนา ๐.๐๔ เมตร ไหล่ทางแอสฟัลท์ติกคอนกรีต กว้างข้างล", "min": "กระทรวงมหาดไทย", "agc": "กรมส่งเสริมการปกครองท้องถิ่น", "plan_name": "ส่งเสริมการกระจายอำนาจให้แก่องค์กรปกครองส่วนท้องถิ่น", "stg_name": "ยุทธศาสตร์การบริหารกิจการบ้านเมืองที่ดี", "objc_level1_name": "งบลงทุน", "compare": [{"bb_amount": 7824600, "bb_province": "สระแก้ว"}], "gf_amount_sum": 0}
{"bb_code": "1500883002600O80", "bb_year": "2559", "amount": 7824600, "min_code": "15000", "agc_code": "15008", "name": "ซ่อมสร้างผิวลาดยางแอสฟัลท์ติกคอนกรีต สายบ้านทับกฤชใต้ - บ้านท่าช้าง (นว.ถ.๕๓-๐๐๑) หมู่ที่ ๗ บ้านทับกฤชใต้ - หมู่ที่ ๘ บ้านท่าช้าง ตำบลทับกฤชใต้ กว้าง ๖ เมตร ยาว ๒,๗๐๐ เมตร หนา ๐.๐๔ เมตร ไหล่ทางแอสฟัลท", "min": "กระทรวงมหาดไทย", "agc": "กรมส่งเสริมการปกครองท้องถิ่น", "plan_name": "ส่งเสริมการกระจายอำนาจให้แก่องค์กรปกครองส่วนท้องถิ่น", "stg_name": "ยุทธศาสตร์การบริหารกิจการบ้านเมืองที่ดี", "objc_level1_name": "งบลงทุน", "compare": [{"bb_amount": 7824600, "bb_province": "นครสวรรค์"}], "gf_amount_sum": 0}
{"bb_code": "1500883002600EZ1", "bb_year": "2559", "amount": 7818800, "min_code": "15000", "agc_code": "15008", "name": "เสริมผิวจราจรลาดยางแอสฟัลท์ติกคอนกรีตถนนรหัสสายทาง สข.ถ. ๑-๐๐๖๘ สายบ้านไทยจังโหลน ตำบลสำนักขาม - บ้านหัวควน ตำบลท่าบอน  อำเภอระโนด กว้าง ๖  เมตร  ยาว ๒,๘๐๐ เมตร หนา ๐.๐๕ เมตร ไหล่ทางข้างละ ๑ เมตร  อบจ", "min": "กระทรวงมหาดไทย", "agc": "กรมส่งเสริมการปกครองท้องถิ่น", "plan_name": "ส่งเสริมการกระจายอำนาจให้แก่องค์กรปกครองส่วนท้องถิ่น", "stg_name": "ยุทธศาสตร์การบริหารกิจการบ้านเมืองที่ดี", "objc_level1_name": "งบลงทุน", "compare": [{"bb_amount": 7818800, "bb_province": "สงขลา"}], "gf_amount_sum": 0}
{"bb_code": "1500883002600EW2", "bb_year": "2559", "amount": 7817100, "min_code": "15000", "agc_code": "15008", "name": "ซ่อมสร้างถนนลาดยางแอสฟัลท์ติกคอนกรีตถนนรหัสสายทาง สข.ถ. ๑-๐๐๓๗ สายบ้านลำพด  ตำบลคลองทราย  อำเภอนาทวี - บ้านหัวควน ตำบลน้ำขาว อำเภอจะนะ กว้าง ๘.๐๐ เมตร  ยาว ๑,๙๕๐ เมตร หนา ๐.๐๕ เมตร ไหล่ทางข้างละ ๑.๐๐", "min": "กระทรวงมหาดไทย", "agc": "กรมส่งเสริมการปกครองท้องถิ่น", "plan_name": "ส่งเสริมการกระจายอำนาจให้แก่องค์กรปกครองส่วนท้องถิ่น", "stg_name": "ยุทธศาสตร์การบริหารกิจการบ้านเมืองที่ดี", "objc_level1_name": "งบลงทุน", "compare": [{"bb_amount": 7817100, "bb_province": "สงขลา"}], "gf_amount_sum": 0}
