{"bb_code": "1500883002600M79", "bb_year": "2559", "amount": 7776300, "min_code": "15000", "agc_code": "15008", "name": "ปรับปรุงผิวจราจรแอสฟัลท์ติกคอนกรีต (แบบ Overley) ถนนสายสุขาภิบาล - ตลาดหุบรัก กว้าง ๖ เมตร ยาว ๓,๕๐๐ เมตร หนาเฉลี่ย ๐.๐๕ เมตร พื้นที่ไม่น้อยกว่า ๒๑,๐๐๐ ตารางเมตร อบต.โพรงมะเดื่อ อ.เมืองนครปฐม จ.นครปฐม", "min": "กระทรวงมหาดไทย", "agc": "กรมส่งเสริมการปกครองท้องถิ่น", "plan_name": "ส่งเสริมการกระจายอำนาจให้แก่องค์กรปกครองส่วนท้องถิ่น", "stg_name": "ยุทธศาสตร์การบริหารกิจการบ้านเมืองที่ดี", "objc_level1_name": "งบลงทุน", "compare": [{"bb_amount": 7776300, "bb_province": "นครปฐม"}], "gf_amount_sum": 0}
{"bb_code": "1500425014120004", "bb_year": "2559", "amount": 7764000, "min_code": "15000", "agc_code": "15004", "name": "รถโดยสาร ขนาด 12 ที่นั่ง (ดีเซล)  กรมการพัฒนาชุมชน แขวงทุ่งสองห้อง เขตหลักสี่ กรุงเทพมหานคร", "min": "กระทรวงมหาดไทย", "agc": "กรมการพัฒนาชุมชน", "plan_name": "พัฒนาเศรษฐกิจระดับฐานราก ", "stg_name": "ยุทธศาสตร์การสร้างความเจริญเติบโตทางเศรษฐกิจอย่างยั่งยืนและเป็นธรรม", "objc_level1_name": "งบลงทุน", "compare": [{"bb_amount": 7764000, "bb_province": "กรุงเทพมหานคร", "gf_amount": 7332324, "gf_province": "ส่วนกลาง"}], "gf_amount_sum": 7332324}
{"bb_code": "1500883002600AY7", "bb_year": "2559", "amount": 7756000, "min_code": "15000", "agc_code": "15008", "name": "ปรับปรุงซ่อมแซมถนนลาดยางผิวทางพาราแอสฟัลท์ติกคอนกรีต (โดยวิธี Pavement In-Place Rติกecycling) สายทาง  มค.ถ. ๑-๐๐๓๓ บ้านหัวงัว หมู่ที่ ๗ ตำบลหนองแสง - บ้านหัวเรือ หมู่ที่ ๔  ตำบลหัวเรือ กว้าง ๗ เมตร ยา", "min": "กระทรวงมหาดไทย", "agc": "กรมส่งเสริมการปกครองท้องถิ่น", "plan_name": "ส่งเสริมการกระจายอำนาจให้แก่องค์กรปกครองส่วนท้องถิ่น", "stg_name": "ยุทธศาสตร์การบริหารกิจการบ้านเมืองที่ดี", "objc_level1_name": "งบลงทุน", "compare": [{"bb_amount": 7756000, "bb_province": "มหาสารคาม"}], "gf_amount_sum": 0}
{"bb_code": "1500786007420015", "bb_year": "2559", "amount": 7742800, "min_code": "15000", "agc_code": "15007", "name": "เขื่อนป้องกันตลิ่งริมคลองปากพะเนียด เทศบาลตำบลเขาชัยสน ต.เขาชัยสน อ.เขาชัยสน จ.พัทลุง ความยาว 485 เมตร", "min": "กระทรวงมหาดไทย", "agc": "กรมโยธาธิการและผังเมือง", "plan_name": "ฟื้นฟู ป้องกัน และจัดการภัยพิบัติ ", "stg_name": "ยุทธศาสตร์การจัดการทรัพยากรธรรมชาติและสิ่งแวดล้อม", "objc_level1_name": "งบลงทุน", "compare": [{"bb_amount": 7742800, "bb_province": "พัทลุง"}, {"gf_amount": 4517000, "gf_province": "ส่วนกลาง", "bb_amount": null, "bb_province": "กรุงเทพมหานคร"}], "gf_amount_sum": 4517000}
{"bb_code": "1500883002600L13", "bb_year": "2559", "amount": 7728000, "min_code": "15000", "agc_code": "15008", "name": "ซ่อมสร้างถนนลาดยางผิวปูแอสฟัลท์ติกคอนกรีต โดยวิธี RECYCLING สายทาง อบจ.๓๐๐๓ บ้านกุดตุ้ม - บ้านหินกอง อำเภอเมืองชัยภูมิ กว้าง ๖ เมตร ยาว ๑,๗๕๐ เมตร หนา ๐.๐๔ เมตร ไหล่ทางกว้างข้างละ ๑ เมตร อบจ.ชัยภูมิ อ", "min": "กระทรวงมหาดไทย", "agc": "กรมส่งเสริมการปกครองท้องถิ่น", "plan_name": "ส่งเสริมการกระจายอำนาจให้แก่องค์กรปกครองส่วนท้องถิ่น", "stg_name": "ยุทธศาสตร์การบริหารกิจการบ้านเมืองที่ดี", "objc_level1_name": "งบลงทุน", "compare": [{"bb_amount": 7728000, "bb_province": "ชัยภูมิ"}], "gf_amount_sum": 0}
{"bb_code": "1500883002600M43", "bb_year": "2559", "amount": 7728000, "min_code": "15000", "agc_code": "15008", "name": "ปรับปรุงถนนลาดยางแอสฟัลท์ติกคอนกรีตสายปข.2020 สี่แยกไร่ใหม่ - บ้านเนินพยอม หมู่ที่ ๔ ตำบลไร่ใหม่ ,หมู่ที่ ๔ ตำบลไร่เก่า กว้าง ๘ เมตร   ยาว ๒,๐๐๐ เมตร หนา ๐.๐๕ เมตร  อบจ.ประจวบคีรีขันธ์ อ.สามร้อยยอด จ.", "min": "กระทรวงมหาดไทย", "agc": "กรมส่งเสริมการปกครองท้องถิ่น", "plan_name": "ส่งเสริมการกระจายอำนาจให้แก่องค์กรปกครองส่วนท้องถิ่น", "stg_name": "ยุทธศาสตร์การบริหารกิจการบ้านเมืองที่ดี", "objc_level1_name": "งบลงทุน", "compare": [{"bb_amount": 7728000, "bb_province": "ประจวบคีรีขันธ์"}], "gf_amount_sum": 0}
{"bb_code": "1500883002600GQ8", "bb_year": "2559", "amount": 7728000, "min_code": "15000", "agc_code": "15008", "name": "ซ่อมสร้างถนนลาดยางผิวจราจรแบบพาราเคปซีล สาย บ้านทรายมูล – บ้านเมืองไพร อำเภอบ้านดุง  ขนาดผิวจราจรกว้าง ๖.๐๐ เมตร  ไหล่ทางข้างละ ๐.๐๐-๑.๐๐ เมตร ยาว ๒,๙๕๐ เมตร อบจ.อุดรธานี อ.บ้านดุง จ.อุดรธานี", "min": "กระทรวงมหาดไทย", "agc": "กรมส่งเสริมการปกครองท้องถิ่น", "plan_name": "ส่งเสริมการกระจายอำนาจให้แก่องค์กรปกครองส่วนท้องถิ่น", "stg_name": "ยุทธศาสตร์การบริหารกิจการบ้านเมืองที่ดี", "objc_level1_name": "งบลงทุน", "compare": [{"bb_amount": 7728000, "bb_province": "อุดรธานี"}], "gf_amount_sum": 0}
{"bb_code": "1500883002600BB0", "bb_year": "2559", "amount": 7728000, "min_code": "15000", "agc_code": "15008", "name": "ซ่อมสร้างถนนลาดยางแบบ Double Surface Treatment ฉาบผิว Para Slurry Seal Type ๓ (โดยวิธี Pavement in Place Recycling) สายทางบ้านส้มป่อย หมู่ที่ ๒ ตำบลสำโรง - บ้านกระจ๊ะ หมู่ที่ ๗ ตำบลโคกหล่าม (ช่วงที่ ๒", "min": "กระทรวงมหาดไทย", "agc": "กรมส่งเสริมการปกครองท้องถิ่น", "plan_name": "ส่งเสริมการกระจายอำนาจให้แก่องค์กรปกครองส่วนท้องถิ่น", "stg_name": "ยุทธศาสตร์การบริหารกิจการบ้านเมืองที่ดี", "objc_level1_name": "งบลงทุน", "compare": [{"bb_amount": 7728000, "bb_province": "ศรีสะเกษ"}], "gf_amount_sum": 0}
{"bb_code": "1500883002600L45", "bb_year": "2559", "amount": 7728000, "min_code": "15000", "agc_code": "15008", "name": "ซ่อมสร้างผิวทางแอสฟัลท์ติกคอนกรีต (โดยวิธี Pavement In - PIace Recycling) แยก ทล.๒๒๕ - บ้านเหวนางคำ กว้าง ๖ เมตร ยาว ๓,๗๐๐ เมตร หนา ๐.๐๔ เมตร อบต.วังทอง อ.ภักดีชุมพล จ.ชัยภูมิ", "min": "กระทรวงมหาดไทย", "agc": "กรมส่งเสริมการปกครองท้องถิ่น", "plan_name": "ส่งเสริมการกระจายอำนาจให้แก่องค์กรปกครองส่วนท้องถิ่น", "stg_name": "ยุทธศาสตร์การบริหารกิจการบ้านเมืองที่ดี", "objc_level1_name": "งบลงทุน", "compare": [{"bb_amount": 7728000, "bb_province": "ชัยภูมิ"}], "gf_amount_sum": 0}
{"bb_code": "1500883002600BB5", "bb_year": "2559", "amount": 7728000, "min_code": "15000", "agc_code": "15008", "name": "ซ่อมสร้างถนนลาดยางแบบ Double Surface Treatment ฉาบผิว Para Slurry Seal Type ๓ (โดยวิธี Pavement in Place Recycling) สายทางบ้านสำโรง หมู่ที่ ๑ ตำบลสำโรง - บ้านหนองดีปลี หมู่ที่ ๒ ตำบลหนองไฮ (ช่วงที่ ๒)", "min": "กระทรวงมหาดไทย", "agc": "กรมส่งเสริมการปกครองท้องถิ่น", "plan_name": "ส่งเสริมการกระจายอำนาจให้แก่องค์กรปกครองส่วนท้องถิ่น", "stg_name": "ยุทธศาสตร์การบริหารกิจการบ้านเมืองที่ดี", "objc_level1_name": "งบลงทุน", "compare": [{"bb_amount": 7728000, "bb_province": "ศรีสะเกษ"}], "gf_amount_sum": 0}
{"bb_code": "1500883002600N31", "bb_year": "2559", "amount": 7728000, "min_code": "15000", "agc_code": "15008", "name": "ปรับปรุงซ่อมแซมถนนลาดยาง แอสฟัลท์ติกคอนกรีต สายบ้านคลองหินจวง -บ้านหัวเขา หมู่ที่ ๑๐ ตำบลห้วยยาง กว้าง ๖ เมตร ยาว ๒,๔๑๐ เมตร หนา ๐.๐๕ เมตร  อบต.ห้วยยาง อ.ทับสะแก จ.ประจวบคีรีขันธ์", "min": "กระทรวงมหาดไทย", "agc": "กรมส่งเสริมการปกครองท้องถิ่น", "plan_name": "ส่งเสริมการกระจายอำนาจให้แก่องค์กรปกครองส่วนท้องถิ่น", "stg_name": "ยุทธศาสตร์การบริหารกิจการบ้านเมืองที่ดี", "objc_level1_name": "งบลงทุน", "compare": [{"bb_amount": 7728000, "bb_province": "ประจวบคีรีขันธ์"}], "gf_amount_sum": 0}
{"bb_code": "1500883002600R44", "bb_year": "2559", "amount": 7728000, "min_code": "15000", "agc_code": "15008", "name": "ซ่อมสร้างถนนลาดยาง ผิวจราจรแอสฟัลท์ติกคอนกรีต (Asphaltic Concrete) สาย กพ.ถ๑-๐๐๒๒ บ้านหนองแห้ว ตำบลวังไทร อำเภอคลองขลุง เชื่อมบ้านไผ่ยาวสามัคคี ตำบลโพธิ์ทอง กว้าง ๖ เมตร ยาว ๒,๕๘๐ เมตร ไหล่ทางข้างละ ๐", "min": "กระทรวงมหาดไทย", "agc": "กรมส่งเสริมการปกครองท้องถิ่น", "plan_name": "ส่งเสริมการกระจายอำนาจให้แก่องค์กรปกครองส่วนท้องถิ่น", "stg_name": "ยุทธศาสตร์การบริหารกิจการบ้านเมืองที่ดี", "objc_level1_name": "งบลงทุน", "compare": [{"bb_amount": 7728000, "bb_province": "กำแพงเพชร"}], "gf_amount_sum": 0}
{"bb_code": "1500883002600FK2", "bb_year": "2559", "amount": 7728000, "min_code": "15000", "agc_code": "15008", "name": "ปรับปรุงผิวจราจรถนนลาดยางแอสฟัลท์ติกคอนกรีต สายบ้านเกาะพิกุล - บ้านอาษา ตำบลโพธิ์แทน กว้าง ๖ เมตร ยาว ๒,๑๒๒ เมตร ไหล่ทางกว้างข้างละ ๑ เมตร อบจ.นครนายก อ.องครักษ์ จ.นครนายก", "min": "กระทรวงมหาดไทย", "agc": "กรมส่งเสริมการปกครองท้องถิ่น", "plan_name": "ส่งเสริมการกระจายอำนาจให้แก่องค์กรปกครองส่วนท้องถิ่น", "stg_name": "ยุทธศาสตร์การบริหารกิจการบ้านเมืองที่ดี", "objc_level1_name": "งบลงทุน", "compare": [{"bb_amount": 7728000, "bb_province": "นครนายก"}], "gf_amount_sum": 0}
{"bb_code": "1500883002600AZ5", "bb_year": "2559", "amount": 7728000, "min_code": "15000", "agc_code": "15008", "name": "ซ่อมสร้างถนนลาดยางแบบ Double Surface Treatment ฉาบผิว Para Slurry Seal Type ๓ (โดยวิธี Pavement in Place Recycling) สายทางบ้านสวนฝ้าย หมู่ที่ ๑๗ ตำบลสำโรง - บ้านหนองดีปลี หมู่ที่ ๒ ตำบลหนองไฮ (ช่วงที่", "min": "กระทรวงมหาดไทย", "agc": "กรมส่งเสริมการปกครองท้องถิ่น", "plan_name": "ส่งเสริมการกระจายอำนาจให้แก่องค์กรปกครองส่วนท้องถิ่น", "stg_name": "ยุทธศาสตร์การบริหารกิจการบ้านเมืองที่ดี", "objc_level1_name": "งบลงทุน", "compare": [{"bb_amount": 7728000, "bb_province": "ศรีสะเกษ"}], "gf_amount_sum": 0}
{"bb_code": "1500883002600N18", "bb_year": "2559", "amount": 7728000, "min_code": "15000", "agc_code": "15008", "name": "ปรับปรุงซ่อมแซมถนนลาดยางแอสฟัลท์ติกคอนกรีต แบบ Overray ถนนสายบ้านศาลาลัย - หนองเจ็กเม้ง หมู่ที่ ๒ หมู่ที่ ๑ และหมู่ที่ ๓ ตำบลศาลาลัย จำนวน ๒ จุด รวมมีพื้นที่ไม่น้อยกว่า ๒๐,๐๐๐ ตารางเมตร อบต.ศาลาลัย อ.", "min": "กระทรวงมหาดไทย", "agc": "กรมส่งเสริมการปกครองท้องถิ่น", "plan_name": "ส่งเสริมการกระจายอำนาจให้แก่องค์กรปกครองส่วนท้องถิ่น", "stg_name": "ยุทธศาสตร์การบริหารกิจการบ้านเมืองที่ดี", "objc_level1_name": "งบลงทุน", "compare": [{"bb_amount": 7728000, "bb_province": "ประจวบคีรีขันธ์"}], "gf_amount_sum": 0}
{"bb_code": "1500883002600EM9", "bb_year": "2559", "amount": 7728000, "min_code": "15000", "agc_code": "15008", "name": "ปรับปรุงถนนลาดยางแอสฟัลท์ติกคอนกรีตสายบ้านดอนขี้เหล็ก-มัสยิด  หมู่ที่ ๕   ตำบลพะวง กว้าง  ๖  เมตร  ยาว  ๑,๖๕๐ เมตร  ไหล่ทางข้างละ ๑  เมตร   ทต.พะวง อ.เมืองสงขลา จ.สงขลา", "min": "กระทรวงมหาดไทย", "agc": "กรมส่งเสริมการปกครองท้องถิ่น", "plan_name": "ส่งเสริมการกระจายอำนาจให้แก่องค์กรปกครองส่วนท้องถิ่น", "stg_name": "ยุทธศาสตร์การบริหารกิจการบ้านเมืองที่ดี", "objc_level1_name": "งบลงทุน", "compare": [{"bb_amount": 7728000, "bb_province": "สงขลา"}], "gf_amount_sum": 0}
{"bb_code": "1500883002600L15", "bb_year": "2559", "amount": 7728000, "min_code": "15000", "agc_code": "15008", "name": "ซ่อมสร้างถนนลาดยางผิวปูแอสฟัลท์ติกคอนกรีต โดยวิธี RECYCLING สายทาง อบจ.๓๐๐๘ บ้านกุดละลม - บ้านหนองแหน อำเภอเมืองชัยภูมิ จำนวน ๒ ช่วง มีพื้นที่รวมไม่น้อยกว่า ๑๕,๐๔๐ ตารางเมตร อบจ.ชัยภูมิ อ.เมืองชัยภูมิ", "min": "กระทรวงมหาดไทย", "agc": "กรมส่งเสริมการปกครองท้องถิ่น", "plan_name": "ส่งเสริมการกระจายอำนาจให้แก่องค์กรปกครองส่วนท้องถิ่น", "stg_name": "ยุทธศาสตร์การบริหารกิจการบ้านเมืองที่ดี", "objc_level1_name": "งบลงทุน", "compare": [{"bb_amount": 7728000, "bb_province": "ชัยภูมิ"}], "gf_amount_sum": 0}
{"bb_code": "1500883002600L52", "bb_year": "2559", "amount": 7728000, "min_code": "15000", "agc_code": "15008", "name": "ซ่อมสร้างผิว Asphaltic Concrete ถนนลาดยางสายบ้านดงเย็น - บ้านโพนสวาง กว้าง ๖ เมตร ยาว ๒,๙๐๐ เมตร ทต.ดงเย็น อ.เมืองมุกดาหาร จ.มุกดาหาร", "min": "กระทรวงมหาดไทย", "agc": "กรมส่งเสริมการปกครองท้องถิ่น", "plan_name": "ส่งเสริมการกระจายอำนาจให้แก่องค์กรปกครองส่วนท้องถิ่น", "stg_name": "ยุทธศาสตร์การบริหารกิจการบ้านเมืองที่ดี", "objc_level1_name": "งบลงทุน", "compare": [{"bb_amount": 7728000, "bb_province": "มุกดาหาร"}], "gf_amount_sum": 0}
{"bb_code": "1500883002600M39", "bb_year": "2559", "amount": 7728000, "min_code": "15000", "agc_code": "15008", "name": "ปรับปรุงถนนลาดยางแอสฟัลท์ติกคอนกรีต สายบ้านตลาดไร่เก่า - บ้านเนินพยอม หมู่ที่ ๑,๕ ตำบลศาลาลัย , หมู่ที่ ๗ ตำบลไร่เก่า กว้าง ๘  เมตร ยาว ๒,๐๐๐ เมตร หนา ๐.๐๕ เมตร   อบจ.ประจวบคีรีขันธ์ อ.สามร้อยยอด จ.ปร", "min": "กระทรวงมหาดไทย", "agc": "กรมส่งเสริมการปกครองท้องถิ่น", "plan_name": "ส่งเสริมการกระจายอำนาจให้แก่องค์กรปกครองส่วนท้องถิ่น", "stg_name": "ยุทธศาสตร์การบริหารกิจการบ้านเมืองที่ดี", "objc_level1_name": "งบลงทุน", "compare": [{"bb_amount": 7728000, "bb_province": "ประจวบคีรีขันธ์"}], "gf_amount_sum": 0}
{"bb_code": "1500883002600L10", "bb_year": "2559", "amount": 7728000, "min_code": "15000", "agc_code": "15008", "name": "ซ่อมสร้างถนนลาดยางผิวปูแอสฟัลท์ติกคอนกรีต โดยวิธี RECYCLING สายทาง อบจ.๓๐๒๙ บ้านหนองงูเหลือม - บ้านหินลาด อำเภอภูเขียว กว้าง ๖ เมตร ยาว ๑,๗๘๐ เมตร หนา ๐.๐๔ เมตร ไหล่ทางกว้างข้างละ ๑ เมตร อบจ.ชัยภูมิ อ", "min": "กระทรวงมหาดไทย", "agc": "กรมส่งเสริมการปกครองท้องถิ่น", "plan_name": "ส่งเสริมการกระจายอำนาจให้แก่องค์กรปกครองส่วนท้องถิ่น", "stg_name": "ยุทธศาสตร์การบริหารกิจการบ้านเมืองที่ดี", "objc_level1_name": "งบลงทุน", "compare": [{"bb_amount": 7728000, "bb_province": "ชัยภูมิ"}], "gf_amount_sum": 0}
