{"bb_code": "1500883002600M72", "bb_year": "2559", "amount": 7728000, "min_code": "15000", "agc_code": "15008", "name": "ปรับปรุงซ่อมแซมถนนลาดยางแอสฟัลท์ติกคอนกรีต  สายบ้านนาห้วย -หนองบัว หมู่ที่ ๔ ตำบลปากน้ำปราณ กว้าง ๖ เมตร  ยาว 1,680 เมตร หนา ๐.๐๔ เมตร ไหล่ทางกว้างข้างละ ๑.๕๐ เมตร อบต.ปากน้ำปราณ อ.ปราณบุรี จ.ประจวบคี", "min": "กระทรวงมหาดไทย", "agc": "กรมส่งเสริมการปกครองท้องถิ่น", "plan_name": "ส่งเสริมการกระจายอำนาจให้แก่องค์กรปกครองส่วนท้องถิ่น", "stg_name": "ยุทธศาสตร์การบริหารกิจการบ้านเมืองที่ดี", "objc_level1_name": "งบลงทุน", "compare": [{"bb_amount": 7728000, "bb_province": "ประจวบคีรีขันธ์"}], "gf_amount_sum": 0}
{"bb_code": "1500883002600L13", "bb_year": "2559", "amount": 7728000, "min_code": "15000", "agc_code": "15008", "name": "ซ่อมสร้างถนนลาดยางผิวปูแอสฟัลท์ติกคอนกรีต โดยวิธี RECYCLING สายทาง อบจ.๓๐๐๓ บ้านกุดตุ้ม - บ้านหินกอง อำเภอเมืองชัยภูมิ กว้าง ๖ เมตร ยาว ๑,๗๕๐ เมตร หนา ๐.๐๔ เมตร ไหล่ทางกว้างข้างละ ๑ เมตร อบจ.ชัยภูมิ อ", "min": "กระทรวงมหาดไทย", "agc": "กรมส่งเสริมการปกครองท้องถิ่น", "plan_name": "ส่งเสริมการกระจายอำนาจให้แก่องค์กรปกครองส่วนท้องถิ่น", "stg_name": "ยุทธศาสตร์การบริหารกิจการบ้านเมืองที่ดี", "objc_level1_name": "งบลงทุน", "compare": [{"bb_amount": 7728000, "bb_province": "ชัยภูมิ"}], "gf_amount_sum": 0}
{"bb_code": "1500883002600K91", "bb_year": "2559", "amount": 7728000, "min_code": "15000", "agc_code": "15008", "name": "ปรับปรุงซ่อมสร้างถนนแอสฟัลท์ติกคอนกรีต สายในเขตชุมชนหนองบัวระเหว จำนวน ๓ ช่วง มีพื้นที่รวมไม่น้อยกว่า ๒๑,๗๐๐ ตารางเมตร ทต.หนองบัวระเหว อ.หนองบัวระเหว จ.ชัยภูมิ", "min": "กระทรวงมหาดไทย", "agc": "กรมส่งเสริมการปกครองท้องถิ่น", "plan_name": "ส่งเสริมการกระจายอำนาจให้แก่องค์กรปกครองส่วนท้องถิ่น", "stg_name": "ยุทธศาสตร์การบริหารกิจการบ้านเมืองที่ดี", "objc_level1_name": "งบลงทุน", "compare": [{"bb_amount": 7728000, "bb_province": "ชัยภูมิ"}], "gf_amount_sum": 0}
{"bb_code": "1500883002600BB5", "bb_year": "2559", "amount": 7728000, "min_code": "15000", "agc_code": "15008", "name": "ซ่อมสร้างถนนลาดยางแบบ Double Surface Treatment ฉาบผิว Para Slurry Seal Type ๓ (โดยวิธี Pavement in Place Recycling) สายทางบ้านสำโรง หมู่ที่ ๑ ตำบลสำโรง - บ้านหนองดีปลี หมู่ที่ ๒ ตำบลหนองไฮ (ช่วงที่ ๒)", "min": "กระทรวงมหาดไทย", "agc": "กรมส่งเสริมการปกครองท้องถิ่น", "plan_name": "ส่งเสริมการกระจายอำนาจให้แก่องค์กรปกครองส่วนท้องถิ่น", "stg_name": "ยุทธศาสตร์การบริหารกิจการบ้านเมืองที่ดี", "objc_level1_name": "งบลงทุน", "compare": [{"bb_amount": 7728000, "bb_province": "ศรีสะเกษ"}], "gf_amount_sum": 0}
{"bb_code": "1500883002600BB0", "bb_year": "2559", "amount": 7728000, "min_code": "15000", "agc_code": "15008", "name": "ซ่อมสร้างถนนลาดยางแบบ Double Surface Treatment ฉาบผิว Para Slurry Seal Type ๓ (โดยวิธี Pavement in Place Recycling) สายทางบ้านส้มป่อย หมู่ที่ ๒ ตำบลสำโรง - บ้านกระจ๊ะ หมู่ที่ ๗ ตำบลโคกหล่าม (ช่วงที่ ๒", "min": "กระทรวงมหาดไทย", "agc": "กรมส่งเสริมการปกครองท้องถิ่น", "plan_name": "ส่งเสริมการกระจายอำนาจให้แก่องค์กรปกครองส่วนท้องถิ่น", "stg_name": "ยุทธศาสตร์การบริหารกิจการบ้านเมืองที่ดี", "objc_level1_name": "งบลงทุน", "compare": [{"bb_amount": 7728000, "bb_province": "ศรีสะเกษ"}], "gf_amount_sum": 0}
{"bb_code": "1500883002600M50", "bb_year": "2559", "amount": 7728000, "min_code": "15000", "agc_code": "15008", "name": "ปรับปรุงซ่อมแซมถนนลาดยางแอสฟัลท์ติกคอนกรีต สายเพชรเกษม - หนองนุ่น หมู่ที่ ๔ บ้านหนองบัว ตำบลเกาะหลัก  กว้าง ๖ เมตร ยาว ๒,๓๐๐ เมตร หนา ๐.๐๕ เมตร ไหล่ทางกว้างข้างละ ๑ เมตร  อบต.เกาะหลัก อ.เมืองประจวบคีร", "min": "กระทรวงมหาดไทย", "agc": "กรมส่งเสริมการปกครองท้องถิ่น", "plan_name": "ส่งเสริมการกระจายอำนาจให้แก่องค์กรปกครองส่วนท้องถิ่น", "stg_name": "ยุทธศาสตร์การบริหารกิจการบ้านเมืองที่ดี", "objc_level1_name": "งบลงทุน", "compare": [{"bb_amount": 7728000, "bb_province": "ประจวบคีรีขันธ์"}], "gf_amount_sum": 0}
{"bb_code": "1500883002600EM9", "bb_year": "2559", "amount": 7728000, "min_code": "15000", "agc_code": "15008", "name": "ปรับปรุงถนนลาดยางแอสฟัลท์ติกคอนกรีตสายบ้านดอนขี้เหล็ก-มัสยิด  หมู่ที่ ๕   ตำบลพะวง กว้าง  ๖  เมตร  ยาว  ๑,๖๕๐ เมตร  ไหล่ทางข้างละ ๑  เมตร   ทต.พะวง อ.เมืองสงขลา จ.สงขลา", "min": "กระทรวงมหาดไทย", "agc": "กรมส่งเสริมการปกครองท้องถิ่น", "plan_name": "ส่งเสริมการกระจายอำนาจให้แก่องค์กรปกครองส่วนท้องถิ่น", "stg_name": "ยุทธศาสตร์การบริหารกิจการบ้านเมืองที่ดี", "objc_level1_name": "งบลงทุน", "compare": [{"bb_amount": 7728000, "bb_province": "สงขลา"}], "gf_amount_sum": 0}
{"bb_code": "1500883002600L45", "bb_year": "2559", "amount": 7728000, "min_code": "15000", "agc_code": "15008", "name": "ซ่อมสร้างผิวทางแอสฟัลท์ติกคอนกรีต (โดยวิธี Pavement In - PIace Recycling) แยก ทล.๒๒๕ - บ้านเหวนางคำ กว้าง ๖ เมตร ยาว ๓,๗๐๐ เมตร หนา ๐.๐๔ เมตร อบต.วังทอง อ.ภักดีชุมพล จ.ชัยภูมิ", "min": "กระทรวงมหาดไทย", "agc": "กรมส่งเสริมการปกครองท้องถิ่น", "plan_name": "ส่งเสริมการกระจายอำนาจให้แก่องค์กรปกครองส่วนท้องถิ่น", "stg_name": "ยุทธศาสตร์การบริหารกิจการบ้านเมืองที่ดี", "objc_level1_name": "งบลงทุน", "compare": [{"bb_amount": 7728000, "bb_province": "ชัยภูมิ"}], "gf_amount_sum": 0}
{"bb_code": "1500883002600M43", "bb_year": "2559", "amount": 7728000, "min_code": "15000", "agc_code": "15008", "name": "ปรับปรุงถนนลาดยางแอสฟัลท์ติกคอนกรีตสายปข.2020 สี่แยกไร่ใหม่ - บ้านเนินพยอม หมู่ที่ ๔ ตำบลไร่ใหม่ ,หมู่ที่ ๔ ตำบลไร่เก่า กว้าง ๘ เมตร   ยาว ๒,๐๐๐ เมตร หนา ๐.๐๕ เมตร  อบจ.ประจวบคีรีขันธ์ อ.สามร้อยยอด จ.", "min": "กระทรวงมหาดไทย", "agc": "กรมส่งเสริมการปกครองท้องถิ่น", "plan_name": "ส่งเสริมการกระจายอำนาจให้แก่องค์กรปกครองส่วนท้องถิ่น", "stg_name": "ยุทธศาสตร์การบริหารกิจการบ้านเมืองที่ดี", "objc_level1_name": "งบลงทุน", "compare": [{"bb_amount": 7728000, "bb_province": "ประจวบคีรีขันธ์"}], "gf_amount_sum": 0}
{"bb_code": "1500883002600L18", "bb_year": "2559", "amount": 7728000, "min_code": "15000", "agc_code": "15008", "name": "ซ่อมสร้างถนนลาดยางผิวปูแอสฟัลท์ติกคอนกรีต โดยวิธี RECYCLING สายทาง อบจ.๓๐๑๒ บ้านห้วยหลัว - บ้านป่ายาง อำเภอเมืองชัยภูมิ, อำเภอบ้านเขว้า กว้าง ๖ เมตร ยาว ๒,๒๑๖ เมตร หนา ๐.๐๔ เมตร อบจ.ชัยภูมิ อ.เมืองชัย", "min": "กระทรวงมหาดไทย", "agc": "กรมส่งเสริมการปกครองท้องถิ่น", "plan_name": "ส่งเสริมการกระจายอำนาจให้แก่องค์กรปกครองส่วนท้องถิ่น", "stg_name": "ยุทธศาสตร์การบริหารกิจการบ้านเมืองที่ดี", "objc_level1_name": "งบลงทุน", "compare": [{"bb_amount": 7728000, "bb_province": "ชัยภูมิ"}], "gf_amount_sum": 0}
{"bb_code": "1500883002600L52", "bb_year": "2559", "amount": 7728000, "min_code": "15000", "agc_code": "15008", "name": "ซ่อมสร้างผิว Asphaltic Concrete ถนนลาดยางสายบ้านดงเย็น - บ้านโพนสวาง กว้าง ๖ เมตร ยาว ๒,๙๐๐ เมตร ทต.ดงเย็น อ.เมืองมุกดาหาร จ.มุกดาหาร", "min": "กระทรวงมหาดไทย", "agc": "กรมส่งเสริมการปกครองท้องถิ่น", "plan_name": "ส่งเสริมการกระจายอำนาจให้แก่องค์กรปกครองส่วนท้องถิ่น", "stg_name": "ยุทธศาสตร์การบริหารกิจการบ้านเมืองที่ดี", "objc_level1_name": "งบลงทุน", "compare": [{"bb_amount": 7728000, "bb_province": "มุกดาหาร"}], "gf_amount_sum": 0}
{"bb_code": "1500883002600GR8", "bb_year": "2559", "amount": 7728000, "min_code": "15000", "agc_code": "15008", "name": "ซ่อมสร้างถนนลาดยางผิวจราจรแบบพาราเคปซีล สาย อด.๔๐๓๑ บ้านเพ็ญ – บ้านสินเจริญ อำเภอเพ็ญ  ขนาดผิวจราจรกว้าง ๖.๐๐ เมตร  ไหล่ทางข้างละ ๐.๐๐-๑.๐๐ เมตร ยาว ๓,๑๐๐ เมตร อบจ.อุดรธานี อ.เพ็ญ  จ.อุดรธานี", "min": "กระทรวงมหาดไทย", "agc": "กรมส่งเสริมการปกครองท้องถิ่น", "plan_name": "ส่งเสริมการกระจายอำนาจให้แก่องค์กรปกครองส่วนท้องถิ่น", "stg_name": "ยุทธศาสตร์การบริหารกิจการบ้านเมืองที่ดี", "objc_level1_name": "งบลงทุน", "compare": [{"bb_amount": 7728000, "bb_province": "อุดรธานี"}], "gf_amount_sum": 0}
{"bb_code": "1500883002600GS8", "bb_year": "2559", "amount": 7728000, "min_code": "15000", "agc_code": "15008", "name": "ซ่อมสร้างถนนลาดยางผิวจราจรแบบพาราเคปซีล  สาย บ้านตาด – บ้านหนองประเสริฐ อำเภอเมืองขนาดผิวจราจรกว้าง ๖.๐๐ เมตร ไหล่ทางข้างละ ๐.๐๐-๑.๐๐ เมตร  ยาว ๓,๐๐๐ เมตร อบจ.อุดรธานี อ.เมือง จ.อุดรธานี", "min": "กระทรวงมหาดไทย", "agc": "กรมส่งเสริมการปกครองท้องถิ่น", "plan_name": "ส่งเสริมการกระจายอำนาจให้แก่องค์กรปกครองส่วนท้องถิ่น", "stg_name": "ยุทธศาสตร์การบริหารกิจการบ้านเมืองที่ดี", "objc_level1_name": "งบลงทุน", "compare": [{"bb_amount": 7728000, "bb_province": "อุดรธานี"}], "gf_amount_sum": 0}
{"bb_code": "1500883002600AZ5", "bb_year": "2559", "amount": 7728000, "min_code": "15000", "agc_code": "15008", "name": "ซ่อมสร้างถนนลาดยางแบบ Double Surface Treatment ฉาบผิว Para Slurry Seal Type ๓ (โดยวิธี Pavement in Place Recycling) สายทางบ้านสวนฝ้าย หมู่ที่ ๑๗ ตำบลสำโรง - บ้านหนองดีปลี หมู่ที่ ๒ ตำบลหนองไฮ (ช่วงที่", "min": "กระทรวงมหาดไทย", "agc": "กรมส่งเสริมการปกครองท้องถิ่น", "plan_name": "ส่งเสริมการกระจายอำนาจให้แก่องค์กรปกครองส่วนท้องถิ่น", "stg_name": "ยุทธศาสตร์การบริหารกิจการบ้านเมืองที่ดี", "objc_level1_name": "งบลงทุน", "compare": [{"bb_amount": 7728000, "bb_province": "ศรีสะเกษ"}], "gf_amount_sum": 0}
{"bb_code": "1500883002600L10", "bb_year": "2559", "amount": 7728000, "min_code": "15000", "agc_code": "15008", "name": "ซ่อมสร้างถนนลาดยางผิวปูแอสฟัลท์ติกคอนกรีต โดยวิธี RECYCLING สายทาง อบจ.๓๐๒๙ บ้านหนองงูเหลือม - บ้านหินลาด อำเภอภูเขียว กว้าง ๖ เมตร ยาว ๑,๗๘๐ เมตร หนา ๐.๐๔ เมตร ไหล่ทางกว้างข้างละ ๑ เมตร อบจ.ชัยภูมิ อ", "min": "กระทรวงมหาดไทย", "agc": "กรมส่งเสริมการปกครองท้องถิ่น", "plan_name": "ส่งเสริมการกระจายอำนาจให้แก่องค์กรปกครองส่วนท้องถิ่น", "stg_name": "ยุทธศาสตร์การบริหารกิจการบ้านเมืองที่ดี", "objc_level1_name": "งบลงทุน", "compare": [{"bb_amount": 7728000, "bb_province": "ชัยภูมิ"}], "gf_amount_sum": 0}
{"bb_code": "1500883002600N31", "bb_year": "2559", "amount": 7728000, "min_code": "15000", "agc_code": "15008", "name": "ปรับปรุงซ่อมแซมถนนลาดยาง แอสฟัลท์ติกคอนกรีต สายบ้านคลองหินจวง -บ้านหัวเขา หมู่ที่ ๑๐ ตำบลห้วยยาง กว้าง ๖ เมตร ยาว ๒,๔๑๐ เมตร หนา ๐.๐๕ เมตร  อบต.ห้วยยาง อ.ทับสะแก จ.ประจวบคีรีขันธ์", "min": "กระทรวงมหาดไทย", "agc": "กรมส่งเสริมการปกครองท้องถิ่น", "plan_name": "ส่งเสริมการกระจายอำนาจให้แก่องค์กรปกครองส่วนท้องถิ่น", "stg_name": "ยุทธศาสตร์การบริหารกิจการบ้านเมืองที่ดี", "objc_level1_name": "งบลงทุน", "compare": [{"bb_amount": 7728000, "bb_province": "ประจวบคีรีขันธ์"}], "gf_amount_sum": 0}
{"bb_code": "1500883002600R60", "bb_year": "2559", "amount": 7728000, "min_code": "15000", "agc_code": "15008", "name": "ซ่อมสร้างถนนลาดยางผิวเคพซีล ถนนสายบ้านวังน้ำวน -บ้านวังตาช่วย - บ้านหนองชุมแสง หมู่ที่ ๑๑ บ้านวังน้ำวน ตำบลวังชะพลู กว้าง ๖ เมตร ไหล่ทางข้างละ ๑ เมตร ยาว ๓,๕๗๐ เมตร  อบต.วังชะพลู อ.ขาณุวรลักษบุรี จ.กำ", "min": "กระทรวงมหาดไทย", "agc": "กรมส่งเสริมการปกครองท้องถิ่น", "plan_name": "ส่งเสริมการกระจายอำนาจให้แก่องค์กรปกครองส่วนท้องถิ่น", "stg_name": "ยุทธศาสตร์การบริหารกิจการบ้านเมืองที่ดี", "objc_level1_name": "งบลงทุน", "compare": [{"bb_amount": 7728000, "bb_province": "กำแพงเพชร"}], "gf_amount_sum": 0}
{"bb_code": "1500883002600N13", "bb_year": "2559", "amount": 7728000, "min_code": "15000", "agc_code": "15008", "name": "ซ่อมสร้างผิวจราจรแอสฟัลท์ติกคอนกรีต สาย ปข ๑๐๐๑ สายทางบ้านหนองเป่าปี่ - บ้านเนินพยอม - ลากล้อ หมู่ที่ ๗ ตำบลไร่เก่า กว้าง ๕ เมตร ยาว ๒,๙๕๐ เมตร หนา ๐.๐๕ เมตร อบต.ไร่เก่า อ.สามร้อยยอด จ.ประจวบคีรีขันธ์", "min": "กระทรวงมหาดไทย", "agc": "กรมส่งเสริมการปกครองท้องถิ่น", "plan_name": "ส่งเสริมการกระจายอำนาจให้แก่องค์กรปกครองส่วนท้องถิ่น", "stg_name": "ยุทธศาสตร์การบริหารกิจการบ้านเมืองที่ดี", "objc_level1_name": "งบลงทุน", "compare": [{"bb_amount": 7728000, "bb_province": "ประจวบคีรีขันธ์"}], "gf_amount_sum": 0}
{"bb_code": "1500883002600N24", "bb_year": "2559", "amount": 7728000, "min_code": "15000", "agc_code": "15008", "name": "ปรับปรุงซ่อมแซมถนนลาดยางแอสฟัลท์ติกคอนกรีต สายเพชรเกษม -หนองตาเมือง หมู่ที่ ๔ บ้านต้นไทร   ตำบลหนองตาแต้มกว้าง ๖ เมตร ยาว ๒,๑๖๐ เมตร หนา ๐.๐๕ เมตร ไหล่ทางกว้างข้างละ ๑.๕๐ เมตร อบต.หนองตาแต้ม อ.ปราณบุร", "min": "กระทรวงมหาดไทย", "agc": "กรมส่งเสริมการปกครองท้องถิ่น", "plan_name": "ส่งเสริมการกระจายอำนาจให้แก่องค์กรปกครองส่วนท้องถิ่น", "stg_name": "ยุทธศาสตร์การบริหารกิจการบ้านเมืองที่ดี", "objc_level1_name": "งบลงทุน", "compare": [{"bb_amount": 7728000, "bb_province": "ประจวบคีรีขันธ์"}], "gf_amount_sum": 0}
{"bb_code": "1500883002600N29", "bb_year": "2559", "amount": 7728000, "min_code": "15000", "agc_code": "15008", "name": "ปรับปรุงซ่อมแซมถนนลาดยางแอสฟัลท์ติกคอนกรีตสายบ้านต้นเกตุ - บ้านคอกช้าง หมู่ที่ ๑๐ - ๑๑  ตำบลห้วยทราย จำนวน ๓ ช่วง รวมมีพื้นที่ไม่น้อยกว่า ๒๐,๒๓๒ ตารางเมตร  อบต.ห้วยทราย อ.เมืองประจวบคีรีขันธ์ จ.ประจวบ", "min": "กระทรวงมหาดไทย", "agc": "กรมส่งเสริมการปกครองท้องถิ่น", "plan_name": "ส่งเสริมการกระจายอำนาจให้แก่องค์กรปกครองส่วนท้องถิ่น", "stg_name": "ยุทธศาสตร์การบริหารกิจการบ้านเมืองที่ดี", "objc_level1_name": "งบลงทุน", "compare": [{"bb_amount": 7728000, "bb_province": "ประจวบคีรีขันธ์"}], "gf_amount_sum": 0}
