{"bb_code": "1500795041420012", "bb_year": "2559", "amount": 49050000, "min_code": "15000", "agc_code": "15007", "name": "โครงการพัฒนาด่านสิงขร ระยะที่ 1 อำเภอเมือง จังหวัดประจวบคีรีขันธ์", "min": "กระทรวงมหาดไทย", "agc": "กรมโยธาธิการและผังเมือง", "plan_name": "ส่งเสริมเขตพัฒนาเศรษฐกิจพิเศษ", "stg_name": "ยุทธศาสตร์เร่งรัดวางรากฐานการพัฒนาที่ยั่งยืนของประเทศ", "objc_level1_name": "งบลงทุน", "compare": [{"bb_amount": 49050000, "bb_province": "ประจวบคีรีขันธ์"}, {"gf_amount": 36012000, "gf_province": "ส่วนกลาง", "bb_amount": null, "bb_province": "กรุงเทพมหานคร"}], "gf_amount_sum": 36012000}
{"bb_code": "1500786006420024", "bb_year": "2559", "amount": 48547200, "min_code": "15000", "agc_code": "15007", "name": "ก่อสร้างระบบป้องกันน้ำท่วมพื้นที่ชุมชนบางสาม ตำบลบางเลน อำเภอสองพี่น้อง จังหวัดสุพรรณบุรี", "min": "กระทรวงมหาดไทย", "agc": "กรมโยธาธิการและผังเมือง", "plan_name": "ฟื้นฟู ป้องกัน และจัดการภัยพิบัติ ", "stg_name": "ยุทธศาสตร์การจัดการทรัพยากรธรรมชาติและสิ่งแวดล้อม", "objc_level1_name": "งบลงทุน", "compare": [{"bb_amount": 48547200, "bb_province": "สุพรรณบุรี"}, {"gf_amount": 57082200, "gf_province": "ส่วนกลาง", "bb_amount": null, "bb_province": "กรุงเทพมหานคร"}], "gf_amount_sum": 57082200}
{"bb_code": "1500786007420055", "bb_year": "2559", "amount": 48148800, "min_code": "15000", "agc_code": "15007", "name": "เขื่อนป้องกันตลิ่งริมแม่น้ำมูล บ้านวังยาง ต.บุ่งหวาย อ.วารินชำราบ จ.อุบลราชธานี ความยาว  765  เมตร", "min": "กระทรวงมหาดไทย", "agc": "กรมโยธาธิการและผังเมือง", "plan_name": "ฟื้นฟู ป้องกัน และจัดการภัยพิบัติ ", "stg_name": "ยุทธศาสตร์การจัดการทรัพยากรธรรมชาติและสิ่งแวดล้อม", "objc_level1_name": "งบลงทุน", "compare": [{"bb_amount": 48148800, "bb_province": "อุบลราชธานี"}, {"gf_amount": 12764000, "gf_province": "ส่วนกลาง", "bb_amount": null, "bb_province": "กรุงเทพมหานคร"}], "gf_amount_sum": 12764000}
{"bb_code": "1500786020420069", "bb_year": "2559", "amount": 47646500, "min_code": "15000", "agc_code": "15007", "name": "เขี่อนป้องกันตลิ่งริมแม่น้ำโขง บ้านหนองคังคา ต.หนองเดิ่น อ.บุ่งคล้า จ.บึงกาฬ ความยาว 1,000 เมตร", "min": "กระทรวงมหาดไทย", "agc": "กรมโยธาธิการและผังเมือง", "plan_name": "ฟื้นฟู ป้องกัน และจัดการภัยพิบัติ ", "stg_name": "ยุทธศาสตร์การจัดการทรัพยากรธรรมชาติและสิ่งแวดล้อม", "objc_level1_name": "งบลงทุน", "compare": [{"bb_amount": 47646500, "bb_province": "บึงกาฬ"}, {"gf_amount": 9623000, "gf_province": "ส่วนกลาง", "bb_amount": null, "bb_province": "กรุงเทพมหานคร"}], "gf_amount_sum": 9623000}
{"bb_code": "1500786020420026", "bb_year": "2559", "amount": 47646500, "min_code": "15000", "agc_code": "15007", "name": "เขื่อนป้องกันตลิ่งริมแม่น้ำโขง บ้านสังคม หมู่ 2 (ต่อเนื่องเขื่อนเดิม) ต.สังคม อ.สังคม จ.หนองคาย ความยาว 886 เมตร", "min": "กระทรวงมหาดไทย", "agc": "กรมโยธาธิการและผังเมือง", "plan_name": "ฟื้นฟู ป้องกัน และจัดการภัยพิบัติ ", "stg_name": "ยุทธศาสตร์การจัดการทรัพยากรธรรมชาติและสิ่งแวดล้อม", "objc_level1_name": "งบลงทุน", "compare": [{"bb_amount": 47646500, "bb_province": "หนองคาย"}, {"gf_amount": 27357000, "gf_province": "ส่วนกลาง", "bb_amount": null, "bb_province": "กรุงเทพมหานคร"}], "gf_amount_sum": 27357000}
{"bb_code": "1500786020420033", "bb_year": "2559", "amount": 47553900, "min_code": "15000", "agc_code": "15007", "name": "เขื่อนป้องกันตลิ่งริมแม่น้ำโขง บ้านกลางใหญ่ หมู่ 4 (ต่อเนื่องเขื่อนเดิมปี 53 ด้านเหนือน้ำ) ต.บ้านกลาง อ.เมือง จ.นครพนม ความยาว 1,045 เมตร", "min": "กระทรวงมหาดไทย", "agc": "กรมโยธาธิการและผังเมือง", "plan_name": "ฟื้นฟู ป้องกัน และจัดการภัยพิบัติ ", "stg_name": "ยุทธศาสตร์การจัดการทรัพยากรธรรมชาติและสิ่งแวดล้อม", "objc_level1_name": "งบลงทุน", "compare": [{"bb_amount": 47553900, "bb_province": "นครพนม"}, {"gf_amount": 25420000, "gf_province": "ส่วนกลาง", "bb_amount": null, "bb_province": "กรุงเทพมหานคร"}], "gf_amount_sum": 25420000}
{"bb_code": "1500786020420082", "bb_year": "2559", "amount": 47553900, "min_code": "15000", "agc_code": "15007", "name": "เขื่อนป้องกันตลิ่งริมแม่น้ำโขง บ้านต้อนน้อย หมู่ที่ 1 (ต่อเนื่องเขื่อนเดิม) ต.รัตนวาปี อ.รัตนวาปี จ.หนองคาย ความยาว 720 เมตร", "min": "กระทรวงมหาดไทย", "agc": "กรมโยธาธิการและผังเมือง", "plan_name": "ฟื้นฟู ป้องกัน และจัดการภัยพิบัติ ", "stg_name": "ยุทธศาสตร์การจัดการทรัพยากรธรรมชาติและสิ่งแวดล้อม", "objc_level1_name": "งบลงทุน", "compare": [{"bb_amount": 47553900, "bb_province": "หนองคาย"}, {"gf_amount": 19590000, "gf_province": "ส่วนกลาง", "bb_amount": null, "bb_province": "กรุงเทพมหานคร"}], "gf_amount_sum": 19590000}
{"bb_code": "1500786020420025", "bb_year": "2559", "amount": 47553900, "min_code": "15000", "agc_code": "15007", "name": "เขื่อนป้องกันตลิ่งริมแม่น้ำโขง ข้างสะพานมิตรภาพไทย-ลาว (ด้านเหนือน้ำ) ต.อาจสามารถ อ.เมือง จ.นครพนม ความยาว 985 เมตร", "min": "กระทรวงมหาดไทย", "agc": "กรมโยธาธิการและผังเมือง", "plan_name": "ฟื้นฟู ป้องกัน และจัดการภัยพิบัติ ", "stg_name": "ยุทธศาสตร์การจัดการทรัพยากรธรรมชาติและสิ่งแวดล้อม", "objc_level1_name": "งบลงทุน", "compare": [{"bb_amount": 47553900, "bb_province": "นครพนม"}, {"gf_amount": 28741900, "gf_province": "ส่วนกลาง", "bb_amount": null, "bb_province": "กรุงเทพมหานคร"}], "gf_amount_sum": 28741900}
{"bb_code": "1500786020420073", "bb_year": "2559", "amount": 47500000, "min_code": "15000", "agc_code": "15007", "name": "เขื่อนป้องกันตลิ่งริมแม่น้ำโขง บ้านเกาะผาคำ หมู่ที่ 6 ต.บ้านแซว อ.เชียงแสน จ.เชียงราย ความยาว 1,090 เมตร", "min": "กระทรวงมหาดไทย", "agc": "กรมโยธาธิการและผังเมือง", "plan_name": "ฟื้นฟู ป้องกัน และจัดการภัยพิบัติ ", "stg_name": "ยุทธศาสตร์การจัดการทรัพยากรธรรมชาติและสิ่งแวดล้อม", "objc_level1_name": "งบลงทุน", "compare": [{"bb_amount": 47500000, "bb_province": "เชียงราย"}], "gf_amount_sum": 0}
{"bb_code": "1500786020420022", "bb_year": "2559", "amount": 47461300, "min_code": "15000", "agc_code": "15007", "name": "เขื่อนป้องกันตลิ่งริมแม่น้ำโขง บ้านหนองกุ้งใต้ หมู่ 1 ต.กุดบง อ.โพนพิสัย จ.หนองคาย ความยาว 840 เมตร", "min": "กระทรวงมหาดไทย", "agc": "กรมโยธาธิการและผังเมือง", "plan_name": "ฟื้นฟู ป้องกัน และจัดการภัยพิบัติ ", "stg_name": "ยุทธศาสตร์การจัดการทรัพยากรธรรมชาติและสิ่งแวดล้อม", "objc_level1_name": "งบลงทุน", "compare": [{"bb_amount": 47461300, "bb_province": "หนองคาย"}, {"gf_amount": 47461300, "gf_province": "ส่วนกลาง", "bb_amount": null, "bb_province": "กรุงเทพมหานคร"}], "gf_amount_sum": 47461300}
{"bb_code": "1500786020420019", "bb_year": "2559", "amount": 47461300, "min_code": "15000", "agc_code": "15007", "name": "เขื่อนป้องกันตลิ่งริมแม่น้ำโขง บ้านหัวหาด หมู่ที่ 12 (ต่อเนื่องเขื่อนเดิมปี 54 ไปท้ายน้ำ) ต.บ้านแพง อ.บ้านแพง จ.นครพนม ความยาว 920 เมตร", "min": "กระทรวงมหาดไทย", "agc": "กรมโยธาธิการและผังเมือง", "plan_name": "ฟื้นฟู ป้องกัน และจัดการภัยพิบัติ ", "stg_name": "ยุทธศาสตร์การจัดการทรัพยากรธรรมชาติและสิ่งแวดล้อม", "objc_level1_name": "งบลงทุน", "compare": [{"bb_amount": 47461300, "bb_province": "นครพนม"}], "gf_amount_sum": 0}
{"bb_code": "1500294027120001", "bb_year": "2559", "amount": 47413200, "min_code": "15000", "agc_code": "15002", "name": "ค่าพัฒนาศูนย์ข้อมูลกลางกระทรวงมหาดไทยและจังหวัด และการพัฒนาออกแบบเว็บไชต์เพื่อรองรับการเข้าสู่ประชาคมอาเซียน", "min": "กระทรวงมหาดไทย", "agc": "สนง.ปลัดกระทรวงมหาดไทย", "plan_name": "พัฒนาเศรษฐกิจดิจิทัล", "stg_name": "ยุทธศาสตร์เร่งรัดวางรากฐานการพัฒนาที่ยั่งยืนของประเทศ", "objc_level1_name": "งบลงทุน", "compare": [{"bb_amount": 47413200, "bb_province": "กรุงเทพมหานคร", "gf_amount": 0, "gf_province": "ส่วนกลาง"}], "gf_amount_sum": 0}
{"bb_code": "1500786020420021", "bb_year": "2559", "amount": 47411300, "min_code": "15000", "agc_code": "15007", "name": "เขื่อนป้องกันตลิ่งริมแม่น้ำโขง บริเวณสวนสันติประชาอาสา ต.ปากชม อ.ปากชม จ.เลย ความยาว 1,020 เมตร", "min": "กระทรวงมหาดไทย", "agc": "กรมโยธาธิการและผังเมือง", "plan_name": "ฟื้นฟู ป้องกัน และจัดการภัยพิบัติ ", "stg_name": "ยุทธศาสตร์การจัดการทรัพยากรธรรมชาติและสิ่งแวดล้อม", "objc_level1_name": "งบลงทุน", "compare": [{"bb_amount": 47411300, "bb_province": "เลย"}, {"gf_amount": 23730000, "gf_province": "ส่วนกลาง", "bb_amount": null, "bb_province": "กรุงเทพมหานคร"}], "gf_amount_sum": 23730000}
{"bb_code": "1500786020420091", "bb_year": "2559", "amount": 47276100, "min_code": "15000", "agc_code": "15007", "name": "เขื่อนป้องกันตลิ่งริมแม่น้ำโขง เทศบาลตำบลเวียงคุก (ช่วงที่ 2) อ.เมืองหนองคาย จ.หนองคาย ความยาว 1,090 เมตร", "min": "กระทรวงมหาดไทย", "agc": "กรมโยธาธิการและผังเมือง", "plan_name": "ฟื้นฟู ป้องกัน และจัดการภัยพิบัติ ", "stg_name": "ยุทธศาสตร์การจัดการทรัพยากรธรรมชาติและสิ่งแวดล้อม", "objc_level1_name": "งบลงทุน", "compare": [{"bb_amount": 47276100, "bb_province": "หนองคาย"}], "gf_amount_sum": 0}
{"bb_code": "1500786020420089", "bb_year": "2559", "amount": 47276100, "min_code": "15000", "agc_code": "15007", "name": "เขื่อนป้องกันตลิ่งริมแม่น้ำโขง บ้านท่าส้มโฮง (ตอน 4) ต.โคกกว้าง อ.บุ่งคล้า จ.บึงกาฬ ความยาว 925 เมตร", "min": "กระทรวงมหาดไทย", "agc": "กรมโยธาธิการและผังเมือง", "plan_name": "ฟื้นฟู ป้องกัน และจัดการภัยพิบัติ ", "stg_name": "ยุทธศาสตร์การจัดการทรัพยากรธรรมชาติและสิ่งแวดล้อม", "objc_level1_name": "งบลงทุน", "compare": [{"bb_amount": 47276100, "bb_province": "บึงกาฬ"}, {"gf_amount": 38470000, "gf_province": "ส่วนกลาง", "bb_amount": null, "bb_province": "กรุงเทพมหานคร"}], "gf_amount_sum": 38470000}
{"bb_code": "1500786020420090", "bb_year": "2559", "amount": 47276100, "min_code": "15000", "agc_code": "15007", "name": "เขื่อนป้องกันตลิ่งริมแม่น้ำโขง บ้านฝอยลม หมู่ 7(ต่อเนื่องเขื่อนเดิม) ต.ท่าดอกคำ อ.บึงโขงหลง จ.บึงกาฬ ความยาว 865 เมตร", "min": "กระทรวงมหาดไทย", "agc": "กรมโยธาธิการและผังเมือง", "plan_name": "ฟื้นฟู ป้องกัน และจัดการภัยพิบัติ ", "stg_name": "ยุทธศาสตร์การจัดการทรัพยากรธรรมชาติและสิ่งแวดล้อม", "objc_level1_name": "งบลงทุน", "compare": [{"bb_amount": 47276100, "bb_province": "บึงกาฬ"}], "gf_amount_sum": 0}
{"bb_code": "1500786020420106", "bb_year": "2559", "amount": 46000000, "min_code": "15000", "agc_code": "15007", "name": "เขื่อนป้องกันตลิ่งริมแม่น้ำโขง บ้านเชียงยืน หมู่ที่ 4 (ต่อเนื่องเขื่อนเดิมเหนือและท้ายน้ำ) ต.เวินพระบาท อ.ท่าอุเทน จ.นครพนม ความยาว 1,125 เมตร", "min": "กระทรวงมหาดไทย", "agc": "กรมโยธาธิการและผังเมือง", "plan_name": "ฟื้นฟู ป้องกัน และจัดการภัยพิบัติ ", "stg_name": "ยุทธศาสตร์การจัดการทรัพยากรธรรมชาติและสิ่งแวดล้อม", "objc_level1_name": "งบลงทุน", "compare": [{"bb_amount": 46000000, "bb_province": "นครพนม"}, {"gf_amount": 46093200, "gf_province": "ส่วนกลาง", "bb_amount": null, "bb_province": "กรุงเทพมหานคร"}], "gf_amount_sum": 46093200}
{"bb_code": "1500786020420105", "bb_year": "2559", "amount": 46000000, "min_code": "15000", "agc_code": "15007", "name": "เขื่อนป้องกันตลิ่งริมแม่น้ำโขง บ้านเมืองเก่า หมู่ที่ 2 (ต่อเนื่อง-เขี่อนเดิมปี 56 เหนือน้ำ) ต.ท่าค้อ อ.เมือง จ.นครพนม ความยาว 1,000 เมตร", "min": "กระทรวงมหาดไทย", "agc": "กรมโยธาธิการและผังเมือง", "plan_name": "ฟื้นฟู ป้องกัน และจัดการภัยพิบัติ ", "stg_name": "ยุทธศาสตร์การจัดการทรัพยากรธรรมชาติและสิ่งแวดล้อม", "objc_level1_name": "งบลงทุน", "compare": [{"bb_amount": 46000000, "bb_province": "นครพนม"}, {"gf_amount": 46000000, "gf_province": "ส่วนกลาง", "bb_amount": null, "bb_province": "กรุงเทพมหานคร"}], "gf_amount_sum": 46000000}
{"bb_code": "1500240018700002", "bb_year": "2559", "amount": 45976000, "min_code": "15000", "agc_code": "15002", "name": "ค่าใช้จ่ายในการดำเนินงานตามแผนพัฒนาชนบทเชิงพื้นที่ประยุกต์ตามพระราชดำริ", "min": "กระทรวงมหาดไทย", "agc": "สนง.ปลัดกระทรวงมหาดไทย", "plan_name": "เทิดทูน พิทักษ์ และรักษาสถาบันพระมหากษัตริย์", "stg_name": "ยุทธศาสตร์ความมั่นคงแห่งรัฐ", "objc_level1_name": "รายจ่ายอื่น", "compare": [{"bb_amount": 43316000, "bb_province": "กรุงเทพมหานคร", "gf_amount": 1265805, "gf_province": "ส่วนกลาง"}, {"bb_amount": 35000, "bb_province": "นนทบุรี"}, {"bb_amount": 35000, "bb_province": "ตรัง"}, {"bb_amount": 35000, "bb_province": "สุโขทัย"}, {"bb_amount": 35000, "bb_province": "เลย"}, {"bb_amount": 35000, "bb_province": "เชียงใหม่"}, {"bb_amount": 35000, "bb_province": "เพชรบุรี"}, {"bb_amount": 35000, "bb_province": "พิษณุโลก"}, {"bb_amount": 35000, "bb_province": "จันทบุรี"}, {"bb_amount": 35000, "bb_province": "บุรีรัมย์"}, {"bb_amount": 35000, "bb_province": "พังงา"}, {"bb_amount": 35000, "bb_province": "อุตรดิตถ์"}, {"bb_amount": 35000, "bb_province": "ตราด"}, {"bb_amount": 35000, "bb_province": "ปราจีนบุรี"}, {"bb_amount": 35000, "bb_province": "สิงห์บุรี"}, {"bb_amount": 35000, "bb_province": "สมุทรสาคร"}, {"bb_amount": 35000, "bb_province": "ลำปาง"}, {"bb_amount": 35000, "bb_province": "แม่ฮ่องสอน", "gf_amount": 250650, "gf_province": "แม่ฮ่องสอน"}, {"bb_amount": 35000, "bb_province": "เพชรบูรณ์"}, {"bb_amount": 35000, "bb_province": "ศรีสะเกษ"}, {"bb_amount": 35000, "bb_province": "ปัตตานี", "gf_amount": 1418110, "gf_province": "ปัตตานี"}, {"bb_amount": 35000, "bb_province": "หนองคาย"}, {"bb_amount": 35000, "bb_province": "สมุทรสงคราม"}, {"bb_amount": 35000, "bb_province": "นครปฐม"}, {"bb_amount": 35000, "bb_province": "ยะลา", "gf_amount": 175200, "gf_province": "ยะลา"}, {"bb_amount": 35000, "bb_province": "ขอนแก่น", "gf_amount": 500000, "gf_province": "ขอนแก่น"}, {"bb_amount": 35000, "bb_province": "ประจวบคีรีขันธ์"}, {"bb_amount": 35000, "bb_province": "ราชบุรี"}, {"bb_amount": 35000, "bb_province": "มุกดาหาร", "gf_amount": 920100, "gf_province": "มุกดาหาร"}, {"bb_amount": 35000, "bb_province": "บึงกาฬ"}, {"bb_amount": 35000, "bb_province": "ลำพูน"}, {"bb_amount": 35000, "bb_province": "สุราษฎร์ธานี"}, {"bb_amount": 35000, "bb_province": "กาญจนบุรี"}, {"bb_amount": 35000, "bb_province": "ระยอง"}, {"bb_amount": 35000, "bb_province": "พะเยา"}, {"bb_amount": 35000, "bb_province": "ร้อยเอ็ด"}, {"bb_amount": 35000, "bb_province": "สระบุรี", "gf_amount": 0, "gf_province": "สระบุรี"}, {"bb_amount": 35000, "bb_province": "สกลนคร"}, {"bb_amount": 35000, "bb_province": "สระแก้ว"}, {"bb_amount": 35000, "bb_province": "กำแพงเพชร"}, {"bb_amount": 35000, "bb_province": "ยโสธร"}, {"bb_amount": 35000, "bb_province": "ระนอง"}, {"bb_amount": 35000, "bb_province": "นครนายก"}, {"bb_amount": 35000, "bb_province": "อุดรธานี"}, {"bb_amount": 35000, "bb_province": "สมุทรปราการ"}, {"bb_amount": 35000, "bb_province": "ภูเก็ต"}, {"bb_amount": 35000, "bb_province": "กระบี่"}, {"bb_amount": 35000, "bb_province": "ลพบุรี"}, {"bb_amount": 35000, "bb_province": "พัทลุง"}, {"bb_amount": 35000, "bb_province": "อุทัยธานี"}, {"bb_amount": 35000, "bb_province": "พิจิตร"}, {"bb_amount": 35000, "bb_province": "ตาก"}, {"bb_amount": 35000, "bb_province": "สตูล"}, {"bb_amount": 35000, "bb_province": "สุพรรณบุรี"}, {"bb_amount": 35000, "bb_province": "นครพนม", "gf_amount": 882940, "gf_province": "นครพนม"}, {"bb_amount": 35000, "bb_province": "กาฬสินธุ์"}, {"bb_amount": 35000, "bb_province": "สุรินทร์"}, {"bb_amount": 35000, "bb_province": "ปทุมธานี"}, {"bb_amount": 35000, "bb_province": "เชียงราย", "gf_amount": 515000, "gf_province": "เชียงราย"}, {"bb_amount": 35000, "bb_province": "อุบลราชธานี"}, {"bb_amount": 35000, "bb_province": "อ่างทอง", "gf_amount": 777166, "gf_province": "อ่างทอง"}, {"bb_amount": 35000, "bb_province": "แพร่"}, {"bb_amount": 35000, "bb_province": "ชัยภูมิ"}, {"bb_amount": 35000, "bb_province": "นราธิวาส"}, {"bb_amount": 35000, "bb_province": "ฉะเชิงเทรา"}, {"bb_amount": 35000, "bb_province": "นครศรีธรรมราช"}, {"bb_amount": 35000, "bb_province": "มหาสารคาม"}, {"bb_amount": 35000, "bb_province": "สงขลา"}, {"bb_amount": 35000, "bb_province": "นครราชสีมา"}, {"bb_amount": 35000, "bb_province": "หนองบัวลำภู", "gf_amount": 136950, "gf_province": "หนองบัวลำภู"}, {"bb_amount": 35000, "bb_province": "น่าน"}, {"bb_amount": 35000, "bb_province": "ชัยนาท"}, {"bb_amount": 35000, "bb_province": "ชลบุรี"}, {"bb_amount": 35000, "bb_province": "พระนครศรีอยุธยา"}, {"bb_amount": 35000, "bb_province": "อำนาจเจริญ"}, {"bb_amount": 35000, "bb_province": "นครสวรรค์"}, {"bb_amount": 35000, "bb_province": "ชุมพร"}], "gf_amount_sum": 6841921}
{"bb_code": "1500720002420086", "bb_year": "2559", "amount": 45833300, "min_code": "15000", "agc_code": "15007", "name": "โครงการพัฒนาพื้นที่เฉพาะชุมชนบางน้อย อำเภอบางคนที จังหวัดสมุทรสงคราม", "min": "กระทรวงมหาดไทย", "agc": "กรมโยธาธิการและผังเมือง", "plan_name": "รักษาความมั่นคงของฐานทรัพยากรธรรมชาติและแก้ปัญหาที่ดินทำกิน", "stg_name": "ยุทธศาสตร์การจัดการทรัพยากรธรรมชาติและสิ่งแวดล้อม", "objc_level1_name": "งบลงทุน", "compare": [{"bb_amount": 45833300, "bb_province": "สมุทรสงคราม"}, {"gf_amount": 8154432, "gf_province": "ส่วนกลาง", "bb_amount": null, "bb_province": "กรุงเทพมหานคร"}], "gf_amount_sum": 8154432}
