{"bb_code": "1500883002600K18", "bb_year": "2559", "amount": 7245000, "min_code": "15000", "agc_code": "15008", "name": "ซ่อมสร้างถนนลาดยางผิวจาจรแบบ Cape Seal สาย กส.๕๑๑๙ บ้านหนองผือ - บ้านจอมศรี อำเภอเขาวง จำนวน ๒ ช่วง มีพื้นที่รวมไม่น้อยกว่า ๒๐,๒๙๔ ตารางเมตร อบจ.กาฬสินธุ์ อ.เขาวง จ.กาฬสินธุ์", "min": "กระทรวงมหาดไทย", "agc": "กรมส่งเสริมการปกครองท้องถิ่น", "plan_name": "ส่งเสริมการกระจายอำนาจให้แก่องค์กรปกครองส่วนท้องถิ่น", "stg_name": "ยุทธศาสตร์การบริหารกิจการบ้านเมืองที่ดี", "objc_level1_name": "งบลงทุน", "compare": [{"bb_amount": 7245000, "bb_province": "กาฬสินธุ์"}], "gf_amount_sum": 0}
{"bb_code": "1500883002600ER7", "bb_year": "2559", "amount": 7245000, "min_code": "15000", "agc_code": "15008", "name": "ซ่อมสร้างถนนลาดยางแอสฟัลท์ติกคอนกรีต สายแยกศาลา - บ้านควนนา (สข.ถ.๓๙-๐๐๖)  หมู่ที่ ๗  บ้านควนนา  ตำบลกำแพงเพชร กว้าง  ๘  เมตร  ยาว  ๑,๔๕๐  เมตร  หนา  ๐.๐๕  เมตร ไหล่ทางข้างละ  ๑.๐๐  เมตร   ทม.กำแพงเพช", "min": "กระทรวงมหาดไทย", "agc": "กรมส่งเสริมการปกครองท้องถิ่น", "plan_name": "ส่งเสริมการกระจายอำนาจให้แก่องค์กรปกครองส่วนท้องถิ่น", "stg_name": "ยุทธศาสตร์การบริหารกิจการบ้านเมืองที่ดี", "objc_level1_name": "งบลงทุน", "compare": [{"bb_amount": 7245000, "bb_province": "สงขลา"}], "gf_amount_sum": 0}
{"bb_code": "1500883002600K32", "bb_year": "2559", "amount": 7243100, "min_code": "15000", "agc_code": "15008", "name": "ซ่อมสร้างถนนลาดยางผิวจาจรแบบ Cape Seal สาย กส.๒๑๑๔ บ้านโพนทอง - บ้านคำหุ่ง อำเภอสามชัย มีพื้นที่ไม่น้อยกว่า ๒๒,๑๖๘ ตารางเมตร อบจ.กาฬสินธุ์ อ.สามชัย จ.กาฬสินธุ์", "min": "กระทรวงมหาดไทย", "agc": "กรมส่งเสริมการปกครองท้องถิ่น", "plan_name": "ส่งเสริมการกระจายอำนาจให้แก่องค์กรปกครองส่วนท้องถิ่น", "stg_name": "ยุทธศาสตร์การบริหารกิจการบ้านเมืองที่ดี", "objc_level1_name": "งบลงทุน", "compare": [{"bb_amount": 7243100, "bb_province": "กาฬสินธุ์"}], "gf_amount_sum": 0}
{"bb_code": "1500883002600T36", "bb_year": "2559", "amount": 7240700, "min_code": "15000", "agc_code": "15008", "name": "ซ่อมสร้างถนนผิวแอสฟัลท์ติกคอนกรีตสายบ้านเขากอบ - บ้านไสห้าง ตง.๓๑๔๗ หมู่ที่ ๒ ตำบลเขากอบ กว้าง ๖ เมตร ยาว ๑,๘๙๙ เมตร หนา ๐.๐๕ เมตร ไหล่ทางกว้างข้างละ ๑ เมตร หรือมีพื้นที่ไม่น้อยกว่า ๑๕,๑๙๒ ตารางเมตร", "min": "กระทรวงมหาดไทย", "agc": "กรมส่งเสริมการปกครองท้องถิ่น", "plan_name": "ส่งเสริมการกระจายอำนาจให้แก่องค์กรปกครองส่วนท้องถิ่น", "stg_name": "ยุทธศาสตร์การบริหารกิจการบ้านเมืองที่ดี", "objc_level1_name": "งบลงทุน", "compare": [{"bb_amount": 7240700, "bb_province": "ตรัง"}], "gf_amount_sum": 0}
{"bb_code": "1500883002600O27", "bb_year": "2559", "amount": 7235000, "min_code": "15000", "agc_code": "15008", "name": "ซ่อมสร้างผิวจราจรลาดยางแอสฟัลท์ติกคอนกรีต สาย ฉช ๓๐๑๔ บ้านหนามแดง - บ้านคลองประเวศบุรีรมย์ (ฉช.ถ ๑-๐๐๐๒) แบบ PAVEMENT IN PLACE RECYCLING กว้าง ๑๒ เมตร ยาว ๑,๐๖๕ เมตร  อบจ.ฉะเชิงเทรา อ.เมืองฉะเชิงเทรา", "min": "กระทรวงมหาดไทย", "agc": "กรมส่งเสริมการปกครองท้องถิ่น", "plan_name": "ส่งเสริมการกระจายอำนาจให้แก่องค์กรปกครองส่วนท้องถิ่น", "stg_name": "ยุทธศาสตร์การบริหารกิจการบ้านเมืองที่ดี", "objc_level1_name": "งบลงทุน", "compare": [{"bb_amount": 7235000, "bb_province": "ฉะเชิงเทรา"}], "gf_amount_sum": 0}
{"bb_code": "1500883002600922", "bb_year": "2559", "amount": 7230000, "min_code": "15000", "agc_code": "15008", "name": "ก่อสร้างอาคารศูนย์พัฒนาเด็กเล็ก (สถ.ศพด.2) องค์การบริหารส่วนตำบลบ่อภาค อำเภอชาติตระการ จังหวัดพิษณุโลก", "min": "กระทรวงมหาดไทย", "agc": "กรมส่งเสริมการปกครองท้องถิ่น", "plan_name": "ส่งเสริมการกระจายอำนาจให้แก่องค์กรปกครองส่วนท้องถิ่น", "stg_name": "ยุทธศาสตร์การบริหารกิจการบ้านเมืองที่ดี", "objc_level1_name": "งบลงทุน", "compare": [{"bb_amount": 7230000, "bb_province": "พิษณุโลก"}], "gf_amount_sum": 0}
{"bb_code": "1500883002600634", "bb_year": "2559", "amount": 7230000, "min_code": "15000", "agc_code": "15008", "name": "ก่อสร้างอาคารศูนย์พัฒนาเด็กเล็ก (สถ.ศพด.2) เทศบาลตำบลจ.ป.ร. อำเภอกระบุรี จังหวัดระนอง", "min": "กระทรวงมหาดไทย", "agc": "กรมส่งเสริมการปกครองท้องถิ่น", "plan_name": "ส่งเสริมการกระจายอำนาจให้แก่องค์กรปกครองส่วนท้องถิ่น", "stg_name": "ยุทธศาสตร์การบริหารกิจการบ้านเมืองที่ดี", "objc_level1_name": "งบลงทุน", "compare": [{"bb_amount": 7230000, "bb_province": "ระนอง"}], "gf_amount_sum": 0}
{"bb_code": "1500883002600594", "bb_year": "2559", "amount": 7230000, "min_code": "15000", "agc_code": "15008", "name": "ก่อสร้างอาคารศูนย์พัฒนาเด็กเล็ก (สถ.ศพด.2) องค์การบริหารส่วนตำบลดงครั่งใหญ่ อำเภอเกษตรวิสัย จังหวัดร้อยเอ็ด", "min": "กระทรวงมหาดไทย", "agc": "กรมส่งเสริมการปกครองท้องถิ่น", "plan_name": "ส่งเสริมการกระจายอำนาจให้แก่องค์กรปกครองส่วนท้องถิ่น", "stg_name": "ยุทธศาสตร์การบริหารกิจการบ้านเมืองที่ดี", "objc_level1_name": "งบลงทุน", "compare": [{"bb_amount": 7230000, "bb_province": "ร้อยเอ็ด"}], "gf_amount_sum": 0}
{"bb_code": "1500883002600972", "bb_year": "2559", "amount": 7230000, "min_code": "15000", "agc_code": "15008", "name": "ก่อสร้างอาคารศูนย์พัฒนาเด็กเล็ก (สถ.ศพด.2) องค์การบริหารส่วนตำบลไทยชนะศึก อำเภอทุ่งเสลี่ยม จังหวัดสุโขทัย", "min": "กระทรวงมหาดไทย", "agc": "กรมส่งเสริมการปกครองท้องถิ่น", "plan_name": "ส่งเสริมการกระจายอำนาจให้แก่องค์กรปกครองส่วนท้องถิ่น", "stg_name": "ยุทธศาสตร์การบริหารกิจการบ้านเมืองที่ดี", "objc_level1_name": "งบลงทุน", "compare": [{"bb_amount": 7230000, "bb_province": "สุโขทัย"}], "gf_amount_sum": 0}
{"bb_code": "1500883002600956", "bb_year": "2559", "amount": 7230000, "min_code": "15000", "agc_code": "15008", "name": "ก่อสร้างอาคารศูนย์พัฒนาเด็กเล็ก (สถ.ศพด.2) องค์การบริหารส่วนตำบลโมโกร อำเภออุ้มผาง จังหวัดตาก", "min": "กระทรวงมหาดไทย", "agc": "กรมส่งเสริมการปกครองท้องถิ่น", "plan_name": "ส่งเสริมการกระจายอำนาจให้แก่องค์กรปกครองส่วนท้องถิ่น", "stg_name": "ยุทธศาสตร์การบริหารกิจการบ้านเมืองที่ดี", "objc_level1_name": "งบลงทุน", "compare": [{"bb_amount": 7230000, "bb_province": "ตาก"}], "gf_amount_sum": 0}
{"bb_code": "1500883002600798", "bb_year": "2559", "amount": 7230000, "min_code": "15000", "agc_code": "15008", "name": "ก่อสร้างอาคารศูนย์พัฒนาเด็กเล็ก (สถ.ศพด.2) องค์การบริหารส่วนตำบลพระแก้ว อำเภอสังขะ จังหวัดสุรินทร์", "min": "กระทรวงมหาดไทย", "agc": "กรมส่งเสริมการปกครองท้องถิ่น", "plan_name": "ส่งเสริมการกระจายอำนาจให้แก่องค์กรปกครองส่วนท้องถิ่น", "stg_name": "ยุทธศาสตร์การบริหารกิจการบ้านเมืองที่ดี", "objc_level1_name": "งบลงทุน", "compare": [{"bb_amount": 7230000, "bb_province": "สุรินทร์"}], "gf_amount_sum": 0}
{"bb_code": "1500382009410336", "bb_year": "2559", "amount": 7228700, "min_code": "15000", "agc_code": "15003", "name": "ค่าก่อสร้างหอประชุมอำเภอห้วยราช จังหวัดบุรีรัมย์", "min": "กระทรวงมหาดไทย", "agc": "กรมการปกครอง", "plan_name": "พัฒนาประสิทธิภาพการบริหารราชการแผ่นดิน", "stg_name": "ยุทธศาสตร์การบริหารกิจการบ้านเมืองที่ดี", "objc_level1_name": "งบลงทุน", "compare": [{"bb_amount": 7228700, "bb_province": "บุรีรัมย์", "gf_amount": 5863324.61, "gf_province": "บุรีรัมย์"}], "gf_amount_sum": 5863324.61}
{"bb_code": "1500382009410335", "bb_year": "2559", "amount": 7228700, "min_code": "15000", "agc_code": "15003", "name": "ค่าก่อสร้างหอประชุมอำเภอดอนพุด จังหวัดสระบุรี", "min": "กระทรวงมหาดไทย", "agc": "กรมการปกครอง", "plan_name": "พัฒนาประสิทธิภาพการบริหารราชการแผ่นดิน", "stg_name": "ยุทธศาสตร์การบริหารกิจการบ้านเมืองที่ดี", "objc_level1_name": "งบลงทุน", "compare": [{"bb_amount": 7228700, "bb_province": "สระบุรี", "gf_amount": 2422602.18, "gf_province": "สระบุรี"}], "gf_amount_sum": 2422602.18}
{"bb_code": "1500382009410334", "bb_year": "2559", "amount": 7228700, "min_code": "15000", "agc_code": "15003", "name": "ค่าก่อสร้างหอประชุมอำเภอปากคาด จังหวัดบึงกาฬ", "min": "กระทรวงมหาดไทย", "agc": "กรมการปกครอง", "plan_name": "พัฒนาประสิทธิภาพการบริหารราชการแผ่นดิน", "stg_name": "ยุทธศาสตร์การบริหารกิจการบ้านเมืองที่ดี", "objc_level1_name": "งบลงทุน", "compare": [{"bb_amount": 7228700, "bb_province": "บึงกาฬ", "gf_amount": 5332800, "gf_province": "บึงกาฬ"}], "gf_amount_sum": 5332800}
{"bb_code": "1500382009410333", "bb_year": "2559", "amount": 7228700, "min_code": "15000", "agc_code": "15003", "name": "ค่าก่อสร้างหอประชุมอำเภอเมืองปาน จังหวัดลำปาง", "min": "กระทรวงมหาดไทย", "agc": "กรมการปกครอง", "plan_name": "พัฒนาประสิทธิภาพการบริหารราชการแผ่นดิน", "stg_name": "ยุทธศาสตร์การบริหารกิจการบ้านเมืองที่ดี", "objc_level1_name": "งบลงทุน", "compare": [{"bb_amount": 7228700, "bb_province": "ลำปาง", "gf_amount": 5060090, "gf_province": "ลำปาง"}], "gf_amount_sum": 5060090}
{"bb_code": "1500382009410332", "bb_year": "2559", "amount": 7228700, "min_code": "15000", "agc_code": "15003", "name": "ค่าก่อสร้างหอประชุมอำเภอหนองบัวแดง จังหวัดชัยภูมิ", "min": "กระทรวงมหาดไทย", "agc": "กรมการปกครอง", "plan_name": "พัฒนาประสิทธิภาพการบริหารราชการแผ่นดิน", "stg_name": "ยุทธศาสตร์การบริหารกิจการบ้านเมืองที่ดี", "objc_level1_name": "งบลงทุน", "compare": [{"bb_amount": 7228700, "bb_province": "ชัยภูมิ", "gf_amount": 2339215, "gf_province": "ชัยภูมิ"}], "gf_amount_sum": 2339215}
{"bb_code": "1500382009410331", "bb_year": "2559", "amount": 7228700, "min_code": "15000", "agc_code": "15003", "name": "ค่าก่อสร้างหอประชุมอำเภอลำทับ จังหวัดกระบี่", "min": "กระทรวงมหาดไทย", "agc": "กรมการปกครอง", "plan_name": "พัฒนาประสิทธิภาพการบริหารราชการแผ่นดิน", "stg_name": "ยุทธศาสตร์การบริหารกิจการบ้านเมืองที่ดี", "objc_level1_name": "งบลงทุน", "compare": [{"bb_amount": 7228700, "bb_province": "กระบี่", "gf_amount": 655000, "gf_province": "กระบี่"}], "gf_amount_sum": 655000}
{"bb_code": "1500382009410330", "bb_year": "2559", "amount": 7228700, "min_code": "15000", "agc_code": "15003", "name": "ค่าก่อสร้างหอประชุมอำเภอทับคล้อ จังหวัดพิจิตร", "min": "กระทรวงมหาดไทย", "agc": "กรมการปกครอง", "plan_name": "พัฒนาประสิทธิภาพการบริหารราชการแผ่นดิน", "stg_name": "ยุทธศาสตร์การบริหารกิจการบ้านเมืองที่ดี", "objc_level1_name": "งบลงทุน", "compare": [{"bb_amount": 7228700, "bb_province": "พิจิตร", "gf_amount": 7190000, "gf_province": "พิจิตร"}], "gf_amount_sum": 7190000}
{"bb_code": "1500382009410329", "bb_year": "2559", "amount": 7228700, "min_code": "15000", "agc_code": "15003", "name": "ค่าก่อสร้างหอประชุมอำเภอทุ่งยางแดง จังหวัดปัตตานี", "min": "กระทรวงมหาดไทย", "agc": "กรมการปกครอง", "plan_name": "พัฒนาประสิทธิภาพการบริหารราชการแผ่นดิน", "stg_name": "ยุทธศาสตร์การบริหารกิจการบ้านเมืองที่ดี", "objc_level1_name": "งบลงทุน", "compare": [{"bb_amount": 7228700, "bb_province": "ปัตตานี", "gf_amount": 3611959, "gf_province": "ปัตตานี"}], "gf_amount_sum": 3611959}
{"bb_code": "1500382009410328", "bb_year": "2559", "amount": 7228700, "min_code": "15000", "agc_code": "15003", "name": "ค่าก่อสร้างหอประชุมอำเภอยางสีสุราช จังหวัดมหาสารคาม", "min": "กระทรวงมหาดไทย", "agc": "กรมการปกครอง", "plan_name": "พัฒนาประสิทธิภาพการบริหารราชการแผ่นดิน", "stg_name": "ยุทธศาสตร์การบริหารกิจการบ้านเมืองที่ดี", "objc_level1_name": "งบลงทุน", "compare": [{"bb_amount": 7228700, "bb_province": "มหาสารคาม", "gf_amount": 6428800, "gf_province": "มหาสารคาม"}], "gf_amount_sum": 6428800}
