{"bb_code": "1500822040600969", "bb_year": "2559", "amount": 6902600, "min_code": "15000", "agc_code": "15008", "name": "ก่อสร้างระบบประปาแบบผิวดินขนาดใหญ่มาก หมู่ที่ ๒ บ้านเนินขาม ตำบลเนินขาม ตามแบบมาตรฐานกรมทรัพยากรน้ำกำหนด ทต.เนินขาม อ.เนินขาม จ.ชัยนาท", "min": "กระทรวงมหาดไทย", "agc": "กรมส่งเสริมการปกครองท้องถิ่น", "plan_name": "บริหารจัดการทรัพยากรน้ำ", "stg_name": "ยุทธศาสตร์เร่งรัดวางรากฐานการพัฒนาที่ยั่งยืนของประเทศ", "objc_level1_name": "งบลงทุน", "compare": [{"bb_amount": 6902600, "bb_province": "ชัยนาท"}], "gf_amount_sum": 0}
{"bb_code": "1500883002600V59", "bb_year": "2559", "amount": 6897200, "min_code": "15000", "agc_code": "15008", "name": "ซ่อมสร้างถนนลาดยางผิวทางพาราแอสฟัลท์ติกคอนกรีต (โดยวิธี Pavement In - Place Recycling) สาย บ้านฟากนา หมู่ที่ ๔ ตำบลนาอาน อำเภอเมืองเลย - บ้านโคกสร้างทราย ตำบลปากปวน อำเภอวังสะพุง กว้าง ๖ เมตร ยาว ๒,๑๐", "min": "กระทรวงมหาดไทย", "agc": "กรมส่งเสริมการปกครองท้องถิ่น", "plan_name": "ส่งเสริมการกระจายอำนาจให้แก่องค์กรปกครองส่วนท้องถิ่น", "stg_name": "ยุทธศาสตร์การบริหารกิจการบ้านเมืองที่ดี", "objc_level1_name": "งบลงทุน", "compare": [{"bb_amount": 6897200, "bb_province": "เลย"}], "gf_amount_sum": 0}
{"bb_code": "1500883002600Z66", "bb_year": "2559", "amount": 6886600, "min_code": "15000", "agc_code": "15008", "name": "ปรับปรุงซ่อมแซมถนนลาดยางผิวทางพาราแอสฟัลท์ติกคอนกรีตสายทาง  มค.ถ.๑-๐๐๔๓ บ้านดงบัง หมู่ที่ ๕ ตำบลดงบัง - บ้านดอนดู่  หมู่ที่ ๗  ตำบลหัวดง  มีพื้นที่ไม่น้อยกว่า  ๙,๐๐๐  ตารางเมตร  และงาน Deep Patch  ๒,๘", "min": "กระทรวงมหาดไทย", "agc": "กรมส่งเสริมการปกครองท้องถิ่น", "plan_name": "ส่งเสริมการกระจายอำนาจให้แก่องค์กรปกครองส่วนท้องถิ่น", "stg_name": "ยุทธศาสตร์การบริหารกิจการบ้านเมืองที่ดี", "objc_level1_name": "งบลงทุน", "compare": [{"bb_amount": 6886600, "bb_province": "มหาสารคาม"}], "gf_amount_sum": 0}
{"bb_code": "1500720002420103", "bb_year": "2559", "amount": 6881000, "min_code": "15000", "agc_code": "15007", "name": "โครงการพัฒนาเมืองเฉพาะพื้นที่ชุมชนไพศาล อำเภอธวัชบุรี จังหวัดร้อยเอ็ด", "min": "กระทรวงมหาดไทย", "agc": "กรมโยธาธิการและผังเมือง", "plan_name": "รักษาความมั่นคงของฐานทรัพยากรธรรมชาติและแก้ปัญหาที่ดินทำกิน", "stg_name": "ยุทธศาสตร์การจัดการทรัพยากรธรรมชาติและสิ่งแวดล้อม", "objc_level1_name": "งบลงทุน", "compare": [{"bb_amount": 6881000, "bb_province": "ร้อยเอ็ด"}, {"gf_amount": 5062500, "gf_province": "ส่วนกลาง", "bb_amount": null, "bb_province": "กรุงเทพมหานคร"}], "gf_amount_sum": 5062500}
{"bb_code": "1500883002600AB1", "bb_year": "2559", "amount": 6874100, "min_code": "15000", "agc_code": "15008", "name": "ซ่อมสร้างถนนแอสฟัลท์ติกคอนกรีต สายวงษ์พัฒนา - ทุ่งกราด หมู่ที่ ๔ ,หมู่ที่ ๕ และหมู่ที่ ๘ ตำบลสะตอ กว้าง ๕ เมตร ยาว ๒,๕๐๐ เมตร หนา ๐.๑๕ เมตร ไหล่ทางกว้างข้างละ ๑.๒๐ เมตร  อบต.สะตอ อ.เขาสมิง จ.ตราด", "min": "กระทรวงมหาดไทย", "agc": "กรมส่งเสริมการปกครองท้องถิ่น", "plan_name": "ส่งเสริมการกระจายอำนาจให้แก่องค์กรปกครองส่วนท้องถิ่น", "stg_name": "ยุทธศาสตร์การบริหารกิจการบ้านเมืองที่ดี", "objc_level1_name": "งบลงทุน", "compare": [{"bb_amount": 6874100, "bb_province": "ตราด"}], "gf_amount_sum": 0}
{"bb_code": "1500785013410088", "bb_year": "2559", "amount": 6867000, "min_code": "15000", "agc_code": "15007", "name": "โครงการปรับปรุงถนนในชุมชน บ้านดังหมูใต้ หมู่ที่ 2 - บ้านดังหมูเหนือ(สายกลางบ้านพรุหว้า) หมู่ที่ 3 ตำบลท่าประดู่ อำเภอนาทวี จังหวัดสงขลา กว้าง 5 ม. ระยะทาง 2.00 กม.", "min": "กระทรวงมหาดไทย", "agc": "กรมโยธาธิการและผังเมือง", "plan_name": "แก้ไขปัญหาและพัฒนาจังหวัดชายแดนภาคใต้", "stg_name": "ยุทธศาสตร์เร่งรัดวางรากฐานการพัฒนาที่ยั่งยืนของประเทศ", "objc_level1_name": "งบลงทุน", "compare": [{"bb_amount": 6867000, "bb_province": "สงขลา", "gf_amount": 6862000, "gf_province": "สงขลา"}], "gf_amount_sum": 6862000}
{"bb_code": "1500785013410089", "bb_year": "2559", "amount": 6867000, "min_code": "15000", "agc_code": "15007", "name": "โครงการปรับปรุงถนนในชุมชน บ้านพรุตู (สายหน้าเหมืองเกาะสะบ้า-บ้านใหม่) หมู่ที่ 6 ตำบลเกาะสะบ้า อำเภอเทพา จังหวัดสงขลา กว้าง 5 ม. ระยะทาง 2.00 กม.", "min": "กระทรวงมหาดไทย", "agc": "กรมโยธาธิการและผังเมือง", "plan_name": "แก้ไขปัญหาและพัฒนาจังหวัดชายแดนภาคใต้", "stg_name": "ยุทธศาสตร์เร่งรัดวางรากฐานการพัฒนาที่ยั่งยืนของประเทศ", "objc_level1_name": "งบลงทุน", "compare": [{"bb_amount": 6867000, "bb_province": "สงขลา", "gf_amount": 6864000, "gf_province": "สงขลา"}], "gf_amount_sum": 6864000}
{"bb_code": "1500883002600Z63", "bb_year": "2559", "amount": 6867000, "min_code": "15000", "agc_code": "15008", "name": "ซ่อมสร้างถนนคอนกรีตเสริมเหล็กถนนบ้านปลายบาง-บ้านคลองมหาสวัสดิ์ หมู่ที่ ๖ ตำบลศาลากลาง กว้าง ๖ เมตร ยาว ๗๕๐ เมตร หนา ๐.๒๐ เมตร พื้นที่ไม่น้อยกว่า ๔,๕๐๐ ตารางเมตร พร้อมวางท่อ  ๐.๖๐ เมตร บ่อพักและรางวี ๑", "min": "กระทรวงมหาดไทย", "agc": "กรมส่งเสริมการปกครองท้องถิ่น", "plan_name": "ส่งเสริมการกระจายอำนาจให้แก่องค์กรปกครองส่วนท้องถิ่น", "stg_name": "ยุทธศาสตร์การบริหารกิจการบ้านเมืองที่ดี", "objc_level1_name": "งบลงทุน", "compare": [{"bb_amount": 6867000, "bb_province": "นนทบุรี"}], "gf_amount_sum": 0}
{"bb_code": "1500786020420215", "bb_year": "2559", "amount": 6825000, "min_code": "15000", "agc_code": "15007", "name": "เขื่อนป้องกันตลิ่งริมแม่น้ำเหือง บ้านอาฮี หมู่ที่ 6 ต.อาฮี อ.ท่าลี่ จ.เลย ความยาว 500 เมตร", "min": "กระทรวงมหาดไทย", "agc": "กรมโยธาธิการและผังเมือง", "plan_name": "ฟื้นฟู ป้องกัน และจัดการภัยพิบัติ ", "stg_name": "ยุทธศาสตร์การจัดการทรัพยากรธรรมชาติและสิ่งแวดล้อม", "objc_level1_name": "งบลงทุน", "compare": [{"bb_amount": 6825000, "bb_province": "เลย"}, {"gf_amount": 5014950, "gf_province": "ส่วนกลาง", "bb_amount": null, "bb_province": "กรุงเทพมหานคร"}], "gf_amount_sum": 5014950}
{"bb_code": "1500786020420214", "bb_year": "2559", "amount": 6825000, "min_code": "15000", "agc_code": "15007", "name": "เขื่อนป้องกันตลิ่งริมแม่น้ำเหือง บริเวณโรงเรียนบ้านปากห้วย ต.หนองผือ อ.ท่าลี่ จ.เลย ความยาว 500 เมตร", "min": "กระทรวงมหาดไทย", "agc": "กรมโยธาธิการและผังเมือง", "plan_name": "ฟื้นฟู ป้องกัน และจัดการภัยพิบัติ ", "stg_name": "ยุทธศาสตร์การจัดการทรัพยากรธรรมชาติและสิ่งแวดล้อม", "objc_level1_name": "งบลงทุน", "compare": [{"bb_amount": 6825000, "bb_province": "เลย"}, {"gf_amount": 6825000, "gf_province": "ส่วนกลาง", "bb_amount": null, "bb_province": "กรุงเทพมหานคร"}], "gf_amount_sum": 6825000}
{"bb_code": "1500786020420213", "bb_year": "2559", "amount": 6825000, "min_code": "15000", "agc_code": "15007", "name": "เขื่อนป้องกันตลิ่งริมแม่น้ำเหือง บ้านนากระเซ็ง (จุดที่ 5) บริเวณใต้สะพานมิตรภาพไทย-ลาว ต.อาฮี อ.ท่าลี่ จ.เลย ความยาว 500 เมตร", "min": "กระทรวงมหาดไทย", "agc": "กรมโยธาธิการและผังเมือง", "plan_name": "ฟื้นฟู ป้องกัน และจัดการภัยพิบัติ ", "stg_name": "ยุทธศาสตร์การจัดการทรัพยากรธรรมชาติและสิ่งแวดล้อม", "objc_level1_name": "งบลงทุน", "compare": [{"bb_amount": 6825000, "bb_province": "เลย"}, {"gf_amount": 6825000, "gf_province": "ส่วนกลาง", "bb_amount": null, "bb_province": "กรุงเทพมหานคร"}], "gf_amount_sum": 6825000}
{"bb_code": "1500786007420414", "bb_year": "2559", "amount": 6825000, "min_code": "15000", "agc_code": "15007", "name": "เขื่อนป้องกันตลิ่งริมแม่น้ำแม่กลองพร้อมจัดภูมิทัศน์และท่าเทียบเรือบริเวณหน้าวัดเกตการาม (วัดอารามหลวง) ต.โรงหีบ อ.บางคนที จ.สมุทรสงคราม ความยาว 285 เมตร", "min": "กระทรวงมหาดไทย", "agc": "กรมโยธาธิการและผังเมือง", "plan_name": "ฟื้นฟู ป้องกัน และจัดการภัยพิบัติ ", "stg_name": "ยุทธศาสตร์การจัดการทรัพยากรธรรมชาติและสิ่งแวดล้อม", "objc_level1_name": "งบลงทุน", "compare": [{"bb_amount": 6825000, "bb_province": "สมุทรสงคราม"}, {"gf_amount": 4655550, "gf_province": "ส่วนกลาง", "bb_amount": null, "bb_province": "กรุงเทพมหานคร"}], "gf_amount_sum": 4655550}
{"bb_code": "1500786007420312", "bb_year": "2559", "amount": 6825000, "min_code": "15000", "agc_code": "15007", "name": "เขื่อนป้องกันตลิ่งริมแม่น้ำปิง บริเวณเทศบาลท่ามะเขือ ต.ท่ามะเขือ อ.คลองขลุง จ.กำแพงเพชร ความยาว 500 เมตร", "min": "กระทรวงมหาดไทย", "agc": "กรมโยธาธิการและผังเมือง", "plan_name": "ฟื้นฟู ป้องกัน และจัดการภัยพิบัติ ", "stg_name": "ยุทธศาสตร์การจัดการทรัพยากรธรรมชาติและสิ่งแวดล้อม", "objc_level1_name": "งบลงทุน", "compare": [{"bb_amount": 6825000, "bb_province": "กำแพงเพชร"}, {"gf_amount": 5085000, "gf_province": "ส่วนกลาง", "bb_amount": null, "bb_province": "กรุงเทพมหานคร"}], "gf_amount_sum": 5085000}
{"bb_code": "1500786020420184", "bb_year": "2559", "amount": 6825000, "min_code": "15000", "agc_code": "15007", "name": "เขื่อนป้องกันตลิ่งริมแม่น้ำโกลก บ้านแลแบะ หมู่ที่ 8 ต.โล๊ะจูด อ.แว้ง จ.นราธิวาส (จุดที่ 2) ความยาว 500 เมตร", "min": "กระทรวงมหาดไทย", "agc": "กรมโยธาธิการและผังเมือง", "plan_name": "ฟื้นฟู ป้องกัน และจัดการภัยพิบัติ ", "stg_name": "ยุทธศาสตร์การจัดการทรัพยากรธรรมชาติและสิ่งแวดล้อม", "objc_level1_name": "งบลงทุน", "compare": [{"bb_amount": 6825000, "bb_province": "นราธิวาส", "gf_amount": 34100000, "gf_province": "นราธิวาส"}], "gf_amount_sum": 34100000}
{"bb_code": "1500786007420382", "bb_year": "2559", "amount": 6825000, "min_code": "15000", "agc_code": "15007", "name": "เขื่อนป้องกันตลิ่งริมแม่น้ำชี บ้านดอนคำ ม.9 ต.คำไฮ อ.พนมไพร จ.ร้อยอ็ด ความยาว 500 เมตร", "min": "กระทรวงมหาดไทย", "agc": "กรมโยธาธิการและผังเมือง", "plan_name": "ฟื้นฟู ป้องกัน และจัดการภัยพิบัติ ", "stg_name": "ยุทธศาสตร์การจัดการทรัพยากรธรรมชาติและสิ่งแวดล้อม", "objc_level1_name": "งบลงทุน", "compare": [{"bb_amount": 6825000, "bb_province": "ร้อยเอ็ด"}, {"gf_amount": 5068335, "gf_province": "ส่วนกลาง", "bb_amount": null, "bb_province": "กรุงเทพมหานคร"}], "gf_amount_sum": 5068335}
{"bb_code": "1500786007420352", "bb_year": "2559", "amount": 6825000, "min_code": "15000", "agc_code": "15007", "name": "เขื่อนป้องกันตลิ่งริมแม่น้ำเจ้าพระยา (ระยะที่ 2) ม.3 ต.ไทรน้อย อ.บางบาล จ.พระนครศรีอยุธยา ความยาว 150 เมตร", "min": "กระทรวงมหาดไทย", "agc": "กรมโยธาธิการและผังเมือง", "plan_name": "ฟื้นฟู ป้องกัน และจัดการภัยพิบัติ ", "stg_name": "ยุทธศาสตร์การจัดการทรัพยากรธรรมชาติและสิ่งแวดล้อม", "objc_level1_name": "งบลงทุน", "compare": [{"bb_amount": 6825000, "bb_province": "พระนครศรีอยุธยา"}, {"gf_amount": 5091600, "gf_province": "ส่วนกลาง", "bb_amount": null, "bb_province": "กรุงเทพมหานคร"}], "gf_amount_sum": 5091600}
{"bb_code": "1500786020420235", "bb_year": "2559", "amount": 6825000, "min_code": "15000", "agc_code": "15007", "name": "เขื่อนป้องกันตลิ่งริมแม่น้ำเมย บ้านใหม่ หมู่ 1 ต.แม่ต้าน อ.ท่าสองยาง จ.ตาก ความยาว 500 เมตร", "min": "กระทรวงมหาดไทย", "agc": "กรมโยธาธิการและผังเมือง", "plan_name": "ฟื้นฟู ป้องกัน และจัดการภัยพิบัติ ", "stg_name": "ยุทธศาสตร์การจัดการทรัพยากรธรรมชาติและสิ่งแวดล้อม", "objc_level1_name": "งบลงทุน", "compare": [{"bb_amount": 6825000, "bb_province": "ตาก"}, {"gf_amount": 4154809.7, "gf_province": "ส่วนกลาง", "bb_amount": null, "bb_province": "กรุงเทพมหานคร"}], "gf_amount_sum": 4154809.7}
{"bb_code": "1500883002600AW6", "bb_year": "2559", "amount": 6824800, "min_code": "15000", "agc_code": "15008", "name": "ปรับปรุงซ่อมแซมถนนลาดยางผิวทางพาราแอสฟัลท์ติกคอนกรีต สายทาง  มค.ถ.๑-๐๐๑๖  บ้านบุลาน  หมู่ที่ ๖ ตำบลเมืองเสือ - บ้านดงเย็น หมู่ที่ ๑ ตำบลราษฎร์เจริญ  กว้าง  ๖ เมตร ยาว   ๑,๔๖๐  เมตร  หนา  ๐.๐๕ เมตร  อบ", "min": "กระทรวงมหาดไทย", "agc": "กรมส่งเสริมการปกครองท้องถิ่น", "plan_name": "ส่งเสริมการกระจายอำนาจให้แก่องค์กรปกครองส่วนท้องถิ่น", "stg_name": "ยุทธศาสตร์การบริหารกิจการบ้านเมืองที่ดี", "objc_level1_name": "งบลงทุน", "compare": [{"bb_amount": 6824800, "bb_province": "มหาสารคาม"}], "gf_amount_sum": 0}
{"bb_code": "1500883002600AU4", "bb_year": "2559", "amount": 6802600, "min_code": "15000", "agc_code": "15008", "name": "ปรับปรุงซ่อมแซมถนนลาดยางผิวทางพาราแอสฟัลท์ติกคอนกรีต (โดยวิธี Pavement In-Place Recycling) สายทาง  มค.ถ. ๑-๐๐๒๔ บ้านเขวาน้อย  หมู่ที่ ๙ ตำบลหนองม่วง  - บ้านโคกก่อ หมู่ที่ ๑ ตำบลโคกก่อ  กว้าง  ๗  เมตร", "min": "กระทรวงมหาดไทย", "agc": "กรมส่งเสริมการปกครองท้องถิ่น", "plan_name": "ส่งเสริมการกระจายอำนาจให้แก่องค์กรปกครองส่วนท้องถิ่น", "stg_name": "ยุทธศาสตร์การบริหารกิจการบ้านเมืองที่ดี", "objc_level1_name": "งบลงทุน", "compare": [{"bb_amount": 6802600, "bb_province": "มหาสารคาม"}], "gf_amount_sum": 0}
{"bb_code": "1500822040600F41", "bb_year": "2559", "amount": 6802400, "min_code": "15000", "agc_code": "15008", "name": "ก่อสร้างระบบประปาหมู่บ้าน แบบผิวดินขนาดใหญ่มาก บ้านดงหลบ หมู่ที่ ๗ ตำบลช่องแมว  ตามแบบมาตรฐานกรมทรัพยากรน้ำ ทต.ช่องแมว อ.ลำทะเมนชัย จ.นครราชสีมา", "min": "กระทรวงมหาดไทย", "agc": "กรมส่งเสริมการปกครองท้องถิ่น", "plan_name": "บริหารจัดการทรัพยากรน้ำ", "stg_name": "ยุทธศาสตร์เร่งรัดวางรากฐานการพัฒนาที่ยั่งยืนของประเทศ", "objc_level1_name": "งบลงทุน", "compare": [{"bb_amount": 6802400, "bb_province": "นครราชสีมา"}], "gf_amount_sum": 0}
