{"bb_code": "1500822040600DF6", "bb_year": "2559", "amount": 6662000, "min_code": "15000", "agc_code": "15008", "name": "ปรับปรุงซ่อมแซมสถานีสูบน้ำด้วยไฟฟ้า บ้านอำปึล (ขาม) ม.9 อบต.กาเกาะ อ.เมือง จ.สุรินทร์", "min": "กระทรวงมหาดไทย", "agc": "กรมส่งเสริมการปกครองท้องถิ่น", "plan_name": "บริหารจัดการทรัพยากรน้ำ", "stg_name": "ยุทธศาสตร์เร่งรัดวางรากฐานการพัฒนาที่ยั่งยืนของประเทศ", "objc_level1_name": "งบลงทุน", "compare": [{"bb_amount": 6662000, "bb_province": "สุรินทร์"}], "gf_amount_sum": 0}
{"bb_code": "1500883002600V72", "bb_year": "2559", "amount": 6660600, "min_code": "15000", "agc_code": "15008", "name": "ซ่อมสร้างผิวทางแอสฟัลท์ติกคอนกรีต สายทาง สห. ๒๐๑๖ แยก ทล.๓๒ – บ้านบางพาน หมู่ ๔ ตำบลบางมัญ กว้าง ๖ เมตร ยาว ๒,๓๐๐ เมตร อบต.บางมัญ อ.เมืองสิงห์บุรี จ.สิงห์บุรี", "min": "กระทรวงมหาดไทย", "agc": "กรมส่งเสริมการปกครองท้องถิ่น", "plan_name": "ส่งเสริมการกระจายอำนาจให้แก่องค์กรปกครองส่วนท้องถิ่น", "stg_name": "ยุทธศาสตร์การบริหารกิจการบ้านเมืองที่ดี", "objc_level1_name": "งบลงทุน", "compare": [{"bb_amount": 6660600, "bb_province": "สิงห์บุรี"}], "gf_amount_sum": 0}
{"bb_code": "1500883002600X93", "bb_year": "2559", "amount": 6649200, "min_code": "15000", "agc_code": "15008", "name": "ปรับปรุงซ่อมสร้างถนนคอนกรีตเสริมเหล็ก สายบ้านหนองย่างชิ้น ตำบลหนองย่างชิ้น - บ้านดงบาก ตำบลโพนทอง อำเภอเรณูนคร กว้าง ๖ เมตร ยาว ๒,๐๐๐ เมตร หนา ๐.๑๕ เมตร ไหล่ทางลูกรังกว้างข้างละ ๐.๕๐ เมตร อบจ.นครพนม อ", "min": "กระทรวงมหาดไทย", "agc": "กรมส่งเสริมการปกครองท้องถิ่น", "plan_name": "ส่งเสริมการกระจายอำนาจให้แก่องค์กรปกครองส่วนท้องถิ่น", "stg_name": "ยุทธศาสตร์การบริหารกิจการบ้านเมืองที่ดี", "objc_level1_name": "งบลงทุน", "compare": [{"bb_amount": 6649200, "bb_province": "นครพนม"}], "gf_amount_sum": 0}
{"bb_code": "1500686001120002", "bb_year": "2559", "amount": 6646000, "min_code": "15000", "agc_code": "15006", "name": "อุปกรณ์สำหรับใช้ในการฝึกอบรมดับเพลิงและกู้ภัย (25 รายการ)", "min": "กระทรวงมหาดไทย", "agc": "กรมป้องกันและบรรเทาสาธารณภัย", "plan_name": "ฟื้นฟู ป้องกัน และจัดการภัยพิบัติ ", "stg_name": "ยุทธศาสตร์การจัดการทรัพยากรธรรมชาติและสิ่งแวดล้อม", "objc_level1_name": "งบลงทุน", "compare": [{"bb_amount": 6646000, "bb_province": "ปทุมธานี"}, {"gf_amount": 6200000, "gf_province": "ส่วนกลาง", "bb_amount": null, "bb_province": "กรุงเทพมหานคร"}], "gf_amount_sum": 6200000}
{"bb_code": "1500883002600Z08", "bb_year": "2559", "amount": 6642800, "min_code": "15000", "agc_code": "15008", "name": "ซ่อมสร้างถนนลาดยางผิวทางพาราแอสฟัลท์ติกคอนกรีต  โดยวิธี  Pavement  In-Place  Recycling  สายระหว่างบ้านดอนผึ้ง  หมู่ที่  ๔,๘  ตำบลบากเรือ -  บ้านทรายงาม  หมู่ที่  ๕  ตำบลกุดกุง (ตอนที่  ๑)  กว้าง  ๖ เม", "min": "กระทรวงมหาดไทย", "agc": "กรมส่งเสริมการปกครองท้องถิ่น", "plan_name": "ส่งเสริมการกระจายอำนาจให้แก่องค์กรปกครองส่วนท้องถิ่น", "stg_name": "ยุทธศาสตร์การบริหารกิจการบ้านเมืองที่ดี", "objc_level1_name": "งบลงทุน", "compare": [{"bb_amount": 6642800, "bb_province": "ยโสธร"}], "gf_amount_sum": 0}
{"bb_code": "1500822040600I02", "bb_year": "2559", "amount": 6641100, "min_code": "15000", "agc_code": "15008", "name": "ก่อสร้างประปาหมู่บ้านแบบบาดาลขนาดใหญ่ หมู่ที่ ๓ บ้านหนองสร้อย ตำบลน้ำผุด ตามแบบมาตรฐานกรมทรัพยากรน้ำ อบต.น้ำผุด อ.ละงู จ.สตูล", "min": "กระทรวงมหาดไทย", "agc": "กรมส่งเสริมการปกครองท้องถิ่น", "plan_name": "บริหารจัดการทรัพยากรน้ำ", "stg_name": "ยุทธศาสตร์เร่งรัดวางรากฐานการพัฒนาที่ยั่งยืนของประเทศ", "objc_level1_name": "งบลงทุน", "compare": [{"bb_amount": 6641100, "bb_province": "สตูล"}], "gf_amount_sum": 0}
{"bb_code": "1500883002600DZ0", "bb_year": "2559", "amount": 6638200, "min_code": "15000", "agc_code": "15008", "name": "ซ่อมสร้างถนนลาดยางผิวจราจรแบบแอสฟัลท์ติกคอนกรีต สายทาง ลป.ถ. ๑-๐๐๓๐ บ้านสบมาย - บ้านปู่จ้อย ช่วงระหว่างบ้านสบมาย หมู่ที่ ๒ - บ้านหัวทุ่ง หมู่ที่ ๑ ตำบลบ้านแลง กว้าง ๕.๕๐ เมตร ยาว ๓,๐๐๐ เมตร หนา ๐.๐๕ เ", "min": "กระทรวงมหาดไทย", "agc": "กรมส่งเสริมการปกครองท้องถิ่น", "plan_name": "ส่งเสริมการกระจายอำนาจให้แก่องค์กรปกครองส่วนท้องถิ่น", "stg_name": "ยุทธศาสตร์การบริหารกิจการบ้านเมืองที่ดี", "objc_level1_name": "งบลงทุน", "compare": [{"bb_amount": 6638200, "bb_province": "ลำปาง"}], "gf_amount_sum": 0}
{"bb_code": "1500883002600FB7", "bb_year": "2559", "amount": 6636900, "min_code": "15000", "agc_code": "15008", "name": "ซ่อมเสริมผิวทางและซ่อมสร้างผิวจราจรลาดยางแอสฟัลท์ติกคอนกรีต สายบ้านปากเหมือง - ช่อนฉา  ตำบลแดนสงวน  อำเภอระโนด  กว้าง ๖  เมตร ยาว ๑,๙๖๓ เมตร หนา ๐.๐๕ เมตร   อบต.แดนสงวน อ.ระโนด จ.สงขลา", "min": "กระทรวงมหาดไทย", "agc": "กรมส่งเสริมการปกครองท้องถิ่น", "plan_name": "ส่งเสริมการกระจายอำนาจให้แก่องค์กรปกครองส่วนท้องถิ่น", "stg_name": "ยุทธศาสตร์การบริหารกิจการบ้านเมืองที่ดี", "objc_level1_name": "งบลงทุน", "compare": [{"bb_amount": 6636900, "bb_province": "สงขลา"}], "gf_amount_sum": 0}
{"bb_code": "1500883002600DV7", "bb_year": "2559", "amount": 6636400, "min_code": "15000", "agc_code": "15008", "name": "ซ่อมสร้างถนนลาดยางผิวจราจรแบบแอสฟัลท์ติกคอนกรีต สายทาง ลป. ๓๐๔๔ บ้านปางอ้า - แม่แสลม ช่วงระหว่างบ้านปางอ้า หมู่ที่ ๔ - บ้านแม่แสลม หมู่ที่ ๖  ตำบลเวียงมอก กว้าง ๖ เมตร ยาว ๒,๗๙๐ เมตร หนา ๐.๐๕ เมตร  อบ", "min": "กระทรวงมหาดไทย", "agc": "กรมส่งเสริมการปกครองท้องถิ่น", "plan_name": "ส่งเสริมการกระจายอำนาจให้แก่องค์กรปกครองส่วนท้องถิ่น", "stg_name": "ยุทธศาสตร์การบริหารกิจการบ้านเมืองที่ดี", "objc_level1_name": "งบลงทุน", "compare": [{"bb_amount": 6636400, "bb_province": "ลำปาง"}], "gf_amount_sum": 0}
{"bb_code": "1500794009700004", "bb_year": "2559", "amount": 6626400, "min_code": "15000", "agc_code": "15007", "name": "สำรวจและจัดทำข้อมูลทางกายภาพการผังเมืองด้วยระบบสารสนเทศภูมิศาสตร์ (GIS) มาตราส่วน 1:4,000 เพื่อการปรับปรุงผังเมืองรวมเมือง ผังเมืองรวมชุมชนในบริเวณพื้นที่ ผังเมืองรวมชุมชนลำลูกกา-บึงยี่โถ จ.ปทุมธานี,", "min": "กระทรวงมหาดไทย", "agc": "กรมโยธาธิการและผังเมือง", "plan_name": "พัฒนาเศรษฐกิจดิจิทัล", "stg_name": "ยุทธศาสตร์เร่งรัดวางรากฐานการพัฒนาที่ยั่งยืนของประเทศ", "objc_level1_name": "งบลงทุน", "compare": [{"bb_amount": 6626400, "bb_province": "ปทุมธานี"}], "gf_amount_sum": 0}
{"bb_code": "1500883002600EA5", "bb_year": "2559", "amount": 6614400, "min_code": "15000", "agc_code": "15008", "name": "ซ่อมสร้างถนนลาดยางผิวจราจรแบบแอสฟัลท์ติกคอนกรีต สายทาง ลป.ถ. ๑-๐๐๒๘ พหลโยธิน - วัดม่อนพญาแช่ (ตอนพหลโยธิน - วัดม่อนพญาแช่) ช่วงบ้านไร่พัฒนา หมู่ที่ ๗ ตำบลพิชัย กว้าง ๘ เมตร ยาว ๒,๑๕๐ เมตร หนา ๐.๐๕ เมต", "min": "กระทรวงมหาดไทย", "agc": "กรมส่งเสริมการปกครองท้องถิ่น", "plan_name": "ส่งเสริมการกระจายอำนาจให้แก่องค์กรปกครองส่วนท้องถิ่น", "stg_name": "ยุทธศาสตร์การบริหารกิจการบ้านเมืองที่ดี", "objc_level1_name": "งบลงทุน", "compare": [{"bb_amount": 6614400, "bb_province": "ลำปาง"}], "gf_amount_sum": 0}
{"bb_code": "1500883002600EW7", "bb_year": "2559", "amount": 6607400, "min_code": "15000", "agc_code": "15008", "name": "เสริมผิวจราจรลาดยางแอสฟัลท์ติกคอนกรีตถนนรหัสสายทาง สข.ถ. ๑-๐๐๑๓ สายบ้านแคเหนือ  ตำบลแค - บ้านท่าล้อ  ตำบลท่าหมอไทร อำเภอจะนะ กว้าง ๘ เมตร  ยาว ๑,๙๐๐ เมตร หนา ๐.๐๕ เมตร ไหล่ทางข้างละ ๑.๐๐ เมตร  อบจ.สงข", "min": "กระทรวงมหาดไทย", "agc": "กรมส่งเสริมการปกครองท้องถิ่น", "plan_name": "ส่งเสริมการกระจายอำนาจให้แก่องค์กรปกครองส่วนท้องถิ่น", "stg_name": "ยุทธศาสตร์การบริหารกิจการบ้านเมืองที่ดี", "objc_level1_name": "งบลงทุน", "compare": [{"bb_amount": 6607400, "bb_province": "สงขลา"}], "gf_amount_sum": 0}
{"bb_code": "1500883002600JJ8", "bb_year": "2559", "amount": 6604000, "min_code": "15000", "agc_code": "15008", "name": "ก่อสร้างถนนคอนกรีตเสริมเหล็กสายหาดป่าเมง 1 สายหาดปากเมง 2 สายหาดปากเมง 3 หมู่ที่ 4 ตำบลไม้ฝาด  องค์การบริหารส่วนตำบลไม้ฝาด อำเภอสิเกา จังหวัดตรัง", "min": "กระทรวงมหาดไทย", "agc": "กรมส่งเสริมการปกครองท้องถิ่น", "plan_name": "ส่งเสริมการกระจายอำนาจให้แก่องค์กรปกครองส่วนท้องถิ่น", "stg_name": "ยุทธศาสตร์การบริหารกิจการบ้านเมืองที่ดี", "objc_level1_name": "งบลงทุน", "compare": [{"bb_amount": 6604000, "bb_province": "ตรัง"}], "gf_amount_sum": 0}
{"bb_code": "1500582001110007", "bb_year": "2559", "amount": 6600000, "min_code": "15000", "agc_code": "15005", "name": "เครื่องลงที่หมายแผนที่ แขวงทุ่งสองห้อง เขตหลักสี่ กรุงเทพมหานคร", "min": "กระทรวงมหาดไทย", "agc": "กรมที่ดิน", "plan_name": "พัฒนาประสิทธิภาพการบริหารราชการแผ่นดิน", "stg_name": "ยุทธศาสตร์การบริหารกิจการบ้านเมืองที่ดี", "objc_level1_name": "งบลงทุน", "compare": [{"bb_amount": 6600000, "bb_province": "กรุงเทพมหานคร", "gf_amount": 5077150, "gf_province": "ส่วนกลาง"}], "gf_amount_sum": 5077150}
{"bb_code": "1500786007420227", "bb_year": "2559", "amount": 6600000, "min_code": "15000", "agc_code": "15007", "name": "เขื่อนป้องกันตลิ่งริมแม่น้ำปิง บ้านหนองสูน ม.1 - บ้านสันเจดีย์ริมปิง ม.7 ต.หนองปลาสวาย อ.บ้านโฮ่ง จ.ลำพูน ความยาว 355 เมตร", "min": "กระทรวงมหาดไทย", "agc": "กรมโยธาธิการและผังเมือง", "plan_name": "ฟื้นฟู ป้องกัน และจัดการภัยพิบัติ ", "stg_name": "ยุทธศาสตร์การจัดการทรัพยากรธรรมชาติและสิ่งแวดล้อม", "objc_level1_name": "งบลงทุน", "compare": [{"bb_amount": 6600000, "bb_province": "ลำพูน", "gf_amount": 6600000, "gf_province": "ลำพูน"}], "gf_amount_sum": 6600000}
{"bb_code": "1500822040600CT2", "bb_year": "2559", "amount": 6588000, "min_code": "15000", "agc_code": "15008", "name": "ปรับปรุงซ่อมแซมสถานีสูบน้ำด้วยไฟฟ้า บ้านโพทะเล  ม.2 อบต.โพทะเล อ.โพทะเล จ.พิจิตร", "min": "กระทรวงมหาดไทย", "agc": "กรมส่งเสริมการปกครองท้องถิ่น", "plan_name": "บริหารจัดการทรัพยากรน้ำ", "stg_name": "ยุทธศาสตร์เร่งรัดวางรากฐานการพัฒนาที่ยั่งยืนของประเทศ", "objc_level1_name": "งบลงทุน", "compare": [{"bb_amount": 6588000, "bb_province": "พิจิตร"}], "gf_amount_sum": 0}
{"bb_code": "1500686001700011", "bb_year": "2559", "amount": 6581300, "min_code": "15000", "agc_code": "15006", "name": "โครงการพัฒนาศักยภาพชุดเผชิญสถานกาณ์วิกฤต (Emergency Response Team : ERT ) สู่ประชาคมอาเซียน", "min": "กระทรวงมหาดไทย", "agc": "กรมป้องกันและบรรเทาสาธารณภัย", "plan_name": "ฟื้นฟู ป้องกัน และจัดการภัยพิบัติ ", "stg_name": "ยุทธศาสตร์การจัดการทรัพยากรธรรมชาติและสิ่งแวดล้อม", "objc_level1_name": "รายจ่ายอื่น", "compare": [{"bb_amount": 6581300, "bb_province": "กรุงเทพมหานคร", "gf_amount": 3353934.14, "gf_province": "ส่วนกลาง"}, {"gf_amount": 299445, "gf_province": "ชัยนาท", "bb_amount": null, "bb_province": "ชัยนาท"}], "gf_amount_sum": 3653379.14}
{"bb_code": "1500883002600BP8", "bb_year": "2559", "amount": 6568800, "min_code": "15000", "agc_code": "15008", "name": "เสริมผิวจราจรแอสฟัลท์ติกคอนกรีต ถนนสาย อบจ.ปน.๓๐๓๙ บ้านฮูแตกอแล - บ้านปายอ อำเภอสายบุรี กว้าง ๖ เมตร ไหล่ทางข้างละ ๑.๐๐ เมตร หนา ๐.๐๕ เมตร ยาว ๑,๗๕๓ เมตร อบจ.ปัตตานี อ.สายบุรี จ.ปัตตานี", "min": "กระทรวงมหาดไทย", "agc": "กรมส่งเสริมการปกครองท้องถิ่น", "plan_name": "ส่งเสริมการกระจายอำนาจให้แก่องค์กรปกครองส่วนท้องถิ่น", "stg_name": "ยุทธศาสตร์การบริหารกิจการบ้านเมืองที่ดี", "objc_level1_name": "งบลงทุน", "compare": [{"bb_amount": 6568800, "bb_province": "ปัตตานี"}], "gf_amount_sum": 0}
{"bb_code": "1500883002600DR7", "bb_year": "2559", "amount": 6568800, "min_code": "15000", "agc_code": "15008", "name": "ซ่อมสร้างถนนแอสฟัลท์ติกคอนกรีต สายเขาแดง-ไสยอม(บ้านพลายทอง-ไสยอม) หมู่ที่ ๑๐ ตำบลพญาขัน ขนาดกว้าง ๖ เมตร ยาว ๑,๕๐๐  เมตร หนา ๐.๐๔  เมตร ไหล่ทางข้างละ ๑.๐๐  เมตร ทต.พญาขัน อ.เมืองพัทลุง จ.พัทลุง", "min": "กระทรวงมหาดไทย", "agc": "กรมส่งเสริมการปกครองท้องถิ่น", "plan_name": "ส่งเสริมการกระจายอำนาจให้แก่องค์กรปกครองส่วนท้องถิ่น", "stg_name": "ยุทธศาสตร์การบริหารกิจการบ้านเมืองที่ดี", "objc_level1_name": "งบลงทุน", "compare": [{"bb_amount": 6568800, "bb_province": "พัทลุง"}], "gf_amount_sum": 0}
{"bb_code": "1500883002600Y77", "bb_year": "2559", "amount": 6564000, "min_code": "15000", "agc_code": "15008", "name": "ปรับปรุงผิวจราจรถนนลาดยางแอสฟัลท์ติกคอนกรีตสายแยก ทล. ๔๐๕๗ ตำบลปาเสมัส/ตำบลปูโย๊ะ อำเภอสุไหงโก-ลก - บ้านต้นไม้สูง ตำบลสุไหงปาดี/ตำบลปะลุรู  อำเภอสุไหงปาดี (ช่วงที่ ๒) กว้าง ๘ เมตร ยาว ๑,๔๗๗  เมตร หนา", "min": "กระทรวงมหาดไทย", "agc": "กรมส่งเสริมการปกครองท้องถิ่น", "plan_name": "ส่งเสริมการกระจายอำนาจให้แก่องค์กรปกครองส่วนท้องถิ่น", "stg_name": "ยุทธศาสตร์การบริหารกิจการบ้านเมืองที่ดี", "objc_level1_name": "งบลงทุน", "compare": [{"bb_amount": 6564000, "bb_province": "นราธิวาส"}], "gf_amount_sum": 0}
