{"bb_code": "1500883002600Y75", "bb_year": "2559", "amount": 6564000, "min_code": "15000", "agc_code": "15008", "name": "ปรับปรุงผิวจราจรถนนลาดยางแอสฟัลท์ติกคอนกรีตสายแยก ทล. ๔๐๕๗ ตำบลปาเสมัส/ตำบลปูโย๊ะ อำเภอสุไหงโก-ลก - บ้านต้นไม้สูง ตำบลสุไหงปาดี/ตำบลปะลุรู  อำเภอสุไหงปาดี (ช่วงที่ ๑) กว้าง ๘ เมตร ยาว  ๑,๖๕๖ เมตร หนา", "min": "กระทรวงมหาดไทย", "agc": "กรมส่งเสริมการปกครองท้องถิ่น", "plan_name": "ส่งเสริมการกระจายอำนาจให้แก่องค์กรปกครองส่วนท้องถิ่น", "stg_name": "ยุทธศาสตร์การบริหารกิจการบ้านเมืองที่ดี", "objc_level1_name": "งบลงทุน", "compare": [{"bb_amount": 6564000, "bb_province": "นราธิวาส"}], "gf_amount_sum": 0}
{"bb_code": "1500720002410144", "bb_year": "2559", "amount": 6555700, "min_code": "15000", "agc_code": "15007", "name": "ค่าบำรุงรักษาและปรับปรุงซ่อมแซมเขื่อนป้องกันตลิ่ง สำนักงานโยธาธิการและผังเมืองจังหวัดสุพรรณบุรี ตำบลสนามชัย อำเภอเมืองสุพรรณบุรี จังหวัดสุพรรณบุรี", "min": "กระทรวงมหาดไทย", "agc": "กรมโยธาธิการและผังเมือง", "plan_name": "รักษาความมั่นคงของฐานทรัพยากรธรรมชาติและแก้ปัญหาที่ดินทำกิน", "stg_name": "ยุทธศาสตร์การจัดการทรัพยากรธรรมชาติและสิ่งแวดล้อม", "objc_level1_name": "งบลงทุน", "compare": [{"bb_amount": 6555700, "bb_province": "สุพรรณบุรี", "gf_amount": 6544400, "gf_province": "สุพรรณบุรี"}], "gf_amount_sum": 6544400}
{"bb_code": "1500883002600DI0", "bb_year": "2559", "amount": 6554300, "min_code": "15000", "agc_code": "15008", "name": "ซ่อมสร้างผิวแอสฟัลท์ติกคอนกรีต สายเกาะทอง-ห้วยท่อม หมู่ ๖,๗ ตำบลดอนทราย กว้าง ๗ เมตร ยาว ๒,๑๕๐ เมตร หนา ๐.๐๔  เมตร ไหล่ทางกว้างข้างละ ๑ เมตร ทต.ดอนทราย อ.ควนขนุน จ.พัทลุง", "min": "กระทรวงมหาดไทย", "agc": "กรมส่งเสริมการปกครองท้องถิ่น", "plan_name": "ส่งเสริมการกระจายอำนาจให้แก่องค์กรปกครองส่วนท้องถิ่น", "stg_name": "ยุทธศาสตร์การบริหารกิจการบ้านเมืองที่ดี", "objc_level1_name": "งบลงทุน", "compare": [{"bb_amount": 6554300, "bb_province": "พัทลุง"}], "gf_amount_sum": 0}
{"bb_code": "1500822040600B46", "bb_year": "2559", "amount": 6536900, "min_code": "15000", "agc_code": "15008", "name": "ก่อสร้างระบบประปาหมู่บ้านแบบผิวดินขนาดใหญ่มาก วัดโขดเขมาราม หมู่ที่ ๒ ตำบลบ้านขล้อ ตามแบบมาตรฐานกรมทรัพยากรน้ำ อบต.บ้านขล้อ อ.บางปะหัน จ.พระนครศรีอยุธยา", "min": "กระทรวงมหาดไทย", "agc": "กรมส่งเสริมการปกครองท้องถิ่น", "plan_name": "บริหารจัดการทรัพยากรน้ำ", "stg_name": "ยุทธศาสตร์เร่งรัดวางรากฐานการพัฒนาที่ยั่งยืนของประเทศ", "objc_level1_name": "งบลงทุน", "compare": [{"bb_amount": 6536900, "bb_province": "พระนครศรีอยุธยา"}], "gf_amount_sum": 0}
{"bb_code": "1500883002600V71", "bb_year": "2559", "amount": 6520500, "min_code": "15000", "agc_code": "15008", "name": "ซ่อมสร้างถนนลาดยางผิวทางพาราแอสฟัลท์ติกคอนกรีต (โดยวิธี Pavement In - Place Recycling) สาย บ้านบุ่งไสล่ หมู่ที่ ๒ ตำบลศรีสงคราม - บ้านผาน้อย หมู่ที่ ๑๓ ตำบลผาน้อย  กว้าง ๖ เมตร ยาว ๑,๕๕๐ เมตร พร้อมไหล", "min": "กระทรวงมหาดไทย", "agc": "กรมส่งเสริมการปกครองท้องถิ่น", "plan_name": "ส่งเสริมการกระจายอำนาจให้แก่องค์กรปกครองส่วนท้องถิ่น", "stg_name": "ยุทธศาสตร์การบริหารกิจการบ้านเมืองที่ดี", "objc_level1_name": "งบลงทุน", "compare": [{"bb_amount": 6520500, "bb_province": "เลย"}], "gf_amount_sum": 0}
{"bb_code": "1500785013410010", "bb_year": "2559", "amount": 6513800, "min_code": "15000", "agc_code": "15007", "name": "โครงการปรับปรุงถนนในชุมชน สายตะโล๊ะใน - พงมียอ ม.3 ต.ยะต๊ะ อ.รามัน จ.ยะลา กว้าง 4 ม. ระยะทาง 2.000 กม.", "min": "กระทรวงมหาดไทย", "agc": "กรมโยธาธิการและผังเมือง", "plan_name": "แก้ไขปัญหาและพัฒนาจังหวัดชายแดนภาคใต้", "stg_name": "ยุทธศาสตร์เร่งรัดวางรากฐานการพัฒนาที่ยั่งยืนของประเทศ", "objc_level1_name": "งบลงทุน", "compare": [{"bb_amount": 6513800, "bb_province": "ยะลา", "gf_amount": 6513800, "gf_province": "ยะลา"}], "gf_amount_sum": 6513800}
{"bb_code": "1500883002600AU0", "bb_year": "2559", "amount": 6509900, "min_code": "15000", "agc_code": "15008", "name": "ปรับปรุงซ่อมแซมถนนลาดยางผิวทางพาราแอสฟัลท์ติกคอนกรีตสายทาง มค.ถ. ๑-๐๐๒๑  บ้านพงโพด หมู่ที่ ๕ ตำบลหนองสิม - บ้านวังไฮ  หมู่ที่ ๘  ตำบลวังใหม่  กว้าง  ๖ เมตร ยาว ๑,๔๘๓ เมตร หนา  ๐.๐๕ เมตร  และงาน Deep P", "min": "กระทรวงมหาดไทย", "agc": "กรมส่งเสริมการปกครองท้องถิ่น", "plan_name": "ส่งเสริมการกระจายอำนาจให้แก่องค์กรปกครองส่วนท้องถิ่น", "stg_name": "ยุทธศาสตร์การบริหารกิจการบ้านเมืองที่ดี", "objc_level1_name": "งบลงทุน", "compare": [{"bb_amount": 6509900, "bb_province": "มหาสารคาม"}], "gf_amount_sum": 0}
{"bb_code": "1500883002600FL0", "bb_year": "2559", "amount": 6505000, "min_code": "15000", "agc_code": "15008", "name": "ซ่อมสร้างถนนลาดยาง Cape Seal สายทางบ้านหนองใหญ่ - บ้านดงเจริญ หมู่ที่ ๘ บ้านหนองใหญ่ ช่วง กม.ที่ ๑.๖๔๕ - กม.ที่+๖.๐๐๐ กว้าง ๖ เมตร ยาว ๔,๓๕๕ เมตร ไหล่ทางกว้างข้างละ ๑ เมตร อบต.ลาดแค อ.ชนแดน จ.เพชรบูรณ", "min": "กระทรวงมหาดไทย", "agc": "กรมส่งเสริมการปกครองท้องถิ่น", "plan_name": "ส่งเสริมการกระจายอำนาจให้แก่องค์กรปกครองส่วนท้องถิ่น", "stg_name": "ยุทธศาสตร์การบริหารกิจการบ้านเมืองที่ดี", "objc_level1_name": "งบลงทุน", "compare": [{"bb_amount": 6505000, "bb_province": "เพชรบูรณ์"}], "gf_amount_sum": 0}
{"bb_code": "1500720002410017", "bb_year": "2559", "amount": 6500000, "min_code": "15000", "agc_code": "15007", "name": "จ้างที่ปรึกษา ศึกษาวิเคราะห์ ออกแบบและกำหนดวิธีการเสริมความมั่นคงแข็งแรงของอาคารในพื้นที่เสี่ยงภัยต่อแผ่นดินไหว ให้สามารถต้านทานแรงแผ่นดินไหวได้ในระดับที่กำหนด 3 หลัง", "min": "กระทรวงมหาดไทย", "agc": "กรมโยธาธิการและผังเมือง", "plan_name": "รักษาความมั่นคงของฐานทรัพยากรธรรมชาติและแก้ปัญหาที่ดินทำกิน", "stg_name": "ยุทธศาสตร์การจัดการทรัพยากรธรรมชาติและสิ่งแวดล้อม", "objc_level1_name": "งบลงทุน", "compare": [{"bb_amount": 6500000, "bb_province": "กรุงเทพมหานคร", "gf_amount": 1527500, "gf_province": "ส่วนกลาง"}], "gf_amount_sum": 1527500}
{"bb_code": "1500883002600FP3", "bb_year": "2559", "amount": 6493500, "min_code": "15000", "agc_code": "15008", "name": "ปรับปรุงผิวถนนลาดยางแอสฟัลท์ติกคอนกรีต ทางหลวงชนบท บ้านหอมศีล หมู่ที่ ๓ ,หมู่ที่ ๔ ตำบลบางพลีน้อย กว้าง ๖ เมตร ยาว ๑,๖๑๐ เมตร หนา ๐.๐๗ เมตร ไหล่ทางกว้างข้างละ ๐.๕๐ เมตร ทต.บางพลีน้อย อ.บางบ่อ จ.สมุทรป", "min": "กระทรวงมหาดไทย", "agc": "กรมส่งเสริมการปกครองท้องถิ่น", "plan_name": "ส่งเสริมการกระจายอำนาจให้แก่องค์กรปกครองส่วนท้องถิ่น", "stg_name": "ยุทธศาสตร์การบริหารกิจการบ้านเมืองที่ดี", "objc_level1_name": "งบลงทุน", "compare": [{"bb_amount": 6493500, "bb_province": "สมุทรปราการ"}], "gf_amount_sum": 0}
{"bb_code": "1500883002600GR0", "bb_year": "2559", "amount": 6491500, "min_code": "15000", "agc_code": "15008", "name": "ซ่อมสร้างถนนลาดยางผิวจราจรแบบพาราเคปซีล สาย บ้านดุง – บ้านเมืองไพร อำเภอบ้านดุง   ขนาดผิวจราจรกว้าง ๖.๐๐ เมตร  ไหล่ทางข้างละ ๐.๐๐-๑.๐๐ เมตร ยาว ๒,๕๐๐ เมตร อบจ.อุดรธานี อ.บ้านดุง จ.อุดรธานี", "min": "กระทรวงมหาดไทย", "agc": "กรมส่งเสริมการปกครองท้องถิ่น", "plan_name": "ส่งเสริมการกระจายอำนาจให้แก่องค์กรปกครองส่วนท้องถิ่น", "stg_name": "ยุทธศาสตร์การบริหารกิจการบ้านเมืองที่ดี", "objc_level1_name": "งบลงทุน", "compare": [{"bb_amount": 6491500, "bb_province": "อุดรธานี"}], "gf_amount_sum": 0}
{"bb_code": "1500822040600234", "bb_year": "2559", "amount": 6487800, "min_code": "15000", "agc_code": "15008", "name": "ก่อสร้างระบบผลิตน้ำประปา แบบผิวดินขนาดใหญ่ บริเวณซอย ๒ อ่างเก็บน้ำหนองชัญตาหลับ หมู่ที่ ๒ ตำบลเขาหินซ้อน ทต.เขาหินซ้อน อ.พนมสารคาม จ.ฉะเชิงเทรา", "min": "กระทรวงมหาดไทย", "agc": "กรมส่งเสริมการปกครองท้องถิ่น", "plan_name": "บริหารจัดการทรัพยากรน้ำ", "stg_name": "ยุทธศาสตร์เร่งรัดวางรากฐานการพัฒนาที่ยั่งยืนของประเทศ", "objc_level1_name": "งบลงทุน", "compare": [{"bb_amount": 6487800, "bb_province": "ฉะเชิงเทรา"}], "gf_amount_sum": 0}
{"bb_code": "1500785013410142", "bb_year": "2559", "amount": 6474600, "min_code": "15000", "agc_code": "15007", "name": "โครงการปรับปรุงถนนในชุมชนสายบ้านปะโด ม. 5ต.ปะโด อ.มายอ จ.ปัตตานี ความกว้าง 5.00 ม. ความยาว 2.200 กม.", "min": "กระทรวงมหาดไทย", "agc": "กรมโยธาธิการและผังเมือง", "plan_name": "แก้ไขปัญหาและพัฒนาจังหวัดชายแดนภาคใต้", "stg_name": "ยุทธศาสตร์เร่งรัดวางรากฐานการพัฒนาที่ยั่งยืนของประเทศ", "objc_level1_name": "งบลงทุน", "compare": [{"bb_amount": 6474600, "bb_province": "ปัตตานี", "gf_amount": 6474600, "gf_province": "ปัตตานี"}], "gf_amount_sum": 6474600}
{"bb_code": "1500883002600U74", "bb_year": "2559", "amount": 6474100, "min_code": "15000", "agc_code": "15008", "name": "ซ่อมสร้างถนนลาดยางผิวทางพาราแอสฟัลท์ติกคอนกรีต (โดยวิธี Pavement In - Place Recycling) สายบ้านท่าสะอาด หมู่ที่ ๑ ตำบลท่าสะอาด - บ้านห้วยตาด หมู่ที่ ๔ ตำบลนาดอกคำ อำเภอนาด้วง กว้าง ๖ เมตร ยาว ๑,๔๙๕ เมต", "min": "กระทรวงมหาดไทย", "agc": "กรมส่งเสริมการปกครองท้องถิ่น", "plan_name": "ส่งเสริมการกระจายอำนาจให้แก่องค์กรปกครองส่วนท้องถิ่น", "stg_name": "ยุทธศาสตร์การบริหารกิจการบ้านเมืองที่ดี", "objc_level1_name": "งบลงทุน", "compare": [{"bb_amount": 6474100, "bb_province": "เลย"}], "gf_amount_sum": 0}
{"bb_code": "1500883002600P71", "bb_year": "2559", "amount": 6456900, "min_code": "15000", "agc_code": "15008", "name": "ปรับปรุงถนนคอนกรีตเสริมเหล็กสาย ปท ๓๐๑๒ บ้านคลองสาม หมู่ที่ ๗ - บ้านคลองสาม หมู่ที่ ๑๖ ตำบลคลองสาม กว้าง ๑๐ เมตร ยาว ๘๕๐ เมตร หนา ๐.๑๕ เมตร พื้นที่ไม่น้อยกว่า ๘,๕๐๐ ตารางเมตร อบต.คลองสาม อ.คลองหลวง จ.", "min": "กระทรวงมหาดไทย", "agc": "กรมส่งเสริมการปกครองท้องถิ่น", "plan_name": "ส่งเสริมการกระจายอำนาจให้แก่องค์กรปกครองส่วนท้องถิ่น", "stg_name": "ยุทธศาสตร์การบริหารกิจการบ้านเมืองที่ดี", "objc_level1_name": "งบลงทุน", "compare": [{"bb_amount": 6456900, "bb_province": "ปทุมธานี"}], "gf_amount_sum": 0}
{"bb_code": "1500883002600Z33", "bb_year": "2559", "amount": 6452900, "min_code": "15000", "agc_code": "15008", "name": "ซ่อมสร้างถนนลาดยางผิวจราจรแอสฟัลท์ติกคอนกรีต พร้อมยกระดับถนนบางส่วน หมู่ที่ ๑ - หมู่ที่ ๕ สายทางควนมหาชัย - มอเก็ต เชื่อมต่อ หมู่ที่ ๖ บ้านทุ่งกรูด อำเภอเวียงสระ กว้าง ๕ เมตร ยาว ๑,๙๕๐ เมตร  หนา ๐.๐๔", "min": "กระทรวงมหาดไทย", "agc": "กรมส่งเสริมการปกครองท้องถิ่น", "plan_name": "ส่งเสริมการกระจายอำนาจให้แก่องค์กรปกครองส่วนท้องถิ่น", "stg_name": "ยุทธศาสตร์การบริหารกิจการบ้านเมืองที่ดี", "objc_level1_name": "งบลงทุน", "compare": [{"bb_amount": 6452900, "bb_province": "สุราษฎร์ธานี"}], "gf_amount_sum": 0}
{"bb_code": "1500720002410087", "bb_year": "2559", "amount": 6438600, "min_code": "15000", "agc_code": "15007", "name": "ค่าบำรุงรักษาและปรับปรุงซ่อมแซมเขื่อนป้องกันตลิ่ง สำนักงานโยธาธิการและผังเมืองจังหวัดประจวบคีรีขันธ์ ตำบลประจวบคีรีขันธ์ อำเภอเมืองประจวบคีรีขันธ์ จังหวัดประจวบคีรีขันธ์", "min": "กระทรวงมหาดไทย", "agc": "กรมโยธาธิการและผังเมือง", "plan_name": "รักษาความมั่นคงของฐานทรัพยากรธรรมชาติและแก้ปัญหาที่ดินทำกิน", "stg_name": "ยุทธศาสตร์การจัดการทรัพยากรธรรมชาติและสิ่งแวดล้อม", "objc_level1_name": "งบลงทุน", "compare": [{"bb_amount": 6438600, "bb_province": "ประจวบคีรีขันธ์", "gf_amount": 6009100, "gf_province": "ประจวบคีรีขันธ์"}], "gf_amount_sum": 6009100}
{"bb_code": "1500786007420363", "bb_year": "2559", "amount": 6435000, "min_code": "15000", "agc_code": "15007", "name": "เขื่อนป้องกันตลิ่งริมแม่น้ำปราณบุรี บ้านร่วมใจพัฒนา ม.2 ต.ป่าเด็ง อ.แก่งกระจาน จ.เพชรบุรี ความยาว 300 เมตร", "min": "กระทรวงมหาดไทย", "agc": "กรมโยธาธิการและผังเมือง", "plan_name": "ฟื้นฟู ป้องกัน และจัดการภัยพิบัติ ", "stg_name": "ยุทธศาสตร์การจัดการทรัพยากรธรรมชาติและสิ่งแวดล้อม", "objc_level1_name": "งบลงทุน", "compare": [{"bb_amount": 6435000, "bb_province": "เพชรบุรี"}, {"gf_amount": 4800000, "gf_province": "ส่วนกลาง", "bb_amount": null, "bb_province": "กรุงเทพมหานคร"}], "gf_amount_sum": 4800000}
{"bb_code": "1500786007420361", "bb_year": "2559", "amount": 6435000, "min_code": "15000", "agc_code": "15007", "name": "เขื่อนป้องกันตลิ่งแม่น้ำเพชรบุรี ม.8 ต.ท่าไม้รวก อ.ท่ายาง จ.เพชรบุรี ความยาว 260 เมตร", "min": "กระทรวงมหาดไทย", "agc": "กรมโยธาธิการและผังเมือง", "plan_name": "ฟื้นฟู ป้องกัน และจัดการภัยพิบัติ ", "stg_name": "ยุทธศาสตร์การจัดการทรัพยากรธรรมชาติและสิ่งแวดล้อม", "objc_level1_name": "งบลงทุน", "compare": [{"bb_amount": 6435000, "bb_province": "เพชรบุรี"}, {"gf_amount": 4800000, "gf_province": "ส่วนกลาง", "bb_amount": null, "bb_province": "กรุงเทพมหานคร"}], "gf_amount_sum": 4800000}
{"bb_code": "1500786007420372", "bb_year": "2559", "amount": 6435000, "min_code": "15000", "agc_code": "15007", "name": "เขื่อนป้องกันตลิ่งริมแม่น้ำระยอง บริเวณตลาดหนองตาหรั่ง ม.1 บ้านหนองบัว ต.หนองบัว อ.บ้านค่าย จ.ระยอง ความยาว 250 เมตร", "min": "กระทรวงมหาดไทย", "agc": "กรมโยธาธิการและผังเมือง", "plan_name": "ฟื้นฟู ป้องกัน และจัดการภัยพิบัติ ", "stg_name": "ยุทธศาสตร์การจัดการทรัพยากรธรรมชาติและสิ่งแวดล้อม", "objc_level1_name": "งบลงทุน", "compare": [{"bb_amount": 6435000, "bb_province": "ระยอง"}, {"gf_amount": 4824000, "gf_province": "ส่วนกลาง", "bb_amount": null, "bb_province": "กรุงเทพมหานคร"}], "gf_amount_sum": 4824000}
