{"bb_code": "1500786007420372", "bb_year": "2559", "amount": 6435000, "min_code": "15000", "agc_code": "15007", "name": "เขื่อนป้องกันตลิ่งริมแม่น้ำระยอง บริเวณตลาดหนองตาหรั่ง ม.1 บ้านหนองบัว ต.หนองบัว อ.บ้านค่าย จ.ระยอง ความยาว 250 เมตร", "min": "กระทรวงมหาดไทย", "agc": "กรมโยธาธิการและผังเมือง", "plan_name": "ฟื้นฟู ป้องกัน และจัดการภัยพิบัติ ", "stg_name": "ยุทธศาสตร์การจัดการทรัพยากรธรรมชาติและสิ่งแวดล้อม", "objc_level1_name": "งบลงทุน", "compare": [{"bb_amount": 6435000, "bb_province": "ระยอง"}, {"gf_amount": 4824000, "gf_province": "ส่วนกลาง", "bb_amount": null, "bb_province": "กรุงเทพมหานคร"}], "gf_amount_sum": 4824000}
{"bb_code": "1500883002600GX3", "bb_year": "2559", "amount": 6421000, "min_code": "15000", "agc_code": "15008", "name": "ปรับปรุงผิวจราจรเป็นคอนกรีตเสริมเหล็ก ถนนสาย สน.๔๐๗๓ บ้านคอนสวรรค์- บ้านโนนสว่าง  อ.วานรนิวาส  กว้าง ๖ เมตร ยาว ๒,๐๗๐ เมตร ไหล่ทางลูกรังข้างละ ๐.๕๐ เมตร หนา ๐.๑๕ เมตร หรือพื้นที่ไม่น้อยกว่า ๑๒,๔๒๐ ตาร", "min": "กระทรวงมหาดไทย", "agc": "กรมส่งเสริมการปกครองท้องถิ่น", "plan_name": "ส่งเสริมการกระจายอำนาจให้แก่องค์กรปกครองส่วนท้องถิ่น", "stg_name": "ยุทธศาสตร์การบริหารกิจการบ้านเมืองที่ดี", "objc_level1_name": "งบลงทุน", "compare": [{"bb_amount": 6421000, "bb_province": "สกลนคร"}], "gf_amount_sum": 0}
{"bb_code": "1500822040600J62", "bb_year": "2559", "amount": 6412900, "min_code": "15000", "agc_code": "15008", "name": "ก่อสร้างประปาหมู่บ้าน แบบผิวดินขนาดใหญ่มาก  บ้านหนองใส หมู่ที่ ๓ ตามแบบแปลนมาตรฐานกรมทรัพยากรน้ำ อบต.โคกก่อง อ.เมืองสกลนคร จ.สกลนคร", "min": "กระทรวงมหาดไทย", "agc": "กรมส่งเสริมการปกครองท้องถิ่น", "plan_name": "บริหารจัดการทรัพยากรน้ำ", "stg_name": "ยุทธศาสตร์เร่งรัดวางรากฐานการพัฒนาที่ยั่งยืนของประเทศ", "objc_level1_name": "งบลงทุน", "compare": [{"bb_amount": 6412900, "bb_province": "สกลนคร"}], "gf_amount_sum": 0}
{"bb_code": "1500883002600EI6", "bb_year": "2559", "amount": 6410700, "min_code": "15000", "agc_code": "15008", "name": "ซ่อมแซมถนนแอสฟัลท์ติกคอนกรีต สายบ้านแม่เฉย - บ้านห้วยเกียงพา ตำบลบ้านด่านนาขาม  หรือพื้นที่ไม่น้อยกว่า ๑๕,๙๕๐ ตารางเมตร อบต.บ้านด่านนาขาม อ.เมืองอุตรดิตถ์ จ.อุตรดิตถ์", "min": "กระทรวงมหาดไทย", "agc": "กรมส่งเสริมการปกครองท้องถิ่น", "plan_name": "ส่งเสริมการกระจายอำนาจให้แก่องค์กรปกครองส่วนท้องถิ่น", "stg_name": "ยุทธศาสตร์การบริหารกิจการบ้านเมืองที่ดี", "objc_level1_name": "งบลงทุน", "compare": [{"bb_amount": 6410700, "bb_province": "อุตรดิตถ์"}], "gf_amount_sum": 0}
{"bb_code": "1500883002600ES4", "bb_year": "2559", "amount": 6404900, "min_code": "15000", "agc_code": "15008", "name": "ซ่อมสร้างถนนคอนกรีตเสริมเหล็ก สายทาง ลป. ๓๐๑๔ บ้านแจ้คอน - บ้านร่องเคาะ ช่วงบ้านทุ่งฝูง หมู่ที่ ๔ ตำบลร่องเคาะ กว้าง ๕ เมตร ยาว ๒,๒๙๐ เมตร หนา ๐.๑๕ เมตร อบจ.ลำปาง อ.วังเหนือ จ.ลำปาง", "min": "กระทรวงมหาดไทย", "agc": "กรมส่งเสริมการปกครองท้องถิ่น", "plan_name": "ส่งเสริมการกระจายอำนาจให้แก่องค์กรปกครองส่วนท้องถิ่น", "stg_name": "ยุทธศาสตร์การบริหารกิจการบ้านเมืองที่ดี", "objc_level1_name": "งบลงทุน", "compare": [{"bb_amount": 6404900, "bb_province": "ลำปาง"}], "gf_amount_sum": 0}
{"bb_code": "1500883002600M11", "bb_year": "2559", "amount": 6404600, "min_code": "15000", "agc_code": "15008", "name": "ซ่อมแซมปรับปรุงถนนแอสฟัลท์ติกคอนกรีตสาย อย.4025 บ้านคลองจิก หมู่ที่ 2,3,4 ตำบลคลองจิก จำนวน 4 ช่วง รวมมีพื้นที่ไม่น้อยกว่า 19,085.50 ตารางเมตร ทต.คลองจิก อ.บางปะอิน จ.พระนครศรีอยุธยา", "min": "กระทรวงมหาดไทย", "agc": "กรมส่งเสริมการปกครองท้องถิ่น", "plan_name": "ส่งเสริมการกระจายอำนาจให้แก่องค์กรปกครองส่วนท้องถิ่น", "stg_name": "ยุทธศาสตร์การบริหารกิจการบ้านเมืองที่ดี", "objc_level1_name": "งบลงทุน", "compare": [{"bb_amount": 6404600, "bb_province": "พระนครศรีอยุธยา"}], "gf_amount_sum": 0}
{"bb_code": "1500822040600O83", "bb_year": "2559", "amount": 6402300, "min_code": "15000", "agc_code": "15008", "name": "ก่อสร้างระบบประปาหมู่บ้าน แบบผิวดินขนาดใหญ่มาก บ้านวังชมภู หมู่ที่ ๘ ตำบลเฝ้าไร่ ตามแบบมาตรฐานกรมทรัพยากรน้ำ ทต.เฝ้าไร่ อ.เฝ้าไร่ จ.หนองคาย", "min": "กระทรวงมหาดไทย", "agc": "กรมส่งเสริมการปกครองท้องถิ่น", "plan_name": "บริหารจัดการทรัพยากรน้ำ", "stg_name": "ยุทธศาสตร์เร่งรัดวางรากฐานการพัฒนาที่ยั่งยืนของประเทศ", "objc_level1_name": "งบลงทุน", "compare": [{"bb_amount": 6402300, "bb_province": "หนองคาย"}], "gf_amount_sum": 0}
{"bb_code": "1500794009700007", "bb_year": "2559", "amount": 6400000, "min_code": "15000", "agc_code": "15007", "name": "สำรวจและจัดทำข้อมูลทางกายภาพการผังเมืองด้วยระบบสารสนเทศภูมิศาสตร์ (GIS) มาตราส่วน 1:4,000 ในบริเวณพื้นที่นอกชุมชนระดับเทศบาล จ.นนทบุรี ปทุมธานี และสระแก้ว", "min": "กระทรวงมหาดไทย", "agc": "กรมโยธาธิการและผังเมือง", "plan_name": "พัฒนาเศรษฐกิจดิจิทัล", "stg_name": "ยุทธศาสตร์เร่งรัดวางรากฐานการพัฒนาที่ยั่งยืนของประเทศ", "objc_level1_name": "งบลงทุน", "compare": [{"bb_amount": 6400000, "bb_province": "สระแก้ว"}], "gf_amount_sum": 0}
{"bb_code": "1500786007420308", "bb_year": "2559", "amount": 6396000, "min_code": "15000", "agc_code": "15007", "name": "เขื่อนป้องกันตลิ่งริมแม่น้ำชี บ้านท่าเยี่ยม ม.6 ต.ลำชี อ.ฆ้องชัย จ.กาฬสินธุ์ ความยาว 330 เมตร", "min": "กระทรวงมหาดไทย", "agc": "กรมโยธาธิการและผังเมือง", "plan_name": "ฟื้นฟู ป้องกัน และจัดการภัยพิบัติ ", "stg_name": "ยุทธศาสตร์การจัดการทรัพยากรธรรมชาติและสิ่งแวดล้อม", "objc_level1_name": "งบลงทุน", "compare": [{"bb_amount": 6396000, "bb_province": "กาฬสินธุ์"}, {"gf_amount": 4699217.54, "gf_province": "ส่วนกลาง", "bb_amount": null, "bb_province": "กรุงเทพมหานคร"}], "gf_amount_sum": 4699217.54}
{"bb_code": "1500883002600T37", "bb_year": "2559", "amount": 6394100, "min_code": "15000", "agc_code": "15008", "name": "ซ่อมสร้างถนนผิวแอสฟัลท์ติกคอนกรีตสายบ้านเขากอบ - บ้านไสกล้วยเถื่อน ตง.๒๑๕๐ หมู่ที่ ๑ บ้านเขากอบ - หมู่ที่ ๗ บ้านไสกล้วยเถื่อน ตำบลเขากอบ กว้าง ๖ เมตร ยาว ๑,๒๙๑ เมตร หนา ๐.๐๕ เมตร ไหล่ทางกว้างข้างละ ๑", "min": "กระทรวงมหาดไทย", "agc": "กรมส่งเสริมการปกครองท้องถิ่น", "plan_name": "ส่งเสริมการกระจายอำนาจให้แก่องค์กรปกครองส่วนท้องถิ่น", "stg_name": "ยุทธศาสตร์การบริหารกิจการบ้านเมืองที่ดี", "objc_level1_name": "งบลงทุน", "compare": [{"bb_amount": 6394100, "bb_province": "ตรัง"}], "gf_amount_sum": 0}
{"bb_code": "1500883002600DG2", "bb_year": "2559", "amount": 6393000, "min_code": "15000", "agc_code": "15008", "name": "ซ่อมสร้างถนนลาดยางแอสฟัลท์ติกคอนกรีต ( สาย อบจ.นม.๐๔๓๐๗ ) บ้านตากิ่ม - บ้านดอนทะแยง ขนาดกว้าง ๖ เมตร ยาว ๒,๒๗๑ เมตร หนา ๐.๐๔ เมตร  อบจ.นครราชสีมา อ.คง จ.นครราชสีมา", "min": "กระทรวงมหาดไทย", "agc": "กรมส่งเสริมการปกครองท้องถิ่น", "plan_name": "ส่งเสริมการกระจายอำนาจให้แก่องค์กรปกครองส่วนท้องถิ่น", "stg_name": "ยุทธศาสตร์การบริหารกิจการบ้านเมืองที่ดี", "objc_level1_name": "งบลงทุน", "compare": [{"bb_amount": 6393000, "bb_province": "นครราชสีมา"}], "gf_amount_sum": 0}
{"bb_code": "1500883002600V96", "bb_year": "2559", "amount": 6375600, "min_code": "15000", "agc_code": "15008", "name": "ซ่อมสร้างผิวทางแอสฟัลท์ติกคอนกรีต สายคันคลองชลประทานหัวไผ่  หมู่ที่ ๑๐,๘,,๗ ตำบลหัวไผ่ กว้าง ๖ เมตร ยาว ๒,๕๙๐ เมตร หนา ๐.๐๕ เมตร อบต.หัวไผ่ อ.เมืองสิงห์บุรี จ.สิงห์บุรี", "min": "กระทรวงมหาดไทย", "agc": "กรมส่งเสริมการปกครองท้องถิ่น", "plan_name": "ส่งเสริมการกระจายอำนาจให้แก่องค์กรปกครองส่วนท้องถิ่น", "stg_name": "ยุทธศาสตร์การบริหารกิจการบ้านเมืองที่ดี", "objc_level1_name": "งบลงทุน", "compare": [{"bb_amount": 6375600, "bb_province": "สิงห์บุรี"}], "gf_amount_sum": 0}
{"bb_code": "1500883002600DO1", "bb_year": "2559", "amount": 6375600, "min_code": "15000", "agc_code": "15008", "name": "ปรับปรุงถนนลาดยางแอสฟัลท์ติกคอนกรีต ( สาย อบจ.นม.๐๘๓๐๔ ) บ้านด่านนอก - บ้านวัง ขนาดกว้าง ๘ เมตร ยาว ๒,๓๒๕ เมตร หนา ๐.๐๔ เมตร  อบจ.นครราชสีมา อ.ด่านขุนทด จ.นครราชสีมา", "min": "กระทรวงมหาดไทย", "agc": "กรมส่งเสริมการปกครองท้องถิ่น", "plan_name": "ส่งเสริมการกระจายอำนาจให้แก่องค์กรปกครองส่วนท้องถิ่น", "stg_name": "ยุทธศาสตร์การบริหารกิจการบ้านเมืองที่ดี", "objc_level1_name": "งบลงทุน", "compare": [{"bb_amount": 6375600, "bb_province": "นครราชสีมา"}], "gf_amount_sum": 0}
{"bb_code": "1500883002600R01", "bb_year": "2559", "amount": 6375600, "min_code": "15000", "agc_code": "15008", "name": "ปรับปรุงถนนแอสฟัลท์ติกคอนกรึตสายบ้านคลองย่าหนัด - บ้านปากคลอง กว้าง ๖ เมตร ยาว ๑๑,๐๐๐ เมตร หนา ๐.๐๕ เมตร  ไหล่ทางข้างละ ๑ เมตร  หรือมีพื้นที่ไม่น้อยกว่า  ๑๔,๒๔๐ ตารางเมตร   อบต.เกาะกลาง อ.เกาะลันตา จ.", "min": "กระทรวงมหาดไทย", "agc": "กรมส่งเสริมการปกครองท้องถิ่น", "plan_name": "ส่งเสริมการกระจายอำนาจให้แก่องค์กรปกครองส่วนท้องถิ่น", "stg_name": "ยุทธศาสตร์การบริหารกิจการบ้านเมืองที่ดี", "objc_level1_name": "งบลงทุน", "compare": [{"bb_amount": 6375600, "bb_province": "กระบี่"}], "gf_amount_sum": 0}
{"bb_code": "1500883002600P38", "bb_year": "2559", "amount": 6375600, "min_code": "15000", "agc_code": "15008", "name": "ซ่อมสร้างถนนลาดยางแบบ Asphaltic Concrete สายบ้านสร้าง ตำบลบ้านสร้าง – บ้านบางเตย ตำบลบางเตย อำเภอบ้านสร้าง กม.ที่ ๐+๔๖๖ ถึง กม.ที่ ๒+๖๒๓ กว้าง ๖ เมตร  ยาว ๒,๑๕๗ เมตร หนา ๐.๐๔ เมตร พื้นที่ไม่น้อยกว่า ๑", "min": "กระทรวงมหาดไทย", "agc": "กรมส่งเสริมการปกครองท้องถิ่น", "plan_name": "ส่งเสริมการกระจายอำนาจให้แก่องค์กรปกครองส่วนท้องถิ่น", "stg_name": "ยุทธศาสตร์การบริหารกิจการบ้านเมืองที่ดี", "objc_level1_name": "งบลงทุน", "compare": [{"bb_amount": 6375600, "bb_province": "ปราจีนบุรี"}], "gf_amount_sum": 0}
{"bb_code": "1500883002600L88", "bb_year": "2559", "amount": 6375600, "min_code": "15000", "agc_code": "15008", "name": "ซ่อมสร้างถนนลาดยางผิวจราจรแอสฟัลท์ติกคอนกรีตสายทาง นน.ถ. ๑-๐๐๐๒ บ้านดู่ใต้ – บ้านซาวหลวง ตำบลดู่ใต้ – ตำบลนาซาว กว้าง ๖ เมตร ยาว ๒,๓๐๕ เมตร หนา ๐.๐๔ เมตร อบจ.น่าน อ.เมืองน่าน จ.น่าน", "min": "กระทรวงมหาดไทย", "agc": "กรมส่งเสริมการปกครองท้องถิ่น", "plan_name": "ส่งเสริมการกระจายอำนาจให้แก่องค์กรปกครองส่วนท้องถิ่น", "stg_name": "ยุทธศาสตร์การบริหารกิจการบ้านเมืองที่ดี", "objc_level1_name": "งบลงทุน", "compare": [{"bb_amount": 6375600, "bb_province": "น่าน"}], "gf_amount_sum": 0}
{"bb_code": "1500883002600FO7", "bb_year": "2559", "amount": 6375600, "min_code": "15000", "agc_code": "15008", "name": "ซ่อมสร้างผิวทางลาดยางแอสฟัลท์ติกคอนกรีต สายแยกคลอง 14 บ้านนอก หมู่ที่ 9 ตำบลบางปลากด กว้าง 6 เมตร ยาว 2,200 เมตร หนา 0.05 เมตร ไหล่ทางกว้างข้างละ 0.50 เมตร อบต.บางปลากด อ.องครักษ์ จ.นครนายก", "min": "กระทรวงมหาดไทย", "agc": "กรมส่งเสริมการปกครองท้องถิ่น", "plan_name": "ส่งเสริมการกระจายอำนาจให้แก่องค์กรปกครองส่วนท้องถิ่น", "stg_name": "ยุทธศาสตร์การบริหารกิจการบ้านเมืองที่ดี", "objc_level1_name": "งบลงทุน", "compare": [{"bb_amount": 6375600, "bb_province": "นครนายก"}], "gf_amount_sum": 0}
{"bb_code": "1500883002600DM8", "bb_year": "2559", "amount": 6375600, "min_code": "15000", "agc_code": "15008", "name": "ซ่อมสร้างถนนลาดยางแอสฟัลท์ติกคอนกรีต ( สาย อบจ.นม.๑๗๓๐๙ ) บ้านหนองหว้า - บ้านหนองขาม ขนาดกว้าง ๘ เมตร ยาว ๑,๗๗๓ เมตร หนา ๐.๐๔ เมตร  อบจ.นครราชสีมา อ.ชุมพวง จ.นครราชสีมา", "min": "กระทรวงมหาดไทย", "agc": "กรมส่งเสริมการปกครองท้องถิ่น", "plan_name": "ส่งเสริมการกระจายอำนาจให้แก่องค์กรปกครองส่วนท้องถิ่น", "stg_name": "ยุทธศาสตร์การบริหารกิจการบ้านเมืองที่ดี", "objc_level1_name": "งบลงทุน", "compare": [{"bb_amount": 6375600, "bb_province": "นครราชสีมา"}], "gf_amount_sum": 0}
{"bb_code": "1500883002600P84", "bb_year": "2559", "amount": 6374600, "min_code": "15000", "agc_code": "15008", "name": "ซ่อมแซมถนนแอสฟัลท์ติกคอนกรีตสาย ปท ๒๐๔๖ เลียบคลองระบายน้ำที่ ๘ (ฝั่งตะวันออก) หมู่ที่ ๓,๔,๕,๖ ตำบลบึงบอน กว้าง ๗ เมตร ยาว ๒,๐๐๐ เมตร หนา ๐.๐๕ เมตร พื้นที่ไม่น้อยกว่า ๑๔,๐๐๐ ตารางเมตร อบต.บึงบอน อ.หนอง", "min": "กระทรวงมหาดไทย", "agc": "กรมส่งเสริมการปกครองท้องถิ่น", "plan_name": "ส่งเสริมการกระจายอำนาจให้แก่องค์กรปกครองส่วนท้องถิ่น", "stg_name": "ยุทธศาสตร์การบริหารกิจการบ้านเมืองที่ดี", "objc_level1_name": "งบลงทุน", "compare": [{"bb_amount": 6374600, "bb_province": "ปทุมธานี"}], "gf_amount_sum": 0}
{"bb_code": "1500883002600FC8", "bb_year": "2559", "amount": 6365700, "min_code": "15000", "agc_code": "15008", "name": "ปรับปรุงซอ่มแซมถนนลาดยางแอสฟัลท์ติกคอนกรีตสายบ้านตาฆอ-บ้านบันนังลีมา  หมู่ที่ ๑,๒,๔  ตำบลธารคีรี  อำเภอสะบ้าย้อย  กว้าง  ๗  เมตร  ยาว  ๑,๘๙๐  เมตร  หนา  ๐.๐๕  เมตร   อบต.ธารคีรี อ.สะบ้าย้อย จ.สงขลา", "min": "กระทรวงมหาดไทย", "agc": "กรมส่งเสริมการปกครองท้องถิ่น", "plan_name": "ส่งเสริมการกระจายอำนาจให้แก่องค์กรปกครองส่วนท้องถิ่น", "stg_name": "ยุทธศาสตร์การบริหารกิจการบ้านเมืองที่ดี", "objc_level1_name": "งบลงทุน", "compare": [{"bb_amount": 6365700, "bb_province": "สงขลา"}], "gf_amount_sum": 0}
