{"bb_code": "1500785013410074", "bb_year": "2559", "amount": 6278400, "min_code": "15000", "agc_code": "15007", "name": "โครงการปรับปรุงถนนในชุมชน บ้านบริษัท หมู่ที่ 5 ตำบลเกียร์ อำเภอสุคิริน จังหวัดนราธิวาส กว้าง 5 เมตร ระยะทาง 1.60 กิโลเมตร", "min": "กระทรวงมหาดไทย", "agc": "กรมโยธาธิการและผังเมือง", "plan_name": "แก้ไขปัญหาและพัฒนาจังหวัดชายแดนภาคใต้", "stg_name": "ยุทธศาสตร์เร่งรัดวางรากฐานการพัฒนาที่ยั่งยืนของประเทศ", "objc_level1_name": "งบลงทุน", "compare": [{"bb_amount": 6278400, "bb_province": "นราธิวาส", "gf_amount": 6277000, "gf_province": "นราธิวาส"}], "gf_amount_sum": 6277000}
{"bb_code": "1500582001110006", "bb_year": "2559", "amount": 6272000, "min_code": "15000", "agc_code": "15005", "name": "รถบรรทุก (ดีเซล) ขนาด 1 ตัน ขับเคลื่อน 4 ล้อ แบบดับเบิ้ลแค็บ แขวงทุ่งสองห้อง เขตหลักสี่ กรุงเทพมหานคร", "min": "กระทรวงมหาดไทย", "agc": "กรมที่ดิน", "plan_name": "พัฒนาประสิทธิภาพการบริหารราชการแผ่นดิน", "stg_name": "ยุทธศาสตร์การบริหารกิจการบ้านเมืองที่ดี", "objc_level1_name": "งบลงทุน", "compare": [{"bb_amount": 6272000, "bb_province": "กรุงเทพมหานคร", "gf_amount": 6265000, "gf_province": "ส่วนกลาง"}], "gf_amount_sum": 6265000}
{"bb_code": "1500883002600JK6", "bb_year": "2559", "amount": 6271000, "min_code": "15000", "agc_code": "15008", "name": "ก่อสร้างพื้นที่ขายของ และจัดระเบียบการค้าในที่สาธารณะบริเวณ บ้านไร่ถั่ว หมู่ที่ 7 องค์การบริหารส่วนตำบลบางแขม อำเภอเมืองนครปฐม จังหวัดนครปฐม", "min": "กระทรวงมหาดไทย", "agc": "กรมส่งเสริมการปกครองท้องถิ่น", "plan_name": "ส่งเสริมการกระจายอำนาจให้แก่องค์กรปกครองส่วนท้องถิ่น", "stg_name": "ยุทธศาสตร์การบริหารกิจการบ้านเมืองที่ดี", "objc_level1_name": "งบลงทุน", "compare": [{"bb_amount": 6271000, "bb_province": "นครปฐม"}], "gf_amount_sum": 0}
{"bb_code": "1500786007420022", "bb_year": "2559", "amount": 6260000, "min_code": "15000", "agc_code": "15007", "name": "เขื่อนป้องกันตลิ่งริมแม่น้ำเจ้าพระยา บริเวณศาลาเฉลิมพระเกียรติถึงบ้านไทรน้อย หมู่ที่ 1 ต.วัดโคก อ.มโนรมย์ จ.ชัยนาท ความยาว 400 เมตร", "min": "กระทรวงมหาดไทย", "agc": "กรมโยธาธิการและผังเมือง", "plan_name": "ฟื้นฟู ป้องกัน และจัดการภัยพิบัติ ", "stg_name": "ยุทธศาสตร์การจัดการทรัพยากรธรรมชาติและสิ่งแวดล้อม", "objc_level1_name": "งบลงทุน", "compare": [{"bb_amount": 6260000, "bb_province": "ชัยนาท"}, {"gf_amount": 10000000, "gf_province": "ส่วนกลาง", "bb_amount": null, "bb_province": "กรุงเทพมหานคร"}], "gf_amount_sum": 10000000}
{"bb_code": "1500786020420016", "bb_year": "2559", "amount": 6260000, "min_code": "15000", "agc_code": "15007", "name": "เขื่อนป้องกันตลิ่งริมแม่น้ำเหือง บ้านเหมืองแพร่ ต.นาแห้ว อ.นาแห้ว จ.เลย ความยาว 820 เมตร", "min": "กระทรวงมหาดไทย", "agc": "กรมโยธาธิการและผังเมือง", "plan_name": "ฟื้นฟู ป้องกัน และจัดการภัยพิบัติ ", "stg_name": "ยุทธศาสตร์การจัดการทรัพยากรธรรมชาติและสิ่งแวดล้อม", "objc_level1_name": "งบลงทุน", "compare": [{"bb_amount": 6260000, "bb_province": "เลย"}], "gf_amount_sum": 0}
{"bb_code": "1500883002600EE7", "bb_year": "2559", "amount": 6259700, "min_code": "15000", "agc_code": "15008", "name": "ซ่อมสร้างถนนลาดยางแอสฟัลท์ติกคอนกรีต ( สาย อบจ.นม.๑๓๓๐๗ ) บ้านบึงกระโดน - บ้านดอนยาว ขนาดกว้าง ๗ เมตร ยาว ๑,๙๑๐ เมตร หนา ๐.๐๔ เมตร  อบจ.นครราชสีมา อ.ประทาย จ.นครราชสีมา", "min": "กระทรวงมหาดไทย", "agc": "กรมส่งเสริมการปกครองท้องถิ่น", "plan_name": "ส่งเสริมการกระจายอำนาจให้แก่องค์กรปกครองส่วนท้องถิ่น", "stg_name": "ยุทธศาสตร์การบริหารกิจการบ้านเมืองที่ดี", "objc_level1_name": "งบลงทุน", "compare": [{"bb_amount": 6259700, "bb_province": "นครราชสีมา"}], "gf_amount_sum": 0}
{"bb_code": "1500822040600J61", "bb_year": "2559", "amount": 6244000, "min_code": "15000", "agc_code": "15008", "name": "ก่อสร้างประปาหมู่บ้าน แบบผิวดินขนาดใหญ่มาก  บ้านหนองฮูดัง หมู่ที่ ๑ ตามแบบแปลนมาตรฐานกรมทรัพยากรน้ำ อบต.โคกก่อง อ.เมืองสกลนคร จ.สกลนคร", "min": "กระทรวงมหาดไทย", "agc": "กรมส่งเสริมการปกครองท้องถิ่น", "plan_name": "บริหารจัดการทรัพยากรน้ำ", "stg_name": "ยุทธศาสตร์เร่งรัดวางรากฐานการพัฒนาที่ยั่งยืนของประเทศ", "objc_level1_name": "งบลงทุน", "compare": [{"bb_amount": 6244000, "bb_province": "สกลนคร"}], "gf_amount_sum": 0}
{"bb_code": "1500822040600J63", "bb_year": "2559", "amount": 6244000, "min_code": "15000", "agc_code": "15008", "name": "ก่อสร้างประปาหมู่บ้าน แบบผิวดินขนาดใหญ่มาก บ้านโคกก่อง หมู่ที่ ๘ ตามแบบแปลนมาตรฐานกรมทรัพยากรน้ำ อบต.โคกก่อง อ.เมืองสกลนคร จ.สกลนคร", "min": "กระทรวงมหาดไทย", "agc": "กรมส่งเสริมการปกครองท้องถิ่น", "plan_name": "บริหารจัดการทรัพยากรน้ำ", "stg_name": "ยุทธศาสตร์เร่งรัดวางรากฐานการพัฒนาที่ยั่งยืนของประเทศ", "objc_level1_name": "งบลงทุน", "compare": [{"bb_amount": 6244000, "bb_province": "สกลนคร"}], "gf_amount_sum": 0}
{"bb_code": "1500786007420442", "bb_year": "2559", "amount": 6240000, "min_code": "15000", "agc_code": "15007", "name": "เขื่อนป้องกันตลิ่งพร้อมปรับปรุงภูมิทัศน์เลียบคลองเจดีย์บูชา ตำบลนครปฐม อำเภอเมืองนครปฐม จังหวัดนครปฐม ความยาว 320 เมตร", "min": "กระทรวงมหาดไทย", "agc": "กรมโยธาธิการและผังเมือง", "plan_name": "ฟื้นฟู ป้องกัน และจัดการภัยพิบัติ ", "stg_name": "ยุทธศาสตร์การจัดการทรัพยากรธรรมชาติและสิ่งแวดล้อม", "objc_level1_name": "งบลงทุน", "compare": [{"bb_amount": 6240000, "bb_province": "นครปฐม"}, {"gf_amount": 4650000, "gf_province": "ส่วนกลาง", "bb_amount": null, "bb_province": "กรุงเทพมหานคร"}], "gf_amount_sum": 4650000}
{"bb_code": "1500786007420413", "bb_year": "2559", "amount": 6240000, "min_code": "15000", "agc_code": "15007", "name": "เขื่อนป้องกันตลิ่งริมบึงขุนทะเล (ช่วงที่ 1) ม.3 ต.มะขามเตี้ย อ.เมือง จ.สุราษฎร์ธานี ความยาว 300 เมตร", "min": "กระทรวงมหาดไทย", "agc": "กรมโยธาธิการและผังเมือง", "plan_name": "ฟื้นฟู ป้องกัน และจัดการภัยพิบัติ ", "stg_name": "ยุทธศาสตร์การจัดการทรัพยากรธรรมชาติและสิ่งแวดล้อม", "objc_level1_name": "งบลงทุน", "compare": [{"bb_amount": 6240000, "bb_province": "สุราษฎร์ธานี"}, {"gf_amount": 4619700, "gf_province": "ส่วนกลาง", "bb_amount": null, "bb_province": "กรุงเทพมหานคร"}], "gf_amount_sum": 4619700}
{"bb_code": "1500786007420482", "bb_year": "2559", "amount": 6240000, "min_code": "15000", "agc_code": "15007", "name": "เขื่อนป้องกันตลิ่งริมแม่น้ำยม พื้นที่บ้านค่าไพบูลย์ ม.2 ต.ปง อ.ปง จ.พะเยา ความยาว 400 เมตร", "min": "กระทรวงมหาดไทย", "agc": "กรมโยธาธิการและผังเมือง", "plan_name": "ฟื้นฟู ป้องกัน และจัดการภัยพิบัติ ", "stg_name": "ยุทธศาสตร์การจัดการทรัพยากรธรรมชาติและสิ่งแวดล้อม", "objc_level1_name": "งบลงทุน", "compare": [{"bb_amount": 6240000, "bb_province": "พะเยา"}, {"gf_amount": 4662900, "gf_province": "ส่วนกลาง", "bb_amount": null, "bb_province": "กรุงเทพมหานคร"}], "gf_amount_sum": 4662900}
{"bb_code": "1500786007420505", "bb_year": "2559", "amount": 6240000, "min_code": "15000", "agc_code": "15007", "name": "เขื่อนป้องกันตลิ่งริมแม่น้ำชี บ้านวังยาว ม.14 ต.เกิ้ง อ.เมือง จ.มหาสารคาม ความยาว 400 เมตร", "min": "กระทรวงมหาดไทย", "agc": "กรมโยธาธิการและผังเมือง", "plan_name": "ฟื้นฟู ป้องกัน และจัดการภัยพิบัติ ", "stg_name": "ยุทธศาสตร์การจัดการทรัพยากรธรรมชาติและสิ่งแวดล้อม", "objc_level1_name": "งบลงทุน", "compare": [{"bb_amount": 6240000, "bb_province": "มหาสารคาม"}], "gf_amount_sum": 0}
{"bb_code": "1500786007420494", "bb_year": "2559", "amount": 6240000, "min_code": "15000", "agc_code": "15007", "name": "เขื่อนป้องกันตลิ่งริมคลองแม่มอก ม.3 ต.ไทยชนะศึก อ.ทุ่งเสลี่ยม จ.สุโขทัย ความยาว 400 เมตร", "min": "กระทรวงมหาดไทย", "agc": "กรมโยธาธิการและผังเมือง", "plan_name": "ฟื้นฟู ป้องกัน และจัดการภัยพิบัติ ", "stg_name": "ยุทธศาสตร์การจัดการทรัพยากรธรรมชาติและสิ่งแวดล้อม", "objc_level1_name": "งบลงทุน", "compare": [{"bb_amount": 6240000, "bb_province": "สุโขทัย"}, {"gf_amount": 6240000, "gf_province": "ส่วนกลาง", "bb_amount": null, "bb_province": "กรุงเทพมหานคร"}], "gf_amount_sum": 6240000}
{"bb_code": "1500883002600M24", "bb_year": "2559", "amount": 6230700, "min_code": "15000", "agc_code": "15008", "name": "ปรับปรุงถนนลาดยางแอสฟัลท์ติกคอนกรีต สายบ้านโรงสูง - บ้านพระแก้ว ตำบลพระแก้ว-ตำบลกระจิว มีพื้นที่ไม่น้อยกว่า ๑๓,๗๖๕ ตารางเมตร   อบจ.พระนครศรีอยุธยา อ.ภาชี จ.พระนครศรีอยุธยา", "min": "กระทรวงมหาดไทย", "agc": "กรมส่งเสริมการปกครองท้องถิ่น", "plan_name": "ส่งเสริมการกระจายอำนาจให้แก่องค์กรปกครองส่วนท้องถิ่น", "stg_name": "ยุทธศาสตร์การบริหารกิจการบ้านเมืองที่ดี", "objc_level1_name": "งบลงทุน", "compare": [{"bb_amount": 6230700, "bb_province": "พระนครศรีอยุธยา"}], "gf_amount_sum": 0}
{"bb_code": "1500520004410014", "bb_year": "2559", "amount": 6228400, "min_code": "15000", "agc_code": "15005", "name": "ค่าก่อสร้างประกอบการใช้ประโยชน์ที่ดินของรัฐเพื่อแก้ไขปัญหาความยากจน ตำบลธาตุ อำเภอรัตนบุรี จังหวัดสุรินทร์", "min": "กระทรวงมหาดไทย", "agc": "กรมที่ดิน", "plan_name": "รักษาความมั่นคงของฐานทรัพยากรธรรมชาติและแก้ปัญหาที่ดินทำกิน", "stg_name": "ยุทธศาสตร์การจัดการทรัพยากรธรรมชาติและสิ่งแวดล้อม", "objc_level1_name": "งบลงทุน", "compare": [{"bb_amount": 6228400, "bb_province": "สุรินทร์", "gf_amount": 929000, "gf_province": "สุรินทร์"}, {"gf_amount": 2151156.95, "gf_province": "ส่วนกลาง", "bb_amount": null, "bb_province": "กรุงเทพมหานคร"}], "gf_amount_sum": 3080156.95}
{"bb_code": "1500883002600EH9", "bb_year": "2559", "amount": 6207500, "min_code": "15000", "agc_code": "15008", "name": "ปรับปรุงถนนลาดยางแอสฟัลท์ติกคอนกรีต ( สาย อบจ.นม.๑๔๓๐๗ ) บ้านโคกสระน้อย - บ้านเก่าสะแกราช ขนาดกว้าง ๖ เมตร ยาว ๓,๐๐๐ เมตร หนา ๐.๐๔ เมตร  อบจ.นครราชสีมา อ.ปักธงชัย จ.นครราชสีมา", "min": "กระทรวงมหาดไทย", "agc": "กรมส่งเสริมการปกครองท้องถิ่น", "plan_name": "ส่งเสริมการกระจายอำนาจให้แก่องค์กรปกครองส่วนท้องถิ่น", "stg_name": "ยุทธศาสตร์การบริหารกิจการบ้านเมืองที่ดี", "objc_level1_name": "งบลงทุน", "compare": [{"bb_amount": 6207500, "bb_province": "นครราชสีมา"}], "gf_amount_sum": 0}
{"bb_code": "1500883002600EU9", "bb_year": "2559", "amount": 6207500, "min_code": "15000", "agc_code": "15008", "name": "ซ่อมสร้างถนนลาดยางผิวจราจรแบบแอสฟัลท์ติกคอนกรีต สายทาง ลป. ๔๐๖๑ บ้านทุ่งเป้า - บ้านผาแดง ช่วงระหว่างบ้านป่าแขม หมู่ที่ ๕ - บ้านน้ำหลง หมู่ที่ ๖ ตำบลวังซ้าย กว้าง ๖ เมตร ยาว ๒,๕๕๐ เมตร หนา ๐.๐๕ เมตร  อ", "min": "กระทรวงมหาดไทย", "agc": "กรมส่งเสริมการปกครองท้องถิ่น", "plan_name": "ส่งเสริมการกระจายอำนาจให้แก่องค์กรปกครองส่วนท้องถิ่น", "stg_name": "ยุทธศาสตร์การบริหารกิจการบ้านเมืองที่ดี", "objc_level1_name": "งบลงทุน", "compare": [{"bb_amount": 6207500, "bb_province": "ลำปาง"}], "gf_amount_sum": 0}
{"bb_code": "1500883002600BL8", "bb_year": "2559", "amount": 6206500, "min_code": "15000", "agc_code": "15008", "name": "บำรุงรักษาซ่อมแซมถนน รบ ๓๐๓๔ สายบ้านบ่อ -  บ้านวังน้ำเขียว ตำบลท่าเคย  อำเภอสวนผึ้ง ด้วยวิธี PAVEMENT IN PLACE RECYCLING จำนวน ๒ ช่วง กว้าง ๖ เมตร ยาว ๑,๓๐๒ เมตร อบจ.ราชบุรี อ.สวนผึ้ง จ.ราชบุรี", "min": "กระทรวงมหาดไทย", "agc": "กรมส่งเสริมการปกครองท้องถิ่น", "plan_name": "ส่งเสริมการกระจายอำนาจให้แก่องค์กรปกครองส่วนท้องถิ่น", "stg_name": "ยุทธศาสตร์การบริหารกิจการบ้านเมืองที่ดี", "objc_level1_name": "งบลงทุน", "compare": [{"bb_amount": 6206500, "bb_province": "ราชบุรี"}], "gf_amount_sum": 0}
{"bb_code": "1500883002600V61", "bb_year": "2559", "amount": 6204600, "min_code": "15000", "agc_code": "15008", "name": "ซ่อมสร้างถนนลาดยางผิว Cape Seal สายบ้านเจดีย์งาม - บ้านห้วยน้ำขาว หมู่ที่ ๑,๑๓,๑๔ กว้าง ๖ เมตร ยาว ๔,๑๐๐ เมตร  ทต.ท่าวังทอง อ.เมืองพะเยา จ.พะเยา", "min": "กระทรวงมหาดไทย", "agc": "กรมส่งเสริมการปกครองท้องถิ่น", "plan_name": "ส่งเสริมการกระจายอำนาจให้แก่องค์กรปกครองส่วนท้องถิ่น", "stg_name": "ยุทธศาสตร์การบริหารกิจการบ้านเมืองที่ดี", "objc_level1_name": "งบลงทุน", "compare": [{"bb_amount": 6204600, "bb_province": "พะเยา"}], "gf_amount_sum": 0}
{"bb_code": "1500282003410014", "bb_year": "2559", "amount": 6192900, "min_code": "15000", "agc_code": "15002", "name": "ค่าปรับปรุงสิ่งก่อสร้างของสำนักงานจังหวัดราชบุรี ตำบลหน้าเมือง อำเภอเมืองราชบุรี จังหวัดราชบุรี", "min": "กระทรวงมหาดไทย", "agc": "สนง.ปลัดกระทรวงมหาดไทย", "plan_name": "พัฒนาประสิทธิภาพการบริหารราชการแผ่นดิน", "stg_name": "ยุทธศาสตร์การบริหารกิจการบ้านเมืองที่ดี", "objc_level1_name": "งบลงทุน", "compare": [{"bb_amount": 6192900, "bb_province": "ราชบุรี", "gf_amount": 0, "gf_province": "ราชบุรี"}], "gf_amount_sum": 0}
