{"bb_code": "1500883002600IC1", "bb_year": "2559", "amount": 6133000, "min_code": "15000", "agc_code": "15008", "name": "ก่อสร้างอาคารเรียนอนุบาล โรงเรียนเทศบาลวัดคงคาสวัสดิ์ เทศบาลเมืองปากพนัง อำเภอปากพนัง จังหวัดนครศรีธรรมราช", "min": "กระทรวงมหาดไทย", "agc": "กรมส่งเสริมการปกครองท้องถิ่น", "plan_name": "ส่งเสริมการกระจายอำนาจให้แก่องค์กรปกครองส่วนท้องถิ่น", "stg_name": "ยุทธศาสตร์การบริหารกิจการบ้านเมืองที่ดี", "objc_level1_name": "งบลงทุน", "compare": [{"bb_amount": 6133000, "bb_province": "นครศรีธรรมราช"}], "gf_amount_sum": 0}
{"bb_code": "1500883002600HZ7", "bb_year": "2559", "amount": 6133000, "min_code": "15000", "agc_code": "15008", "name": "ก่อสร้างอาคารเรียนอนุบาล โรงเรียนอนุบาลเทศบาลตำบลเกษตรวิสัย เทศบาลตำบลเกษตรวิสัย อำเภอเกษตรวิสัย จังหวัดร้อยเอ็ด", "min": "กระทรวงมหาดไทย", "agc": "กรมส่งเสริมการปกครองท้องถิ่น", "plan_name": "ส่งเสริมการกระจายอำนาจให้แก่องค์กรปกครองส่วนท้องถิ่น", "stg_name": "ยุทธศาสตร์การบริหารกิจการบ้านเมืองที่ดี", "objc_level1_name": "งบลงทุน", "compare": [{"bb_amount": 6133000, "bb_province": "ร้อยเอ็ด"}], "gf_amount_sum": 0}
{"bb_code": "1500883002600HW7", "bb_year": "2559", "amount": 6133000, "min_code": "15000", "agc_code": "15008", "name": "ก่อสร้างอาคารเรียนอนุบาล โรงเรียนอนุบาลบ้านขุมคำ องค์การบริหารส่วนตำบลนาโพธิ์ อำเภอบุณฑริก จังหวัดอุบลราชธานี", "min": "กระทรวงมหาดไทย", "agc": "กรมส่งเสริมการปกครองท้องถิ่น", "plan_name": "ส่งเสริมการกระจายอำนาจให้แก่องค์กรปกครองส่วนท้องถิ่น", "stg_name": "ยุทธศาสตร์การบริหารกิจการบ้านเมืองที่ดี", "objc_level1_name": "งบลงทุน", "compare": [{"bb_amount": 6133000, "bb_province": "อุบลราชธานี"}], "gf_amount_sum": 0}
{"bb_code": "1500883002600IA0", "bb_year": "2559", "amount": 6133000, "min_code": "15000", "agc_code": "15008", "name": "ก่อสร้างอาคารเรียนอนุบาล โรงเรียนอนุบาลเทศบาลตำบลเมืองนะ 1 เทศบาลตำบลเมืองนะอำเภอเชียงดาว จังหวัดเชียงใหม่", "min": "กระทรวงมหาดไทย", "agc": "กรมส่งเสริมการปกครองท้องถิ่น", "plan_name": "ส่งเสริมการกระจายอำนาจให้แก่องค์กรปกครองส่วนท้องถิ่น", "stg_name": "ยุทธศาสตร์การบริหารกิจการบ้านเมืองที่ดี", "objc_level1_name": "งบลงทุน", "compare": [{"bb_amount": 6133000, "bb_province": "เชียงใหม่"}], "gf_amount_sum": 0}
{"bb_code": "1500883002600HZ0", "bb_year": "2559", "amount": 6133000, "min_code": "15000", "agc_code": "15008", "name": "ก่อสร้างอาคารเรียนอนุบาลโรงเรียนเทศบาล 2 หนองบัว เทศบาลนครเชียงราย อำเภอเมืองเชียงราย จังหวัดเชียงราย", "min": "กระทรวงมหาดไทย", "agc": "กรมส่งเสริมการปกครองท้องถิ่น", "plan_name": "ส่งเสริมการกระจายอำนาจให้แก่องค์กรปกครองส่วนท้องถิ่น", "stg_name": "ยุทธศาสตร์การบริหารกิจการบ้านเมืองที่ดี", "objc_level1_name": "งบลงทุน", "compare": [{"bb_amount": 6133000, "bb_province": "เชียงราย"}], "gf_amount_sum": 0}
{"bb_code": "1500883002600HZ1", "bb_year": "2559", "amount": 6133000, "min_code": "15000", "agc_code": "15008", "name": "ก่อสร้างอาคารเรียนอนุบาล โรงเรียนบ้านในวง องค์การบริหารส่วนจังหวัดระนอง อำเภอเมืองระนอง จังหวัดระนอง", "min": "กระทรวงมหาดไทย", "agc": "กรมส่งเสริมการปกครองท้องถิ่น", "plan_name": "ส่งเสริมการกระจายอำนาจให้แก่องค์กรปกครองส่วนท้องถิ่น", "stg_name": "ยุทธศาสตร์การบริหารกิจการบ้านเมืองที่ดี", "objc_level1_name": "งบลงทุน", "compare": [{"bb_amount": 6133000, "bb_province": "ระนอง"}], "gf_amount_sum": 0}
{"bb_code": "1500883002600HZ3", "bb_year": "2559", "amount": 6133000, "min_code": "15000", "agc_code": "15008", "name": "ก่อสร้างอาคารเรียนอนุบาล โรงเรียนเทศบาล 1 (ป่าแดด) เทศบาลตำบลป่าแดด อำเภอป่าแดด จังหวัดเชียงราย", "min": "กระทรวงมหาดไทย", "agc": "กรมส่งเสริมการปกครองท้องถิ่น", "plan_name": "ส่งเสริมการกระจายอำนาจให้แก่องค์กรปกครองส่วนท้องถิ่น", "stg_name": "ยุทธศาสตร์การบริหารกิจการบ้านเมืองที่ดี", "objc_level1_name": "งบลงทุน", "compare": [{"bb_amount": 6133000, "bb_province": "เชียงราย"}], "gf_amount_sum": 0}
{"bb_code": "1500883002600HZ2", "bb_year": "2559", "amount": 6133000, "min_code": "15000", "agc_code": "15008", "name": "ก่อสร้างอาคารเรียนอนุบาล โรงเรียนอยู่เมืองแกลงวิทยา เทศบาลตำบลเมืองแกลง อำเภอแกลง จังหวัดระยอง", "min": "กระทรวงมหาดไทย", "agc": "กรมส่งเสริมการปกครองท้องถิ่น", "plan_name": "ส่งเสริมการกระจายอำนาจให้แก่องค์กรปกครองส่วนท้องถิ่น", "stg_name": "ยุทธศาสตร์การบริหารกิจการบ้านเมืองที่ดี", "objc_level1_name": "งบลงทุน", "compare": [{"bb_amount": 6133000, "bb_province": "ระยอง"}], "gf_amount_sum": 0}
{"bb_code": "1500883002600HY9", "bb_year": "2559", "amount": 6133000, "min_code": "15000", "agc_code": "15008", "name": "ก่อสร้างอาคารเรียนอนุบาล โรงเรียนอนุบาลพระศรีอารย์ องค์การบริหารส่วนตำบลเขาสมอคอน อำเภอท่าวุ้ง จังหวัดลพบุรี", "min": "กระทรวงมหาดไทย", "agc": "กรมส่งเสริมการปกครองท้องถิ่น", "plan_name": "ส่งเสริมการกระจายอำนาจให้แก่องค์กรปกครองส่วนท้องถิ่น", "stg_name": "ยุทธศาสตร์การบริหารกิจการบ้านเมืองที่ดี", "objc_level1_name": "งบลงทุน", "compare": [{"bb_amount": 6133000, "bb_province": "ลพบุรี"}], "gf_amount_sum": 0}
{"bb_code": "1500883002600HZ4", "bb_year": "2559", "amount": 6133000, "min_code": "15000", "agc_code": "15008", "name": "\"ก่อสร้างอาคารเรียนอนุบาล โรงเรียนเทศบาล 1 ต้นยาง เทศบาลตำบลจันจว้า\tอำเภอแม่จัน\tจังหวัดเชียงราย\"", "min": "กระทรวงมหาดไทย", "agc": "กรมส่งเสริมการปกครองท้องถิ่น", "plan_name": "ส่งเสริมการกระจายอำนาจให้แก่องค์กรปกครองส่วนท้องถิ่น", "stg_name": "ยุทธศาสตร์การบริหารกิจการบ้านเมืองที่ดี", "objc_level1_name": "งบลงทุน", "compare": [{"bb_amount": 6133000, "bb_province": "เชียงราย"}], "gf_amount_sum": 0}
{"bb_code": "1500883002600HZ5", "bb_year": "2559", "amount": 6133000, "min_code": "15000", "agc_code": "15008", "name": "ก่อสร้างอาคารเรียนอนุบาล โรงเรียนอบต.ศรีดอนมูล (บ้านด้ายปาราษฎร์ดำรง) องค์การบริหารส่วนตำบลศรีดอนมูล อำเภอเชียงแสน จังหวัดเชียงราย", "min": "กระทรวงมหาดไทย", "agc": "กรมส่งเสริมการปกครองท้องถิ่น", "plan_name": "ส่งเสริมการกระจายอำนาจให้แก่องค์กรปกครองส่วนท้องถิ่น", "stg_name": "ยุทธศาสตร์การบริหารกิจการบ้านเมืองที่ดี", "objc_level1_name": "งบลงทุน", "compare": [{"bb_amount": 6133000, "bb_province": "เชียงราย"}], "gf_amount_sum": 0}
{"bb_code": "1500883002600HY7", "bb_year": "2559", "amount": 6133000, "min_code": "15000", "agc_code": "15008", "name": "ก่อสร้างอาคารเรียนอนุบาล โรงเรียนเทศบาลนาอ้อ เทศบาลตำบลนาอ้อ อำเภอเมืองเลย จังหวัดเลย", "min": "กระทรวงมหาดไทย", "agc": "กรมส่งเสริมการปกครองท้องถิ่น", "plan_name": "ส่งเสริมการกระจายอำนาจให้แก่องค์กรปกครองส่วนท้องถิ่น", "stg_name": "ยุทธศาสตร์การบริหารกิจการบ้านเมืองที่ดี", "objc_level1_name": "งบลงทุน", "compare": [{"bb_amount": 6133000, "bb_province": "เลย"}], "gf_amount_sum": 0}
{"bb_code": "1500883002600HY8", "bb_year": "2559", "amount": 6133000, "min_code": "15000", "agc_code": "15008", "name": "\"ก่อสร้างอาคารเรียนอนุบาล โรงเรียนเทศบาล 4 อมรสะเพียรชัยอุทิศ เทศบาลเมืองชัยภูมิ อำเภอเมืองชัยภูมิ\tจังหวัดชัยภูมิ\"", "min": "กระทรวงมหาดไทย", "agc": "กรมส่งเสริมการปกครองท้องถิ่น", "plan_name": "ส่งเสริมการกระจายอำนาจให้แก่องค์กรปกครองส่วนท้องถิ่น", "stg_name": "ยุทธศาสตร์การบริหารกิจการบ้านเมืองที่ดี", "objc_level1_name": "งบลงทุน", "compare": [{"bb_amount": 6133000, "bb_province": "ชัยภูมิ"}], "gf_amount_sum": 0}
{"bb_code": "1500883002600IC0", "bb_year": "2559", "amount": 6133000, "min_code": "15000", "agc_code": "15008", "name": "ก่อสร้างอาคารเรียนอนุบาล โรงเรียนเทศบาลตำบลทุ่งสัง เทศบาลตำบลทุ่งสัง อำเภอทุ่งใหญ่ จังหวัดนครศรีธรรมราช", "min": "กระทรวงมหาดไทย", "agc": "กรมส่งเสริมการปกครองท้องถิ่น", "plan_name": "ส่งเสริมการกระจายอำนาจให้แก่องค์กรปกครองส่วนท้องถิ่น", "stg_name": "ยุทธศาสตร์การบริหารกิจการบ้านเมืองที่ดี", "objc_level1_name": "งบลงทุน", "compare": [{"bb_amount": 6133000, "bb_province": "นครศรีธรรมราช"}], "gf_amount_sum": 0}
{"bb_code": "1500883002600HY6", "bb_year": "2559", "amount": 6133000, "min_code": "15000", "agc_code": "15008", "name": "ก่อสร้างอาคารเรียนอนุบาล โรงเรียนบ้านขอนแดงองค์การบริหารส่วนจังหวัดเลย อำเภอเมืองเลย จังหวัดเลย", "min": "กระทรวงมหาดไทย", "agc": "กรมส่งเสริมการปกครองท้องถิ่น", "plan_name": "ส่งเสริมการกระจายอำนาจให้แก่องค์กรปกครองส่วนท้องถิ่น", "stg_name": "ยุทธศาสตร์การบริหารกิจการบ้านเมืองที่ดี", "objc_level1_name": "งบลงทุน", "compare": [{"bb_amount": 6133000, "bb_province": "เลย"}], "gf_amount_sum": 0}
{"bb_code": "1500883002600HY5", "bb_year": "2559", "amount": 6133000, "min_code": "15000", "agc_code": "15008", "name": "ก่อสร้างอาคารเรียนอนุบาลโรงเรียนเทศบาล 5 บ้านศรีบุญเรือง เทศบาลนครลำปาง อำเภอเมืองลำปาง จังหวัดลำปาง", "min": "กระทรวงมหาดไทย", "agc": "กรมส่งเสริมการปกครองท้องถิ่น", "plan_name": "ส่งเสริมการกระจายอำนาจให้แก่องค์กรปกครองส่วนท้องถิ่น", "stg_name": "ยุทธศาสตร์การบริหารกิจการบ้านเมืองที่ดี", "objc_level1_name": "งบลงทุน", "compare": [{"bb_amount": 6133000, "bb_province": "ลำปาง"}], "gf_amount_sum": 0}
{"bb_code": "1500883002600IB9", "bb_year": "2559", "amount": 6133000, "min_code": "15000", "agc_code": "15008", "name": "ก่อสร้างอาคารเรียนอนุบาล โรงเรียนรีสอร์ทอนุบาล เทศบาลเมืองทุ่งสง  อำเภอทุ่งสง  จังหวัดนครศรีธรรมราช", "min": "กระทรวงมหาดไทย", "agc": "กรมส่งเสริมการปกครองท้องถิ่น", "plan_name": "ส่งเสริมการกระจายอำนาจให้แก่องค์กรปกครองส่วนท้องถิ่น", "stg_name": "ยุทธศาสตร์การบริหารกิจการบ้านเมืองที่ดี", "objc_level1_name": "งบลงทุน", "compare": [{"bb_amount": 6133000, "bb_province": "นครศรีธรรมราช"}], "gf_amount_sum": 0}
{"bb_code": "1500883002600IB8", "bb_year": "2559", "amount": 6133000, "min_code": "15000", "agc_code": "15008", "name": "ก่อสร้างอาคารเรียนอนุบาล โรงเรียนเทศบาลวัดศรีทวี เทศบาลนครนครศรีธรรมราช อำเภอเมืองนครศรีธรรมราช จังหวัดนครศรีธรรมราช", "min": "กระทรวงมหาดไทย", "agc": "กรมส่งเสริมการปกครองท้องถิ่น", "plan_name": "ส่งเสริมการกระจายอำนาจให้แก่องค์กรปกครองส่วนท้องถิ่น", "stg_name": "ยุทธศาสตร์การบริหารกิจการบ้านเมืองที่ดี", "objc_level1_name": "งบลงทุน", "compare": [{"bb_amount": 6133000, "bb_province": "นครศรีธรรมราช"}], "gf_amount_sum": 0}
{"bb_code": "1500883002600HY2", "bb_year": "2559", "amount": 6133000, "min_code": "15000", "agc_code": "15008", "name": "ก่อสร้างอาคารเรียนอนุบาล โรงเรียนเทศบาลวัดหนองบัว เทศบาลเมืองท่าใหม่ อำเภอท่าใหม่ จังหวัดจันทบุรี", "min": "กระทรวงมหาดไทย", "agc": "กรมส่งเสริมการปกครองท้องถิ่น", "plan_name": "ส่งเสริมการกระจายอำนาจให้แก่องค์กรปกครองส่วนท้องถิ่น", "stg_name": "ยุทธศาสตร์การบริหารกิจการบ้านเมืองที่ดี", "objc_level1_name": "งบลงทุน", "compare": [{"bb_amount": 6133000, "bb_province": "จันทบุรี"}], "gf_amount_sum": 0}
{"bb_code": "1500883002600HY1", "bb_year": "2559", "amount": 6133000, "min_code": "15000", "agc_code": "15008", "name": "ก่อสร้างอาคารเรียนอนุบาล โรงเรียนอนุบาลจันทนิมิต เทศบาลเมืองจันทนิมิต อำเภอเมืองจันทบุรี จังหวัดจันทบุรี", "min": "กระทรวงมหาดไทย", "agc": "กรมส่งเสริมการปกครองท้องถิ่น", "plan_name": "ส่งเสริมการกระจายอำนาจให้แก่องค์กรปกครองส่วนท้องถิ่น", "stg_name": "ยุทธศาสตร์การบริหารกิจการบ้านเมืองที่ดี", "objc_level1_name": "งบลงทุน", "compare": [{"bb_amount": 6133000, "bb_province": "จันทบุรี"}], "gf_amount_sum": 0}
