{"bb_code": "1500822040600821", "bb_year": "2559", "amount": 6025800, "min_code": "15000", "agc_code": "15008", "name": "ก่อสร้างระบบประปาหมู่บ้าน แบบผิวดินขนาดใหญ่ หมู่ที่ ๔ บ้านพะเด๊ะ ตำบลพระธาตุผาแดง ตามแบบแปลนของกรมทรัพยากรน้ำ อบต.พระธาตุผาแดง อ.แม่สอด จ.ตาก", "min": "กระทรวงมหาดไทย", "agc": "กรมส่งเสริมการปกครองท้องถิ่น", "plan_name": "บริหารจัดการทรัพยากรน้ำ", "stg_name": "ยุทธศาสตร์เร่งรัดวางรากฐานการพัฒนาที่ยั่งยืนของประเทศ", "objc_level1_name": "งบลงทุน", "compare": [{"bb_amount": 6025800, "bb_province": "ตาก"}], "gf_amount_sum": 0}
{"bb_code": "1500883002600M37", "bb_year": "2559", "amount": 6021100, "min_code": "15000", "agc_code": "15008", "name": "ปรับปรุงซ่อมแซมถนนลาดยางแอสฟัลท์ติกคอนกรีต สายทางแหลมมะเกลือ - ไผ่กุ่ม จากหมู่ที่ ๑๑ ตำบลสามง่าม ถึง หมู่ที่ 5 ตำบลลำลูกบัว กว้าง ๖ เมตร ยาว ๒,๒๘๕ เมตร หนา ๐.๐๕ เมตร พื้นที่ไม่น้อยกว่า ๑๔,๓๑๐ ตารางเมต", "min": "กระทรวงมหาดไทย", "agc": "กรมส่งเสริมการปกครองท้องถิ่น", "plan_name": "ส่งเสริมการกระจายอำนาจให้แก่องค์กรปกครองส่วนท้องถิ่น", "stg_name": "ยุทธศาสตร์การบริหารกิจการบ้านเมืองที่ดี", "objc_level1_name": "งบลงทุน", "compare": [{"bb_amount": 6021100, "bb_province": "นครปฐม"}], "gf_amount_sum": 0}
{"bb_code": "1500883002600Z53", "bb_year": "2559", "amount": 6008500, "min_code": "15000", "agc_code": "15008", "name": "ปรับปรุงซ่อมแซมถนนลาดยางผิวทางพาราแอสฟัลท์ติกคอนกรีต สายทาง มค.ถ.๑-๐๐๓๕ บ้านยางน้อย  หมู่ที่ ๑  ตำบลยางน้อย - บ้านห้วยม่วง  หมู่ที่ ๑๓  ตำบลแห่ใต้  กว้าง  ๖ เมตร ยาว  ๑,๒๓๔  เมตร หนา  ๐.๐๕ เมตร  และงา", "min": "กระทรวงมหาดไทย", "agc": "กรมส่งเสริมการปกครองท้องถิ่น", "plan_name": "ส่งเสริมการกระจายอำนาจให้แก่องค์กรปกครองส่วนท้องถิ่น", "stg_name": "ยุทธศาสตร์การบริหารกิจการบ้านเมืองที่ดี", "objc_level1_name": "งบลงทุน", "compare": [{"bb_amount": 6008500, "bb_province": "มหาสารคาม"}], "gf_amount_sum": 0}
{"bb_code": "1500786006420029", "bb_year": "2559", "amount": 6000000, "min_code": "15000", "agc_code": "15007", "name": "ศึกษาวางแผนหลักศึกษาความเหมาะสมและออกแบบระบบป้องกันน้ำท่วมพื้นที่ชุมชน จังหวัดระยอง", "min": "กระทรวงมหาดไทย", "agc": "กรมโยธาธิการและผังเมือง", "plan_name": "ฟื้นฟู ป้องกัน และจัดการภัยพิบัติ ", "stg_name": "ยุทธศาสตร์การจัดการทรัพยากรธรรมชาติและสิ่งแวดล้อม", "objc_level1_name": "งบลงทุน", "compare": [{"bb_amount": 6000000, "bb_province": "ระยอง"}, {"gf_amount": 4491000, "gf_province": "ส่วนกลาง", "bb_amount": null, "bb_province": "กรุงเทพมหานคร"}], "gf_amount_sum": 4491000}
{"bb_code": "1500786020420005", "bb_year": "2559", "amount": 6000000, "min_code": "15000", "agc_code": "15007", "name": "เขื่อนป้องกันตลิ่งริมแม่น้ำโขง บ้านบุฮม (ต่อเนื่องเขื่อนเดิม) อ.เชียงคาน จ.เลย ความยาว 810 เมตร", "min": "กระทรวงมหาดไทย", "agc": "กรมโยธาธิการและผังเมือง", "plan_name": "ฟื้นฟู ป้องกัน และจัดการภัยพิบัติ ", "stg_name": "ยุทธศาสตร์การจัดการทรัพยากรธรรมชาติและสิ่งแวดล้อม", "objc_level1_name": "งบลงทุน", "compare": [{"bb_amount": 6000000, "bb_province": "เลย"}, {"gf_amount": 6000000, "gf_province": "ส่วนกลาง", "bb_amount": null, "bb_province": "กรุงเทพมหานคร"}], "gf_amount_sum": 6000000}
{"bb_code": "1500786007420145", "bb_year": "2559", "amount": 6000000, "min_code": "15000", "agc_code": "15007", "name": "เขื่อนป้องกันตลิ่งริมแม่น้ำชี ศาลปู่บ้านชาด บ้านชาด ม.6 ต.ส้มป่อย อ.จัตุรัส จ.ชัยภูมิ ความยาว 120 เมตร", "min": "กระทรวงมหาดไทย", "agc": "กรมโยธาธิการและผังเมือง", "plan_name": "ฟื้นฟู ป้องกัน และจัดการภัยพิบัติ ", "stg_name": "ยุทธศาสตร์การจัดการทรัพยากรธรรมชาติและสิ่งแวดล้อม", "objc_level1_name": "งบลงทุน", "compare": [{"bb_amount": 6000000, "bb_province": "ชัยภูมิ", "gf_amount": 7960000, "gf_province": "ชัยภูมิ"}], "gf_amount_sum": 7960000}
{"bb_code": "1500883002600JB9", "bb_year": "2559", "amount": 6000000, "min_code": "15000", "agc_code": "15008", "name": "ก่อสร้างอาคารพักรวมเจ้าหน้าที่ 2 ชั้น (10 ครอบครัว) สถานสงเคราะห์คนชราบ้านจันทบุรี องค์การบริหารจังหวัดจันทบุรี อำเภอเมืองจันทบุรี จังหวัดจันทบุรี", "min": "กระทรวงมหาดไทย", "agc": "กรมส่งเสริมการปกครองท้องถิ่น", "plan_name": "ส่งเสริมการกระจายอำนาจให้แก่องค์กรปกครองส่วนท้องถิ่น", "stg_name": "ยุทธศาสตร์การบริหารกิจการบ้านเมืองที่ดี", "objc_level1_name": "งบลงทุน", "compare": [{"bb_amount": 6000000, "bb_province": "จันทบุรี"}], "gf_amount_sum": 0}
{"bb_code": "1500883002600JC8", "bb_year": "2559", "amount": 6000000, "min_code": "15000", "agc_code": "15008", "name": "ก่อสร้างศูนย์พัฒนาคุณภาพชีวิตผู้สูงอายุภายในกองส่งเสริมคุณภาพชีวิต ศูนย์บริการทางสังคมผู้สูงอายุศรีสุคต องค์การบริหารจังหวัดพิษณุโลก อำเภอเมืองพิษณุโลก จังหวัดพิษณุโลก", "min": "กระทรวงมหาดไทย", "agc": "กรมส่งเสริมการปกครองท้องถิ่น", "plan_name": "ส่งเสริมการกระจายอำนาจให้แก่องค์กรปกครองส่วนท้องถิ่น", "stg_name": "ยุทธศาสตร์การบริหารกิจการบ้านเมืองที่ดี", "objc_level1_name": "งบลงทุน", "compare": [{"bb_amount": 6000000, "bb_province": "พิษณุโลก"}], "gf_amount_sum": 0}
{"bb_code": "1500720002700005", "bb_year": "2559", "amount": 6000000, "min_code": "15000", "agc_code": "15007", "name": "จ้างที่ปรึกษาจัดทำฐานข้อมูลอาคาร 9 ประเภท เพื่อการควบคุมอาคาร จำนวน 20 เมือง", "min": "กระทรวงมหาดไทย", "agc": "กรมโยธาธิการและผังเมือง", "plan_name": "รักษาความมั่นคงของฐานทรัพยากรธรรมชาติและแก้ปัญหาที่ดินทำกิน", "stg_name": "ยุทธศาสตร์การจัดการทรัพยากรธรรมชาติและสิ่งแวดล้อม", "objc_level1_name": "งบลงทุน", "compare": [{"bb_amount": 6000000, "bb_province": "กรุงเทพมหานคร"}], "gf_amount_sum": 0}
{"bb_code": "1500720002410015", "bb_year": "2559", "amount": 6000000, "min_code": "15000", "agc_code": "15007", "name": "จ้างที่ปรึกษา ศึกษาและจัดทำระบบฐานข้อมูลงานออกแบบและบำรุงรักษาอาคารและสิ่งปลูกสร้างของหน่วยงานภาครัฐ", "min": "กระทรวงมหาดไทย", "agc": "กรมโยธาธิการและผังเมือง", "plan_name": "รักษาความมั่นคงของฐานทรัพยากรธรรมชาติและแก้ปัญหาที่ดินทำกิน", "stg_name": "ยุทธศาสตร์การจัดการทรัพยากรธรรมชาติและสิ่งแวดล้อม", "objc_level1_name": "งบลงทุน", "compare": [{"bb_amount": 6000000, "bb_province": "กรุงเทพมหานคร", "gf_amount": 2324000, "gf_province": "ส่วนกลาง"}], "gf_amount_sum": 2324000}
{"bb_code": "1500883002600JN3", "bb_year": "2559", "amount": 5996000, "min_code": "15000", "agc_code": "15008", "name": "ค่าใช้จ่ายในการจัดระเบียบร้านค้าในที่สาธารณะ (หลังบ้านพักนาย อำเภอยางตลาด) เทศบาลตำบลยางตลาด อำเภอยางตลาด จังหวัดกาฬสินธุ์", "min": "กระทรวงมหาดไทย", "agc": "กรมส่งเสริมการปกครองท้องถิ่น", "plan_name": "ส่งเสริมการกระจายอำนาจให้แก่องค์กรปกครองส่วนท้องถิ่น", "stg_name": "ยุทธศาสตร์การบริหารกิจการบ้านเมืองที่ดี", "objc_level1_name": "งบลงทุน", "compare": [{"bb_amount": 5996000, "bb_province": "กาฬสินธุ์"}], "gf_amount_sum": 0}
{"bb_code": "1500794040120006", "bb_year": "2559", "amount": 5992200, "min_code": "15000", "agc_code": "15007", "name": "ระบบพัฒนาและปรับปรุงระบบเครือข่ายเพื่อรองรับเทคโนโลยี IPv6 กรมโยธาธิการและผังเมือง กรุงเทพมหานคร", "min": "กระทรวงมหาดไทย", "agc": "กรมโยธาธิการและผังเมือง", "plan_name": "พัฒนาเศรษฐกิจดิจิทัล", "stg_name": "ยุทธศาสตร์เร่งรัดวางรากฐานการพัฒนาที่ยั่งยืนของประเทศ", "objc_level1_name": "งบลงทุน", "compare": [{"bb_amount": 5992200, "bb_province": "กรุงเทพมหานคร", "gf_amount": 5819944, "gf_province": "ส่วนกลาง"}], "gf_amount_sum": 5819944}
{"bb_code": "1500822040600822", "bb_year": "2559", "amount": 5986500, "min_code": "15000", "agc_code": "15008", "name": "ก่อสร้างระบบประปาหมู่บ้าน แบบผิวดินขนาดกลาง หมู่ที่ ๖ บ้านขุนห้วยแม่สอด ตำบลพระธาตุผาแดง ตามแบบแปลนของกรมทรัพยากรน้ำ อบต.พระธุาตผาแดง อ.แม่สอด จ.ตาก", "min": "กระทรวงมหาดไทย", "agc": "กรมส่งเสริมการปกครองท้องถิ่น", "plan_name": "บริหารจัดการทรัพยากรน้ำ", "stg_name": "ยุทธศาสตร์เร่งรัดวางรากฐานการพัฒนาที่ยั่งยืนของประเทศ", "objc_level1_name": "งบลงทุน", "compare": [{"bb_amount": 5986500, "bb_province": "ตาก"}], "gf_amount_sum": 0}
{"bb_code": "1500822040600N47", "bb_year": "2559", "amount": 5979600, "min_code": "15000", "agc_code": "15008", "name": "ก่อสร้างประปาหมู่บ้านแบบประปาผิวดินขนาดใหญ่มาก บ้านคลองเจริญ หมู่ที่ ๑ ตำบลหนองหว้า ตามแบบมาตรฐานของกรมทรัพยากรน้ำ อบต.หนองหว้า อ.เขาฉกรรจ์ จ.สระแก้ว", "min": "กระทรวงมหาดไทย", "agc": "กรมส่งเสริมการปกครองท้องถิ่น", "plan_name": "บริหารจัดการทรัพยากรน้ำ", "stg_name": "ยุทธศาสตร์เร่งรัดวางรากฐานการพัฒนาที่ยั่งยืนของประเทศ", "objc_level1_name": "งบลงทุน", "compare": [{"bb_amount": 5979600, "bb_province": "สระแก้ว"}], "gf_amount_sum": 0}
{"bb_code": "1500883002600JN2", "bb_year": "2559", "amount": 5976000, "min_code": "15000", "agc_code": "15008", "name": "ค่าใช้จ่ายในการจัดระเบียบร้านค้าในที่สาธารณะ (หลังอาคารตลาดสดเทศบาลตำบลยางตลาด) เทศบาลตำบลยางตลาด อำเภอยางตลาด จังหวัดกาฬสินธุ์", "min": "กระทรวงมหาดไทย", "agc": "กรมส่งเสริมการปกครองท้องถิ่น", "plan_name": "ส่งเสริมการกระจายอำนาจให้แก่องค์กรปกครองส่วนท้องถิ่น", "stg_name": "ยุทธศาสตร์การบริหารกิจการบ้านเมืองที่ดี", "objc_level1_name": "งบลงทุน", "compare": [{"bb_amount": 5976000, "bb_province": "กาฬสินธุ์"}], "gf_amount_sum": 0}
{"bb_code": "1500883002600EV5", "bb_year": "2559", "amount": 5975700, "min_code": "15000", "agc_code": "15008", "name": "ปรับปรุงถนนลาดยางแอสฟัลท์ติกคอนกรีต ( สาย อบจ.นม.๒๐๓๐๒ ) บ้านสีคิ้ว - บ้านหนองไม้ตาย ขนาดกว้าง ๘ เมตร ยาว ๒,๒๐๒ เมตร หนา ๐.๐๔ เมตร  อบจ.นครราชสีมา อ.สีคิ้ว จ.นครราชสีมา", "min": "กระทรวงมหาดไทย", "agc": "กรมส่งเสริมการปกครองท้องถิ่น", "plan_name": "ส่งเสริมการกระจายอำนาจให้แก่องค์กรปกครองส่วนท้องถิ่น", "stg_name": "ยุทธศาสตร์การบริหารกิจการบ้านเมืองที่ดี", "objc_level1_name": "งบลงทุน", "compare": [{"bb_amount": 5975700, "bb_province": "นครราชสีมา"}], "gf_amount_sum": 0}
{"bb_code": "1500883002600GX9", "bb_year": "2559", "amount": 5960200, "min_code": "15000", "agc_code": "15008", "name": "เสริมผิวทางแอสฟัลท์ติกคอนกรีตสายทางบ้านหาดสำราญ - บ้านตะเสะ ตำบลตะเสะ กว้าง ๖ เมตร ยาว ๑,๙๘๐ เมตร หนา ๐.๐๔ เมตร ไหล่ทางข้างละ ๑.๕๐ เมตร  อบจ.ตรัง อ.หาดสำราญ จ.ตรัง", "min": "กระทรวงมหาดไทย", "agc": "กรมส่งเสริมการปกครองท้องถิ่น", "plan_name": "ส่งเสริมการกระจายอำนาจให้แก่องค์กรปกครองส่วนท้องถิ่น", "stg_name": "ยุทธศาสตร์การบริหารกิจการบ้านเมืองที่ดี", "objc_level1_name": "งบลงทุน", "compare": [{"bb_amount": 5960200, "bb_province": "ตรัง"}], "gf_amount_sum": 0}
{"bb_code": "1500883002600AQ8", "bb_year": "2559", "amount": 5960200, "min_code": "15000", "agc_code": "15008", "name": "ซ่อมสร้างปูผิวถนนลาดยางแอสฟัลท์ติกคอนกรีต  สายทางแยกทางหลวงหมายเลข ๒๑๔ - บ้านปราสาท (บ้านบัวตูม หมู่ที่ ๒๒ - บ้านปราสาท หมู่ที่ ๕) ตำบลท่าตูม กว้าง ๖ เมตร ยาว ๒,๑๖๕ เมตร หนา ๐.๐๕ เมตร  อบต.ท่าตูม อ.ท่", "min": "กระทรวงมหาดไทย", "agc": "กรมส่งเสริมการปกครองท้องถิ่น", "plan_name": "ส่งเสริมการกระจายอำนาจให้แก่องค์กรปกครองส่วนท้องถิ่น", "stg_name": "ยุทธศาสตร์การบริหารกิจการบ้านเมืองที่ดี", "objc_level1_name": "งบลงทุน", "compare": [{"bb_amount": 5960200, "bb_province": "สุรินทร์"}], "gf_amount_sum": 0}
{"bb_code": "1500785013410115", "bb_year": "2559", "amount": 5957600, "min_code": "15000", "agc_code": "15007", "name": "โครงการปรับปรุงถนนในชุมชน สายภายในหมู่บ้าน หมู่ที่ 2 ตำบลบ้านกลาง อำเภอปะนาเระ จังหวัดปัตตานี กว้าง 4 ม. ระยะทาง 2.000 กม. หมู่บ้านพื้นที่ระดับ 3", "min": "กระทรวงมหาดไทย", "agc": "กรมโยธาธิการและผังเมือง", "plan_name": "แก้ไขปัญหาและพัฒนาจังหวัดชายแดนภาคใต้", "stg_name": "ยุทธศาสตร์เร่งรัดวางรากฐานการพัฒนาที่ยั่งยืนของประเทศ", "objc_level1_name": "งบลงทุน", "compare": [{"bb_amount": 5957600, "bb_province": "ปัตตานี", "gf_amount": 5957600, "gf_province": "ปัตตานี"}], "gf_amount_sum": 5957600}
{"bb_code": "1500883002600DO6", "bb_year": "2559", "amount": 5952500, "min_code": "15000", "agc_code": "15008", "name": "ซ่อมสร้างถนนลาดยางแอสฟัลท์ติกคอนกรีตสายหน้าที่ว่าการอำเภอพานทอง-วัดเกาะลอย ตำบลพานทอง กว้าง ๖ เมตร ยาว ๒,๙๕๐ เมตร หนา ๐.๐๕ เมตร พื้นที่ไม่น้อยกว่า ๑๗,๗๐๐ ตารางเมตร  อบจ.ชลบุรี อ.พานทอง จ.ชลบุรี", "min": "กระทรวงมหาดไทย", "agc": "กรมส่งเสริมการปกครองท้องถิ่น", "plan_name": "ส่งเสริมการกระจายอำนาจให้แก่องค์กรปกครองส่วนท้องถิ่น", "stg_name": "ยุทธศาสตร์การบริหารกิจการบ้านเมืองที่ดี", "objc_level1_name": "งบลงทุน", "compare": [{"bb_amount": 5952500, "bb_province": "ชลบุรี"}], "gf_amount_sum": 0}
