{"bb_code": "1500686001410063", "bb_year": "2559", "amount": 5898000, "min_code": "15000", "agc_code": "15006", "name": "โครงการก่อสร้างโรงจอดเครื่องจักรกลขนาดใหญ่ศูนย์ ปภ. เขต 16 ชัยนาท ต.เขาท่าพระ อ.เมืองชัยนาท จ.ชัยนาท", "min": "กระทรวงมหาดไทย", "agc": "กรมป้องกันและบรรเทาสาธารณภัย", "plan_name": "ฟื้นฟู ป้องกัน และจัดการภัยพิบัติ ", "stg_name": "ยุทธศาสตร์การจัดการทรัพยากรธรรมชาติและสิ่งแวดล้อม", "objc_level1_name": "งบลงทุน", "compare": [{"bb_amount": 5898000, "bb_province": "ชัยนาท"}, {"gf_amount": 5140000, "gf_province": "ส่วนกลาง", "bb_amount": null, "bb_province": "กรุงเทพมหานคร"}], "gf_amount_sum": 5140000}
{"bb_code": "1500686001410062", "bb_year": "2559", "amount": 5898000, "min_code": "15000", "agc_code": "15006", "name": "โครงการก่อสร้างโรงจอดเครื่องจักรกลขนาดใหญ่ศูนย์ ปภ. เขต 15 เชียงราย ต.บ้านดู่ อ.เมืองเชียงราย จ.เชียงราย", "min": "กระทรวงมหาดไทย", "agc": "กรมป้องกันและบรรเทาสาธารณภัย", "plan_name": "ฟื้นฟู ป้องกัน และจัดการภัยพิบัติ ", "stg_name": "ยุทธศาสตร์การจัดการทรัพยากรธรรมชาติและสิ่งแวดล้อม", "objc_level1_name": "งบลงทุน", "compare": [{"bb_amount": 5898000, "bb_province": "เชียงราย"}, {"gf_amount": 5380000, "gf_province": "ส่วนกลาง", "bb_amount": null, "bb_province": "กรุงเทพมหานคร"}], "gf_amount_sum": 5380000}
{"bb_code": "1500686001410061", "bb_year": "2559", "amount": 5898000, "min_code": "15000", "agc_code": "15006", "name": "โครงการก่อสร้างโรงจอดเครื่องจักรกลขนาดใหญ่ศูนย์ ปภ. เขต 13 อุบลราชธานี ต.ขามใหญ่ อ.เมืองอุบลราชธานี จ.อุบลราชธานี", "min": "กระทรวงมหาดไทย", "agc": "กรมป้องกันและบรรเทาสาธารณภัย", "plan_name": "ฟื้นฟู ป้องกัน และจัดการภัยพิบัติ ", "stg_name": "ยุทธศาสตร์การจัดการทรัพยากรธรรมชาติและสิ่งแวดล้อม", "objc_level1_name": "งบลงทุน", "compare": [{"bb_amount": 5898000, "bb_province": "อุบลราชธานี"}, {"gf_amount": 5240000, "gf_province": "ส่วนกลาง", "bb_amount": null, "bb_province": "กรุงเทพมหานคร"}], "gf_amount_sum": 5240000}
{"bb_code": "1500686001410060", "bb_year": "2559", "amount": 5898000, "min_code": "15000", "agc_code": "15006", "name": "โครงการก่อสร้างโรงจอดเครื่องจักรกลขนาดใหญ่ศูนย์ ปภ. เขต 12 สงขลา ต.ควนลัง อ.หาดใหญ่ จ.สงขลา", "min": "กระทรวงมหาดไทย", "agc": "กรมป้องกันและบรรเทาสาธารณภัย", "plan_name": "ฟื้นฟู ป้องกัน และจัดการภัยพิบัติ ", "stg_name": "ยุทธศาสตร์การจัดการทรัพยากรธรรมชาติและสิ่งแวดล้อม", "objc_level1_name": "งบลงทุน", "compare": [{"bb_amount": 5898000, "bb_province": "สงขลา"}, {"gf_amount": 5323251.4, "gf_province": "ส่วนกลาง", "bb_amount": null, "bb_province": "กรุงเทพมหานคร"}], "gf_amount_sum": 5323251.4}
{"bb_code": "1500686001410059", "bb_year": "2559", "amount": 5898000, "min_code": "15000", "agc_code": "15006", "name": "โครงการก่อสร้างโรงจอดเครื่องจักรกลขนาดใหญ่ศูนย์ ปภ. เขต 11 สุราษฎร์ธานี ต.หนองไทร อ.พุนพิน จ.สุราษฎร์ธานี", "min": "กระทรวงมหาดไทย", "agc": "กรมป้องกันและบรรเทาสาธารณภัย", "plan_name": "ฟื้นฟู ป้องกัน และจัดการภัยพิบัติ ", "stg_name": "ยุทธศาสตร์การจัดการทรัพยากรธรรมชาติและสิ่งแวดล้อม", "objc_level1_name": "งบลงทุน", "compare": [{"bb_amount": 5898000, "bb_province": "สุราษฎร์ธานี"}, {"gf_amount": 5292606.8, "gf_province": "ส่วนกลาง", "bb_amount": null, "bb_province": "กรุงเทพมหานคร"}], "gf_amount_sum": 5292606.8}
{"bb_code": "1500686001410058", "bb_year": "2559", "amount": 5898000, "min_code": "15000", "agc_code": "15006", "name": "โครงการก่อสร้างโรงจอดเครื่องจักรกลขนาดใหญ่ศูนย์ ปภ. เขต 10 ลำปาง ต.บ่อแฮ้ว อ.เมืองลำปาง จ.ลำปาง", "min": "กระทรวงมหาดไทย", "agc": "กรมป้องกันและบรรเทาสาธารณภัย", "plan_name": "ฟื้นฟู ป้องกัน และจัดการภัยพิบัติ ", "stg_name": "ยุทธศาสตร์การจัดการทรัพยากรธรรมชาติและสิ่งแวดล้อม", "objc_level1_name": "งบลงทุน", "compare": [{"bb_amount": 5898000, "bb_province": "ลำปาง"}, {"gf_amount": 2631500, "gf_province": "ส่วนกลาง", "bb_amount": null, "bb_province": "กรุงเทพมหานคร"}], "gf_amount_sum": 2631500}
{"bb_code": "1500686001410057", "bb_year": "2559", "amount": 5898000, "min_code": "15000", "agc_code": "15006", "name": "โครงการก่อสร้างโรงจอดเครื่องจักรกลขนาดใหญ่ศูนย์ ปภ. เขต 8 กำแพงเพชร ต.หนองปลิง อ.เมืองกำแพงเพชร จ.กำแพงเพชร", "min": "กระทรวงมหาดไทย", "agc": "กรมป้องกันและบรรเทาสาธารณภัย", "plan_name": "ฟื้นฟู ป้องกัน และจัดการภัยพิบัติ ", "stg_name": "ยุทธศาสตร์การจัดการทรัพยากรธรรมชาติและสิ่งแวดล้อม", "objc_level1_name": "งบลงทุน", "compare": [{"bb_amount": 5898000, "bb_province": "กำแพงเพชร"}, {"gf_amount": 5320000, "gf_province": "ส่วนกลาง", "bb_amount": null, "bb_province": "กรุงเทพมหานคร"}], "gf_amount_sum": 5320000}
{"bb_code": "1500686001410056", "bb_year": "2559", "amount": 5898000, "min_code": "15000", "agc_code": "15006", "name": "โครงการก่อสร้างโรงจอดเครื่องจักรกลขนาดใหญ่ศูนย์ ปภ. เขต 7 สกลนคร ต.ธาตุเชิงชุม อ.เมืองสกลนคร จ.สกลนคร", "min": "กระทรวงมหาดไทย", "agc": "กรมป้องกันและบรรเทาสาธารณภัย", "plan_name": "ฟื้นฟู ป้องกัน และจัดการภัยพิบัติ ", "stg_name": "ยุทธศาสตร์การจัดการทรัพยากรธรรมชาติและสิ่งแวดล้อม", "objc_level1_name": "งบลงทุน", "compare": [{"bb_amount": 5898000, "bb_province": "สกลนคร"}, {"gf_amount": 5200000, "gf_province": "ส่วนกลาง", "bb_amount": null, "bb_province": "กรุงเทพมหานคร"}], "gf_amount_sum": 5200000}
{"bb_code": "1500686001410055", "bb_year": "2559", "amount": 5898000, "min_code": "15000", "agc_code": "15006", "name": "โครงการก่อสร้างโรงจอดเครื่องจักรกลขนาดใหญ่ศูนย์ ปภ. เขต 6 ขอนแก่น ต.ศิลา อ.เมืองขอนแก่น จ.ขอนแก่น", "min": "กระทรวงมหาดไทย", "agc": "กรมป้องกันและบรรเทาสาธารณภัย", "plan_name": "ฟื้นฟู ป้องกัน และจัดการภัยพิบัติ ", "stg_name": "ยุทธศาสตร์การจัดการทรัพยากรธรรมชาติและสิ่งแวดล้อม", "objc_level1_name": "งบลงทุน", "compare": [{"bb_amount": 5898000, "bb_province": "ขอนแก่น"}, {"gf_amount": 2583000, "gf_province": "ส่วนกลาง", "bb_amount": null, "bb_province": "กรุงเทพมหานคร"}], "gf_amount_sum": 2583000}
{"bb_code": "1500686001410054", "bb_year": "2559", "amount": 5898000, "min_code": "15000", "agc_code": "15006", "name": "โครงการก่อสร้างโรงจอดเครื่องจักรกลขนาดใหญ่ศูนย์ ปภ. เขต 5 นครราชสีมา ต.ในเมือง อ.เมืองนครราชสีมา จ.นครราชสีมา", "min": "กระทรวงมหาดไทย", "agc": "กรมป้องกันและบรรเทาสาธารณภัย", "plan_name": "ฟื้นฟู ป้องกัน และจัดการภัยพิบัติ ", "stg_name": "ยุทธศาสตร์การจัดการทรัพยากรธรรมชาติและสิ่งแวดล้อม", "objc_level1_name": "งบลงทุน", "compare": [{"bb_amount": 5898000, "bb_province": "นครราชสีมา"}, {"gf_amount": 5250000, "gf_province": "ส่วนกลาง", "bb_amount": null, "bb_province": "กรุงเทพมหานคร"}], "gf_amount_sum": 5250000}
{"bb_code": "1500686001410053", "bb_year": "2559", "amount": 5898000, "min_code": "15000", "agc_code": "15006", "name": "โครงการก่อสร้างโรงจอดเครื่องจักรกลขนาดใหญ่ศูนย์ ปภ. เขต 4 ประจวบคีรีขันธ์ ต.สามร้อยยอด อ.สามร้อยยอด จ.ประจวบคีรีขันธ์", "min": "กระทรวงมหาดไทย", "agc": "กรมป้องกันและบรรเทาสาธารณภัย", "plan_name": "ฟื้นฟู ป้องกัน และจัดการภัยพิบัติ ", "stg_name": "ยุทธศาสตร์การจัดการทรัพยากรธรรมชาติและสิ่งแวดล้อม", "objc_level1_name": "งบลงทุน", "compare": [{"bb_amount": 5898000, "bb_province": "ประจวบคีรีขันธ์"}, {"gf_amount": 4990000, "gf_province": "ส่วนกลาง", "bb_amount": null, "bb_province": "กรุงเทพมหานคร"}], "gf_amount_sum": 4990000}
{"bb_code": "1500686001410052", "bb_year": "2559", "amount": 5898000, "min_code": "15000", "agc_code": "15006", "name": "โครงการก่อสร้างโรงจอดเครื่องจักรกลขนาดใหญ่ศูนย์ ปภ. เขต 3 ปราจีนบุรี ต.คำโตนด อ.ประจันตคาม จ.ปราจีนบุรี", "min": "กระทรวงมหาดไทย", "agc": "กรมป้องกันและบรรเทาสาธารณภัย", "plan_name": "ฟื้นฟู ป้องกัน และจัดการภัยพิบัติ ", "stg_name": "ยุทธศาสตร์การจัดการทรัพยากรธรรมชาติและสิ่งแวดล้อม", "objc_level1_name": "งบลงทุน", "compare": [{"bb_amount": 5898000, "bb_province": "ปราจีนบุรี"}, {"gf_amount": 5047000, "gf_province": "ส่วนกลาง", "bb_amount": null, "bb_province": "กรุงเทพมหานคร"}], "gf_amount_sum": 5047000}
{"bb_code": "1500686001410051", "bb_year": "2559", "amount": 5898000, "min_code": "15000", "agc_code": "15006", "name": "โครงการก่อสร้างโรงจอดเครื่องจักรกลขนาดใหญ่ศูนย์ ปภ. เขต 2 สุพรรณบุรี ต.รั้วใหญ่ อ.เมืองสุพรรณบุรี จ.สุพรรณบุรี", "min": "กระทรวงมหาดไทย", "agc": "กรมป้องกันและบรรเทาสาธารณภัย", "plan_name": "ฟื้นฟู ป้องกัน และจัดการภัยพิบัติ ", "stg_name": "ยุทธศาสตร์การจัดการทรัพยากรธรรมชาติและสิ่งแวดล้อม", "objc_level1_name": "งบลงทุน", "compare": [{"bb_amount": 5898000, "bb_province": "สุพรรณบุรี"}, {"gf_amount": 5185473.6, "gf_province": "ส่วนกลาง", "bb_amount": null, "bb_province": "กรุงเทพมหานคร"}], "gf_amount_sum": 5185473.6}
{"bb_code": "1500720002420105", "bb_year": "2559", "amount": 5898000, "min_code": "15000", "agc_code": "15007", "name": "โครงการพัฒนาพื้นที่โกสัมพีนคร จังหวัดกำแพงเพชร", "min": "กระทรวงมหาดไทย", "agc": "กรมโยธาธิการและผังเมือง", "plan_name": "รักษาความมั่นคงของฐานทรัพยากรธรรมชาติและแก้ปัญหาที่ดินทำกิน", "stg_name": "ยุทธศาสตร์การจัดการทรัพยากรธรรมชาติและสิ่งแวดล้อม", "objc_level1_name": "งบลงทุน", "compare": [{"bb_amount": 5898000, "bb_province": "กำแพงเพชร"}, {"gf_amount": 4395000, "gf_province": "ส่วนกลาง", "bb_amount": null, "bb_province": "กรุงเทพมหานคร"}], "gf_amount_sum": 4395000}
{"bb_code": "1500822040600BE1", "bb_year": "2559", "amount": 5898000, "min_code": "15000", "agc_code": "15008", "name": "ก่อสร้างระบบประปาหมู่บ้าน แบบบาดาลขนาดใหญ่ หมู่ที่ ๘ บ้านหนับเภา ตำบลท่าขึ้น รายละเอียดตามปริมาณงานและแบบแปลนที่องค์การบริหารส่วนตำบลท่าขึ้นกำหนด อบต.ท่าขึ้น อ.ท่าศาลา จ.นครศรีธรรมราช", "min": "กระทรวงมหาดไทย", "agc": "กรมส่งเสริมการปกครองท้องถิ่น", "plan_name": "บริหารจัดการทรัพยากรน้ำ", "stg_name": "ยุทธศาสตร์เร่งรัดวางรากฐานการพัฒนาที่ยั่งยืนของประเทศ", "objc_level1_name": "งบลงทุน", "compare": [{"bb_amount": 5898000, "bb_province": "นครศรีธรรมราช"}], "gf_amount_sum": 0}
{"bb_code": "1500720002420102", "bb_year": "2559", "amount": 5898000, "min_code": "15000", "agc_code": "15007", "name": "โครงการก่อสร้างสวนสาธารณะและศูนย์เรียนรู้ธรรมชาติบำบัดแบบบึงประดิษฐ์ (Construct Wetland) เทศบาลตำบลเขื่องใน อำเภอเขื่องใน จังหวัดอุบลราชธานี ระยะที่ 2", "min": "กระทรวงมหาดไทย", "agc": "กรมโยธาธิการและผังเมือง", "plan_name": "รักษาความมั่นคงของฐานทรัพยากรธรรมชาติและแก้ปัญหาที่ดินทำกิน", "stg_name": "ยุทธศาสตร์การจัดการทรัพยากรธรรมชาติและสิ่งแวดล้อม", "objc_level1_name": "งบลงทุน", "compare": [{"bb_amount": 5898000, "bb_province": "อุบลราชธานี"}, {"gf_amount": 4399800, "gf_province": "ส่วนกลาง", "bb_amount": null, "bb_province": "กรุงเทพมหานคร"}], "gf_amount_sum": 4399800}
{"bb_code": "1500785013410122", "bb_year": "2559", "amount": 5894500, "min_code": "15000", "agc_code": "15007", "name": "โครงการปรับปรุงถนนในชุมชนสายบ้านสโลว์ ม.7 ต.รือเสาะ อ.รือเสาะ จ.นราธิวาส กว้าง 5.00 ม.ความยาว 1.250 กม.", "min": "กระทรวงมหาดไทย", "agc": "กรมโยธาธิการและผังเมือง", "plan_name": "แก้ไขปัญหาและพัฒนาจังหวัดชายแดนภาคใต้", "stg_name": "ยุทธศาสตร์เร่งรัดวางรากฐานการพัฒนาที่ยั่งยืนของประเทศ", "objc_level1_name": "งบลงทุน", "compare": [{"bb_amount": 5894500, "bb_province": "นราธิวาส", "gf_amount": 5894000, "gf_province": "นราธิวาส"}], "gf_amount_sum": 5894000}
{"bb_code": "1500883002600DF4", "bb_year": "2559", "amount": 5892600, "min_code": "15000", "agc_code": "15008", "name": "ซ่อมสร้างถนนแอสฟัลท์ติกคอนกรีตถนนสาย พท ๕๐๔๗ แยก ทช.พท. ๔๐๐๓ หาดพัทธทอง หมู่ที่ ๔ บ้านอาพัด กว้าง ๘ เมตร ยาว ๑,๘๐๐ เมตร หนา ๐.๐๕ เมตร ทต.จองถนน อ.เขาชัยสน จ.พัทลุง", "min": "กระทรวงมหาดไทย", "agc": "กรมส่งเสริมการปกครองท้องถิ่น", "plan_name": "ส่งเสริมการกระจายอำนาจให้แก่องค์กรปกครองส่วนท้องถิ่น", "stg_name": "ยุทธศาสตร์การบริหารกิจการบ้านเมืองที่ดี", "objc_level1_name": "งบลงทุน", "compare": [{"bb_amount": 5892600, "bb_province": "พัทลุง"}], "gf_amount_sum": 0}
{"bb_code": "1500883002600DC8", "bb_year": "2559", "amount": 5892600, "min_code": "15000", "agc_code": "15008", "name": "งานเสริมผิวทางแอสฟัลท์ติกคอนกรีต สายทาง ลป.ถ. ๓๒๒๓ ถนนศรีชุมแม่ทะ - บ้านจว้าก หมู่ที่ ๕ ตำบลแม่ทะ จำนวน ๒ ช่วง มีพื้นที่ไม่น้อยกว่า ๑๘,๐๓๐ ตารางเมตร  ทต.แม่ทะ อ.แม่ทะ จ.ลำปาง", "min": "กระทรวงมหาดไทย", "agc": "กรมส่งเสริมการปกครองท้องถิ่น", "plan_name": "ส่งเสริมการกระจายอำนาจให้แก่องค์กรปกครองส่วนท้องถิ่น", "stg_name": "ยุทธศาสตร์การบริหารกิจการบ้านเมืองที่ดี", "objc_level1_name": "งบลงทุน", "compare": [{"bb_amount": 5892600, "bb_province": "ลำปาง"}], "gf_amount_sum": 0}
{"bb_code": "1500822040600V93", "bb_year": "2559", "amount": 5891100, "min_code": "15000", "agc_code": "15008", "name": "ก่อสร้างประปาหมู่บ้านแบบผิวดินขนาดใหญ่มาก บริเวณสระน้ำหมู่ที่ ๙ ตำบลห้วยลึก อำเภอควนเนียง ตามแบบมาตรฐานกรมทรัพยากรน้ำ อบต.ห้วยลึก อ.ควนเนียง จ.สงขลา", "min": "กระทรวงมหาดไทย", "agc": "กรมส่งเสริมการปกครองท้องถิ่น", "plan_name": "บริหารจัดการทรัพยากรน้ำ", "stg_name": "ยุทธศาสตร์เร่งรัดวางรากฐานการพัฒนาที่ยั่งยืนของประเทศ", "objc_level1_name": "งบลงทุน", "compare": [{"bb_amount": 5891100, "bb_province": "สงขลา"}], "gf_amount_sum": 0}
