{"bb_code": "1500883002600FA3", "bb_year": "2559", "amount": 5390300, "min_code": "15000", "agc_code": "15008", "name": "เสริมผิวจราจรลาดยางแอสฟัลท์ติกคอนกรีต ถนนรหัสสายทาง สข.ถ. ๑-๐๐๐๒ สายบ้านโตนดด้วน  ตำบลกระแสสินธุ์ อำเภอกระแสสินธุ์ - บ้านท่าคุระ ตำบลคลองรี  อำเภอสทิงพระ กว้าง ๘  เมตร  ยาว ๑,๕๐๐ เมตร หนา ๐.๐๕ เมตร ไห", "min": "กระทรวงมหาดไทย", "agc": "กรมส่งเสริมการปกครองท้องถิ่น", "plan_name": "ส่งเสริมการกระจายอำนาจให้แก่องค์กรปกครองส่วนท้องถิ่น", "stg_name": "ยุทธศาสตร์การบริหารกิจการบ้านเมืองที่ดี", "objc_level1_name": "งบลงทุน", "compare": [{"bb_amount": 5390300, "bb_province": "สงขลา"}], "gf_amount_sum": 0}
{"bb_code": "1500883002600FE4", "bb_year": "2559", "amount": 5383500, "min_code": "15000", "agc_code": "15008", "name": "ซ่อมสร้างถนนลาดยางผิวจราจร Cape Seal แยกทางหลวง ๒๑๒ - บ้านนาไม้เฮียว หมู่ที่ ๗ ตำบลกุดบง โดยวิธีขุดกัดรื้อผิวทางและก่อสร้างผิวจราจร กว้าง ๖ เมตร ยาว ๒,๕๐๐ เมตร อบต.กุดบง อ.โพนพิสัย จ.หนองคาย", "min": "กระทรวงมหาดไทย", "agc": "กรมส่งเสริมการปกครองท้องถิ่น", "plan_name": "ส่งเสริมการกระจายอำนาจให้แก่องค์กรปกครองส่วนท้องถิ่น", "stg_name": "ยุทธศาสตร์การบริหารกิจการบ้านเมืองที่ดี", "objc_level1_name": "งบลงทุน", "compare": [{"bb_amount": 5383500, "bb_province": "หนองคาย"}], "gf_amount_sum": 0}
{"bb_code": "1500883002600DF8", "bb_year": "2559", "amount": 5381600, "min_code": "15000", "agc_code": "15008", "name": "ซ่อมแซมถนนด้วยแอสฟัลท์ติกคอนกรีตแบบ OVER - LAY พร้อมหินคลุกบดอัดแน่น สายทางบ้านทุ่งห้าบน - บ้านแม่ในพัฒนา ตำบลแม่แรม กว้าง ๕ เมตร  ยาว ๑,๖๐๐ เมตร หนา ๐.๐๕ เมตร  ทต.แม่แรม อ.แม่ริม จ.เชียงใหม่", "min": "กระทรวงมหาดไทย", "agc": "กรมส่งเสริมการปกครองท้องถิ่น", "plan_name": "ส่งเสริมการกระจายอำนาจให้แก่องค์กรปกครองส่วนท้องถิ่น", "stg_name": "ยุทธศาสตร์การบริหารกิจการบ้านเมืองที่ดี", "objc_level1_name": "งบลงทุน", "compare": [{"bb_amount": 5381600, "bb_province": "เชียงใหม่"}], "gf_amount_sum": 0}
{"bb_code": "1500282003410006", "bb_year": "2559", "amount": 5377100, "min_code": "15000", "agc_code": "15002", "name": "ค่าก่อสร้างรั้ว อาคารบริวาร โรงจอดรถ บ้านพักผู้ว่าราชการจังหวัดพังงา(หลังใหม่) ตำบลท้ายช้าง อำเภอเมืองพังงา จังหวัดพังงา", "min": "กระทรวงมหาดไทย", "agc": "สนง.ปลัดกระทรวงมหาดไทย", "plan_name": "พัฒนาประสิทธิภาพการบริหารราชการแผ่นดิน", "stg_name": "ยุทธศาสตร์การบริหารกิจการบ้านเมืองที่ดี", "objc_level1_name": "งบลงทุน", "compare": [{"bb_amount": 5377100, "bb_province": "พังงา", "gf_amount": 0, "gf_province": "พังงา"}], "gf_amount_sum": 0}
{"bb_code": "1500822040600O74", "bb_year": "2559", "amount": 5367200, "min_code": "15000", "agc_code": "15008", "name": "ก่อสร้างระบบประปาหมู่บ้าน แบบผิวดินขนาดใหญ่มาก หมู่ที่ ๔ บ้านดอนแดง ตำบลบ้านถ่อน ตามแบบมาตรฐานกรมทรัพยากรน้ำ ทต.บ้านถ่อน อ.ท่าบ่อ จ.หนองคาย", "min": "กระทรวงมหาดไทย", "agc": "กรมส่งเสริมการปกครองท้องถิ่น", "plan_name": "บริหารจัดการทรัพยากรน้ำ", "stg_name": "ยุทธศาสตร์เร่งรัดวางรากฐานการพัฒนาที่ยั่งยืนของประเทศ", "objc_level1_name": "งบลงทุน", "compare": [{"bb_amount": 5367200, "bb_province": "หนองคาย"}], "gf_amount_sum": 0}
{"bb_code": "1500883002600V44", "bb_year": "2559", "amount": 5361300, "min_code": "15000", "agc_code": "15008", "name": "ซ่อมสร้างถนนลาดยางผิวทางพาราแอสฟัลท์ติกคอนกรีต (โดยวิธี Pavement In - Place Recycling) สายบ้านเพีย หมู่ที่ ๒  ตำบลน้ำสวย อำเภอเมืองเลย - บ้านห้วยตาด หมู่ที่ ๔ ตำบลนาดอกคำ อำเภอนาด้วง กว้าง ๖ เมตร ยาว", "min": "กระทรวงมหาดไทย", "agc": "กรมส่งเสริมการปกครองท้องถิ่น", "plan_name": "ส่งเสริมการกระจายอำนาจให้แก่องค์กรปกครองส่วนท้องถิ่น", "stg_name": "ยุทธศาสตร์การบริหารกิจการบ้านเมืองที่ดี", "objc_level1_name": "งบลงทุน", "compare": [{"bb_amount": 5361300, "bb_province": "เลย"}], "gf_amount_sum": 0}
{"bb_code": "1500822040600BF6", "bb_year": "2559", "amount": 5357300, "min_code": "15000", "agc_code": "15008", "name": "ก่อสร้างระบบประปาหมู่บ้าน แบบผิวดินขนาดใหญ่มาก หมู่ที่ ๑ ตำบลปากพูน รายละเอียดตามปริมาณงานและแบบแปลนที่เทศบาลเมืองปากพูนกำหนด ทม.ปากพูน อ.เมืองนครศรีธรรมราช จ.นครศรีธรรมราช", "min": "กระทรวงมหาดไทย", "agc": "กรมส่งเสริมการปกครองท้องถิ่น", "plan_name": "บริหารจัดการทรัพยากรน้ำ", "stg_name": "ยุทธศาสตร์เร่งรัดวางรากฐานการพัฒนาที่ยั่งยืนของประเทศ", "objc_level1_name": "งบลงทุน", "compare": [{"bb_amount": 5357300, "bb_province": "นครศรีธรรมราช"}], "gf_amount_sum": 0}
{"bb_code": "1500822040600Y67", "bb_year": "2559", "amount": 5357300, "min_code": "15000", "agc_code": "15008", "name": "ก่อสร้างระบบประปาหมู่บ้าน แบบผิวดินขนาดใหญ่มาก หมู่ที่ ๑๐ บ้านเซกาใต้ ตำบลเซกา ตามแบบมาตรฐานกรมทรัพยากรน้ำ อบต.เซกา อ.เซกา จ.บึงกาฬ", "min": "กระทรวงมหาดไทย", "agc": "กรมส่งเสริมการปกครองท้องถิ่น", "plan_name": "บริหารจัดการทรัพยากรน้ำ", "stg_name": "ยุทธศาสตร์เร่งรัดวางรากฐานการพัฒนาที่ยั่งยืนของประเทศ", "objc_level1_name": "งบลงทุน", "compare": [{"bb_amount": 5357300, "bb_province": "บึงกาฬ"}], "gf_amount_sum": 0}
{"bb_code": "1500883002600JK2", "bb_year": "2559", "amount": 5357000, "min_code": "15000", "agc_code": "15008", "name": "ค่าใช้จ่ายในการจัดระเบียบร้านค้าในพื้นที่สาธารณะบริเวณ หมู่ที่ 1 บ้านแม่กลองใหม่ เทศบาลตำบลแม่กลอง อำเภออุ้มผาง จังหวัดตาก", "min": "กระทรวงมหาดไทย", "agc": "กรมส่งเสริมการปกครองท้องถิ่น", "plan_name": "ส่งเสริมการกระจายอำนาจให้แก่องค์กรปกครองส่วนท้องถิ่น", "stg_name": "ยุทธศาสตร์การบริหารกิจการบ้านเมืองที่ดี", "objc_level1_name": "งบลงทุน", "compare": [{"bb_amount": 5357000, "bb_province": "ตาก"}], "gf_amount_sum": 0}
{"bb_code": "1500822040600A20", "bb_year": "2559", "amount": 5350500, "min_code": "15000", "agc_code": "15008", "name": "ก่อสร้างระบบประปาหมู่บ้านแบบผิวดินขนาดใหญ่ บ้านท่าศาลา หมู่ที่ ๕ ตำบลท่าทราย ตามแบบมาตรฐานกรมทรัพยากรน้ำ อบต.ท่าทราย อ.เมืองนครนายก จ.นครนายก", "min": "กระทรวงมหาดไทย", "agc": "กรมส่งเสริมการปกครองท้องถิ่น", "plan_name": "บริหารจัดการทรัพยากรน้ำ", "stg_name": "ยุทธศาสตร์เร่งรัดวางรากฐานการพัฒนาที่ยั่งยืนของประเทศ", "objc_level1_name": "งบลงทุน", "compare": [{"bb_amount": 5350500, "bb_province": "นครนายก"}], "gf_amount_sum": 0}
{"bb_code": "1500883002600ER2", "bb_year": "2559", "amount": 5332300, "min_code": "15000", "agc_code": "15008", "name": "ซ่อมสร้างถนนลาดยางผิวจราจรแบบแอสฟัลท์ติกคอนกรีต สายทางบ้านทาน-บ้านวังตม ลป.ถ. ๑-๐๐๑๓ (ช่วงบ้านใหม่รัตนโกสินทร์ - บ้านวังตม ช่วงบ้านวังตม หมู่ที่ ๕) ตำบลจางเหนือ กว้าง ๗ เมตร ยาว ๑,๗๕๐ เมตร หนา ๐.๐๕ เม", "min": "กระทรวงมหาดไทย", "agc": "กรมส่งเสริมการปกครองท้องถิ่น", "plan_name": "ส่งเสริมการกระจายอำนาจให้แก่องค์กรปกครองส่วนท้องถิ่น", "stg_name": "ยุทธศาสตร์การบริหารกิจการบ้านเมืองที่ดี", "objc_level1_name": "งบลงทุน", "compare": [{"bb_amount": 5332300, "bb_province": "ลำปาง"}], "gf_amount_sum": 0}
{"bb_code": "1500883002600GZ0", "bb_year": "2559", "amount": 5332300, "min_code": "15000", "agc_code": "15008", "name": "ซ่อมสร้างถนนลาดยางแอสฟัลท์ติกคอนกรีตสาย หมู่ที่ ๖-๘ บ้านคลองสว่างอารมย์ - บ้านคลองพระมอพิสัย ตำบลนราภิรมย์ กว้าง ๖ เมตร ยาว ๑.๘๙๕ เมตร หนา ๐.๐๕ เมตร พื้นที่ไม่น้อยกว่า ๑๑,๓๗๐ ตารางเมตร อบต.นราภิรมย์ อ", "min": "กระทรวงมหาดไทย", "agc": "กรมส่งเสริมการปกครองท้องถิ่น", "plan_name": "ส่งเสริมการกระจายอำนาจให้แก่องค์กรปกครองส่วนท้องถิ่น", "stg_name": "ยุทธศาสตร์การบริหารกิจการบ้านเมืองที่ดี", "objc_level1_name": "งบลงทุน", "compare": [{"bb_amount": 5332300, "bb_province": "นครปฐม"}], "gf_amount_sum": 0}
{"bb_code": "1500883002600EU6", "bb_year": "2559", "amount": 5332300, "min_code": "15000", "agc_code": "15008", "name": "ซ่อมสร้างถนนลาดยางแอสฟัลท์ติกคอนกรีต ( สาย อบจ.นม.๒๗๓๐๒ ) บ้านเมืองยาง - บ้านกระเบื้องนอก ขนาดกว้าง ๘ เมตร ยาว ๑,๔๘๖ เมตร หนา ๐.๐๔ เมตร  อบจ.นครราชสีมา อ.เมืองยาง จ.นครราชสีมา", "min": "กระทรวงมหาดไทย", "agc": "กรมส่งเสริมการปกครองท้องถิ่น", "plan_name": "ส่งเสริมการกระจายอำนาจให้แก่องค์กรปกครองส่วนท้องถิ่น", "stg_name": "ยุทธศาสตร์การบริหารกิจการบ้านเมืองที่ดี", "objc_level1_name": "งบลงทุน", "compare": [{"bb_amount": 5332300, "bb_province": "นครราชสีมา"}], "gf_amount_sum": 0}
{"bb_code": "1500822040600DV4", "bb_year": "2559", "amount": 5330000, "min_code": "15000", "agc_code": "15008", "name": "ปรับปรุงซ่อมแซมสถานีสูบน้ำด้วยไฟฟ้า บ้านโคกน้อย ทต.น้ำโสม อ.น้ำโสม จ.อุดรธานี", "min": "กระทรวงมหาดไทย", "agc": "กรมส่งเสริมการปกครองท้องถิ่น", "plan_name": "บริหารจัดการทรัพยากรน้ำ", "stg_name": "ยุทธศาสตร์เร่งรัดวางรากฐานการพัฒนาที่ยั่งยืนของประเทศ", "objc_level1_name": "งบลงทุน", "compare": [{"bb_amount": 5330000, "bb_province": "อุดรธานี"}], "gf_amount_sum": 0}
{"bb_code": "1500786007420024", "bb_year": "2559", "amount": 5326900, "min_code": "15000", "agc_code": "15007", "name": "เขื่อนป้องกันตลิ่งริมลำน้ำมูล บริเวณหลังที่ว่าการอำเภอราษีไศล ต.เมืองคง อ.ราษีไศล จ.ศรีสะเกษ ความยาว 500 เมตร", "min": "กระทรวงมหาดไทย", "agc": "กรมโยธาธิการและผังเมือง", "plan_name": "ฟื้นฟู ป้องกัน และจัดการภัยพิบัติ ", "stg_name": "ยุทธศาสตร์การจัดการทรัพยากรธรรมชาติและสิ่งแวดล้อม", "objc_level1_name": "งบลงทุน", "compare": [{"bb_amount": 5326900, "bb_province": "ศรีสะเกษ"}], "gf_amount_sum": 0}
{"bb_code": "1500822040600AR7", "bb_year": "2559", "amount": 5323900, "min_code": "15000", "agc_code": "15008", "name": "ก่อสร้างระบบประปาหมู่บ้าน แบบผิวดินขนาดใหญ่ หมู่ที่ ๔ บ้านหัวแหลม ตำบลวิสัยเหนือ รายละเอียดตามปริมาณงานและแบบแปลนที่กำหนด อบต.วิสัยเหนือ อ.เมืองชุมพร จ.ชุมพร", "min": "กระทรวงมหาดไทย", "agc": "กรมส่งเสริมการปกครองท้องถิ่น", "plan_name": "บริหารจัดการทรัพยากรน้ำ", "stg_name": "ยุทธศาสตร์เร่งรัดวางรากฐานการพัฒนาที่ยั่งยืนของประเทศ", "objc_level1_name": "งบลงทุน", "compare": [{"bb_amount": 5323900, "bb_province": "ชุมพร"}], "gf_amount_sum": 0}
{"bb_code": "1500822040600Y63", "bb_year": "2559", "amount": 5317000, "min_code": "15000", "agc_code": "15008", "name": "ก่อสร้างระบบประปาหมู่บ้าน แบบผิวดินขนาดใหญ่มาก หมู่ที่ ๕ บ้านหนองยาง ตำบลซาง ตามแบบมาตรฐานกรมทรัพยากรน้ำ ทต.ซาง อ.เซกา จ.บึงกาฬ", "min": "กระทรวงมหาดไทย", "agc": "กรมส่งเสริมการปกครองท้องถิ่น", "plan_name": "บริหารจัดการทรัพยากรน้ำ", "stg_name": "ยุทธศาสตร์เร่งรัดวางรากฐานการพัฒนาที่ยั่งยืนของประเทศ", "objc_level1_name": "งบลงทุน", "compare": [{"bb_amount": 5317000, "bb_province": "บึงกาฬ"}], "gf_amount_sum": 0}
{"bb_code": "1500822040600Y62", "bb_year": "2559", "amount": 5317000, "min_code": "15000", "agc_code": "15008", "name": "ก่อสร้างระบบประปาหมู่บ้าน แบบผิวดินขนาดใหญ่มาก หมู่ที่ ๑๐ บ้านโนนสง่า ตำบลซาง ตามแบบมาตรฐานกรมทรัพยากรน้ำ ทต.ซาง อ.เซกา จ.บึงกาฬ", "min": "กระทรวงมหาดไทย", "agc": "กรมส่งเสริมการปกครองท้องถิ่น", "plan_name": "บริหารจัดการทรัพยากรน้ำ", "stg_name": "ยุทธศาสตร์เร่งรัดวางรากฐานการพัฒนาที่ยั่งยืนของประเทศ", "objc_level1_name": "งบลงทุน", "compare": [{"bb_amount": 5317000, "bb_province": "บึงกาฬ"}], "gf_amount_sum": 0}
{"bb_code": "1500883002600S23", "bb_year": "2559", "amount": 5313000, "min_code": "15000", "agc_code": "15008", "name": "เสริมผิวลาดยางแอสฟัลท์ติกคอนกรีตสาย ยทล.๔๑๐ ( ๕๙+๔๐๐) - ชายแดนไทยมาเลเซีย อำเภอบันนังสตา กว้าง ๖ เมตร ยาว ๒,๐๐๐ เมตร หรือมีพื้นที่ไม่น้อยกว่า ๑๒,๐๐๐ ตารางเมตร  อบจ.ยะลา อ.บันนังสตา จ.ยะลา", "min": "กระทรวงมหาดไทย", "agc": "กรมส่งเสริมการปกครองท้องถิ่น", "plan_name": "ส่งเสริมการกระจายอำนาจให้แก่องค์กรปกครองส่วนท้องถิ่น", "stg_name": "ยุทธศาสตร์การบริหารกิจการบ้านเมืองที่ดี", "objc_level1_name": "งบลงทุน", "compare": [{"bb_amount": 5313000, "bb_province": "ยะลา"}], "gf_amount_sum": 0}
{"bb_code": "1500883002600S62", "bb_year": "2559", "amount": 5313000, "min_code": "15000", "agc_code": "15008", "name": "ซ่อมสร้างถนนลาดยางแอสฟัลท์ติกคอนกรีตถนนแยกทางหลวง ๔๑๐ (กม.ที่ ๑๐๙+๓๐๐)  หมู่ที่ ๘ บ้านอัยเยอร์ควีน กว้าง ๖ เมตร ยาว ๑,๓๐๐ เมตร หนา ๐.๐๔ เมตร หรือมีพื้นที่ไม่น้อยกว่า ๗,๘๐๐ ตารางเมตร  อบต.อัยเยอร์เวง อ", "min": "กระทรวงมหาดไทย", "agc": "กรมส่งเสริมการปกครองท้องถิ่น", "plan_name": "ส่งเสริมการกระจายอำนาจให้แก่องค์กรปกครองส่วนท้องถิ่น", "stg_name": "ยุทธศาสตร์การบริหารกิจการบ้านเมืองที่ดี", "objc_level1_name": "งบลงทุน", "compare": [{"bb_amount": 5313000, "bb_province": "ยะลา"}], "gf_amount_sum": 0}
