{"bb_code": "1500883002600S23", "bb_year": "2559", "amount": 5313000, "min_code": "15000", "agc_code": "15008", "name": "เสริมผิวลาดยางแอสฟัลท์ติกคอนกรีตสาย ยทล.๔๑๐ ( ๕๙+๔๐๐) - ชายแดนไทยมาเลเซีย อำเภอบันนังสตา กว้าง ๖ เมตร ยาว ๒,๐๐๐ เมตร หรือมีพื้นที่ไม่น้อยกว่า ๑๒,๐๐๐ ตารางเมตร  อบจ.ยะลา อ.บันนังสตา จ.ยะลา", "min": "กระทรวงมหาดไทย", "agc": "กรมส่งเสริมการปกครองท้องถิ่น", "plan_name": "ส่งเสริมการกระจายอำนาจให้แก่องค์กรปกครองส่วนท้องถิ่น", "stg_name": "ยุทธศาสตร์การบริหารกิจการบ้านเมืองที่ดี", "objc_level1_name": "งบลงทุน", "compare": [{"bb_amount": 5313000, "bb_province": "ยะลา"}], "gf_amount_sum": 0}
{"bb_code": "1500822040600AA0", "bb_year": "2559", "amount": 5304300, "min_code": "15000", "agc_code": "15008", "name": "ก่อสร้างระบบประปาหมู่บ้านแบบผิวดินขนาดใหญ่มาก หมู่ที่ ๔ ตำบลไร่เก่า ตามแบบมาตรฐานกรมทรัพยากรน้ำ อบต.ไร่เก่า อ.สามร้อยยอด จ.ประจวบคีรีขันธ์", "min": "กระทรวงมหาดไทย", "agc": "กรมส่งเสริมการปกครองท้องถิ่น", "plan_name": "บริหารจัดการทรัพยากรน้ำ", "stg_name": "ยุทธศาสตร์เร่งรัดวางรากฐานการพัฒนาที่ยั่งยืนของประเทศ", "objc_level1_name": "งบลงทุน", "compare": [{"bb_amount": 5304300, "bb_province": "ประจวบคีรีขันธ์"}], "gf_amount_sum": 0}
{"bb_code": "1500883002600O08", "bb_year": "2559", "amount": 5297500, "min_code": "15000", "agc_code": "15008", "name": "ซ่อมสร้างถนนผิวจราจรแอสฟัลท์ติกคอนกรีต โดยวิธี Pavement In-Place Recycling สายทาง ชร.๓๒๒๖ บ้านฟาร์มสัมพันธ์กิจ หมู่ที่ ๑ ตำบลริมกก - บ้านป่ากุ๊ก หมู่ที่ ๑๕  ตำบลบ้านดู่  กว้าง ๖ เมตร  ยาว ๑,๙๓๐ เมตร ห", "min": "กระทรวงมหาดไทย", "agc": "กรมส่งเสริมการปกครองท้องถิ่น", "plan_name": "ส่งเสริมการกระจายอำนาจให้แก่องค์กรปกครองส่วนท้องถิ่น", "stg_name": "ยุทธศาสตร์การบริหารกิจการบ้านเมืองที่ดี", "objc_level1_name": "งบลงทุน", "compare": [{"bb_amount": 5297500, "bb_province": "เชียงราย"}], "gf_amount_sum": 0}
{"bb_code": "1500883002600HS5", "bb_year": "2559", "amount": 5297400, "min_code": "15000", "agc_code": "15008", "name": "ซ่อมสร้างถนนคอนกรีตเสริมเหล็ก อบ ๓๐๕๑ บ้านไร่เหนือ - บ้านโนนสุข กว้าง ๖ เมตร ยาว ๑,๘๐๐ เมตร หนา ๐.๑๕ เมตร ไหล่ทางข้างละ ๑ เมตร   อบต.ไร่ใต้ อ.พิบูลมังสาหาร จ.อุบลราชธานี", "min": "กระทรวงมหาดไทย", "agc": "กรมส่งเสริมการปกครองท้องถิ่น", "plan_name": "ส่งเสริมการกระจายอำนาจให้แก่องค์กรปกครองส่วนท้องถิ่น", "stg_name": "ยุทธศาสตร์การบริหารกิจการบ้านเมืองที่ดี", "objc_level1_name": "งบลงทุน", "compare": [{"bb_amount": 5297400, "bb_province": "อุบลราชธานี"}], "gf_amount_sum": 0}
{"bb_code": "1500883002600DJ7", "bb_year": "2559", "amount": 5296600, "min_code": "15000", "agc_code": "15008", "name": "ซ่อมสร้างถนนลาดยางแอสฟัลท์ติกคอนกรีตสายบ้านทางทราย - ศาลาทวด ตำบลดอนประดู่ กว้าง ๕ เมตร ยาว ๑,๗๗๖ เมตร หนา ๐.๐๔ เมตร  ทต.ดอนประดู่ อ.ปากพะยูน จ.พัทลุง", "min": "กระทรวงมหาดไทย", "agc": "กรมส่งเสริมการปกครองท้องถิ่น", "plan_name": "ส่งเสริมการกระจายอำนาจให้แก่องค์กรปกครองส่วนท้องถิ่น", "stg_name": "ยุทธศาสตร์การบริหารกิจการบ้านเมืองที่ดี", "objc_level1_name": "งบลงทุน", "compare": [{"bb_amount": 5296600, "bb_province": "พัทลุง"}], "gf_amount_sum": 0}
{"bb_code": "1500822040600585", "bb_year": "2559", "amount": 5296400, "min_code": "15000", "agc_code": "15008", "name": "ก่อสร้างระบบประปาหมู่บ้าน หมู่ที่ ๕ ตำบลบางหมาก รายละเอียดตามปริมาณงานและแบบแปลนที่เทศบาลตำบลบางหมากกำหนด ทต.บางหมาก อ.เมืองชุมพร จ.ชุมพร", "min": "กระทรวงมหาดไทย", "agc": "กรมส่งเสริมการปกครองท้องถิ่น", "plan_name": "บริหารจัดการทรัพยากรน้ำ", "stg_name": "ยุทธศาสตร์เร่งรัดวางรากฐานการพัฒนาที่ยั่งยืนของประเทศ", "objc_level1_name": "งบลงทุน", "compare": [{"bb_amount": 5296400, "bb_province": "ชุมพร"}], "gf_amount_sum": 0}
{"bb_code": "1500822040600CV8", "bb_year": "2559", "amount": 5295000, "min_code": "15000", "agc_code": "15008", "name": "ปรับปรุงซ่อมแซมสถานีสูบน้ำด้วยไฟฟ้า บ้านท่าตาล  ม.3 อบต.ท่าตาล อ.บางกระทุ่ม จ.พิษณุโลก", "min": "กระทรวงมหาดไทย", "agc": "กรมส่งเสริมการปกครองท้องถิ่น", "plan_name": "บริหารจัดการทรัพยากรน้ำ", "stg_name": "ยุทธศาสตร์เร่งรัดวางรากฐานการพัฒนาที่ยั่งยืนของประเทศ", "objc_level1_name": "งบลงทุน", "compare": [{"bb_amount": 5295000, "bb_province": "พิษณุโลก"}], "gf_amount_sum": 0}
{"bb_code": "1500785013410152", "bb_year": "2559", "amount": 5292500, "min_code": "15000", "agc_code": "15007", "name": "โครงการปรับปรุงถนนในชุมชนสายบ้านบียอ ม.4 ต.บาเจาะ อ.บันนังสตา จ.ยะลา ความกว้าง 5.00 ม. ความยาว 1.300 กม.", "min": "กระทรวงมหาดไทย", "agc": "กรมโยธาธิการและผังเมือง", "plan_name": "แก้ไขปัญหาและพัฒนาจังหวัดชายแดนภาคใต้", "stg_name": "ยุทธศาสตร์เร่งรัดวางรากฐานการพัฒนาที่ยั่งยืนของประเทศ", "objc_level1_name": "งบลงทุน", "compare": [{"bb_amount": 5292500, "bb_province": "ยะลา", "gf_amount": 5292500, "gf_province": "ยะลา"}], "gf_amount_sum": 5292500}
{"bb_code": "1500883002600P97", "bb_year": "2559", "amount": 5285600, "min_code": "15000", "agc_code": "15008", "name": "ซ่อมสร้างถนนคอนกรีตเสริมเหล็กสายแยก ทล.๓๔๖ - บ้านทองสะอาด (สายเลียบคลองถนน ๓๔๖ - วัดบัวขวัญ) หมู่ที่ ๑ ตำบลลาดหลุมแก้ว กว้าง ๖ เมตร ยาว ๑,๐๐๐ เมตร หนา ๐.๒๐ เมตร  อบต.ลาดหลุมแก้ว อ.ลาดหลุมแก้ว จ.ปทุมธา", "min": "กระทรวงมหาดไทย", "agc": "กรมส่งเสริมการปกครองท้องถิ่น", "plan_name": "ส่งเสริมการกระจายอำนาจให้แก่องค์กรปกครองส่วนท้องถิ่น", "stg_name": "ยุทธศาสตร์การบริหารกิจการบ้านเมืองที่ดี", "objc_level1_name": "งบลงทุน", "compare": [{"bb_amount": 5285600, "bb_province": "ปทุมธานี"}], "gf_amount_sum": 0}
{"bb_code": "1500883002600U52", "bb_year": "2559", "amount": 5284000, "min_code": "15000", "agc_code": "15008", "name": "ซ่อมแซมถนนลาดยางแอสฟัลท์ติกคอนกรีต สายบัวลอย - สันมะค่า ตำบลบัวลอย กว้าง ๘ เมตร ยาว ๒,๐๐๐ เมตร หนา ๐.๐๕ เมตร ไหล่ทางกว้างข้างละ ๐.๕๐ เมตร  อบต.บัวลอย อ.หนองแค จ.สระบุรี", "min": "กระทรวงมหาดไทย", "agc": "กรมส่งเสริมการปกครองท้องถิ่น", "plan_name": "ส่งเสริมการกระจายอำนาจให้แก่องค์กรปกครองส่วนท้องถิ่น", "stg_name": "ยุทธศาสตร์การบริหารกิจการบ้านเมืองที่ดี", "objc_level1_name": "งบลงทุน", "compare": [{"bb_amount": 5284000, "bb_province": "สระบุรี"}], "gf_amount_sum": 0}
{"bb_code": "1500883002600HL1", "bb_year": "2559", "amount": 5284000, "min_code": "15000", "agc_code": "15008", "name": "ซ่อมสร้างถนนลาดยางแบบ Cape Seal  สายบ้านซ่อม หมู่ที่  ๕ ตำบลโป่งตาลอง เชื่อมบ้านหนองขวาง หมู่ที่ ๕ ตำบลวังกระทะ กว้าง ๖ เมตร ยาว ๒,๑๑๙  เมตร ไหล่ทางข้างละ ๐.๕๐  เมตร  พร้อมวางท่อน้ำ จำนวน ๑ จุด  อบต.ว", "min": "กระทรวงมหาดไทย", "agc": "กรมส่งเสริมการปกครองท้องถิ่น", "plan_name": "ส่งเสริมการกระจายอำนาจให้แก่องค์กรปกครองส่วนท้องถิ่น", "stg_name": "ยุทธศาสตร์การบริหารกิจการบ้านเมืองที่ดี", "objc_level1_name": "งบลงทุน", "compare": [{"bb_amount": 5284000, "bb_province": "นครราชสีมา"}], "gf_amount_sum": 0}
{"bb_code": "1500795041000000", "bb_year": "2559", "amount": 5280200, "min_code": "15000", "agc_code": "15007", "name": "ค่าอาหารทำการนอกเวลา", "min": "กระทรวงมหาดไทย", "agc": "กรมโยธาธิการและผังเมือง", "plan_name": "ส่งเสริมเขตพัฒนาเศรษฐกิจพิเศษ", "stg_name": "ยุทธศาสตร์เร่งรัดวางรากฐานการพัฒนาที่ยั่งยืนของประเทศ", "objc_level1_name": "งบดำเนินงาน", "compare": [{"bb_amount": 5280200, "bb_province": "กรุงเทพมหานคร", "gf_amount": 5011693.14, "gf_province": "ส่วนกลาง"}], "gf_amount_sum": 5011693.14}
{"bb_code": "1500822040600H92", "bb_year": "2559", "amount": 5275500, "min_code": "15000", "agc_code": "15008", "name": "ก่อสร้างประปาหมู่บ้าน แบบผิวดินขนาดใหญ่มาก หมู่ที่ ๕ บ้านห้วยชะอ้อม ต.หนองกระเจ็ด ตามแบบมาตรฐานกรมทรัพยากรน้ำ อบต.หนองกระเจ็ด อ.บ้านลาด จ.เพชรบุรี", "min": "กระทรวงมหาดไทย", "agc": "กรมส่งเสริมการปกครองท้องถิ่น", "plan_name": "บริหารจัดการทรัพยากรน้ำ", "stg_name": "ยุทธศาสตร์เร่งรัดวางรากฐานการพัฒนาที่ยั่งยืนของประเทศ", "objc_level1_name": "งบลงทุน", "compare": [{"bb_amount": 5275500, "bb_province": "เพชรบุรี"}], "gf_amount_sum": 0}
{"bb_code": "1500794009700002", "bb_year": "2559", "amount": 5275000, "min_code": "15000", "agc_code": "15007", "name": "สำรวจและจัดทำข้อมูลทางกายภาพการผังเมืองด้วยระบบสารสนเทศภูมิศาสตร์(GIS) มาตราส่วน 1:4,000 เพื่อการประเมินผลผังเมืองรวมเมือง ผังเมืองรวมชุมชนในบริเวณพื้นที่ ผังบริเวณอุตสาหกรรมและชุมชนแหลมฉบัง, ผังเมือง", "min": "กระทรวงมหาดไทย", "agc": "กรมโยธาธิการและผังเมือง", "plan_name": "พัฒนาเศรษฐกิจดิจิทัล", "stg_name": "ยุทธศาสตร์เร่งรัดวางรากฐานการพัฒนาที่ยั่งยืนของประเทศ", "objc_level1_name": "งบลงทุน", "compare": [{"bb_amount": 5275000, "bb_province": "ชลบุรี"}], "gf_amount_sum": 0}
{"bb_code": "1500883002600FN6", "bb_year": "2559", "amount": 5274400, "min_code": "15000", "agc_code": "15008", "name": "ปรับปรุงเสริมผิวทางแอสฟัลท์ติกคอนกรีต สายถนนลาดยางสายวัดชวดบัว - คลองส่งน้ำฝั่งซ้ายสายสอง หมู่ที่ 4,5 ตำบลดอนยอ  กว้าง 6 เมตร  ยาว 2,730 เมตร หนา  0.04  เมตร   อบต.ดอนยอ อ.เมือง จ.นครนายก", "min": "กระทรวงมหาดไทย", "agc": "กรมส่งเสริมการปกครองท้องถิ่น", "plan_name": "ส่งเสริมการกระจายอำนาจให้แก่องค์กรปกครองส่วนท้องถิ่น", "stg_name": "ยุทธศาสตร์การบริหารกิจการบ้านเมืองที่ดี", "objc_level1_name": "งบลงทุน", "compare": [{"bb_amount": 5274400, "bb_province": "นครนายก"}], "gf_amount_sum": 0}
{"bb_code": "1500883002600V09", "bb_year": "2559", "amount": 5269500, "min_code": "15000", "agc_code": "15008", "name": "ซ่อมสร้างถนนลาดยางผิวทางพาราแอสฟัลท์ติกคอนกรีต (โดยวิธี Pavement In - Place Recycling) สายบ้านซำบ่าง หมู่ที่ ๕ ตำบลห้วยส้ม - บ้านห้วยส้มใต้ หมู่ที่ ๗ ตำบลผานกเค้า อำเภอภูกระดึง กว้าง ๖ เมตร ยาว ๑,๒๒๒", "min": "กระทรวงมหาดไทย", "agc": "กรมส่งเสริมการปกครองท้องถิ่น", "plan_name": "ส่งเสริมการกระจายอำนาจให้แก่องค์กรปกครองส่วนท้องถิ่น", "stg_name": "ยุทธศาสตร์การบริหารกิจการบ้านเมืองที่ดี", "objc_level1_name": "งบลงทุน", "compare": [{"bb_amount": 5269500, "bb_province": "เลย"}], "gf_amount_sum": 0}
{"bb_code": "1500822040600W18", "bb_year": "2559", "amount": 5268900, "min_code": "15000", "agc_code": "15008", "name": "ก่อสร้างประปาหมู่บ้านแบบผิวดินขนาดใหญ่มาก บ้านหัวนา หมู่ที่ ๑๐ ตำบลน้ำคำ ตามแบบมาตรฐานกรมทรัพยากรน้ำ ทต.น้ำคำ อ.เมือง  จ.ศรีสะเกษ", "min": "กระทรวงมหาดไทย", "agc": "กรมส่งเสริมการปกครองท้องถิ่น", "plan_name": "บริหารจัดการทรัพยากรน้ำ", "stg_name": "ยุทธศาสตร์เร่งรัดวางรากฐานการพัฒนาที่ยั่งยืนของประเทศ", "objc_level1_name": "งบลงทุน", "compare": [{"bb_amount": 5268900, "bb_province": "ศรีสะเกษ"}], "gf_amount_sum": 0}
{"bb_code": "1500822040600079", "bb_year": "2559", "amount": 5267900, "min_code": "15000", "agc_code": "15008", "name": "ก่อสร้างระบบประปาหมู่บ้านแบบผิวดินขนาดใหญ่มาก หมู่ที่ ๕ บ้านกระทิง ตำบลพลวง ตามแบบมาตรฐานกรมทรัพยากรน้ำ ทต.พลวง อ.เขาคิชฌกูฏ จ.จันทบุรี", "min": "กระทรวงมหาดไทย", "agc": "กรมส่งเสริมการปกครองท้องถิ่น", "plan_name": "บริหารจัดการทรัพยากรน้ำ", "stg_name": "ยุทธศาสตร์เร่งรัดวางรากฐานการพัฒนาที่ยั่งยืนของประเทศ", "objc_level1_name": "งบลงทุน", "compare": [{"bb_amount": 5267900, "bb_province": "จันทบุรี"}], "gf_amount_sum": 0}
{"bb_code": "1500822040600C73", "bb_year": "2559", "amount": 5265900, "min_code": "15000", "agc_code": "15008", "name": "ก่อสร้างระบบประปาหมู่บ้าน แบบผิวดินขนาดใหญ่มาก หมู่ที่ ๑ บ้านนบปริง ตำบลนบปริง ตามแบบมาตรฐานกรมทรัพยากรน้ำ อบต.นบปริง อ.เมืองพังงา จ.พังงา", "min": "กระทรวงมหาดไทย", "agc": "กรมส่งเสริมการปกครองท้องถิ่น", "plan_name": "บริหารจัดการทรัพยากรน้ำ", "stg_name": "ยุทธศาสตร์เร่งรัดวางรากฐานการพัฒนาที่ยั่งยืนของประเทศ", "objc_level1_name": "งบลงทุน", "compare": [{"bb_amount": 5265900, "bb_province": "พังงา"}], "gf_amount_sum": 0}
{"bb_code": "1500786007420306", "bb_year": "2559", "amount": 5265000, "min_code": "15000", "agc_code": "15007", "name": "เขื่อนป้องกันตลิ่งริมแม่น้ำแม่กลอง พร้อมปรับปรุงภูมิทัศน์ ม.1 บ้านวัดศรีโลหะราษฏร์บำรุง ต.ท่าม่วง อ.ท่าม่วง จ.กาญจนบุรี ความยาว 300 เมตร", "min": "กระทรวงมหาดไทย", "agc": "กรมโยธาธิการและผังเมือง", "plan_name": "ฟื้นฟู ป้องกัน และจัดการภัยพิบัติ ", "stg_name": "ยุทธศาสตร์การจัดการทรัพยากรธรรมชาติและสิ่งแวดล้อม", "objc_level1_name": "งบลงทุน", "compare": [{"bb_amount": 5265000, "bb_province": "กาญจนบุรี", "gf_amount": 5265000, "gf_province": "กาญจนบุรี"}], "gf_amount_sum": 5265000}
