{"bb_code": "1500822040600Q21", "bb_year": "2559", "amount": 5116900, "min_code": "15000", "agc_code": "15008", "name": "ก่อสร้างระบบประปาหมู่บ้าน แบบผิวดินขนาดใหญ่ โดยก่อสร้างหอถังความจุ ๓๐ ลูกบาศก์เมตร พร้อมท่อจ่ายน้ำ ยาว ๒,๐๐๐ เมตร หมู่ที่ ๗ บ้านไสท้อน ตำบลสินปุน ตามแบบมาตรฐานกรมทรัพยากรน้ำ อบต.สินปุน อ.พระแสง จ.สุรา", "min": "กระทรวงมหาดไทย", "agc": "กรมส่งเสริมการปกครองท้องถิ่น", "plan_name": "บริหารจัดการทรัพยากรน้ำ", "stg_name": "ยุทธศาสตร์เร่งรัดวางรากฐานการพัฒนาที่ยั่งยืนของประเทศ", "objc_level1_name": "งบลงทุน", "compare": [{"bb_amount": 5116900, "bb_province": "สุราษฎร์ธานี"}], "gf_amount_sum": 0}
{"bb_code": "1500822040600J02", "bb_year": "2559", "amount": 5111600, "min_code": "15000", "agc_code": "15008", "name": "ก่อสร้างระบบประปาหมู่บ้านแบบผิวดินขนาดใหญ่มาก บ้านบะนางเจิม หมู่ที่ ๗ ตำบลห้วยแก้ง ตามแบบมาตรฐานกรมทรัพยากรน้ำ อบต.ห้วยแก้ง อ.กุดชุม จ.ยโสธร", "min": "กระทรวงมหาดไทย", "agc": "กรมส่งเสริมการปกครองท้องถิ่น", "plan_name": "บริหารจัดการทรัพยากรน้ำ", "stg_name": "ยุทธศาสตร์เร่งรัดวางรากฐานการพัฒนาที่ยั่งยืนของประเทศ", "objc_level1_name": "งบลงทุน", "compare": [{"bb_amount": 5111600, "bb_province": "ยโสธร"}], "gf_amount_sum": 0}
{"bb_code": "1500882005410006", "bb_year": "2559", "amount": 5111400, "min_code": "15000", "agc_code": "15008", "name": "ก่อสร้างบ้านพักข้าราชการ ระดับ 5-6 และครุภัณฑ์ประกอบ สำนักงานส่งเสริมการปกครองท้องถิ่นจังหวัดบึงกาฬ ตำบลบึงกาฬ อำเภอเมืองบึงกาฬ จังหวัดบึงกาฬ", "min": "กระทรวงมหาดไทย", "agc": "กรมส่งเสริมการปกครองท้องถิ่น", "plan_name": "พัฒนาประสิทธิภาพการบริหารราชการแผ่นดิน", "stg_name": "ยุทธศาสตร์การบริหารกิจการบ้านเมืองที่ดี", "objc_level1_name": "งบลงทุน", "compare": [{"bb_amount": 5111400, "bb_province": "บึงกาฬ", "gf_amount": 0, "gf_province": "บึงกาฬ"}], "gf_amount_sum": 0}
{"bb_code": "1500883002600M67", "bb_year": "2559", "amount": 5106300, "min_code": "15000", "agc_code": "15008", "name": "ซ่อมสร้างถนนลาดยาง Cape Seal สายบ้านคอดยาง - บ้านสวนขวัญ ตำบลหนองกระทุ่ม มีพื้นที่ไม่น้อยกว่า 20,800 ตารางเมตร อบจ.อุทัยธานี อ.ทัพทัน จ.อุทัยธานี", "min": "กระทรวงมหาดไทย", "agc": "กรมส่งเสริมการปกครองท้องถิ่น", "plan_name": "ส่งเสริมการกระจายอำนาจให้แก่องค์กรปกครองส่วนท้องถิ่น", "stg_name": "ยุทธศาสตร์การบริหารกิจการบ้านเมืองที่ดี", "objc_level1_name": "งบลงทุน", "compare": [{"bb_amount": 5106300, "bb_province": "อุทัยธานี"}], "gf_amount_sum": 0}
{"bb_code": "1500822040600DL9", "bb_year": "2559", "amount": 5103000, "min_code": "15000", "agc_code": "15008", "name": "ปรับปรุงซ่อมแซมสถานีสูบน้ำด้วยไฟฟ้า บ้านป่ายางตก 1 อบต.ย่านรี อ.สามเงา จ.ตาก", "min": "กระทรวงมหาดไทย", "agc": "กรมส่งเสริมการปกครองท้องถิ่น", "plan_name": "บริหารจัดการทรัพยากรน้ำ", "stg_name": "ยุทธศาสตร์เร่งรัดวางรากฐานการพัฒนาที่ยั่งยืนของประเทศ", "objc_level1_name": "งบลงทุน", "compare": [{"bb_amount": 5103000, "bb_province": "ตาก"}], "gf_amount_sum": 0}
{"bb_code": "1500883002600R15", "bb_year": "2559", "amount": 5101200, "min_code": "15000", "agc_code": "15008", "name": "ซ่อมสร้างถนนคอนกรีตเสริมเหล็กสายคลองเหีย - อ่าวม่วง เชื่อมหมู่ที่ ๑ บ้านคลองเหีย หมู่ที่ ๒ บ้านช่องหลาด และหมู่ที่ ๔ บ้านคลองบอน กว้าง ๕.๕๐ เมตร ยาว ๕,๐๐๐ เมตร หนา ๐.๑๕ เมตร หรือมีพื้นที่ไม่น้อยกว่า ๔", "min": "กระทรวงมหาดไทย", "agc": "กรมส่งเสริมการปกครองท้องถิ่น", "plan_name": "ส่งเสริมการกระจายอำนาจให้แก่องค์กรปกครองส่วนท้องถิ่น", "stg_name": "ยุทธศาสตร์การบริหารกิจการบ้านเมืองที่ดี", "objc_level1_name": "งบลงทุน", "compare": [{"bb_amount": 5101200, "bb_province": "พังงา"}], "gf_amount_sum": 0}
{"bb_code": "1500883002600DG9", "bb_year": "2559", "amount": 5100500, "min_code": "15000", "agc_code": "15008", "name": "ปรับปรุงถนนลาดยางแอสฟัลท์ติกคอนกรีต ( สาย อบจ.นม.๐๔๓๐๙ ) เทศบาลเมืองคง - บ้านไร่ ขนาดกว้าง ๘ เมตร ยาว ๑,๗๙๐ เมตร หนา ๐.๐๔ เมตร  อบจ.นครราชสีมา อ.คง จ.นครราชสีมา", "min": "กระทรวงมหาดไทย", "agc": "กรมส่งเสริมการปกครองท้องถิ่น", "plan_name": "ส่งเสริมการกระจายอำนาจให้แก่องค์กรปกครองส่วนท้องถิ่น", "stg_name": "ยุทธศาสตร์การบริหารกิจการบ้านเมืองที่ดี", "objc_level1_name": "งบลงทุน", "compare": [{"bb_amount": 5100500, "bb_province": "นครราชสีมา"}], "gf_amount_sum": 0}
{"bb_code": "1500883002600V56", "bb_year": "2559", "amount": 5100500, "min_code": "15000", "agc_code": "15008", "name": "ซ่อมสร้างบูรณะผิวทางลาดยางแอสฟัลท์ติกคอนกรีต โดยวิธี Pavement In-Place Recycling สาย สห ๕๐๔๕ - แยกทางหลวงชนบท สห ๒๐๐๕ - บ้านงิ้วราย หมู่ที่ ๑๐ ตำบลงิ้วราย กว้าง ๖ เมตร ยาว ๑,๕๔๒ เมตร หนา ๐.๐๕ เมตร อบต", "min": "กระทรวงมหาดไทย", "agc": "กรมส่งเสริมการปกครองท้องถิ่น", "plan_name": "ส่งเสริมการกระจายอำนาจให้แก่องค์กรปกครองส่วนท้องถิ่น", "stg_name": "ยุทธศาสตร์การบริหารกิจการบ้านเมืองที่ดี", "objc_level1_name": "งบลงทุน", "compare": [{"bb_amount": 5100500, "bb_province": "สิงห์บุรี"}], "gf_amount_sum": 0}
{"bb_code": "1500822040600F69", "bb_year": "2559", "amount": 5098500, "min_code": "15000", "agc_code": "15008", "name": "ก่อสร้างระบบประปาหมู่บ้าน แบบผิวดินขนาดใหญ่มาก บ้านหนองขมิ้น หมู่ที่ ๒ ตำบลไทรย้อย ตามแบบมาตรฐานกรมทรัพยากรน้ำ ทต.ไทรย้อย อ.เนินมะปราง จ.พิษณุโลก", "min": "กระทรวงมหาดไทย", "agc": "กรมส่งเสริมการปกครองท้องถิ่น", "plan_name": "บริหารจัดการทรัพยากรน้ำ", "stg_name": "ยุทธศาสตร์เร่งรัดวางรากฐานการพัฒนาที่ยั่งยืนของประเทศ", "objc_level1_name": "งบลงทุน", "compare": [{"bb_amount": 5098500, "bb_province": "พิษณุโลก"}], "gf_amount_sum": 0}
{"bb_code": "1500785013410097", "bb_year": "2559", "amount": 5093300, "min_code": "15000", "agc_code": "15007", "name": "โครงการฟาร์มตัวอย่างบ้านแป้น (ระยะที่ 3) ต.แป้น อ.สายบุรี จ.ปัตตานี", "min": "กระทรวงมหาดไทย", "agc": "กรมโยธาธิการและผังเมือง", "plan_name": "แก้ไขปัญหาและพัฒนาจังหวัดชายแดนภาคใต้", "stg_name": "ยุทธศาสตร์เร่งรัดวางรากฐานการพัฒนาที่ยั่งยืนของประเทศ", "objc_level1_name": "งบลงทุน", "compare": [{"bb_amount": 5093300, "bb_province": "ปัตตานี", "gf_amount": 2083159.7, "gf_province": "ปัตตานี"}], "gf_amount_sum": 2083159.7}
{"bb_code": "1500822040600758", "bb_year": "2559", "amount": 5091900, "min_code": "15000", "agc_code": "15008", "name": "ก่อสร้างระบบประปาหมู่บ้าน แบบผิวดินขนาดใหญ่มาก บ้านควนธานี หมู่ที่ ๒ ตำบลควนธานี ตามแบบมาตรฐานกรมทรัพยากรน้ำ อบต.ควนธานี อ.กันตัง จ.ตรัง", "min": "กระทรวงมหาดไทย", "agc": "กรมส่งเสริมการปกครองท้องถิ่น", "plan_name": "บริหารจัดการทรัพยากรน้ำ", "stg_name": "ยุทธศาสตร์เร่งรัดวางรากฐานการพัฒนาที่ยั่งยืนของประเทศ", "objc_level1_name": "งบลงทุน", "compare": [{"bb_amount": 5091900, "bb_province": "ตรัง"}], "gf_amount_sum": 0}
{"bb_code": "1500883002600Z62", "bb_year": "2559", "amount": 5091800, "min_code": "15000", "agc_code": "15008", "name": "ปรับปรุงซ่อมแซมถนนลาดยางผิวทางพาราแอสฟัลท์ติกคอนกรีต สายทาง มค.ถ. ๑-๐๐๕๑  บ้านเขวาไร่ หมู่ที่ ๑ ตำบลเขวาไร่ - บ้านสำโรง  หมู่ที่ ๑  ตำบลสำโรง  กว้าง  ๖ เมตร ยาว ๙๙๖  เมตร หนา  ๐.๐๕ เมตร  และงาน Deep P", "min": "กระทรวงมหาดไทย", "agc": "กรมส่งเสริมการปกครองท้องถิ่น", "plan_name": "ส่งเสริมการกระจายอำนาจให้แก่องค์กรปกครองส่วนท้องถิ่น", "stg_name": "ยุทธศาสตร์การบริหารกิจการบ้านเมืองที่ดี", "objc_level1_name": "งบลงทุน", "compare": [{"bb_amount": 5091800, "bb_province": "มหาสารคาม"}], "gf_amount_sum": 0}
{"bb_code": "1500822040600CQ1", "bb_year": "2559", "amount": 5090000, "min_code": "15000", "agc_code": "15008", "name": "ปรับปรุงซ่อมแซมสถานีสูบน้ำด้วยไฟฟ้า บ้านโนนสา ทต.โคกก่อง อ.เมืองบึงกาฬ จ.บึงกาฬ", "min": "กระทรวงมหาดไทย", "agc": "กรมส่งเสริมการปกครองท้องถิ่น", "plan_name": "บริหารจัดการทรัพยากรน้ำ", "stg_name": "ยุทธศาสตร์เร่งรัดวางรากฐานการพัฒนาที่ยั่งยืนของประเทศ", "objc_level1_name": "งบลงทุน", "compare": [{"bb_amount": 5090000, "bb_province": "บึงกาฬ"}], "gf_amount_sum": 0}
{"bb_code": "1500785013410106", "bb_year": "2559", "amount": 5088400, "min_code": "15000", "agc_code": "15007", "name": "โครงการปรับปรุงถนนในชุมชน สายเก่าอุโมงค์ - ฝายชลประทาน หมู่ที่ 3 ตำบลแม่ลาน อำเภอแม่ลาน จังหวัดปัตตานี กว้าง 4.00 ม. ระยะทาง 1.744 กม. หมู่บ้านพื้นที่ระดับ 3", "min": "กระทรวงมหาดไทย", "agc": "กรมโยธาธิการและผังเมือง", "plan_name": "แก้ไขปัญหาและพัฒนาจังหวัดชายแดนภาคใต้", "stg_name": "ยุทธศาสตร์เร่งรัดวางรากฐานการพัฒนาที่ยั่งยืนของประเทศ", "objc_level1_name": "งบลงทุน", "compare": [{"bb_amount": 5088400, "bb_province": "ปัตตานี", "gf_amount": 5088400, "gf_province": "ปัตตานี"}], "gf_amount_sum": 5088400}
{"bb_code": "1500786007420012", "bb_year": "2559", "amount": 5087000, "min_code": "15000", "agc_code": "15007", "name": "เขื่อนป้องกันตลิ่งริมแม่น้ำน้อย เขตเทศบาลตำบลแพรกศรีราชา (ต่อเนื่องเขื่อนเดิมด้านท้ายน้ำ) ต.สรรคบุรี อ.สรรคบุรี จ.ชัยนาท ความยาว 375 เมตร", "min": "กระทรวงมหาดไทย", "agc": "กรมโยธาธิการและผังเมือง", "plan_name": "ฟื้นฟู ป้องกัน และจัดการภัยพิบัติ ", "stg_name": "ยุทธศาสตร์การจัดการทรัพยากรธรรมชาติและสิ่งแวดล้อม", "objc_level1_name": "งบลงทุน", "compare": [{"bb_amount": 5087000, "bb_province": "ชัยนาท"}], "gf_amount_sum": 0}
{"bb_code": "1500883002600EO9", "bb_year": "2559", "amount": 5083100, "min_code": "15000", "agc_code": "15008", "name": "ซ่อมสร้างถนนลาดยางแอสฟัลท์ติกคอนกรีต สายแยกทางหลวงหมายเลข ๔  (กม.ที่ ๒๕+๕๐๐-บ้านควนนา)  หมู่ที่ ๗  บ้านควนนา  ตำบลกำแพงเพชร  อำเภอรัตภูมิ กว้าง  ๖.๐๐  เมตร  ยาว  ๑,๔๗๕  เมตร  หนา  ๐.๐๕  เมตร   ทม.กำแพ", "min": "กระทรวงมหาดไทย", "agc": "กรมส่งเสริมการปกครองท้องถิ่น", "plan_name": "ส่งเสริมการกระจายอำนาจให้แก่องค์กรปกครองส่วนท้องถิ่น", "stg_name": "ยุทธศาสตร์การบริหารกิจการบ้านเมืองที่ดี", "objc_level1_name": "งบลงทุน", "compare": [{"bb_amount": 5083100, "bb_province": "สงขลา"}], "gf_amount_sum": 0}
{"bb_code": "1500883002600HQ8", "bb_year": "2559", "amount": 5081200, "min_code": "15000", "agc_code": "15008", "name": "ปรับปรุงถนนแอสฟัลท์ติกคอนกรีต สายดงสวรรค์ - แกดำ หมู่ที่ ๑๓ กว้าง ๖ เมตร ยาว ๒,๐๐๐ เมตร หนา ๐.๐๔ เมตร ไหล่ทางข้างละ ๑ เมตร อบต.สว่างแดนดิน อ.สว่างแดนดิน จ.สกลนคร", "min": "กระทรวงมหาดไทย", "agc": "กรมส่งเสริมการปกครองท้องถิ่น", "plan_name": "ส่งเสริมการกระจายอำนาจให้แก่องค์กรปกครองส่วนท้องถิ่น", "stg_name": "ยุทธศาสตร์การบริหารกิจการบ้านเมืองที่ดี", "objc_level1_name": "งบลงทุน", "compare": [{"bb_amount": 5081200, "bb_province": "สกลนคร"}], "gf_amount_sum": 0}
{"bb_code": "1500883002600BG4", "bb_year": "2559", "amount": 5073200, "min_code": "15000", "agc_code": "15008", "name": "ปรับปรุงผิวจราจรถนนลาดยางแอสฟัลท์ติกคอนกรีตสายบ้านพรุบอน -  บ้านห้วยทรายขาว ตำบลละอาย, ตำบลนาแว หนา ๐.๐๔ เมตร หรือมีพื้นที่ไม่น้อยกว่า ๑๔,๘๐๘ ตารางเมตร  อบจ.นครศรีธรรมราช อ.ฉวาง จ.นครศรีธรรมราช", "min": "กระทรวงมหาดไทย", "agc": "กรมส่งเสริมการปกครองท้องถิ่น", "plan_name": "ส่งเสริมการกระจายอำนาจให้แก่องค์กรปกครองส่วนท้องถิ่น", "stg_name": "ยุทธศาสตร์การบริหารกิจการบ้านเมืองที่ดี", "objc_level1_name": "งบลงทุน", "compare": [{"bb_amount": 5073200, "bb_province": "นครศรีธรรมราช"}], "gf_amount_sum": 0}
{"bb_code": "1500883002600O37", "bb_year": "2559", "amount": 5071500, "min_code": "15000", "agc_code": "15008", "name": "ซ่อมสร้างถนนลาดยางผิวจราจรแอสฟัลท์ติกคอนกรีต ทางหลวงท้องถิ่น รหัสสายทาง นว.ถ. ๑-๐๐๒๒ บ้านทุ่งแม่น้ำน้อย-บ้านห้วยน้ำหอม ตำบลลาดยาว เชื่อมต่อ ตำบลห้วยน้ำหอม อำเภอลาดยาว กว้าง ๖ เมตร ยาว ๑,๘๓๕ เมตร หนา ๐", "min": "กระทรวงมหาดไทย", "agc": "กรมส่งเสริมการปกครองท้องถิ่น", "plan_name": "ส่งเสริมการกระจายอำนาจให้แก่องค์กรปกครองส่วนท้องถิ่น", "stg_name": "ยุทธศาสตร์การบริหารกิจการบ้านเมืองที่ดี", "objc_level1_name": "งบลงทุน", "compare": [{"bb_amount": 5071500, "bb_province": "นครสวรรค์"}], "gf_amount_sum": 0}
{"bb_code": "1500883002600N15", "bb_year": "2559", "amount": 5071500, "min_code": "15000", "agc_code": "15008", "name": "ซ่อมสร้างผิวทางแอสฟัลท์ติกคอนกรีต แบบ Overlay สายทางสามแยกทางหลวง ๓๔๓๘ (กม.๕๓+๓๐๐) - เขตรักษาพันธุ์สัตว์ป่าห้วยขาแข้ง หมู่ที่ ๑๐ ตำบลระบำ กว้าง ๖ เมตร ยาว ๒,๕๒๐ เมตร หนา ๐.๐๔ เมตร  อบต.ระบำ อ.ลานสัก จ", "min": "กระทรวงมหาดไทย", "agc": "กรมส่งเสริมการปกครองท้องถิ่น", "plan_name": "ส่งเสริมการกระจายอำนาจให้แก่องค์กรปกครองส่วนท้องถิ่น", "stg_name": "ยุทธศาสตร์การบริหารกิจการบ้านเมืองที่ดี", "objc_level1_name": "งบลงทุน", "compare": [{"bb_amount": 5071500, "bb_province": "อุทัยธานี"}], "gf_amount_sum": 0}
