{"bb_code": "1500822040600864", "bb_year": "2559", "amount": 4944500, "min_code": "15000", "agc_code": "15008", "name": "ก่อสร้างระบบประปาหมู่บ้าน แบบผิวดินขนาดใหญ่มาก บ้านกุดสิมพัฒนา หมู่ที่ ๙ ตำบลกุดสิมคุ้มใหม่ ตามแบบมาตรฐานกรมทรัพยากรน้ำ ทต.กุดสิมคุ้มใหม่ อ.เขาวง จ.กาฬสินธุ์", "min": "กระทรวงมหาดไทย", "agc": "กรมส่งเสริมการปกครองท้องถิ่น", "plan_name": "บริหารจัดการทรัพยากรน้ำ", "stg_name": "ยุทธศาสตร์เร่งรัดวางรากฐานการพัฒนาที่ยั่งยืนของประเทศ", "objc_level1_name": "งบลงทุน", "compare": [{"bb_amount": 4944500, "bb_province": "กาฬสินธุ์"}], "gf_amount_sum": 0}
{"bb_code": "1500822040600B52", "bb_year": "2559", "amount": 4944500, "min_code": "15000", "agc_code": "15008", "name": "ก่อสร้างประปาหมู่บ้าน แบบผิวดินขนาดใหญ่มาก บ้านอายเลา หมู่ที่ ๕ ตำบลทุ่งโพธิ์ ตามแบบมาตรฐานกรมทรัพยากรน้ำ อบต.ทุ่งโพธิ์ อ.จุฬาภรณ์ จ.นครศรีธรรมราช", "min": "กระทรวงมหาดไทย", "agc": "กรมส่งเสริมการปกครองท้องถิ่น", "plan_name": "บริหารจัดการทรัพยากรน้ำ", "stg_name": "ยุทธศาสตร์เร่งรัดวางรากฐานการพัฒนาที่ยั่งยืนของประเทศ", "objc_level1_name": "งบลงทุน", "compare": [{"bb_amount": 4944500, "bb_province": "นครศรีธรรมราช"}], "gf_amount_sum": 0}
{"bb_code": "1500822040600O43", "bb_year": "2559", "amount": 4944500, "min_code": "15000", "agc_code": "15008", "name": "ก่อสร้างระบบประปาหมู่บ้านแบบผิวดินขนาดใหญ่มาก พร้อมสร้างหอถัง หมู่ที่ ๔ บ้านต้นตาล ตำบลต้นตาล ตามแบบมาตรฐานกรมทรัพยากรน้ำ ทต.ต้นตาล-พระยาทด อ.เสาไห้ จ.สระบุรี", "min": "กระทรวงมหาดไทย", "agc": "กรมส่งเสริมการปกครองท้องถิ่น", "plan_name": "บริหารจัดการทรัพยากรน้ำ", "stg_name": "ยุทธศาสตร์เร่งรัดวางรากฐานการพัฒนาที่ยั่งยืนของประเทศ", "objc_level1_name": "งบลงทุน", "compare": [{"bb_amount": 4944500, "bb_province": "สระบุรี"}], "gf_amount_sum": 0}
{"bb_code": "1500822040600B80", "bb_year": "2559", "amount": 4944500, "min_code": "15000", "agc_code": "15008", "name": "ก่อสร้างระบบประปาหมู่บ้านแบบผิวดินขนาดใหญ่มาก หมู่ที่ ๓ วัดกลาง ตำบลบ้านขวาง ตามแบบมาตรฐานกรมทรัพยากรน้ำ อบต.บ้านขวาง อ.มหาราช จ.พระนครศรีอยุธยา", "min": "กระทรวงมหาดไทย", "agc": "กรมส่งเสริมการปกครองท้องถิ่น", "plan_name": "บริหารจัดการทรัพยากรน้ำ", "stg_name": "ยุทธศาสตร์เร่งรัดวางรากฐานการพัฒนาที่ยั่งยืนของประเทศ", "objc_level1_name": "งบลงทุน", "compare": [{"bb_amount": 4944500, "bb_province": "พระนครศรีอยุธยา"}], "gf_amount_sum": 0}
{"bb_code": "1500822040600W19", "bb_year": "2559", "amount": 4944500, "min_code": "15000", "agc_code": "15008", "name": "ก่อสร้างประปาหมู่บ้านแบบผิวดินขนาดใหญ่มาก บ้านตาด หมู่ที่ ๖ ตำบลตาโกน  ตามแบบมาตรฐานกรมทรัพยากรน้ำ อบต.ตาโกน อ.เมืองจันทร์ จ.ศรีสะเกษ", "min": "กระทรวงมหาดไทย", "agc": "กรมส่งเสริมการปกครองท้องถิ่น", "plan_name": "บริหารจัดการทรัพยากรน้ำ", "stg_name": "ยุทธศาสตร์เร่งรัดวางรากฐานการพัฒนาที่ยั่งยืนของประเทศ", "objc_level1_name": "งบลงทุน", "compare": [{"bb_amount": 4944500, "bb_province": "ศรีสะเกษ"}], "gf_amount_sum": 0}
{"bb_code": "1500822040600T09", "bb_year": "2559", "amount": 4944500, "min_code": "15000", "agc_code": "15008", "name": "ก่อสร้างระบบประปาหมู่บ้านแบบผิวดินขนาดใหญ่มาก บ้านซองแมว หมู่ที่ ๗  ตำบลบัวโคก ตามแบบมาตรฐานกรมทรัพยากรน้ำ อบต.บัวโคก อ.ท่าตูม จ.สุรินทร์", "min": "กระทรวงมหาดไทย", "agc": "กรมส่งเสริมการปกครองท้องถิ่น", "plan_name": "บริหารจัดการทรัพยากรน้ำ", "stg_name": "ยุทธศาสตร์เร่งรัดวางรากฐานการพัฒนาที่ยั่งยืนของประเทศ", "objc_level1_name": "งบลงทุน", "compare": [{"bb_amount": 4944500, "bb_province": "สุรินทร์"}], "gf_amount_sum": 0}
{"bb_code": "1500822040600G55", "bb_year": "2559", "amount": 4944500, "min_code": "15000", "agc_code": "15008", "name": "ก่อสร้างประปาหมู่บ้านแบบผิวดินขนาดใหญ่มาก หมู่ที่ ๒ บ้านวัดสำโรง ตำบลน้ำทรง ตามแบบมาตรฐานกรมทรัพยากรน้ำกำหนด อบต.น้ำทรง อ.พยุหะคีรี จ.นครสวรรค์", "min": "กระทรวงมหาดไทย", "agc": "กรมส่งเสริมการปกครองท้องถิ่น", "plan_name": "บริหารจัดการทรัพยากรน้ำ", "stg_name": "ยุทธศาสตร์เร่งรัดวางรากฐานการพัฒนาที่ยั่งยืนของประเทศ", "objc_level1_name": "งบลงทุน", "compare": [{"bb_amount": 4944500, "bb_province": "นครสวรรค์"}], "gf_amount_sum": 0}
{"bb_code": "1500822040600G05", "bb_year": "2559", "amount": 4944500, "min_code": "15000", "agc_code": "15008", "name": "ก่อสร้างระบบประปาหมู่บ้าน แบบผิวดินขนาดใหญ่มาก บ้านโพธิ์ณรงค์ หมู่ที่ ๘ ตำบลแหลมทอง ตามแบบมาตรฐานกรมทรัพยากรน้ำ ทต.แหลมทอง อ.หนองบุญมาก จ.นครราชสีมา", "min": "กระทรวงมหาดไทย", "agc": "กรมส่งเสริมการปกครองท้องถิ่น", "plan_name": "บริหารจัดการทรัพยากรน้ำ", "stg_name": "ยุทธศาสตร์เร่งรัดวางรากฐานการพัฒนาที่ยั่งยืนของประเทศ", "objc_level1_name": "งบลงทุน", "compare": [{"bb_amount": 4944500, "bb_province": "นครราชสีมา"}], "gf_amount_sum": 0}
{"bb_code": "1500822040600J20", "bb_year": "2559", "amount": 4944500, "min_code": "15000", "agc_code": "15008", "name": "ก่อสร้างระบบประปาหมู่บ้านแบบผิวดินขนาดใหญ่มาก บ้านหนองยางขาคีม หมู่ที่ ๑ ตำบลหนองบัว ตามแบบมาตรฐานกรมทรัพยากรน้ำ อบต.หนองบัว อ.บ้านค่าย จ.ระยอง", "min": "กระทรวงมหาดไทย", "agc": "กรมส่งเสริมการปกครองท้องถิ่น", "plan_name": "บริหารจัดการทรัพยากรน้ำ", "stg_name": "ยุทธศาสตร์เร่งรัดวางรากฐานการพัฒนาที่ยั่งยืนของประเทศ", "objc_level1_name": "งบลงทุน", "compare": [{"bb_amount": 4944500, "bb_province": "ระยอง"}], "gf_amount_sum": 0}
{"bb_code": "1500822040600J13", "bb_year": "2559", "amount": 4944500, "min_code": "15000", "agc_code": "15008", "name": "ก่อสร้างระบบประปาหมู่บ้านแบบผิวดินขนาดใหญ่มาก บ้านคลองหิน หมู่ที่ ๑ ตำบลห้วยทับมอญ ตามแบบมาตรฐานกรมทรัพยากรน้ำ อบต.เขาชะเมา อ.เขาชะเมา จ.ระยอง", "min": "กระทรวงมหาดไทย", "agc": "กรมส่งเสริมการปกครองท้องถิ่น", "plan_name": "บริหารจัดการทรัพยากรน้ำ", "stg_name": "ยุทธศาสตร์เร่งรัดวางรากฐานการพัฒนาที่ยั่งยืนของประเทศ", "objc_level1_name": "งบลงทุน", "compare": [{"bb_amount": 4944500, "bb_province": "ระยอง"}], "gf_amount_sum": 0}
{"bb_code": "1500822040600J14", "bb_year": "2559", "amount": 4944500, "min_code": "15000", "agc_code": "15008", "name": "ก่อสร้างระบบประปาหมู่บ้านแบบผิวดินขนาดใหญ่มาก บริเวณสระน้ำอัสสัม หมู่ที่ ๕ ตำบลเขาน้อย ตามแบบมาตรฐานกรมทรัพยากรน้ำ อบต.เขาน้อย อ.เขาชะเมา จ.ระยอง", "min": "กระทรวงมหาดไทย", "agc": "กรมส่งเสริมการปกครองท้องถิ่น", "plan_name": "บริหารจัดการทรัพยากรน้ำ", "stg_name": "ยุทธศาสตร์เร่งรัดวางรากฐานการพัฒนาที่ยั่งยืนของประเทศ", "objc_level1_name": "งบลงทุน", "compare": [{"bb_amount": 4944500, "bb_province": "ระยอง"}], "gf_amount_sum": 0}
{"bb_code": "1500822040600J08", "bb_year": "2559", "amount": 4944500, "min_code": "15000", "agc_code": "15008", "name": "ก่อสร้างประปาหมู่บ้านประเภทผิวดินขนาดใหญ่มาก บ้านหนองชุมแสง หมู่ที่ ๑ ตำบลวังหว้า ตามแบบมาตรฐานกรมทรัพยากรน้ำ อบต.วังหว้า อ.แกลง จ.ระยอง", "min": "กระทรวงมหาดไทย", "agc": "กรมส่งเสริมการปกครองท้องถิ่น", "plan_name": "บริหารจัดการทรัพยากรน้ำ", "stg_name": "ยุทธศาสตร์เร่งรัดวางรากฐานการพัฒนาที่ยั่งยืนของประเทศ", "objc_level1_name": "งบลงทุน", "compare": [{"bb_amount": 4944500, "bb_province": "ระยอง"}], "gf_amount_sum": 0}
{"bb_code": "1500822040600C19", "bb_year": "2559", "amount": 4944500, "min_code": "15000", "agc_code": "15008", "name": "ก่อสร้างระบบประปาหมู่บ้าน แบบผิวดินขนาดใหญ่มาก บ้านห้วยดอกเข็ม หมู่ที่ ๗ ตำบลดงสุวรรณ ตามแบบมาตรฐานกรมทรัพยากรน้ำ อบต.ดงสุวรรณ อ.ดอกคำใต้ จ.พะเยา", "min": "กระทรวงมหาดไทย", "agc": "กรมส่งเสริมการปกครองท้องถิ่น", "plan_name": "บริหารจัดการทรัพยากรน้ำ", "stg_name": "ยุทธศาสตร์เร่งรัดวางรากฐานการพัฒนาที่ยั่งยืนของประเทศ", "objc_level1_name": "งบลงทุน", "compare": [{"bb_amount": 4944500, "bb_province": "พะเยา"}], "gf_amount_sum": 0}
{"bb_code": "1500822040600749", "bb_year": "2559", "amount": 4944500, "min_code": "15000", "agc_code": "15008", "name": "ก่อสร้างระบบประปาหมู่บ้านแบบผิวดินขนาดใหญ่มาก หมู่ที่ ๓ บ้านท่ากุ่ม ตำบลท่ากุ่ม ตามแบบมาตรฐานกรมทรัพยากรน้ำ อบต.ท่ากุ่ม อ.เมืองตราด จ.ตราด", "min": "กระทรวงมหาดไทย", "agc": "กรมส่งเสริมการปกครองท้องถิ่น", "plan_name": "บริหารจัดการทรัพยากรน้ำ", "stg_name": "ยุทธศาสตร์เร่งรัดวางรากฐานการพัฒนาที่ยั่งยืนของประเทศ", "objc_level1_name": "งบลงทุน", "compare": [{"bb_amount": 4944500, "bb_province": "ตราด"}], "gf_amount_sum": 0}
{"bb_code": "1500822040600123", "bb_year": "2559", "amount": 4944500, "min_code": "15000", "agc_code": "15008", "name": "ก่อสร้างประปาหมู่บ้านแบบผิวดินขนาดใหญ่มาก หมู่ที่ ๖ บ้านหัวแหลม ตำบลท่าช้าง ตามแบบมาตรฐานกรมทรัพยากรน้ำ อบต.ท่าช้าง อ.เมืองจันทบุรี จ.จันทบุรี", "min": "กระทรวงมหาดไทย", "agc": "กรมส่งเสริมการปกครองท้องถิ่น", "plan_name": "บริหารจัดการทรัพยากรน้ำ", "stg_name": "ยุทธศาสตร์เร่งรัดวางรากฐานการพัฒนาที่ยั่งยืนของประเทศ", "objc_level1_name": "งบลงทุน", "compare": [{"bb_amount": 4944500, "bb_province": "จันทบุรี"}], "gf_amount_sum": 0}
{"bb_code": "1500822040600B69", "bb_year": "2559", "amount": 4944500, "min_code": "15000", "agc_code": "15008", "name": "ก่อสร้างระบบประปาหมู่บ้านแบบผิวดินขนาดใหญ่มาก หมู่ที่ ๑ ตำบลหนองน้ำใหญ่ ตามแบบมาตรฐานกรมทรัพยากรน้ำ ทต.ลาดชะโด อ.ผักไห่ จ.พระนครศรีอยุธยา", "min": "กระทรวงมหาดไทย", "agc": "กรมส่งเสริมการปกครองท้องถิ่น", "plan_name": "บริหารจัดการทรัพยากรน้ำ", "stg_name": "ยุทธศาสตร์เร่งรัดวางรากฐานการพัฒนาที่ยั่งยืนของประเทศ", "objc_level1_name": "งบลงทุน", "compare": [{"bb_amount": 4944500, "bb_province": "พระนครศรีอยุธยา"}], "gf_amount_sum": 0}
{"bb_code": "1500822040600I90", "bb_year": "2559", "amount": 4944500, "min_code": "15000", "agc_code": "15008", "name": "ก่อสร้างระบบประปาแบบผิวดินขนาดใหญ่มาก บ้านห้วยโป่ง หมู่ที่ ๑ ตำบลห้วยโป่ง ตามแบบมาตรฐานกรมทรัพยากรน้ำ อบต.ห้วยโป่ง อ.เมืองแม่ฮ่องสอน จ.แม่ฮ่องสอน", "min": "กระทรวงมหาดไทย", "agc": "กรมส่งเสริมการปกครองท้องถิ่น", "plan_name": "บริหารจัดการทรัพยากรน้ำ", "stg_name": "ยุทธศาสตร์เร่งรัดวางรากฐานการพัฒนาที่ยั่งยืนของประเทศ", "objc_level1_name": "งบลงทุน", "compare": [{"bb_amount": 4944500, "bb_province": "แม่ฮ่องสอน"}], "gf_amount_sum": 0}
{"bb_code": "1500822040600AP1", "bb_year": "2559", "amount": 4944500, "min_code": "15000", "agc_code": "15008", "name": "ก่อสร้างระบบประปาหมู่บ้าน แบบผิวดินขนาดใหญ่มาก บ้านสระพระพัฒนา หมู่ที่ ๑๑ ตำบลสระพระ ตามแบบมาตรฐานกรมทรัพยากรน้ำ ทต.สระพระ อ.พระทองคำ จ.นครราชสีมา", "min": "กระทรวงมหาดไทย", "agc": "กรมส่งเสริมการปกครองท้องถิ่น", "plan_name": "บริหารจัดการทรัพยากรน้ำ", "stg_name": "ยุทธศาสตร์เร่งรัดวางรากฐานการพัฒนาที่ยั่งยืนของประเทศ", "objc_level1_name": "งบลงทุน", "compare": [{"bb_amount": 4944500, "bb_province": "นครราชสีมา"}], "gf_amount_sum": 0}
{"bb_code": "1500822040600AX5", "bb_year": "2559", "amount": 4944500, "min_code": "15000", "agc_code": "15008", "name": "ก่อสร้างประปาหมู่บ้าน แบบผิวดินขนาดใหญ่มาก  หมู่ที่ ๗ บ้านคลองกา ตำบลดุสิต ตามแบบกรมทรัพยากรน้ำ อบต.ดุสิต อ.ถ้ำพรรณรา จ.นครศรีธรรมราช", "min": "กระทรวงมหาดไทย", "agc": "กรมส่งเสริมการปกครองท้องถิ่น", "plan_name": "บริหารจัดการทรัพยากรน้ำ", "stg_name": "ยุทธศาสตร์เร่งรัดวางรากฐานการพัฒนาที่ยั่งยืนของประเทศ", "objc_level1_name": "งบลงทุน", "compare": [{"bb_amount": 4944500, "bb_province": "นครศรีธรรมราช"}], "gf_amount_sum": 0}
{"bb_code": "1500822040600Z19", "bb_year": "2559", "amount": 4944500, "min_code": "15000", "agc_code": "15008", "name": "ก่อสร้างระบบประปาหมู่บ้าน แบบผิวดินขนาดใหญ่มาก หมู่ที่ ๕ บ้านโสกพอก ตำบลบึงโขงหลง ตามแบบมาตรฐานกรมทรัพยากรน้ำ ทต.บึงงาม อ.บึงโขงหลง จ.บึงกาฬ", "min": "กระทรวงมหาดไทย", "agc": "กรมส่งเสริมการปกครองท้องถิ่น", "plan_name": "บริหารจัดการทรัพยากรน้ำ", "stg_name": "ยุทธศาสตร์เร่งรัดวางรากฐานการพัฒนาที่ยั่งยืนของประเทศ", "objc_level1_name": "งบลงทุน", "compare": [{"bb_amount": 4944500, "bb_province": "บึงกาฬ"}], "gf_amount_sum": 0}
