{"bb_code": "1500822040600Z76", "bb_year": "2559", "amount": 4944500, "min_code": "15000", "agc_code": "15008", "name": "ก่อสร้างระบบประปาหมู่บ้านแบบผิวดินขนาดใหญ่มาก หมู่ที่ ๗ บ้านชายทะเล ตำบลห้วยยาง ตามแบบมาตรฐานกรมทรัพยากรน้ำ อบต.ห้วยยาง อ.ทับสะแก จ.ประจวบคีรีขันธ์", "min": "กระทรวงมหาดไทย", "agc": "กรมส่งเสริมการปกครองท้องถิ่น", "plan_name": "บริหารจัดการทรัพยากรน้ำ", "stg_name": "ยุทธศาสตร์เร่งรัดวางรากฐานการพัฒนาที่ยั่งยืนของประเทศ", "objc_level1_name": "งบลงทุน", "compare": [{"bb_amount": 4944500, "bb_province": "ประจวบคีรีขันธ์"}], "gf_amount_sum": 0}
{"bb_code": "1500822040600973", "bb_year": "2559", "amount": 4944500, "min_code": "15000", "agc_code": "15008", "name": "ก่อสร้างระบบประปาแบบผิวดินขนาดใหญ่มาก หมู่ที่ ๗ บ้านท่าลาภ ตำบลธรรมามูล ตามแบบมาตรฐานกรมทรัพยากรน้ำกำหนด ทต.ธรรมามูล อ.เมืองชัยนาท จ.ชัยนาท", "min": "กระทรวงมหาดไทย", "agc": "กรมส่งเสริมการปกครองท้องถิ่น", "plan_name": "บริหารจัดการทรัพยากรน้ำ", "stg_name": "ยุทธศาสตร์เร่งรัดวางรากฐานการพัฒนาที่ยั่งยืนของประเทศ", "objc_level1_name": "งบลงทุน", "compare": [{"bb_amount": 4944500, "bb_province": "ชัยนาท"}], "gf_amount_sum": 0}
{"bb_code": "1500822040600123", "bb_year": "2559", "amount": 4944500, "min_code": "15000", "agc_code": "15008", "name": "ก่อสร้างประปาหมู่บ้านแบบผิวดินขนาดใหญ่มาก หมู่ที่ ๖ บ้านหัวแหลม ตำบลท่าช้าง ตามแบบมาตรฐานกรมทรัพยากรน้ำ อบต.ท่าช้าง อ.เมืองจันทบุรี จ.จันทบุรี", "min": "กระทรวงมหาดไทย", "agc": "กรมส่งเสริมการปกครองท้องถิ่น", "plan_name": "บริหารจัดการทรัพยากรน้ำ", "stg_name": "ยุทธศาสตร์เร่งรัดวางรากฐานการพัฒนาที่ยั่งยืนของประเทศ", "objc_level1_name": "งบลงทุน", "compare": [{"bb_amount": 4944500, "bb_province": "จันทบุรี"}], "gf_amount_sum": 0}
{"bb_code": "1500822040600B37", "bb_year": "2559", "amount": 4944500, "min_code": "15000", "agc_code": "15008", "name": "ก่อสร้างระบบประปาหมู่บ้านแบบผิวดินขนาดใหญ่มาก หมู่ที่ ๓ บ้านพระนอนลาว ตำบลพระนอน ตามแบบมาตรฐานกรมทรัพยากรน้ำ ทต.อรัญญิก อ.นครหลวง จ.พระนครศรีอยุธยา", "min": "กระทรวงมหาดไทย", "agc": "กรมส่งเสริมการปกครองท้องถิ่น", "plan_name": "บริหารจัดการทรัพยากรน้ำ", "stg_name": "ยุทธศาสตร์เร่งรัดวางรากฐานการพัฒนาที่ยั่งยืนของประเทศ", "objc_level1_name": "งบลงทุน", "compare": [{"bb_amount": 4944500, "bb_province": "พระนครศรีอยุธยา"}], "gf_amount_sum": 0}
{"bb_code": "1500822040600971", "bb_year": "2559", "amount": 4944500, "min_code": "15000", "agc_code": "15008", "name": "ก่อสร้างระบบประปาแบบผิวดินขนาดใหญ่มาก หมู่ที่ ๒ บ้านธรรมามูลเหนือวัด ตำบลธรรมามูล ตามแบบมาตรฐานกรมทรัพยากรน้ำกำหนด ทต.ธรรมามูล อ.เมืองชัยนาท จ.ชัยนาท", "min": "กระทรวงมหาดไทย", "agc": "กรมส่งเสริมการปกครองท้องถิ่น", "plan_name": "บริหารจัดการทรัพยากรน้ำ", "stg_name": "ยุทธศาสตร์เร่งรัดวางรากฐานการพัฒนาที่ยั่งยืนของประเทศ", "objc_level1_name": "งบลงทุน", "compare": [{"bb_amount": 4944500, "bb_province": "ชัยนาท"}], "gf_amount_sum": 0}
{"bb_code": "1500822040600J25", "bb_year": "2559", "amount": 4944500, "min_code": "15000", "agc_code": "15008", "name": "ก่อสร้างระบบประปาหมู่บ้านแบบผิวดินขนาดใหญ่มาก หมู่ที่ ๖ บ้านตะเกราทอง ตำบลบ้านแลง ตามแบบมาตรฐานกรมทรัพยากรน้ำ  อบต.บ้านแลง อ.เมืองระยอง จ.ระยอง", "min": "กระทรวงมหาดไทย", "agc": "กรมส่งเสริมการปกครองท้องถิ่น", "plan_name": "บริหารจัดการทรัพยากรน้ำ", "stg_name": "ยุทธศาสตร์เร่งรัดวางรากฐานการพัฒนาที่ยั่งยืนของประเทศ", "objc_level1_name": "งบลงทุน", "compare": [{"bb_amount": 4944500, "bb_province": "ระยอง"}], "gf_amount_sum": 0}
{"bb_code": "1500822040600AL5", "bb_year": "2559", "amount": 4944500, "min_code": "15000", "agc_code": "15008", "name": "ก่อสร้างระบบประปาหมู่บ้าน แบบผิวดินขนาดใหญ่มาก หมู่ที่ ๒,๙ บ้านโนนสำราญ ตามแบบมาตรฐานกรมทรัพยากรน้ำ อบต.โนนสำราญ อ.เมืองชัยภูมิ จ.ชัยภูมิ", "min": "กระทรวงมหาดไทย", "agc": "กรมส่งเสริมการปกครองท้องถิ่น", "plan_name": "บริหารจัดการทรัพยากรน้ำ", "stg_name": "ยุทธศาสตร์เร่งรัดวางรากฐานการพัฒนาที่ยั่งยืนของประเทศ", "objc_level1_name": "งบลงทุน", "compare": [{"bb_amount": 4944500, "bb_province": "ชัยภูมิ"}], "gf_amount_sum": 0}
{"bb_code": "1500822040600J21", "bb_year": "2559", "amount": 4944500, "min_code": "15000", "agc_code": "15008", "name": "ก่อสร้างระบบประปาหมู่บ้านผิวดินขนาดใหญ่มาก บ้านหนองละลอก หมู่ที่ ๓ ตำบลหนองละลอก ตามแบบมาตรฐานกรมทรัพยากรน้ำ อบต.หนองละลอก อ.บ้านค่าย จ.ระยอง", "min": "กระทรวงมหาดไทย", "agc": "กรมส่งเสริมการปกครองท้องถิ่น", "plan_name": "บริหารจัดการทรัพยากรน้ำ", "stg_name": "ยุทธศาสตร์เร่งรัดวางรากฐานการพัฒนาที่ยั่งยืนของประเทศ", "objc_level1_name": "งบลงทุน", "compare": [{"bb_amount": 4944500, "bb_province": "ระยอง"}], "gf_amount_sum": 0}
{"bb_code": "1500822040600T58", "bb_year": "2559", "amount": 4944500, "min_code": "15000", "agc_code": "15008", "name": "ก่อสร้างระบบประปาหมู่บ้านแบบผิวดินขนาดใหญ่มาก บ้านสนพัฒนา หมู่ที่ ๕ ตำบลสะเดา ตามแบบมาตรฐานกรมทรัพยากรน้ำ อบต.สะเดา อ.บัวเชด จ.สุรินทร์", "min": "กระทรวงมหาดไทย", "agc": "กรมส่งเสริมการปกครองท้องถิ่น", "plan_name": "บริหารจัดการทรัพยากรน้ำ", "stg_name": "ยุทธศาสตร์เร่งรัดวางรากฐานการพัฒนาที่ยั่งยืนของประเทศ", "objc_level1_name": "งบลงทุน", "compare": [{"bb_amount": 4944500, "bb_province": "สุรินทร์"}], "gf_amount_sum": 0}
{"bb_code": "1500822040600B44", "bb_year": "2559", "amount": 4944500, "min_code": "15000", "agc_code": "15008", "name": "ก่อสร้างระบบประปาหมู่บ้านแบบผิวดินขนาดใหญ่มาก หมู่ที่ ๖ ชุมชนนิมิตใหม่ ตำบลบางปะหัน ตามแบบมาตรฐานกรมทรัพยากรน้ำ ทต.บางปะหัน อ.บางปะหัน จ.พระนครศรีอยุธยา", "min": "กระทรวงมหาดไทย", "agc": "กรมส่งเสริมการปกครองท้องถิ่น", "plan_name": "บริหารจัดการทรัพยากรน้ำ", "stg_name": "ยุทธศาสตร์เร่งรัดวางรากฐานการพัฒนาที่ยั่งยืนของประเทศ", "objc_level1_name": "งบลงทุน", "compare": [{"bb_amount": 4944500, "bb_province": "พระนครศรีอยุธยา"}], "gf_amount_sum": 0}
{"bb_code": "1500822040600J20", "bb_year": "2559", "amount": 4944500, "min_code": "15000", "agc_code": "15008", "name": "ก่อสร้างระบบประปาหมู่บ้านแบบผิวดินขนาดใหญ่มาก บ้านหนองยางขาคีม หมู่ที่ ๑ ตำบลหนองบัว ตามแบบมาตรฐานกรมทรัพยากรน้ำ อบต.หนองบัว อ.บ้านค่าย จ.ระยอง", "min": "กระทรวงมหาดไทย", "agc": "กรมส่งเสริมการปกครองท้องถิ่น", "plan_name": "บริหารจัดการทรัพยากรน้ำ", "stg_name": "ยุทธศาสตร์เร่งรัดวางรากฐานการพัฒนาที่ยั่งยืนของประเทศ", "objc_level1_name": "งบลงทุน", "compare": [{"bb_amount": 4944500, "bb_province": "ระยอง"}], "gf_amount_sum": 0}
{"bb_code": "1500822040600J14", "bb_year": "2559", "amount": 4944500, "min_code": "15000", "agc_code": "15008", "name": "ก่อสร้างระบบประปาหมู่บ้านแบบผิวดินขนาดใหญ่มาก บริเวณสระน้ำอัสสัม หมู่ที่ ๕ ตำบลเขาน้อย ตามแบบมาตรฐานกรมทรัพยากรน้ำ อบต.เขาน้อย อ.เขาชะเมา จ.ระยอง", "min": "กระทรวงมหาดไทย", "agc": "กรมส่งเสริมการปกครองท้องถิ่น", "plan_name": "บริหารจัดการทรัพยากรน้ำ", "stg_name": "ยุทธศาสตร์เร่งรัดวางรากฐานการพัฒนาที่ยั่งยืนของประเทศ", "objc_level1_name": "งบลงทุน", "compare": [{"bb_amount": 4944500, "bb_province": "ระยอง"}], "gf_amount_sum": 0}
{"bb_code": "1500822040600U80", "bb_year": "2559", "amount": 4944500, "min_code": "15000", "agc_code": "15008", "name": "ก่อสร้างประปาหมู่บ้านแบบผิวดินขนาดใหญ่มาก บ้านสวาย หมู่ที่ ๒ ตำบลไพรบึง ตามแบบมาตรฐานกรมทรัพยากรน้ำ ทต.ไพรบึง อ.ไพรบึง จ.ศรีสะเกษ", "min": "กระทรวงมหาดไทย", "agc": "กรมส่งเสริมการปกครองท้องถิ่น", "plan_name": "บริหารจัดการทรัพยากรน้ำ", "stg_name": "ยุทธศาสตร์เร่งรัดวางรากฐานการพัฒนาที่ยั่งยืนของประเทศ", "objc_level1_name": "งบลงทุน", "compare": [{"bb_amount": 4944500, "bb_province": "ศรีสะเกษ"}], "gf_amount_sum": 0}
{"bb_code": "1500822040600951", "bb_year": "2559", "amount": 4944500, "min_code": "15000", "agc_code": "15008", "name": "ก่อสร้างระบบประปาหมู่บ้าน แบบผิวดินขนาดใหญ่มาก บ้านโคกเจริญ หมู่ที่ ๓ ตำบลหนองกุงศรี ตามแบบมาตรฐานกรมทรัพยากรน้ำ ทต.คำก้าว อ.หนองกุงศรี จ.กาฬสินธุ์", "min": "กระทรวงมหาดไทย", "agc": "กรมส่งเสริมการปกครองท้องถิ่น", "plan_name": "บริหารจัดการทรัพยากรน้ำ", "stg_name": "ยุทธศาสตร์เร่งรัดวางรากฐานการพัฒนาที่ยั่งยืนของประเทศ", "objc_level1_name": "งบลงทุน", "compare": [{"bb_amount": 4944500, "bb_province": "กาฬสินธุ์"}], "gf_amount_sum": 0}
{"bb_code": "1500822040600G05", "bb_year": "2559", "amount": 4944500, "min_code": "15000", "agc_code": "15008", "name": "ก่อสร้างระบบประปาหมู่บ้าน แบบผิวดินขนาดใหญ่มาก บ้านโพธิ์ณรงค์ หมู่ที่ ๘ ตำบลแหลมทอง ตามแบบมาตรฐานกรมทรัพยากรน้ำ ทต.แหลมทอง อ.หนองบุญมาก จ.นครราชสีมา", "min": "กระทรวงมหาดไทย", "agc": "กรมส่งเสริมการปกครองท้องถิ่น", "plan_name": "บริหารจัดการทรัพยากรน้ำ", "stg_name": "ยุทธศาสตร์เร่งรัดวางรากฐานการพัฒนาที่ยั่งยืนของประเทศ", "objc_level1_name": "งบลงทุน", "compare": [{"bb_amount": 4944500, "bb_province": "นครราชสีมา"}], "gf_amount_sum": 0}
{"bb_code": "1500822040600B36", "bb_year": "2559", "amount": 4944500, "min_code": "15000", "agc_code": "15008", "name": "ก่อสร้างระบบประปาหมู่บ้านแบบผิวดินขนาดใหญ่มาก หมู่ที่ ๒ บ้านพระนอนไทย ตำบลพระนอน ตามแบบมาตรฐานกรมทรัพยากรน้ำ ทต.อรัญญิก อ.นครหลวง จ.พระนครศรีอยุธยา", "min": "กระทรวงมหาดไทย", "agc": "กรมส่งเสริมการปกครองท้องถิ่น", "plan_name": "บริหารจัดการทรัพยากรน้ำ", "stg_name": "ยุทธศาสตร์เร่งรัดวางรากฐานการพัฒนาที่ยั่งยืนของประเทศ", "objc_level1_name": "งบลงทุน", "compare": [{"bb_amount": 4944500, "bb_province": "พระนครศรีอยุธยา"}], "gf_amount_sum": 0}
{"bb_code": "1500822040600J13", "bb_year": "2559", "amount": 4944500, "min_code": "15000", "agc_code": "15008", "name": "ก่อสร้างระบบประปาหมู่บ้านแบบผิวดินขนาดใหญ่มาก บ้านคลองหิน หมู่ที่ ๑ ตำบลห้วยทับมอญ ตามแบบมาตรฐานกรมทรัพยากรน้ำ อบต.เขาชะเมา อ.เขาชะเมา จ.ระยอง", "min": "กระทรวงมหาดไทย", "agc": "กรมส่งเสริมการปกครองท้องถิ่น", "plan_name": "บริหารจัดการทรัพยากรน้ำ", "stg_name": "ยุทธศาสตร์เร่งรัดวางรากฐานการพัฒนาที่ยั่งยืนของประเทศ", "objc_level1_name": "งบลงทุน", "compare": [{"bb_amount": 4944500, "bb_province": "ระยอง"}], "gf_amount_sum": 0}
{"bb_code": "1500822040600J07", "bb_year": "2559", "amount": 4944500, "min_code": "15000", "agc_code": "15008", "name": "ก่อสร้างระบบประปาหมู่บ้าน แบบผิวดินขนาดใหญ่มาก บ้านมงคล หมู่ที่ ๒ ตำบลทุ่งควายกิน ตามแบบมาตรฐานกรมทรัพยากรน้ำ อบต.ทุ่งควายกิน อ.แกลง จ.ระยอง", "min": "กระทรวงมหาดไทย", "agc": "กรมส่งเสริมการปกครองท้องถิ่น", "plan_name": "บริหารจัดการทรัพยากรน้ำ", "stg_name": "ยุทธศาสตร์เร่งรัดวางรากฐานการพัฒนาที่ยั่งยืนของประเทศ", "objc_level1_name": "งบลงทุน", "compare": [{"bb_amount": 4944500, "bb_province": "ระยอง"}], "gf_amount_sum": 0}
{"bb_code": "1500822040600U05", "bb_year": "2559", "amount": 4944500, "min_code": "15000", "agc_code": "15008", "name": "ก่อสร้างระบบประปาหมู่บ้านแบบผิวดินขนาดใหญ่มาก บ้านดอนแรด หมู่ที่ ๒ ตำบลดอนแรด ตามแบบมาตรฐานกรมทรัพยากรน้ำ อบต.ดอนแรด อ.รัตนบุรี จ.สุรินทร์", "min": "กระทรวงมหาดไทย", "agc": "กรมส่งเสริมการปกครองท้องถิ่น", "plan_name": "บริหารจัดการทรัพยากรน้ำ", "stg_name": "ยุทธศาสตร์เร่งรัดวางรากฐานการพัฒนาที่ยั่งยืนของประเทศ", "objc_level1_name": "งบลงทุน", "compare": [{"bb_amount": 4944500, "bb_province": "สุรินทร์"}], "gf_amount_sum": 0}
{"bb_code": "1500822040600B34", "bb_year": "2559", "amount": 4944500, "min_code": "15000", "agc_code": "15008", "name": "ก่อสร้างประปาหมู่บ้าน แบบผิวดินขนาดใหญ่มาก หมู่ที่ ๒ บ้านทางพูน ตำบลทางพูน ตามแบบแปลนกรมทรัพยากรน้ำ ทต.ทางพูน อ. เฉลิมพระเกียรติ จ.นครศรีธรรมราช", "min": "กระทรวงมหาดไทย", "agc": "กรมส่งเสริมการปกครองท้องถิ่น", "plan_name": "บริหารจัดการทรัพยากรน้ำ", "stg_name": "ยุทธศาสตร์เร่งรัดวางรากฐานการพัฒนาที่ยั่งยืนของประเทศ", "objc_level1_name": "งบลงทุน", "compare": [{"bb_amount": 4944500, "bb_province": "นครศรีธรรมราช"}], "gf_amount_sum": 0}
