{"bb_code": "1500822040600036", "bb_year": "2559", "amount": 4944500, "min_code": "15000", "agc_code": "15008", "name": "ก่อสร้างระบบประปาหมู่บ้าน แบบผิวดินขนาดใหญ่มาก หมู่ที่ ๒ บ้านคลองยาง ตำบลคลองยาง ตามแบบแปลนกรมทรัพยากรน้ำและรายละเอียดตามปริมาณงานและแบบแปลนที่องค์การบริหารส่วนตำบลคลองยางกำหนด อบต.คลองยาง อ.เมืองกระบ", "min": "กระทรวงมหาดไทย", "agc": "กรมส่งเสริมการปกครองท้องถิ่น", "plan_name": "บริหารจัดการทรัพยากรน้ำ", "stg_name": "ยุทธศาสตร์เร่งรัดวางรากฐานการพัฒนาที่ยั่งยืนของประเทศ", "objc_level1_name": "งบลงทุน", "compare": [{"bb_amount": 4944500, "bb_province": "กระบี่"}], "gf_amount_sum": 0}
{"bb_code": "1500822040600I80", "bb_year": "2559", "amount": 4944500, "min_code": "15000", "agc_code": "15008", "name": "ก่อสร้างระบบประปาผิวดินขนาดใหญ่มาก บ้านแม่ออ หมู่ที่ ๔ ตำบลแม่ยวมน้อย ตามแบบมาตรฐานกรมทรัพยากรน้ำ อบต.แม่ยวมน้อย อ.ขุนยวม จ.แม่ฮ่องสอน", "min": "กระทรวงมหาดไทย", "agc": "กรมส่งเสริมการปกครองท้องถิ่น", "plan_name": "บริหารจัดการทรัพยากรน้ำ", "stg_name": "ยุทธศาสตร์เร่งรัดวางรากฐานการพัฒนาที่ยั่งยืนของประเทศ", "objc_level1_name": "งบลงทุน", "compare": [{"bb_amount": 4944500, "bb_province": "แม่ฮ่องสอน"}], "gf_amount_sum": 0}
{"bb_code": "1500822040600I81", "bb_year": "2559", "amount": 4944500, "min_code": "15000", "agc_code": "15008", "name": "ก่อสร้างระบบประปาผิวดินขนาดใหญ่มาก บ้านแม่แจ๊ะ หมู่ที่ ๕ ตำบลแม่ยวมน้อย ตามแบบมาตรฐานกรมทรัพยากรน้ำ อบต.แม่ยวมน้อย อ.ขุนยวม จ.แม่ฮ่องสอน", "min": "กระทรวงมหาดไทย", "agc": "กรมส่งเสริมการปกครองท้องถิ่น", "plan_name": "บริหารจัดการทรัพยากรน้ำ", "stg_name": "ยุทธศาสตร์เร่งรัดวางรากฐานการพัฒนาที่ยั่งยืนของประเทศ", "objc_level1_name": "งบลงทุน", "compare": [{"bb_amount": 4944500, "bb_province": "แม่ฮ่องสอน"}], "gf_amount_sum": 0}
{"bb_code": "1500822040600I82", "bb_year": "2559", "amount": 4944500, "min_code": "15000", "agc_code": "15008", "name": "ก่อสร้างระบบประปาผิวดินขนาดใหญ่มาก บ้านแม่หาด หมู่ที่ ๖ ตำบลแม่ยวมน้อย ตามแบบมาตรฐานกรมทรัพยากรน้ำ อบต.แม่ยวมน้อย อ.ขุนยวม จ.แม่ฮ่องสอน", "min": "กระทรวงมหาดไทย", "agc": "กรมส่งเสริมการปกครองท้องถิ่น", "plan_name": "บริหารจัดการทรัพยากรน้ำ", "stg_name": "ยุทธศาสตร์เร่งรัดวางรากฐานการพัฒนาที่ยั่งยืนของประเทศ", "objc_level1_name": "งบลงทุน", "compare": [{"bb_amount": 4944500, "bb_province": "แม่ฮ่องสอน"}], "gf_amount_sum": 0}
{"bb_code": "1500822040600I79", "bb_year": "2559", "amount": 4944500, "min_code": "15000", "agc_code": "15008", "name": "ก่อสร้างระบบประปาผิวดินขนาดใหญ่มาก บ้านหว่าโน หมู่ที่ ๓ ตำบลแม่ยวมน้อย ตามแบบมาตรฐานกรมทรัพยากรน้ำ อบต.แม่ยวมน้อย อ.ขุนยวม จ.แม่ฮ่องสอน", "min": "กระทรวงมหาดไทย", "agc": "กรมส่งเสริมการปกครองท้องถิ่น", "plan_name": "บริหารจัดการทรัพยากรน้ำ", "stg_name": "ยุทธศาสตร์เร่งรัดวางรากฐานการพัฒนาที่ยั่งยืนของประเทศ", "objc_level1_name": "งบลงทุน", "compare": [{"bb_amount": 4944500, "bb_province": "แม่ฮ่องสอน"}], "gf_amount_sum": 0}
{"bb_code": "1500822040600I85", "bb_year": "2559", "amount": 4944500, "min_code": "15000", "agc_code": "15008", "name": "ก่อสร้างระบบประปาผิวดินขนาดใหญ่มาก บ้านหัวแม่ลาก๊ะ หมู่ที่ ๘ ตำบลแม่ยวมน้อย ตามแบบมาตรฐานกรมทรัพยากรน้ำ อบต.แม่ยวมน้อย อ.ขุนยวม จ.แม่ฮ่องสอน", "min": "กระทรวงมหาดไทย", "agc": "กรมส่งเสริมการปกครองท้องถิ่น", "plan_name": "บริหารจัดการทรัพยากรน้ำ", "stg_name": "ยุทธศาสตร์เร่งรัดวางรากฐานการพัฒนาที่ยั่งยืนของประเทศ", "objc_level1_name": "งบลงทุน", "compare": [{"bb_amount": 4944500, "bb_province": "แม่ฮ่องสอน"}], "gf_amount_sum": 0}
{"bb_code": "1500822040600B69", "bb_year": "2559", "amount": 4944500, "min_code": "15000", "agc_code": "15008", "name": "ก่อสร้างระบบประปาหมู่บ้านแบบผิวดินขนาดใหญ่มาก หมู่ที่ ๑ ตำบลหนองน้ำใหญ่ ตามแบบมาตรฐานกรมทรัพยากรน้ำ ทต.ลาดชะโด อ.ผักไห่ จ.พระนครศรีอยุธยา", "min": "กระทรวงมหาดไทย", "agc": "กรมส่งเสริมการปกครองท้องถิ่น", "plan_name": "บริหารจัดการทรัพยากรน้ำ", "stg_name": "ยุทธศาสตร์เร่งรัดวางรากฐานการพัฒนาที่ยั่งยืนของประเทศ", "objc_level1_name": "งบลงทุน", "compare": [{"bb_amount": 4944500, "bb_province": "พระนครศรีอยุธยา"}], "gf_amount_sum": 0}
{"bb_code": "1500822040600I83", "bb_year": "2559", "amount": 4944500, "min_code": "15000", "agc_code": "15008", "name": "ก่อสร้างระบบประปาผิวดินขนาดใหญ่มาก บ้านห้วยมะบวบ หมู่ที่ ๗ ตำบลแม่ยวมน้อย ตามแบบมาตรฐานกรมทรัพยากรน้ำ อบต.แม่ยวมน้อย อ.ขุนยวม จ.แม่ฮ่องสอน", "min": "กระทรวงมหาดไทย", "agc": "กรมส่งเสริมการปกครองท้องถิ่น", "plan_name": "บริหารจัดการทรัพยากรน้ำ", "stg_name": "ยุทธศาสตร์เร่งรัดวางรากฐานการพัฒนาที่ยั่งยืนของประเทศ", "objc_level1_name": "งบลงทุน", "compare": [{"bb_amount": 4944500, "bb_province": "แม่ฮ่องสอน"}], "gf_amount_sum": 0}
{"bb_code": "1500822040600U02", "bb_year": "2559", "amount": 4944500, "min_code": "15000", "agc_code": "15008", "name": "ก่อสร้างระบบประปาหมู่บ้านแบบผิวดินขนาดใหญ่มาก บ้านบัวเสียว หมู่ที่ ๗ ตำบลดอนแรด ตามแบบมาตรฐานกรมทรัพยากรน้ำ อบต.ดอนแรด อ.รัตนบุรี จ.สุรินทร์", "min": "กระทรวงมหาดไทย", "agc": "กรมส่งเสริมการปกครองท้องถิ่น", "plan_name": "บริหารจัดการทรัพยากรน้ำ", "stg_name": "ยุทธศาสตร์เร่งรัดวางรากฐานการพัฒนาที่ยั่งยืนของประเทศ", "objc_level1_name": "งบลงทุน", "compare": [{"bb_amount": 4944500, "bb_province": "สุรินทร์"}], "gf_amount_sum": 0}
{"bb_code": "1500822040600B52", "bb_year": "2559", "amount": 4944500, "min_code": "15000", "agc_code": "15008", "name": "ก่อสร้างประปาหมู่บ้าน แบบผิวดินขนาดใหญ่มาก บ้านอายเลา หมู่ที่ ๕ ตำบลทุ่งโพธิ์ ตามแบบมาตรฐานกรมทรัพยากรน้ำ อบต.ทุ่งโพธิ์ อ.จุฬาภรณ์ จ.นครศรีธรรมราช", "min": "กระทรวงมหาดไทย", "agc": "กรมส่งเสริมการปกครองท้องถิ่น", "plan_name": "บริหารจัดการทรัพยากรน้ำ", "stg_name": "ยุทธศาสตร์เร่งรัดวางรากฐานการพัฒนาที่ยั่งยืนของประเทศ", "objc_level1_name": "งบลงทุน", "compare": [{"bb_amount": 4944500, "bb_province": "นครศรีธรรมราช"}], "gf_amount_sum": 0}
{"bb_code": "1500822040600I58", "bb_year": "2559", "amount": 4944500, "min_code": "15000", "agc_code": "15008", "name": "ก่อสร้างประปาหมู่บ้าน แบบผิวดินขนาดใหญ่มาก บ้านหนองยางน้อย หมู่ที่ ๕ ตามแบบมาตรฐานการประปานครหลวง อบต.ชะโนดน้อย อ.ดงหลวง จ.มุกดาหาร", "min": "กระทรวงมหาดไทย", "agc": "กรมส่งเสริมการปกครองท้องถิ่น", "plan_name": "บริหารจัดการทรัพยากรน้ำ", "stg_name": "ยุทธศาสตร์เร่งรัดวางรากฐานการพัฒนาที่ยั่งยืนของประเทศ", "objc_level1_name": "งบลงทุน", "compare": [{"bb_amount": 4944500, "bb_province": "มุกดาหาร"}], "gf_amount_sum": 0}
{"bb_code": "1500822040600910", "bb_year": "2559", "amount": 4944500, "min_code": "15000", "agc_code": "15008", "name": "ก่อสร้างระบบประปาหมู่บ้าน แบบผิวดินขนาดใหญ่มาก บ้านเหล่าสูง หมู่ที่ ๔ ตำบลห้วยโพธิ์ ตามแบบมาตรฐานกรมทรัพยากรน้ำ ทต.ห้วยโพธิ์ อ.เมืองกาฬสินธุ์ จ.กาฬสินธุ์", "min": "กระทรวงมหาดไทย", "agc": "กรมส่งเสริมการปกครองท้องถิ่น", "plan_name": "บริหารจัดการทรัพยากรน้ำ", "stg_name": "ยุทธศาสตร์เร่งรัดวางรากฐานการพัฒนาที่ยั่งยืนของประเทศ", "objc_level1_name": "งบลงทุน", "compare": [{"bb_amount": 4944500, "bb_province": "กาฬสินธุ์"}], "gf_amount_sum": 0}
{"bb_code": "1500822040600I78", "bb_year": "2559", "amount": 4944500, "min_code": "15000", "agc_code": "15008", "name": "ก่อสร้างระบบประปาผิวดินขนาดใหญ่มาก บ้านแม่โกปี่ หมู่ที่ ๒ ตำบลแม่ยวมน้อย ตามแบบมาตรฐานกรมทรัพยากรน้ำ อบต.แม่ยวมน้อย อ.ขุนยวม จ.แม่ฮ่องสอน", "min": "กระทรวงมหาดไทย", "agc": "กรมส่งเสริมการปกครองท้องถิ่น", "plan_name": "บริหารจัดการทรัพยากรน้ำ", "stg_name": "ยุทธศาสตร์เร่งรัดวางรากฐานการพัฒนาที่ยั่งยืนของประเทศ", "objc_level1_name": "งบลงทุน", "compare": [{"bb_amount": 4944500, "bb_province": "แม่ฮ่องสอน"}], "gf_amount_sum": 0}
{"bb_code": "1500822040600E76", "bb_year": "2559", "amount": 4944500, "min_code": "15000", "agc_code": "15008", "name": "ก่อสร้างระบบประปาหมู่บ้าน แบบผิวดินขนาดใหญ่มาก ชุมชนหนองปล้อง หมู่ที่ ๗ ตำบลสระพระ ตามแบบมาตรฐานกรมทรัพยากรน้ำ ทต.พระทองคำ อ.พระทองคำ จ.นครราชสีมา", "min": "กระทรวงมหาดไทย", "agc": "กรมส่งเสริมการปกครองท้องถิ่น", "plan_name": "บริหารจัดการทรัพยากรน้ำ", "stg_name": "ยุทธศาสตร์เร่งรัดวางรากฐานการพัฒนาที่ยั่งยืนของประเทศ", "objc_level1_name": "งบลงทุน", "compare": [{"bb_amount": 4944500, "bb_province": "นครราชสีมา"}], "gf_amount_sum": 0}
{"bb_code": "1500822040600J86", "bb_year": "2559", "amount": 4943500, "min_code": "15000", "agc_code": "15008", "name": "ก่อสร้างระบบประปาหมู่บ้านแบบผิวดินขนาดใหญ่มาก หมู่ที่ ๔,๑๔ บ้านกุดกง ตำบลเขื่องคำ ตามแบบมาตรฐานกรมทรัพยากรน้ำ อบต.เขื่องคำ อ.เมืองยโสธร จ.ยโสธร", "min": "กระทรวงมหาดไทย", "agc": "กรมส่งเสริมการปกครองท้องถิ่น", "plan_name": "บริหารจัดการทรัพยากรน้ำ", "stg_name": "ยุทธศาสตร์เร่งรัดวางรากฐานการพัฒนาที่ยั่งยืนของประเทศ", "objc_level1_name": "งบลงทุน", "compare": [{"bb_amount": 4943500, "bb_province": "ยโสธร"}], "gf_amount_sum": 0}
{"bb_code": "1500822040600W67", "bb_year": "2559", "amount": 4939600, "min_code": "15000", "agc_code": "15008", "name": "ก่อสร้างประปาหมู่บ้านแบบผิวดินขนาดใหญ่ บ้านแสงสว่าง หมู่ที่ ๖ ตำบลแสงสว่าง ตามแบบมาตรฐานกรมทรัพยากรน้ำ ทต.แสงสว่าง อ.หนองแสง จ.อุดรธานี", "min": "กระทรวงมหาดไทย", "agc": "กรมส่งเสริมการปกครองท้องถิ่น", "plan_name": "บริหารจัดการทรัพยากรน้ำ", "stg_name": "ยุทธศาสตร์เร่งรัดวางรากฐานการพัฒนาที่ยั่งยืนของประเทศ", "objc_level1_name": "งบลงทุน", "compare": [{"bb_amount": 4939600, "bb_province": "อุดรธานี"}], "gf_amount_sum": 0}
{"bb_code": "1500822040600D13", "bb_year": "2559", "amount": 4934700, "min_code": "15000", "agc_code": "15008", "name": "ก่อสร้างประปาหมู่บ้านแบบผิวดินขนาดใหญ่มากบ้านทุ่งแซะ หมู่ที่ ๕  ตำบลจองถนน ตามแบบมาตรฐานกรมทรัพยากรน้ำ ทต.จองถนน อ.เขาชัยสน จ.พัทลุง", "min": "กระทรวงมหาดไทย", "agc": "กรมส่งเสริมการปกครองท้องถิ่น", "plan_name": "บริหารจัดการทรัพยากรน้ำ", "stg_name": "ยุทธศาสตร์เร่งรัดวางรากฐานการพัฒนาที่ยั่งยืนของประเทศ", "objc_level1_name": "งบลงทุน", "compare": [{"bb_amount": 4934700, "bb_province": "พัทลุง"}], "gf_amount_sum": 0}
{"bb_code": "1500883002600HB1", "bb_year": "2559", "amount": 4926600, "min_code": "15000", "agc_code": "15008", "name": "ซ่อมสร้างถนน คสล. สายบ้านนิคมพัฒนา - กลุ่มเลี้ยงโค   กว้าง ๕  เมตร ยาว ๒,๐๐๐ เมตร หนา ๐.๑๕ เมตร   อบต.นิคมน้ำอูน อ.นิคมน้ำอูน จ.สกลนคร", "min": "กระทรวงมหาดไทย", "agc": "กรมส่งเสริมการปกครองท้องถิ่น", "plan_name": "ส่งเสริมการกระจายอำนาจให้แก่องค์กรปกครองส่วนท้องถิ่น", "stg_name": "ยุทธศาสตร์การบริหารกิจการบ้านเมืองที่ดี", "objc_level1_name": "งบลงทุน", "compare": [{"bb_amount": 4926600, "bb_province": "สกลนคร"}], "gf_amount_sum": 0}
{"bb_code": "1500883002600DJ8", "bb_year": "2559", "amount": 4926600, "min_code": "15000", "agc_code": "15008", "name": "ปรับปรุงถนนลาดยางแอสฟัลท์ติกคอนกรีต ( สาย อบจ.นม.๐๒๓๐๕ ) บ้านหนองสะแก - บ้านหนองหินโคน ขนาดกว้าง ๗ เมตร ยาว ๒,๐๐๐ เมตร หนา ๐.๐๔ เมตร  อบจ.นครราชสีมา อ.ครบุรี จ.นครราชสีมา", "min": "กระทรวงมหาดไทย", "agc": "กรมส่งเสริมการปกครองท้องถิ่น", "plan_name": "ส่งเสริมการกระจายอำนาจให้แก่องค์กรปกครองส่วนท้องถิ่น", "stg_name": "ยุทธศาสตร์การบริหารกิจการบ้านเมืองที่ดี", "objc_level1_name": "งบลงทุน", "compare": [{"bb_amount": 4926600, "bb_province": "นครราชสีมา"}], "gf_amount_sum": 0}
{"bb_code": "1500883002600BQ4", "bb_year": "2559", "amount": 4926600, "min_code": "15000", "agc_code": "15008", "name": "ปรับปรุงถนนลาดยางแอสฟัลท์ติกคอนกรีต สายหนองรี - ลำอีซู บ้านลำตะเพิน หมู่ที่ ๕ ตำบลหนองรี กว้าง ๙ เมตร ยาว ๑,๓๔๓ เมตร หนา ๐.๐๕ เมต พร้อมงานตีเส้นจราจร  อบต.หนองรี อ.บ่อพลอย จ.กาญจนบุรี", "min": "กระทรวงมหาดไทย", "agc": "กรมส่งเสริมการปกครองท้องถิ่น", "plan_name": "ส่งเสริมการกระจายอำนาจให้แก่องค์กรปกครองส่วนท้องถิ่น", "stg_name": "ยุทธศาสตร์การบริหารกิจการบ้านเมืองที่ดี", "objc_level1_name": "งบลงทุน", "compare": [{"bb_amount": 4926600, "bb_province": "กาญจนบุรี"}], "gf_amount_sum": 0}
