{"bb_code": "1500883002600JF6", "bb_year": "2559", "amount": 4857000, "min_code": "15000", "agc_code": "15008", "name": "ก่อสร้างอาคารสถานบริการสาธารณสุขชุมชน ของโรงพยาบาลส่งเสริมสุขภาพตำบลท่าข้าวเปลือก เทศบาลตำบลท่าข้าวเปลือก อำเภอแม่จัน จังหวัดเชียงราย", "min": "กระทรวงมหาดไทย", "agc": "กรมส่งเสริมการปกครองท้องถิ่น", "plan_name": "ส่งเสริมการกระจายอำนาจให้แก่องค์กรปกครองส่วนท้องถิ่น", "stg_name": "ยุทธศาสตร์การบริหารกิจการบ้านเมืองที่ดี", "objc_level1_name": "งบลงทุน", "compare": [{"bb_amount": 4857000, "bb_province": "เชียงราย"}], "gf_amount_sum": 0}
{"bb_code": "1500883002600CH0", "bb_year": "2559", "amount": 4839700, "min_code": "15000", "agc_code": "15008", "name": "ซ่อมสร้างถนนลาดยางสายบ้านสำโรง - บ้านท่าเลา ถนนกว้าง ๔ เมตร ยาว ๑,๗๐๕ เมตร และกว้าง ๕ เมตร ยาว ๑,๑๐๐ เมตร ปูผิวแอสฟัลท์ติกคอนกรีต หนา ๐.๐๔ เมตร หรือมีพื้นที่ไม่น้อยกว่า ๑๒,๓๒๐ ตารางเมตร พร้อมวางท่อระบ", "min": "กระทรวงมหาดไทย", "agc": "กรมส่งเสริมการปกครองท้องถิ่น", "plan_name": "ส่งเสริมการกระจายอำนาจให้แก่องค์กรปกครองส่วนท้องถิ่น", "stg_name": "ยุทธศาสตร์การบริหารกิจการบ้านเมืองที่ดี", "objc_level1_name": "งบลงทุน", "compare": [{"bb_amount": 4839700, "bb_province": "นครศรีธรรมราช"}], "gf_amount_sum": 0}
{"bb_code": "1500822040600X15", "bb_year": "2559", "amount": 4837300, "min_code": "15000", "agc_code": "15008", "name": "ก่อสร้างระบบประปาหมู่บ้านแบบผิวดินขนาดใหญ่มาก หมู่ที่ ๒ บ้านศรีไชย ตำบลคูขุด อำเภอสทิงพระ ตามปริมาณงานและแบบแปลนที่ อบต.คูขุด กำหนด อบต.คูขุด จ.สงขลา", "min": "กระทรวงมหาดไทย", "agc": "กรมส่งเสริมการปกครองท้องถิ่น", "plan_name": "บริหารจัดการทรัพยากรน้ำ", "stg_name": "ยุทธศาสตร์เร่งรัดวางรากฐานการพัฒนาที่ยั่งยืนของประเทศ", "objc_level1_name": "งบลงทุน", "compare": [{"bb_amount": 4837300, "bb_province": "สงขลา"}], "gf_amount_sum": 0}
{"bb_code": "1500883002600N89", "bb_year": "2559", "amount": 4830000, "min_code": "15000", "agc_code": "15008", "name": "ปรับปรุงและซ่อมสร้างถนนแอสฟัลท์ติกคอนกรีตสายแยกทางหลวงหมายเลข ๑๐๒๐ - บ้านดอนมหาวัน หมู่ที่ ๙ กว้าง ๖ เมตร  ยาว  ๒.๔๐๐ กิโลเมตร หนา ๐.๐๔ เมตร  ทต.เวียง อ.เชียงของ จ.เชียงราย", "min": "กระทรวงมหาดไทย", "agc": "กรมส่งเสริมการปกครองท้องถิ่น", "plan_name": "ส่งเสริมการกระจายอำนาจให้แก่องค์กรปกครองส่วนท้องถิ่น", "stg_name": "ยุทธศาสตร์การบริหารกิจการบ้านเมืองที่ดี", "objc_level1_name": "งบลงทุน", "compare": [{"bb_amount": 4830000, "bb_province": "เชียงราย"}], "gf_amount_sum": 0}
{"bb_code": "1500883002600BX9", "bb_year": "2559", "amount": 4830000, "min_code": "15000", "agc_code": "15008", "name": "ปรับปรุงถนนแอสฟัลท์ติกคอนกรีตสายหลังที่ว่าการอำเภอควนกาหลง หมู่ที่ ๑๐ ตำบลควนกาหลง กว้าง ๖ เมตร ยาว ๑,๔๐๐ เมตร หนา ๐.๐๔ เมตร  อบต.ควนกาหลง อ.ควนกาหลง จ.สตูล", "min": "กระทรวงมหาดไทย", "agc": "กรมส่งเสริมการปกครองท้องถิ่น", "plan_name": "ส่งเสริมการกระจายอำนาจให้แก่องค์กรปกครองส่วนท้องถิ่น", "stg_name": "ยุทธศาสตร์การบริหารกิจการบ้านเมืองที่ดี", "objc_level1_name": "งบลงทุน", "compare": [{"bb_amount": 4830000, "bb_province": "สตูล"}], "gf_amount_sum": 0}
{"bb_code": "1500883002600V28", "bb_year": "2559", "amount": 4830000, "min_code": "15000", "agc_code": "15008", "name": "ซ่อมสร้างถนนลาดยางผิวทางพาราแอสฟัลท์ติกคอนกรีต (โดยวิธี Pavement In - Place Recycling) สายบ้านสูบ หมู่ที่ ๔ ตำบลน้ำสวย อำเภอเมืองเลย - บ้านผากลางดง หมู่ที่ ๘ ตำบลธาตุ อำเภอเชียงคาน  กว้าง ๖ เมตร ยาว ๑", "min": "กระทรวงมหาดไทย", "agc": "กรมส่งเสริมการปกครองท้องถิ่น", "plan_name": "ส่งเสริมการกระจายอำนาจให้แก่องค์กรปกครองส่วนท้องถิ่น", "stg_name": "ยุทธศาสตร์การบริหารกิจการบ้านเมืองที่ดี", "objc_level1_name": "งบลงทุน", "compare": [{"bb_amount": 4830000, "bb_province": "เลย"}], "gf_amount_sum": 0}
{"bb_code": "1500883002600AV4", "bb_year": "2559", "amount": 4830000, "min_code": "15000", "agc_code": "15008", "name": "ซ่อมสร้างถนนลาดยางแบบ Double Surface Treatment ฉาบผิว Para Slurry Seal Type ๓ (โดยวิธี Pavement in Place Recycling) สายทางเทศบาลตำบลเมืองคง - บ้านหว้าน หมู่ที่ ๑ ตำบลหว้านคำ (ช่วงที่ ๓)  มีพื้นที่ไม่น", "min": "กระทรวงมหาดไทย", "agc": "กรมส่งเสริมการปกครองท้องถิ่น", "plan_name": "ส่งเสริมการกระจายอำนาจให้แก่องค์กรปกครองส่วนท้องถิ่น", "stg_name": "ยุทธศาสตร์การบริหารกิจการบ้านเมืองที่ดี", "objc_level1_name": "งบลงทุน", "compare": [{"bb_amount": 4830000, "bb_province": "ศรีสะเกษ"}], "gf_amount_sum": 0}
{"bb_code": "1500883002600S19", "bb_year": "2559", "amount": 4830000, "min_code": "15000", "agc_code": "15008", "name": "ซ่อมสร้างผิวลาดยางแอสฟัลท์ติกคอนกรีต สายบ้านตาลีไอน์ - บ้านคอกช้าง  อำเภอธารโต กว้าง ๖ เมตร ยาว ๑,๒๖๐ เมตร หรือมีพื้นที่ไม่น้อยกว่า ๗,๕๖๐ ตารางเมตร  อบจ.ยะลา อ.ธารโต จ.ยะลา", "min": "กระทรวงมหาดไทย", "agc": "กรมส่งเสริมการปกครองท้องถิ่น", "plan_name": "ส่งเสริมการกระจายอำนาจให้แก่องค์กรปกครองส่วนท้องถิ่น", "stg_name": "ยุทธศาสตร์การบริหารกิจการบ้านเมืองที่ดี", "objc_level1_name": "งบลงทุน", "compare": [{"bb_amount": 4830000, "bb_province": "ยะลา"}], "gf_amount_sum": 0}
{"bb_code": "1500883002600BM4", "bb_year": "2559", "amount": 4830000, "min_code": "15000", "agc_code": "15008", "name": "ซ่อมปรับปรุงถนนลาดยางเคพซีล  (โดยวิธี Pavement in - Place Recycling) บ้านสำโรง  หมู่ที่ ๔ - บ้านหนองแก้ว  หมู่ที่ ๓ - บ้านบัวเตย หมู่ที่ ๕ ตำบลหนองแก้ว - บ้านตะดอบ ตำบลตะดอบ จำนวน ๓ ช่วง พื้นที่ไม่น้อ", "min": "กระทรวงมหาดไทย", "agc": "กรมส่งเสริมการปกครองท้องถิ่น", "plan_name": "ส่งเสริมการกระจายอำนาจให้แก่องค์กรปกครองส่วนท้องถิ่น", "stg_name": "ยุทธศาสตร์การบริหารกิจการบ้านเมืองที่ดี", "objc_level1_name": "งบลงทุน", "compare": [{"bb_amount": 4830000, "bb_province": "ศรีสะเกษ"}], "gf_amount_sum": 0}
{"bb_code": "1500883002600S20", "bb_year": "2559", "amount": 4830000, "min_code": "15000", "agc_code": "15008", "name": "เสริมผิวลาดยางแอสฟัลท์ติกคอนกรีตสายบ้านยีราปัน - บ้านคอลอกาเอ อำเภอบันนังสตา กว้าง ๘ เมตร ยาว ๑,๔๐๐ เมตร หรือมีพื้นที่ไม่น้อยกว่า ๑๑,๒๐๐ ตารางเมตร  อบจ.ยะลา อ.บันนังสตา จ.ยะลา", "min": "กระทรวงมหาดไทย", "agc": "กรมส่งเสริมการปกครองท้องถิ่น", "plan_name": "ส่งเสริมการกระจายอำนาจให้แก่องค์กรปกครองส่วนท้องถิ่น", "stg_name": "ยุทธศาสตร์การบริหารกิจการบ้านเมืองที่ดี", "objc_level1_name": "งบลงทุน", "compare": [{"bb_amount": 4830000, "bb_province": "ยะลา"}], "gf_amount_sum": 0}
{"bb_code": "1500883002600HE5", "bb_year": "2559", "amount": 4830000, "min_code": "15000", "agc_code": "15008", "name": "ซ่อมสร้างถนนลาดยาง Asphaltic Concrete (โดยวิธี Pavement In-Place Recycling) สายทางบ้านนา หมู่ที่ ๙ ตำบลซำ - บ้านหนองอีหล่ำ หมู่ที่ ๑๐  ตำบลหมากเขียบ (ช่วงที่ ๑) กว้าง ๖ เมตร ยาว  ๑,๐๒๖ เมตร ไหล่ทางกว้", "min": "กระทรวงมหาดไทย", "agc": "กรมส่งเสริมการปกครองท้องถิ่น", "plan_name": "ส่งเสริมการกระจายอำนาจให้แก่องค์กรปกครองส่วนท้องถิ่น", "stg_name": "ยุทธศาสตร์การบริหารกิจการบ้านเมืองที่ดี", "objc_level1_name": "งบลงทุน", "compare": [{"bb_amount": 4830000, "bb_province": "ศรีสะเกษ"}], "gf_amount_sum": 0}
{"bb_code": "1500883002600Z82", "bb_year": "2559", "amount": 4830000, "min_code": "15000", "agc_code": "15008", "name": "ซ่อมสร้างถนนลาดยางแบบ Double Surface Treatment ฉาบผิว Para Slurry Seal Type ๓ (โดยวิธี Pavement in Place Recycling) สายทางบ้านนารุ่งเรือง  หมู่ที่ ๔ ตำบลขนุน - บ้านกุดเสลา  หมู่ที่ ๓ ตำบลกุดเสลา (ช่วง", "min": "กระทรวงมหาดไทย", "agc": "กรมส่งเสริมการปกครองท้องถิ่น", "plan_name": "ส่งเสริมการกระจายอำนาจให้แก่องค์กรปกครองส่วนท้องถิ่น", "stg_name": "ยุทธศาสตร์การบริหารกิจการบ้านเมืองที่ดี", "objc_level1_name": "งบลงทุน", "compare": [{"bb_amount": 4830000, "bb_province": "ศรีสะเกษ"}], "gf_amount_sum": 0}
{"bb_code": "1500883002600BI6", "bb_year": "2559", "amount": 4830000, "min_code": "15000", "agc_code": "15008", "name": "งานซ่อมสร้างผิวทาง Double Surface Treatment ฉาบผิว Para slurry Seal type lll (โดยวิธี Pavement in Place Recycling) สายไทยสะเทือน (ตอน ๓) บ้านบิง หมู่ที่ ๒ ตำบลพิมาย มีพื้นที่ไม่น้อยกว่า ๗,๒๖๐ ตารางเมต", "min": "กระทรวงมหาดไทย", "agc": "กรมส่งเสริมการปกครองท้องถิ่น", "plan_name": "ส่งเสริมการกระจายอำนาจให้แก่องค์กรปกครองส่วนท้องถิ่น", "stg_name": "ยุทธศาสตร์การบริหารกิจการบ้านเมืองที่ดี", "objc_level1_name": "งบลงทุน", "compare": [{"bb_amount": 4830000, "bb_province": "ศรีสะเกษ"}], "gf_amount_sum": 0}
{"bb_code": "1500883002600Z78", "bb_year": "2559", "amount": 4830000, "min_code": "15000", "agc_code": "15008", "name": "ซ่อมสร้างถนนลาดยางแบบ Double Surface Treatment ฉาบผิว Para Slurry Seal Type ๓ (โดยวิธี Pavement in Place Recycling) สายทางบ้านโนนสำราญ หมู่ที่ ๑ ตำบลโนนสำราญ - บ้านนาขนวน  หมู่ที่ ๕ ตำบลขนุน  (ช่วงที่", "min": "กระทรวงมหาดไทย", "agc": "กรมส่งเสริมการปกครองท้องถิ่น", "plan_name": "ส่งเสริมการกระจายอำนาจให้แก่องค์กรปกครองส่วนท้องถิ่น", "stg_name": "ยุทธศาสตร์การบริหารกิจการบ้านเมืองที่ดี", "objc_level1_name": "งบลงทุน", "compare": [{"bb_amount": 4830000, "bb_province": "ศรีสะเกษ"}], "gf_amount_sum": 0}
{"bb_code": "1500883002600AQ5", "bb_year": "2559", "amount": 4830000, "min_code": "15000", "agc_code": "15008", "name": "ซ่อมสร้างถนนลาดยางแบบ Double Surface Treatment ฉาบผิว Para Slurry Seal Type ๓ (โดยวิธี Pavement in Place Recycling) สายทางบ้านทุ่งหลวง หมู่ที่ ๑๐ ตำบลห้วยติ๊กชู - บ้านโอว์ปังโกว์ หมู่ที่ ๖ ตำบลไพรพัฒน", "min": "กระทรวงมหาดไทย", "agc": "กรมส่งเสริมการปกครองท้องถิ่น", "plan_name": "ส่งเสริมการกระจายอำนาจให้แก่องค์กรปกครองส่วนท้องถิ่น", "stg_name": "ยุทธศาสตร์การบริหารกิจการบ้านเมืองที่ดี", "objc_level1_name": "งบลงทุน", "compare": [{"bb_amount": 4830000, "bb_province": "ศรีสะเกษ"}], "gf_amount_sum": 0}
{"bb_code": "1500883002600Z75", "bb_year": "2559", "amount": 4830000, "min_code": "15000", "agc_code": "15008", "name": "ซ่อมสร้างถนนลาดยางแบบ Double Surface Treatment ฉาบผิว Para Slurry Seal Type ๓ (โดยวิธี Pavement in Place Recycling) สายทางบ้านขะยูง  หมู่ที่  ๔ ตำบลน้ำอ้อม  - บ้านสังเม็ก หมู่ที่ ๑ ตำบลสังเม็ก (ช่วงที", "min": "กระทรวงมหาดไทย", "agc": "กรมส่งเสริมการปกครองท้องถิ่น", "plan_name": "ส่งเสริมการกระจายอำนาจให้แก่องค์กรปกครองส่วนท้องถิ่น", "stg_name": "ยุทธศาสตร์การบริหารกิจการบ้านเมืองที่ดี", "objc_level1_name": "งบลงทุน", "compare": [{"bb_amount": 4830000, "bb_province": "ศรีสะเกษ"}], "gf_amount_sum": 0}
{"bb_code": "1500883002600AU5", "bb_year": "2559", "amount": 4830000, "min_code": "15000", "agc_code": "15008", "name": "ซ่อมสร้างถนนลาดยางแบบ Double Surface Treatment ฉาบผิว Para Slurry Seal Type ๓ (โดยวิธี Pavement in Place Recycling) สายทางบ้านดอนสั้น  หมู่ที่ ๘ (บ้านโนนกระเบา)  ตำบลโพนเขวา  - บ้านหนองม่วง หมู่ที่ ๖", "min": "กระทรวงมหาดไทย", "agc": "กรมส่งเสริมการปกครองท้องถิ่น", "plan_name": "ส่งเสริมการกระจายอำนาจให้แก่องค์กรปกครองส่วนท้องถิ่น", "stg_name": "ยุทธศาสตร์การบริหารกิจการบ้านเมืองที่ดี", "objc_level1_name": "งบลงทุน", "compare": [{"bb_amount": 4830000, "bb_province": "ศรีสะเกษ"}], "gf_amount_sum": 0}
{"bb_code": "1500883002600S21", "bb_year": "2559", "amount": 4830000, "min_code": "15000", "agc_code": "15008", "name": "ซ่อมสร้างผิวลาดยางแอสฟัลท์ติกคอนกรีตสายหมู่ที่ ๒ - กม.๒๖ ใน อำเภอบันนังสตา กว้าง ๖ เมตร ยาว ๑,๓๓๐ เมตร หรือมีพื้นที่ไม่น้อยกว่า ๗,๙๘๐ ตารางเมตร  อบจ.ยะลา อ.บันนังสตา จ.ยะลา", "min": "กระทรวงมหาดไทย", "agc": "กรมส่งเสริมการปกครองท้องถิ่น", "plan_name": "ส่งเสริมการกระจายอำนาจให้แก่องค์กรปกครองส่วนท้องถิ่น", "stg_name": "ยุทธศาสตร์การบริหารกิจการบ้านเมืองที่ดี", "objc_level1_name": "งบลงทุน", "compare": [{"bb_amount": 4830000, "bb_province": "ยะลา"}], "gf_amount_sum": 0}
{"bb_code": "1500883002600AP2", "bb_year": "2559", "amount": 4830000, "min_code": "15000", "agc_code": "15008", "name": "ซ่อมสร้างถนนลาดยางแบบ Double Surface Treatment ฉาบผิว Para Slurry Seal Type ๓ (โดยวิธี Pavement in Place Recycling) สายทางบ้านหนองเชียงทูน หมู่ที่ ๕ ตำบลหนองเชียงทูน - (บ้านปราสาท) บ้านกุดปราสาท หมู่ท", "min": "กระทรวงมหาดไทย", "agc": "กรมส่งเสริมการปกครองท้องถิ่น", "plan_name": "ส่งเสริมการกระจายอำนาจให้แก่องค์กรปกครองส่วนท้องถิ่น", "stg_name": "ยุทธศาสตร์การบริหารกิจการบ้านเมืองที่ดี", "objc_level1_name": "งบลงทุน", "compare": [{"bb_amount": 4830000, "bb_province": "ศรีสะเกษ"}], "gf_amount_sum": 0}
{"bb_code": "1500883002600Z96", "bb_year": "2559", "amount": 4830000, "min_code": "15000", "agc_code": "15008", "name": "ซ่อมสร้างถนนลาดยางแบบ Double Surface Treatment ฉาบผิว Para Slurry Seal Type ๓ (โดยวิธี Pavement in Place Recycling) สายทางบ้านหนองขุน หมู่ที่ ๓ ตำบลผักแพว - บ้านบัวระรมย์ หมู่ที่ ๗ ตำบลตองปิด มีพื้นที", "min": "กระทรวงมหาดไทย", "agc": "กรมส่งเสริมการปกครองท้องถิ่น", "plan_name": "ส่งเสริมการกระจายอำนาจให้แก่องค์กรปกครองส่วนท้องถิ่น", "stg_name": "ยุทธศาสตร์การบริหารกิจการบ้านเมืองที่ดี", "objc_level1_name": "งบลงทุน", "compare": [{"bb_amount": 4830000, "bb_province": "ศรีสะเกษ"}], "gf_amount_sum": 0}
