{"bb_code": "1500883002600819", "bb_year": "2559", "amount": 4820000, "min_code": "15000", "agc_code": "15008", "name": "ก่อสร้างอาคารศูนย์พัฒนาเด็กเล็ก (สถ.ศพด.2) องค์การบริหารส่วนตำบลกุดดู่ อำเภอโนนสัง จังหวัดหนองบัวลำภู", "min": "กระทรวงมหาดไทย", "agc": "กรมส่งเสริมการปกครองท้องถิ่น", "plan_name": "ส่งเสริมการกระจายอำนาจให้แก่องค์กรปกครองส่วนท้องถิ่น", "stg_name": "ยุทธศาสตร์การบริหารกิจการบ้านเมืองที่ดี", "objc_level1_name": "งบลงทุน", "compare": [{"bb_amount": 4820000, "bb_province": "หนองบัวลำภู"}], "gf_amount_sum": 0}
{"bb_code": "1500883002600822", "bb_year": "2559", "amount": 4820000, "min_code": "15000", "agc_code": "15008", "name": "ก่อสร้างอาคารศูนย์พัฒนาเด็กเล็ก (สถ.ศพด.2) เทศบาลตำบลทุ่งตะไคร อำเภอทุ่งตะโก จังหวัดชุมพร", "min": "กระทรวงมหาดไทย", "agc": "กรมส่งเสริมการปกครองท้องถิ่น", "plan_name": "ส่งเสริมการกระจายอำนาจให้แก่องค์กรปกครองส่วนท้องถิ่น", "stg_name": "ยุทธศาสตร์การบริหารกิจการบ้านเมืองที่ดี", "objc_level1_name": "งบลงทุน", "compare": [{"bb_amount": 4820000, "bb_province": "ชุมพร"}], "gf_amount_sum": 0}
{"bb_code": "1500883002600830", "bb_year": "2559", "amount": 4820000, "min_code": "15000", "agc_code": "15008", "name": "ก่อสร้างอาคารศูนย์พัฒนาเด็กเล็ก (สถ.ศพด.2) องค์การบริหารส่วนตำบลศรีดอนมูล อำเภอเชียงแสน จังหวัดเชียงราย", "min": "กระทรวงมหาดไทย", "agc": "กรมส่งเสริมการปกครองท้องถิ่น", "plan_name": "ส่งเสริมการกระจายอำนาจให้แก่องค์กรปกครองส่วนท้องถิ่น", "stg_name": "ยุทธศาสตร์การบริหารกิจการบ้านเมืองที่ดี", "objc_level1_name": "งบลงทุน", "compare": [{"bb_amount": 4820000, "bb_province": "เชียงราย"}], "gf_amount_sum": 0}
{"bb_code": "1500760042410002", "bb_year": "2559", "amount": 4816700, "min_code": "15000", "agc_code": "15007", "name": "ค่าก่อสร้างอาคารทดสอบวัสดุของสำนักงานโยธาธิการและผังเมืองจังหวัดนครพนม ตำบลในเมือง อำเภอเมืองนครพนม จังหวัดนครพนม", "min": "กระทรวงมหาดไทย", "agc": "กรมโยธาธิการและผังเมือง", "plan_name": "ส่งเสริมการวิจัยและพัฒนา", "stg_name": "ยุทธศาสตร์การพัฒนาวิทยาศาสตร์ เทคโนโลยี การวิจัยและนวัตกรรม", "objc_level1_name": "งบลงทุน", "compare": [{"bb_amount": 4816700, "bb_province": "นครพนม", "gf_amount": 0, "gf_province": "นครพนม"}], "gf_amount_sum": 0}
{"bb_code": "1500822040600F53", "bb_year": "2559", "amount": 4816700, "min_code": "15000", "agc_code": "15008", "name": "ก่อสร้างระบบประปาหมู่บ้าน แบบผิวดินขนาดใหญ่มาก บ้านซับศรีจันทร์ หมู่ที่ ๒ ตำบลคลองไผ่ ตามแบบมาตรฐานกรมทรัพยากรน้ำ ทต.คลองไผ่ อ.สีคิ้ว จ.นครราชสีมา", "min": "กระทรวงมหาดไทย", "agc": "กรมส่งเสริมการปกครองท้องถิ่น", "plan_name": "บริหารจัดการทรัพยากรน้ำ", "stg_name": "ยุทธศาสตร์เร่งรัดวางรากฐานการพัฒนาที่ยั่งยืนของประเทศ", "objc_level1_name": "งบลงทุน", "compare": [{"bb_amount": 4816700, "bb_province": "นครราชสีมา"}], "gf_amount_sum": 0}
{"bb_code": "1500822040600D40", "bb_year": "2559", "amount": 4810800, "min_code": "15000", "agc_code": "15008", "name": "ก่อสร้างประปาหมู่บ้านแบบผิวดินขนาดใหญ่ หมู่ที่ ๘ ตำบลคลองใหญ่ ตามแบบแปลนที่เทศบาลคลองใหญ่กำหนด ทต.คลองใหญ่ อ.ตะโหมด จ.พัทลุง", "min": "กระทรวงมหาดไทย", "agc": "กรมส่งเสริมการปกครองท้องถิ่น", "plan_name": "บริหารจัดการทรัพยากรน้ำ", "stg_name": "ยุทธศาสตร์เร่งรัดวางรากฐานการพัฒนาที่ยั่งยืนของประเทศ", "objc_level1_name": "งบลงทุน", "compare": [{"bb_amount": 4810800, "bb_province": "พัทลุง"}], "gf_amount_sum": 0}
{"bb_code": "1500785013420057", "bb_year": "2559", "amount": 4806900, "min_code": "15000", "agc_code": "15007", "name": "โครงการพัฒนาเมืองชายแดนบูเก๊ะตาตามกรอบ IMT-GT เทศบาลตำบลบูเก๊ะตา อำเภอแว้ง จังหวัดนราธิวาส", "min": "กระทรวงมหาดไทย", "agc": "กรมโยธาธิการและผังเมือง", "plan_name": "แก้ไขปัญหาและพัฒนาจังหวัดชายแดนภาคใต้", "stg_name": "ยุทธศาสตร์เร่งรัดวางรากฐานการพัฒนาที่ยั่งยืนของประเทศ", "objc_level1_name": "งบลงทุน", "compare": [{"bb_amount": 4806900, "bb_province": "นราธิวาส", "gf_amount": 4806900, "gf_province": "นราธิวาส"}], "gf_amount_sum": 4806900}
{"bb_code": "1500883002600Z67", "bb_year": "2559", "amount": 4806900, "min_code": "15000", "agc_code": "15008", "name": "ซ่อมสร้างถนนคอนกรีตเสริมเหล็ก บ้านใหม่ หมู่ ๓ - บ้านบางโสน หมู่ที่ ๓ กว้าง ๖ เมตร ยาว ๗๘๐ เมตร หนา ๐.๒๐ เมตร พื้นที่ไม่น้อยกว่า ๔,๖๘๐ ตารางเมตร ทต.ศาลากลาง อ.บางกรวย จ.นนทบุรี", "min": "กระทรวงมหาดไทย", "agc": "กรมส่งเสริมการปกครองท้องถิ่น", "plan_name": "ส่งเสริมการกระจายอำนาจให้แก่องค์กรปกครองส่วนท้องถิ่น", "stg_name": "ยุทธศาสตร์การบริหารกิจการบ้านเมืองที่ดี", "objc_level1_name": "งบลงทุน", "compare": [{"bb_amount": 4806900, "bb_province": "นนทบุรี"}], "gf_amount_sum": 0}
{"bb_code": "1500883002600Z14", "bb_year": "2559", "amount": 4806900, "min_code": "15000", "agc_code": "15008", "name": "ก่อสร้างถนนคอนกรีตเสริมเหล็ก บ้านป่าสังข์ หมู่ ๑ ตำบลป่าสังข์- บ้านหนองผือ ตำบลหนองผือ กว้าง ๕ เมตร ยาว ๑,๖๘๐ เมตร หนา ๐.๑๕ เมตร ไหล่ทางกว้างข้างละ ๐.๕๐ เมตร  อบต.ป่าสังข์ อ.จตุรพักตรพิมาน จ.ร้อยเอ็ด", "min": "กระทรวงมหาดไทย", "agc": "กรมส่งเสริมการปกครองท้องถิ่น", "plan_name": "ส่งเสริมการกระจายอำนาจให้แก่องค์กรปกครองส่วนท้องถิ่น", "stg_name": "ยุทธศาสตร์การบริหารกิจการบ้านเมืองที่ดี", "objc_level1_name": "งบลงทุน", "compare": [{"bb_amount": 4806900, "bb_province": "ร้อยเอ็ด"}], "gf_amount_sum": 0}
{"bb_code": "1500385008120009", "bb_year": "2559", "amount": 4800000, "min_code": "15000", "agc_code": "15003", "name": "ค่าใช้จ่ายครุภัณฑ์โครงการส่งเสริมการวิจัยและนวัตกรรมโดยการจัดซื้อจัดจ้างภาครัฐ รายการรถยนต์หุ้มเกราะกันกระสุน แบบกระบะตอนเดียว อำเภอรามัน จังหวัดยะลา", "min": "กระทรวงมหาดไทย", "agc": "กรมการปกครอง", "plan_name": "แก้ไขปัญหาและพัฒนาจังหวัดชายแดนภาคใต้", "stg_name": "ยุทธศาสตร์เร่งรัดวางรากฐานการพัฒนาที่ยั่งยืนของประเทศ", "objc_level1_name": "งบลงทุน", "compare": [{"bb_amount": 4800000, "bb_province": "ยะลา"}, {"gf_amount": 3000000, "gf_province": "ส่วนกลาง", "bb_amount": null, "bb_province": "กรุงเทพมหานคร"}], "gf_amount_sum": 3000000}
{"bb_code": "1500822040600021", "bb_year": "2559", "amount": 4799900, "min_code": "15000", "agc_code": "15008", "name": "ก่อสร้างระบบประปาหมู่บ้าน แบบผิวดินขนาดใหญ่ หมู่ที่ ๕ บ้านไสรุ่ง ตำบลคลองท่อมเหนือ รายละเอียดตามปริมาณงานและแบบแปลนที่องค์การบริหารส่วนตำบลคลองท่อมเหนือกำหนด อบต.คลองท่อมเหนือ อ.คลองท่อม จ.กระบี่", "min": "กระทรวงมหาดไทย", "agc": "กรมส่งเสริมการปกครองท้องถิ่น", "plan_name": "บริหารจัดการทรัพยากรน้ำ", "stg_name": "ยุทธศาสตร์เร่งรัดวางรากฐานการพัฒนาที่ยั่งยืนของประเทศ", "objc_level1_name": "งบลงทุน", "compare": [{"bb_amount": 4799900, "bb_province": "กระบี่"}], "gf_amount_sum": 0}
{"bb_code": "1500822040600022", "bb_year": "2559", "amount": 4799900, "min_code": "15000", "agc_code": "15008", "name": "ก่อสร้างระบบประปาหมู่บ้าน แบบผิวดินขนาดใหญ่ หมู่ที่ ๔ บ้านบางคราม ตำบลคลองท่อมเหนือ รายละเอียดตามปริมาณงานและแบบแปลนที่องค์การบริหารส่วนตำบลคลองท่อมเหนือกำหนด อบต.คลองท่อมเหนือ อ.คลองท่อม จ.กระบี่", "min": "กระทรวงมหาดไทย", "agc": "กรมส่งเสริมการปกครองท้องถิ่น", "plan_name": "บริหารจัดการทรัพยากรน้ำ", "stg_name": "ยุทธศาสตร์เร่งรัดวางรากฐานการพัฒนาที่ยั่งยืนของประเทศ", "objc_level1_name": "งบลงทุน", "compare": [{"bb_amount": 4799900, "bb_province": "กระบี่"}], "gf_amount_sum": 0}
{"bb_code": "1500822040600023", "bb_year": "2559", "amount": 4799900, "min_code": "15000", "agc_code": "15008", "name": "ก่อสร้างระบบประปาหมู่บ้าน แบบผิวดินขนาดใหญ่ หมู่ที่ ๓ บ้านทอนจมูกควาย ตำบลคลองท่อมเหนือ รายละเอียดตามปริมาณงานและแบบแปลนที่องค์การบริหารส่วนตำบลคลองท่อมเหนือกำหนด อบต.คลองท่อมเหนือ อ.คลองท่อม จ.กระบี่", "min": "กระทรวงมหาดไทย", "agc": "กรมส่งเสริมการปกครองท้องถิ่น", "plan_name": "บริหารจัดการทรัพยากรน้ำ", "stg_name": "ยุทธศาสตร์เร่งรัดวางรากฐานการพัฒนาที่ยั่งยืนของประเทศ", "objc_level1_name": "งบลงทุน", "compare": [{"bb_amount": 4799900, "bb_province": "กระบี่"}], "gf_amount_sum": 0}
{"bb_code": "1500822040600H81", "bb_year": "2559", "amount": 4795600, "min_code": "15000", "agc_code": "15008", "name": "ก่อสร้างระบบประปาหมู่บ้าน แบบผิวดินขนาดใหญ่ หมู่ที่ ๓ บ้านในคุ้ง ต.ท่าไม้รวก ตามแบบมาตรฐานกรมทรัพยากรน้ำ ทต.ท่าไม้รวก อ.ท่ายาง จ.เพชรบุรี", "min": "กระทรวงมหาดไทย", "agc": "กรมส่งเสริมการปกครองท้องถิ่น", "plan_name": "บริหารจัดการทรัพยากรน้ำ", "stg_name": "ยุทธศาสตร์เร่งรัดวางรากฐานการพัฒนาที่ยั่งยืนของประเทศ", "objc_level1_name": "งบลงทุน", "compare": [{"bb_amount": 4795600, "bb_province": "เพชรบุรี"}], "gf_amount_sum": 0}
{"bb_code": "1500883002600JK8", "bb_year": "2559", "amount": 4790000, "min_code": "15000", "agc_code": "15008", "name": "ค่าใช้จ่ายในการจัดระเบียบการค้าในที่สาธารณะบริเวณตลาดสิริพักตร์ หมู่บ้านพฤกษา 3 องค์การบริหารส่วนตำบลบางคูรัด อำเภอบางบัวทอง จังหวัดนนทบุรี", "min": "กระทรวงมหาดไทย", "agc": "กรมส่งเสริมการปกครองท้องถิ่น", "plan_name": "ส่งเสริมการกระจายอำนาจให้แก่องค์กรปกครองส่วนท้องถิ่น", "stg_name": "ยุทธศาสตร์การบริหารกิจการบ้านเมืองที่ดี", "objc_level1_name": "งบลงทุน", "compare": [{"bb_amount": 4790000, "bb_province": "นนทบุรี"}], "gf_amount_sum": 0}
{"bb_code": "1500720002410130", "bb_year": "2559", "amount": 4788200, "min_code": "15000", "agc_code": "15007", "name": "ค่าบำรุงรักษาและปรับปรุงซ่อมแซมเขื่อนป้องกันตลิ่ง สำนักงานโยธาธิการและผังเมืองจังหวัดอำนาจเจริญ ตำบลโนนหนามแท่ง อำเภอเมืองอำนาจเจริญ จังหวัดอำนาจเจริญ", "min": "กระทรวงมหาดไทย", "agc": "กรมโยธาธิการและผังเมือง", "plan_name": "รักษาความมั่นคงของฐานทรัพยากรธรรมชาติและแก้ปัญหาที่ดินทำกิน", "stg_name": "ยุทธศาสตร์การจัดการทรัพยากรธรรมชาติและสิ่งแวดล้อม", "objc_level1_name": "งบลงทุน", "compare": [{"bb_amount": 4788200, "bb_province": "อำนาจเจริญ", "gf_amount": 4600600, "gf_province": "อำนาจเจริญ"}], "gf_amount_sum": 4600600}
{"bb_code": "1500883002600BQ1", "bb_year": "2559", "amount": 4781700, "min_code": "15000", "agc_code": "15008", "name": "ซ่อมสร้างฉาบผิวจราจรแบบพาราสเลอรี่ซีล สายปักชัฎหนองบัว - บ้านหนองพังพวย บ้านปากชัดหนองบัว หมู่ที่ ๒ ตำบลหนองฝ้าย กว้าง ๗ เมตร ยาว ๓,๓๕๐ เมตร ไหล่ทางกว้างข้างละ ๐.๕๐ เมตร  อบต.หนองฝ้าย อ.เลาขวัญ จ.กาญจ", "min": "กระทรวงมหาดไทย", "agc": "กรมส่งเสริมการปกครองท้องถิ่น", "plan_name": "ส่งเสริมการกระจายอำนาจให้แก่องค์กรปกครองส่วนท้องถิ่น", "stg_name": "ยุทธศาสตร์การบริหารกิจการบ้านเมืองที่ดี", "objc_level1_name": "งบลงทุน", "compare": [{"bb_amount": 4781700, "bb_province": "กาญจนบุรี"}], "gf_amount_sum": 0}
{"bb_code": "1500883002600EN8", "bb_year": "2559", "amount": 4781700, "min_code": "15000", "agc_code": "15008", "name": "ซ่อมสร้างผิวทางแอสฟัลท์ติกคอนกรีต ถนนสายแยกทางหลวงชนบทหมายเลข พท ๒๐๐๖-บ้านท่าข้าม ช่วงที่ ๒ ตำบลตะแพน อำเภอศรีบรรพต   กว้าง ๖ เมตร ยาว ๙๙๕ เมตร หนา ๐.๐๕ เมตร ไหล่ทางข้างละ ๑ เมตร อบจ.พัทลุง อ.ศรีบรรพต", "min": "กระทรวงมหาดไทย", "agc": "กรมส่งเสริมการปกครองท้องถิ่น", "plan_name": "ส่งเสริมการกระจายอำนาจให้แก่องค์กรปกครองส่วนท้องถิ่น", "stg_name": "ยุทธศาสตร์การบริหารกิจการบ้านเมืองที่ดี", "objc_level1_name": "งบลงทุน", "compare": [{"bb_amount": 4781700, "bb_province": "พัทลุง"}], "gf_amount_sum": 0}
{"bb_code": "1500883002600JE1", "bb_year": "2559", "amount": 4780000, "min_code": "15000", "agc_code": "15008", "name": "ก่อสร้างอาคารศูนย์แพทย์แผนไทย ของสถานีอนามัยดอนแก้ว องค์การบริหารส่วนตำบลดอนแก้ว อำเภอแม่ริม จังหวัดเชียงใหม่", "min": "กระทรวงมหาดไทย", "agc": "กรมส่งเสริมการปกครองท้องถิ่น", "plan_name": "ส่งเสริมการกระจายอำนาจให้แก่องค์กรปกครองส่วนท้องถิ่น", "stg_name": "ยุทธศาสตร์การบริหารกิจการบ้านเมืองที่ดี", "objc_level1_name": "งบลงทุน", "compare": [{"bb_amount": 4780000, "bb_province": "เชียงใหม่"}], "gf_amount_sum": 0}
{"bb_code": "1500822040600780", "bb_year": "2559", "amount": 4778400, "min_code": "15000", "agc_code": "15008", "name": "ก่อสร้างระบบประปาหมู่บ้าน แบบผิวดินขนาดใหญ่มาก หมู่ที่ ๑ ตำบลทุ่งกระบือ รายละเอียดตามปริมาณงานและแบบแปลนที่กำหนด ทต.ทุ่งกระบือ อ.ย่านตาขาว จ.ตรัง", "min": "กระทรวงมหาดไทย", "agc": "กรมส่งเสริมการปกครองท้องถิ่น", "plan_name": "บริหารจัดการทรัพยากรน้ำ", "stg_name": "ยุทธศาสตร์เร่งรัดวางรากฐานการพัฒนาที่ยั่งยืนของประเทศ", "objc_level1_name": "งบลงทุน", "compare": [{"bb_amount": 4778400, "bb_province": "ตรัง"}], "gf_amount_sum": 0}
