{"bb_code": "1500883002600W66", "bb_year": "2559", "amount": 4733400, "min_code": "15000", "agc_code": "15008", "name": "ปรับปรุงซ่อมแซมถนนลาดยาง โดยการเสริมผิวแอสฟัลท์ติกคอนกรีต สายบ้านแก่นเท่า - บ้านกระเดื่อง มีพื้นที่ไม่น้อยกว่า ๑๔,๓๕๐ ตารางเมตร  ทต.ป่ามะนาว อ.บ้านฝาง จ.ขอนแก่น", "min": "กระทรวงมหาดไทย", "agc": "กรมส่งเสริมการปกครองท้องถิ่น", "plan_name": "ส่งเสริมการกระจายอำนาจให้แก่องค์กรปกครองส่วนท้องถิ่น", "stg_name": "ยุทธศาสตร์การบริหารกิจการบ้านเมืองที่ดี", "objc_level1_name": "งบลงทุน", "compare": [{"bb_amount": 4733400, "bb_province": "ขอนแก่น"}], "gf_amount_sum": 0}
{"bb_code": "1500883002600Y76", "bb_year": "2559", "amount": 4733400, "min_code": "15000", "agc_code": "15008", "name": "ปรับปรุงถนนลาดยางแอสฟัลท์ติกคอนกรีต สายบ้านหนองส้าว - บ้านโพนงอย ตำบลเกษตรวิสัย กว้าง ๖ เมตร ยาว ๑,๘๒๐ เมตร หนา ๐.๐๔ เมตร  อบต.เกษตรวิสัย อ.เกษตรวิสัย จ.ร้อยเอ็ด", "min": "กระทรวงมหาดไทย", "agc": "กรมส่งเสริมการปกครองท้องถิ่น", "plan_name": "ส่งเสริมการกระจายอำนาจให้แก่องค์กรปกครองส่วนท้องถิ่น", "stg_name": "ยุทธศาสตร์การบริหารกิจการบ้านเมืองที่ดี", "objc_level1_name": "งบลงทุน", "compare": [{"bb_amount": 4733400, "bb_province": "ร้อยเอ็ด"}], "gf_amount_sum": 0}
{"bb_code": "1500883002600Y33", "bb_year": "2559", "amount": 4733400, "min_code": "15000", "agc_code": "15008", "name": "ซ่อมสร้างถนนลาดยางเคพซีล บ้านยางกู่ - บ้านเขตขันธ์ ตำบลมะอึ มีพื้นที่ไม่น้อยกว่า ๑๖,๖๕๐ ตารางเมตร ไหล่ทางกว้างข้างละ ๐.๕๐ เมตร    ทต.มะอึ อ.ธวัชบุรี จ.ร้อยเอ็ด", "min": "กระทรวงมหาดไทย", "agc": "กรมส่งเสริมการปกครองท้องถิ่น", "plan_name": "ส่งเสริมการกระจายอำนาจให้แก่องค์กรปกครองส่วนท้องถิ่น", "stg_name": "ยุทธศาสตร์การบริหารกิจการบ้านเมืองที่ดี", "objc_level1_name": "งบลงทุน", "compare": [{"bb_amount": 4733400, "bb_province": "ร้อยเอ็ด"}], "gf_amount_sum": 0}
{"bb_code": "1500883002600Y14", "bb_year": "2559", "amount": 4733400, "min_code": "15000", "agc_code": "15008", "name": "ซ่อมสร้างถนนลาดยางแอสฟัลท์ติกคอนกรีต สายบ้านหนองแก้ว - บ้านผือฮี หมู่ที่ ๑๑ ตำบลดงแดง มีพื้นที่ไม่น้อยกว่า ๘,๔๐๐ ตารางเมตร พร้อมไหล่ทาง ทต.ดงแดง อ.จตุรพักตรพิมาน จ.ร้อยเอ็ด", "min": "กระทรวงมหาดไทย", "agc": "กรมส่งเสริมการปกครองท้องถิ่น", "plan_name": "ส่งเสริมการกระจายอำนาจให้แก่องค์กรปกครองส่วนท้องถิ่น", "stg_name": "ยุทธศาสตร์การบริหารกิจการบ้านเมืองที่ดี", "objc_level1_name": "งบลงทุน", "compare": [{"bb_amount": 4733400, "bb_province": "ร้อยเอ็ด"}], "gf_amount_sum": 0}
{"bb_code": "1500883002600Y66", "bb_year": "2559", "amount": 4733400, "min_code": "15000", "agc_code": "15008", "name": "ซ่อมสร้างถนนลาดยางพาราแอสฟัลท์ติกคอนกรีต (โดยวิธี Pavement  ln-place recycling) สายบ้านดงช้าง ตำบลโนนสง่า - บ้านภูดิน ตำบลสระบัว กว้าง ๘ เมตร ยาว ๙๙๐ เมตร หนา ๐.๐๔ เมตร  อบจ.ร้อยเอ็ด อ.ปทุมรัตต์ จ.ร้อ", "min": "กระทรวงมหาดไทย", "agc": "กรมส่งเสริมการปกครองท้องถิ่น", "plan_name": "ส่งเสริมการกระจายอำนาจให้แก่องค์กรปกครองส่วนท้องถิ่น", "stg_name": "ยุทธศาสตร์การบริหารกิจการบ้านเมืองที่ดี", "objc_level1_name": "งบลงทุน", "compare": [{"bb_amount": 4733400, "bb_province": "ร้อยเอ็ด"}], "gf_amount_sum": 0}
{"bb_code": "1500883002600Y52", "bb_year": "2559", "amount": 4733400, "min_code": "15000", "agc_code": "15008", "name": "ซ่อมสร้างถนนลาดยางพาราแอสฟัลท์ติกคอนกรีต (โดยวิธี Pavement ln-Place Recycling) สายบ้านสระแก้ว - บ้านเจริญศิลป์ ตำบลสระแก้ว กว้าง ๖ เมตร ยาว ๑,๒๗๕ เมตร หนา ๐.๐๔ เมตร  อบจ.ร้อยเอ็ด อ.พนมไพร จ.ร้อยเอ็ด", "min": "กระทรวงมหาดไทย", "agc": "กรมส่งเสริมการปกครองท้องถิ่น", "plan_name": "ส่งเสริมการกระจายอำนาจให้แก่องค์กรปกครองส่วนท้องถิ่น", "stg_name": "ยุทธศาสตร์การบริหารกิจการบ้านเมืองที่ดี", "objc_level1_name": "งบลงทุน", "compare": [{"bb_amount": 4733400, "bb_province": "ร้อยเอ็ด"}], "gf_amount_sum": 0}
{"bb_code": "1500883002600Y41", "bb_year": "2559", "amount": 4733400, "min_code": "15000", "agc_code": "15008", "name": "ซ่อมสร้างถนนลาดยางพาราแอสฟัลท์ติกคอนกรีต (โดยวิธี Pavement ln-Place Recycling) บ้านหนองแสงทุ่ง หมู่ที่ ๘ (จากบ้านหนองแสงทุ่งถึงบ้านหนองแสงท่า) ตำบลแวง กว้าง ๖ เมตร ยาว ๑,๑๖๕ เมตร หนา ๐.๐๔ เมตร  ทต.แวง", "min": "กระทรวงมหาดไทย", "agc": "กรมส่งเสริมการปกครองท้องถิ่น", "plan_name": "ส่งเสริมการกระจายอำนาจให้แก่องค์กรปกครองส่วนท้องถิ่น", "stg_name": "ยุทธศาสตร์การบริหารกิจการบ้านเมืองที่ดี", "objc_level1_name": "งบลงทุน", "compare": [{"bb_amount": 4733400, "bb_province": "ร้อยเอ็ด"}], "gf_amount_sum": 0}
{"bb_code": "1500883002600X15", "bb_year": "2559", "amount": 4733400, "min_code": "15000", "agc_code": "15008", "name": "ซ่อมแซมถนนลาดยางแบบผิวเรียบ เคพซีลสาย ขก ๓๐๕๑  บ้านเปือยน้อย - บ้านหนองบัวรอง  กว้าง ๖ เมตร  ยาว ๑,๘๙๘ เมตร  ไหล่ทางกว้างข้างละ ๑ เมตร  อบจ.ขอนแก่น อ.เปือยน้อย จ.ขอนแก่น", "min": "กระทรวงมหาดไทย", "agc": "กรมส่งเสริมการปกครองท้องถิ่น", "plan_name": "ส่งเสริมการกระจายอำนาจให้แก่องค์กรปกครองส่วนท้องถิ่น", "stg_name": "ยุทธศาสตร์การบริหารกิจการบ้านเมืองที่ดี", "objc_level1_name": "งบลงทุน", "compare": [{"bb_amount": 4733400, "bb_province": "ขอนแก่น"}], "gf_amount_sum": 0}
{"bb_code": "1500883002600X22", "bb_year": "2559", "amount": 4733400, "min_code": "15000", "agc_code": "15008", "name": "ซ่อมแซมถนนลาดยางแบบผิวเรียบ เคพซีลสาย ขก ๒๑๑๐  บ้านหนองแวงห้วยทราย - บ้านท่านางแนว  กว้าง ๖ เมตร ยาว ๑,๘๒๔ เมตร ไหล่ทางข้างละ ๑ เมตร  อบจ.ขอนแก่น อ.แวงน้อย จ.ขอนแก่น", "min": "กระทรวงมหาดไทย", "agc": "กรมส่งเสริมการปกครองท้องถิ่น", "plan_name": "ส่งเสริมการกระจายอำนาจให้แก่องค์กรปกครองส่วนท้องถิ่น", "stg_name": "ยุทธศาสตร์การบริหารกิจการบ้านเมืองที่ดี", "objc_level1_name": "งบลงทุน", "compare": [{"bb_amount": 4733400, "bb_province": "ขอนแก่น"}], "gf_amount_sum": 0}
{"bb_code": "1500883002600X13", "bb_year": "2559", "amount": 4733400, "min_code": "15000", "agc_code": "15008", "name": "ซ่อมแซมถนนลาดยางแบบผิวเรียบ เคพซีลสาย ขก ๒๑๐๑  แยกทางหลวงหมายเลข ๒ - บ้านวังชัย กว้าง ๖ เมตร  ยาว ๑,๙๖๘ เมตร  ไหล่ทางข้างละ ๑ เมตร  อบจ.ขอนแก่น อ.น้ำพอง จ.ขอนแก่น", "min": "กระทรวงมหาดไทย", "agc": "กรมส่งเสริมการปกครองท้องถิ่น", "plan_name": "ส่งเสริมการกระจายอำนาจให้แก่องค์กรปกครองส่วนท้องถิ่น", "stg_name": "ยุทธศาสตร์การบริหารกิจการบ้านเมืองที่ดี", "objc_level1_name": "งบลงทุน", "compare": [{"bb_amount": 4733400, "bb_province": "ขอนแก่น"}], "gf_amount_sum": 0}
{"bb_code": "1500883002600Z20", "bb_year": "2559", "amount": 4733400, "min_code": "15000", "agc_code": "15008", "name": "ซ่อมสร้างถนนลาดยางพาราแอสฟัลท์ติกคอนกรีต (โดยวิธี Pavement In-Place Recycling) สายบ้านเปลือย หมู่ที่ ๑๒ - บ้านหนองแคน หมู่ที่ ๑๓ ตำบลรอบเมือง กว้าง ๔ เมตร ยาว ๒,๒๕๐ เมตร หนา ๐.๐๕ เมตร อบต.รอบเมือง อ.เ", "min": "กระทรวงมหาดไทย", "agc": "กรมส่งเสริมการปกครองท้องถิ่น", "plan_name": "ส่งเสริมการกระจายอำนาจให้แก่องค์กรปกครองส่วนท้องถิ่น", "stg_name": "ยุทธศาสตร์การบริหารกิจการบ้านเมืองที่ดี", "objc_level1_name": "งบลงทุน", "compare": [{"bb_amount": 4733400, "bb_province": "ร้อยเอ็ด"}], "gf_amount_sum": 0}
{"bb_code": "1500883002600Y62", "bb_year": "2559", "amount": 4733400, "min_code": "15000", "agc_code": "15008", "name": "ซ่อมสร้างถนนลาดยางพาราแอสฟัลท์ติกคอนกรีต (โดยวิธี Pavement ln-Place Recycling) สายบ้านขุมดิน ตำบลน้ำใส - บ้านโคกล่าม ตำบลโคกล่าม กว้าง ๗ เมตร ยาว ๑,๓๔๐ เมตร หนา ๐.๐๔ เมตร  อบจ.ร้อยเอ็ด อ.จตุรพักตรพิมา", "min": "กระทรวงมหาดไทย", "agc": "กรมส่งเสริมการปกครองท้องถิ่น", "plan_name": "ส่งเสริมการกระจายอำนาจให้แก่องค์กรปกครองส่วนท้องถิ่น", "stg_name": "ยุทธศาสตร์การบริหารกิจการบ้านเมืองที่ดี", "objc_level1_name": "งบลงทุน", "compare": [{"bb_amount": 4733400, "bb_province": "ร้อยเอ็ด"}], "gf_amount_sum": 0}
{"bb_code": "1500822040600D70", "bb_year": "2559", "amount": 4728600, "min_code": "15000", "agc_code": "15008", "name": "ก่อสร้างระบบประปาผิวดินขนาดใหญ่เพื่อชุมชนบ้านหนองถิน หมู่ที่ ๑๒ ตำบลเกาะเต่า ตามแบบแปลนที่องค์การบริหารส่วนตำบลเกาะเต่ากำหนด อบต.เกาะเต่า อ.ป่าพะยอม จ.พัทลุง", "min": "กระทรวงมหาดไทย", "agc": "กรมส่งเสริมการปกครองท้องถิ่น", "plan_name": "บริหารจัดการทรัพยากรน้ำ", "stg_name": "ยุทธศาสตร์เร่งรัดวางรากฐานการพัฒนาที่ยั่งยืนของประเทศ", "objc_level1_name": "งบลงทุน", "compare": [{"bb_amount": 4728600, "bb_province": "พัทลุง"}], "gf_amount_sum": 0}
{"bb_code": "1500720002410140", "bb_year": "2559", "amount": 4718400, "min_code": "15000", "agc_code": "15007", "name": "ค่าบำรุงรักษาและปรับปรุงซ่อมแซมเขื่อนป้องกันตลิ่ง สำนักงานโยธาธิการและผังเมืองจังหวัดเลย ตำบลเมือง อำเภอเมืองเลย จังหวัดเลย", "min": "กระทรวงมหาดไทย", "agc": "กรมโยธาธิการและผังเมือง", "plan_name": "รักษาความมั่นคงของฐานทรัพยากรธรรมชาติและแก้ปัญหาที่ดินทำกิน", "stg_name": "ยุทธศาสตร์การจัดการทรัพยากรธรรมชาติและสิ่งแวดล้อม", "objc_level1_name": "งบลงทุน", "compare": [{"bb_amount": 4718400, "bb_province": "เลย", "gf_amount": 4340000, "gf_province": "เลย"}], "gf_amount_sum": 4340000}
{"bb_code": "1500822040600I16", "bb_year": "2559", "amount": 4718400, "min_code": "15000", "agc_code": "15008", "name": "ก่อสร้างระบบประปาหมู่บ้าน แบบบาดาลขนาดใหญ่ บ้านทุ่งน้ำใส หมู่ที่ ๗ ตำบลเหมืองหม้อ ตามแบบมาตรฐานกรมทรัพยากรน้ำ  อบต.เหมืองหม้อ อ.เมืองแพร่ จ.แพร่", "min": "กระทรวงมหาดไทย", "agc": "กรมส่งเสริมการปกครองท้องถิ่น", "plan_name": "บริหารจัดการทรัพยากรน้ำ", "stg_name": "ยุทธศาสตร์เร่งรัดวางรากฐานการพัฒนาที่ยั่งยืนของประเทศ", "objc_level1_name": "งบลงทุน", "compare": [{"bb_amount": 4718400, "bb_province": "แพร่"}], "gf_amount_sum": 0}
{"bb_code": "1500282003410013", "bb_year": "2559", "amount": 4718400, "min_code": "15000", "agc_code": "15002", "name": "ค่าปรับปรุงสิ่งก่อสร้างของสำนักงานจังหวัดสุโขทัย ตำบลธานี อำเภอเมืองสุโขทัย จังหวัดสุโขทัย", "min": "กระทรวงมหาดไทย", "agc": "สนง.ปลัดกระทรวงมหาดไทย", "plan_name": "พัฒนาประสิทธิภาพการบริหารราชการแผ่นดิน", "stg_name": "ยุทธศาสตร์การบริหารกิจการบ้านเมืองที่ดี", "objc_level1_name": "งบลงทุน", "compare": [{"bb_amount": 4718400, "bb_province": "สุโขทัย", "gf_amount": 4260000, "gf_province": "สุโขทัย"}], "gf_amount_sum": 4260000}
{"bb_code": "1500883002600ER8", "bb_year": "2559", "amount": 4717900, "min_code": "15000", "agc_code": "15008", "name": "ซ่อมสร้างถนนลาดยางผิวจราจรแบบแอสฟัลท์ติกคอนกรีต สายทางบ้านกอรวก-บ้านงิ้วงาม ลป.ถ. ๑-๐๐๑๓ (ช่วงบ้านใหม่รัตนโกสินทร์ - บ้านวังตม ช่วงระหว่างบ้านกอรวก หมู่ที่ ๓ - บ้านจางเหนือพัฒนา หมู่ที่ ๗) ตำบลจางเหนื", "min": "กระทรวงมหาดไทย", "agc": "กรมส่งเสริมการปกครองท้องถิ่น", "plan_name": "ส่งเสริมการกระจายอำนาจให้แก่องค์กรปกครองส่วนท้องถิ่น", "stg_name": "ยุทธศาสตร์การบริหารกิจการบ้านเมืองที่ดี", "objc_level1_name": "งบลงทุน", "compare": [{"bb_amount": 4717900, "bb_province": "ลำปาง"}], "gf_amount_sum": 0}
{"bb_code": "1500883002600X36", "bb_year": "2559", "amount": 4714100, "min_code": "15000", "agc_code": "15008", "name": "ปรับปรุงซ่อมแซมถนนลาดยางแอสฟัลท์ติกคอนกรีต  สายแยกทางหลวงหมายเลข ๒๐๖๒ - บ้านแก่นประดู่ ช่วง ๒  กว้าง ๖ เมตร  ยาว ๑,๗๙๐ เมตร  หนา ๐.๐๕ เมตร  อบต.ท่าศาลา อ.มัญจาคีรี จ.ขอนแก่น", "min": "กระทรวงมหาดไทย", "agc": "กรมส่งเสริมการปกครองท้องถิ่น", "plan_name": "ส่งเสริมการกระจายอำนาจให้แก่องค์กรปกครองส่วนท้องถิ่น", "stg_name": "ยุทธศาสตร์การบริหารกิจการบ้านเมืองที่ดี", "objc_level1_name": "งบลงทุน", "compare": [{"bb_amount": 4714100, "bb_province": "ขอนแก่น"}], "gf_amount_sum": 0}
{"bb_code": "1500883002600HL8", "bb_year": "2559", "amount": 4708800, "min_code": "15000", "agc_code": "15008", "name": "ซ่อมสร้างถนนคอนกรีตเสริมเหล็ก สายนาเยีย - นาดี (บ้านนาเยีย) กว้าง ๕ เมตร ยาว ๒,๐๐๐ เมตร หนา ๐.๑๕ เมตร ไหล่ทางข้างละ ๐.๐๕ เมตร   ทต.นาจาน  อ.นาเยีย จ.อุบลราชธานี", "min": "กระทรวงมหาดไทย", "agc": "กรมส่งเสริมการปกครองท้องถิ่น", "plan_name": "ส่งเสริมการกระจายอำนาจให้แก่องค์กรปกครองส่วนท้องถิ่น", "stg_name": "ยุทธศาสตร์การบริหารกิจการบ้านเมืองที่ดี", "objc_level1_name": "งบลงทุน", "compare": [{"bb_amount": 4708800, "bb_province": "อุบลราชธานี"}], "gf_amount_sum": 0}
{"bb_code": "1500883002600O82", "bb_year": "2559", "amount": 4708800, "min_code": "15000", "agc_code": "15008", "name": "ซ่อมสร้างถนนคอนกรีตเสริมเหล็ก สายบ้านเขาโคกเผ่น - วัดป่าศิริวัฒนวิสุทธิ์ (นว.ถ.๕๗ - ๐๐๕) เริ่มต้นจากทางแยกวัดป่าศิริวัฒนวิสุทธิ์ในพระองค์ ช่วง กม.๐+๐๐๐ ถึง กม.๑ + ๒๖๕ หมู่ที่ ๒ บ้านเขาโคกเผ่น ตำบลทำนบ", "min": "กระทรวงมหาดไทย", "agc": "กรมส่งเสริมการปกครองท้องถิ่น", "plan_name": "ส่งเสริมการกระจายอำนาจให้แก่องค์กรปกครองส่วนท้องถิ่น", "stg_name": "ยุทธศาสตร์การบริหารกิจการบ้านเมืองที่ดี", "objc_level1_name": "งบลงทุน", "compare": [{"bb_amount": 4708800, "bb_province": "นครสวรรค์"}], "gf_amount_sum": 0}
