{"bb_code": "1500785013410064", "bb_year": "2559", "amount": 4708800, "min_code": "15000", "agc_code": "15007", "name": "โครงการปรับปรุงถนนในชุมชน สายโคกซีไหร บ้านตอหลัง หมู่ที่ 3 ตำบลไพรวัน อำเภอตากใบ จังหวัดนราธิวาส กว้าง 4 เมตร ระยะทาง 1.50 กิโลเมตร", "min": "กระทรวงมหาดไทย", "agc": "กรมโยธาธิการและผังเมือง", "plan_name": "แก้ไขปัญหาและพัฒนาจังหวัดชายแดนภาคใต้", "stg_name": "ยุทธศาสตร์เร่งรัดวางรากฐานการพัฒนาที่ยั่งยืนของประเทศ", "objc_level1_name": "งบลงทุน", "compare": [{"bb_amount": 4708800, "bb_province": "นราธิวาส", "gf_amount": 4700000, "gf_province": "นราธิวาส"}], "gf_amount_sum": 4700000}
{"bb_code": "1500883002600O76", "bb_year": "2559", "amount": 4708800, "min_code": "15000", "agc_code": "15008", "name": "ซ่อมสร้างถนนคอนกรีตเสริมเหล็กบ้านไผ่แถว - วังยาง (นว.ถ.๔๔ - ๐๐๓) หมู่ที่ ๘ บ้านตะเคียนเลื่อน ตำบลตะเคียนเลื่อน กว้าง ๖ เมตร ยาว ๑,๓๑๐ เมตร หนา ๐.๑๕ เมตร พื้นที่ไม่น้อยกว่า ๗,๘๖๐ ตารางเมตร ไหล่ทางหินคล", "min": "กระทรวงมหาดไทย", "agc": "กรมส่งเสริมการปกครองท้องถิ่น", "plan_name": "ส่งเสริมการกระจายอำนาจให้แก่องค์กรปกครองส่วนท้องถิ่น", "stg_name": "ยุทธศาสตร์การบริหารกิจการบ้านเมืองที่ดี", "objc_level1_name": "งบลงทุน", "compare": [{"bb_amount": 4708800, "bb_province": "นครสวรรค์"}], "gf_amount_sum": 0}
{"bb_code": "1500785013410067", "bb_year": "2559", "amount": 4708800, "min_code": "15000", "agc_code": "15007", "name": "โครงการปรับปรุงถนนในชุมชน สายบ้านบือแนยามู - จาแบป๊ะ หมู่ที่ 2,3  ตำบลกาวะ อำเภอสุไหงปาดี จังหวัดนราธิวาส กว้าง 5 เมตร ระยะทาง 1.20 กิโลเมตร", "min": "กระทรวงมหาดไทย", "agc": "กรมโยธาธิการและผังเมือง", "plan_name": "แก้ไขปัญหาและพัฒนาจังหวัดชายแดนภาคใต้", "stg_name": "ยุทธศาสตร์เร่งรัดวางรากฐานการพัฒนาที่ยั่งยืนของประเทศ", "objc_level1_name": "งบลงทุน", "compare": [{"bb_amount": 4708800, "bb_province": "นราธิวาส", "gf_amount": 4708000, "gf_province": "นราธิวาส"}], "gf_amount_sum": 4708000}
{"bb_code": "1500785013410141", "bb_year": "2559", "amount": 4708800, "min_code": "15000", "agc_code": "15007", "name": "โครงการปรับปรุงถนนในชุมชนสายบ้านกาหงษ์ ม.5 ต.มะนังดาลำ อ.สายบุรี จ.ปัตตานี ความกว้าง 4.00 ม. ความยาว 1.600 กม.", "min": "กระทรวงมหาดไทย", "agc": "กรมโยธาธิการและผังเมือง", "plan_name": "แก้ไขปัญหาและพัฒนาจังหวัดชายแดนภาคใต้", "stg_name": "ยุทธศาสตร์เร่งรัดวางรากฐานการพัฒนาที่ยั่งยืนของประเทศ", "objc_level1_name": "งบลงทุน", "compare": [{"bb_amount": 4708800, "bb_province": "ปัตตานี", "gf_amount": 4708800, "gf_province": "ปัตตานี"}], "gf_amount_sum": 4708800}
{"bb_code": "1500785013410149", "bb_year": "2559", "amount": 4708800, "min_code": "15000", "agc_code": "15007", "name": "โครงการปรับปรุงถนนในชุมชนสายบ้านนาค้อใต้ ม.4 ต.มะกรูด อ.โคกโพธิ์ จ.ปัตตานี ความกว้าง 4.00 ม. ความยาว 1.600 กม.", "min": "กระทรวงมหาดไทย", "agc": "กรมโยธาธิการและผังเมือง", "plan_name": "แก้ไขปัญหาและพัฒนาจังหวัดชายแดนภาคใต้", "stg_name": "ยุทธศาสตร์เร่งรัดวางรากฐานการพัฒนาที่ยั่งยืนของประเทศ", "objc_level1_name": "งบลงทุน", "compare": [{"bb_amount": 4708800, "bb_province": "ปัตตานี", "gf_amount": 4708800, "gf_province": "ปัตตานี"}], "gf_amount_sum": 4708800}
{"bb_code": "1500822040600Q07", "bb_year": "2559", "amount": 4705600, "min_code": "15000", "agc_code": "15008", "name": "ก่อสร้างประปาหมู่บ้าน แบบผิวดินขนาดใหญ่ หมู่ที่ ๘ บ้านบางบ้าน ตำบลคลองชะอุ่น รายละเอียดตามปริมาณงานและแบบแปลนที่เทศบาลตำบลคลองชะอุ่นกำหนด ทต.คลองชะอุ่น อ.พนม จ.สุราษฎร์ธานี", "min": "กระทรวงมหาดไทย", "agc": "กรมส่งเสริมการปกครองท้องถิ่น", "plan_name": "บริหารจัดการทรัพยากรน้ำ", "stg_name": "ยุทธศาสตร์เร่งรัดวางรากฐานการพัฒนาที่ยั่งยืนของประเทศ", "objc_level1_name": "งบลงทุน", "compare": [{"bb_amount": 4705600, "bb_province": "สุราษฎร์ธานี"}], "gf_amount_sum": 0}
{"bb_code": "1500883002600EV2", "bb_year": "2559", "amount": 4694800, "min_code": "15000", "agc_code": "15008", "name": "ซ่อมสร้างถนนลาดยางผิวจราจรแบบแอสฟัลท์ติกคอนกรีต สายทาง ลป. ๒๐๒๒ บ้านแม่โป่ง - บ้านห้วยข่อย ช่วงระหว่างบ้านแม่โป่ง หมู่ที่ ๔  - บ้านไผ่กลาง หมู่ที่ ๓ ตำบลวังใต้  กว้าง ๕ เมตร ยาว ๒,๓๑๐ เมตร หนา ๐.๐๕ เม", "min": "กระทรวงมหาดไทย", "agc": "กรมส่งเสริมการปกครองท้องถิ่น", "plan_name": "ส่งเสริมการกระจายอำนาจให้แก่องค์กรปกครองส่วนท้องถิ่น", "stg_name": "ยุทธศาสตร์การบริหารกิจการบ้านเมืองที่ดี", "objc_level1_name": "งบลงทุน", "compare": [{"bb_amount": 4694800, "bb_province": "ลำปาง"}], "gf_amount_sum": 0}
{"bb_code": "1500883002600CY2", "bb_year": "2559", "amount": 4694800, "min_code": "15000", "agc_code": "15008", "name": "ปรับปรุงถนนแอสฟัลท์ติกคอนกรีตสายบ้านแม่สะกึด - บ้านท่าโป่งแดง ตำบลผาบ่อง จำนวน ๒ ช่วง มีพื้นที่ไม่น้อยกว่า ๙,๙๑๐.๕๐ ตารางเมตร  อบต.ผาบ่อง อ.เมืองแม่ฮ่องสอน จ.แม่ฮ่องสอน", "min": "กระทรวงมหาดไทย", "agc": "กรมส่งเสริมการปกครองท้องถิ่น", "plan_name": "ส่งเสริมการกระจายอำนาจให้แก่องค์กรปกครองส่วนท้องถิ่น", "stg_name": "ยุทธศาสตร์การบริหารกิจการบ้านเมืองที่ดี", "objc_level1_name": "งบลงทุน", "compare": [{"bb_amount": 4694800, "bb_province": "แม่ฮ่องสอน"}], "gf_amount_sum": 0}
{"bb_code": "1500822040600V76", "bb_year": "2559", "amount": 4692800, "min_code": "15000", "agc_code": "15008", "name": "ก่อสร้างประปาหมู่บ้านแบบผิวดินขนาดใหญ่มาก บ้านโนนสมโภชน์ หมู่ที่ ๑๐ ตำบลนาคำ ตามแบบมาตรฐานกรมทรัพยากรน้ำ อบต.นาคำ อ.บ้านดุง จ.อุดรธานี", "min": "กระทรวงมหาดไทย", "agc": "กรมส่งเสริมการปกครองท้องถิ่น", "plan_name": "บริหารจัดการทรัพยากรน้ำ", "stg_name": "ยุทธศาสตร์เร่งรัดวางรากฐานการพัฒนาที่ยั่งยืนของประเทศ", "objc_level1_name": "งบลงทุน", "compare": [{"bb_amount": 4692800, "bb_province": "อุดรธานี"}], "gf_amount_sum": 0}
{"bb_code": "1500822040600BC7", "bb_year": "2559", "amount": 4691900, "min_code": "15000", "agc_code": "15008", "name": "ก่อสร้างประปาหมู่บ้าน แบบผิวดินขนาดใหญ่มาก บ้านจุฬาภรณ์พัฒนา ๒ หมู่ที่ ๑๑ ตำบลเขาพระ ตามแบบแปลนกรมทรัพยากรน้ำ ทต.เขาพระ อ.พิปูน จ.นครศรีธรรมราช", "min": "กระทรวงมหาดไทย", "agc": "กรมส่งเสริมการปกครองท้องถิ่น", "plan_name": "บริหารจัดการทรัพยากรน้ำ", "stg_name": "ยุทธศาสตร์เร่งรัดวางรากฐานการพัฒนาที่ยั่งยืนของประเทศ", "objc_level1_name": "งบลงทุน", "compare": [{"bb_amount": 4691900, "bb_province": "นครศรีธรรมราช"}], "gf_amount_sum": 0}
{"bb_code": "1500883002600BJ6", "bb_year": "2559", "amount": 4689500, "min_code": "15000", "agc_code": "15008", "name": "ซ่อมสร้างถนนลาดยางแอสฟัลท์ติกคอนกรีตสายบ้านดอนโรง – บ้านศาลาตะเคียน   แบบ Pavement Recycling  ตำบลการะเกด ตำบลเชียรใหญ่ หนา ๐.๐๔ เมตร หรือมีพื้นที่ไม่น้อยกว่า ๘,๙๐๐ ตารางเมตร  อบจ.นครศรีธรรมราช อ.เชีย", "min": "กระทรวงมหาดไทย", "agc": "กรมส่งเสริมการปกครองท้องถิ่น", "plan_name": "ส่งเสริมการกระจายอำนาจให้แก่องค์กรปกครองส่วนท้องถิ่น", "stg_name": "ยุทธศาสตร์การบริหารกิจการบ้านเมืองที่ดี", "objc_level1_name": "งบลงทุน", "compare": [{"bb_amount": 4689500, "bb_province": "นครศรีธรรมราช"}], "gf_amount_sum": 0}
{"bb_code": "1500883002600CW2", "bb_year": "2559", "amount": 4689000, "min_code": "15000", "agc_code": "15008", "name": "ปรับปรุงถนนลาดยางแอสฟัลท์ติกคอนกรีต ( สาย อบจ.นม.๒๓๒๐๓ ) บ้านนาแค - บ้านหนองขามดี ขนาดกว้าง ๘ เมตร ยาว ๑,๖๑๘ เมตร หนา ๐.๐๔ เมตร  อบจ.นครราชสีมา อ.แก้งสนามนาง จ.นครราชสีมา", "min": "กระทรวงมหาดไทย", "agc": "กรมส่งเสริมการปกครองท้องถิ่น", "plan_name": "ส่งเสริมการกระจายอำนาจให้แก่องค์กรปกครองส่วนท้องถิ่น", "stg_name": "ยุทธศาสตร์การบริหารกิจการบ้านเมืองที่ดี", "objc_level1_name": "งบลงทุน", "compare": [{"bb_amount": 4689000, "bb_province": "นครราชสีมา"}], "gf_amount_sum": 0}
{"bb_code": "1500883002600M60", "bb_year": "2559", "amount": 4687200, "min_code": "15000", "agc_code": "15008", "name": "ซ่อมสร้างถนนลาดยาง Cape Seal สายบ้านดอนกลอย  - บ้านทัพทัน ตำบลทัพทัน มีพื้นที่ไม่น้อยกว่า 19,360 ตารางเมตร อบจ.อุทัยธานี อ.ทัพทัน จ.อุทัยธานี", "min": "กระทรวงมหาดไทย", "agc": "กรมส่งเสริมการปกครองท้องถิ่น", "plan_name": "ส่งเสริมการกระจายอำนาจให้แก่องค์กรปกครองส่วนท้องถิ่น", "stg_name": "ยุทธศาสตร์การบริหารกิจการบ้านเมืองที่ดี", "objc_level1_name": "งบลงทุน", "compare": [{"bb_amount": 4687200, "bb_province": "อุทัยธานี"}], "gf_amount_sum": 0}
{"bb_code": "1500785013420060", "bb_year": "2559", "amount": 4680000, "min_code": "15000", "agc_code": "15007", "name": "โครงการก่อสร้างเขื่อนป้องกันตลิ่งและแก้ปัญหาน้ำท่วมคลองมะรือโบออก หมู่ที่ 1 ต.มะรือโบออก อ.เจาะไอร้อง จ.นราธิวาส ความยาว 450 เมตร", "min": "กระทรวงมหาดไทย", "agc": "กรมโยธาธิการและผังเมือง", "plan_name": "แก้ไขปัญหาและพัฒนาจังหวัดชายแดนภาคใต้", "stg_name": "ยุทธศาสตร์เร่งรัดวางรากฐานการพัฒนาที่ยั่งยืนของประเทศ", "objc_level1_name": "งบลงทุน", "compare": [{"bb_amount": 4680000, "bb_province": "นราธิวาส", "gf_amount": 4680000, "gf_province": "นราธิวาส"}], "gf_amount_sum": 4680000}
{"bb_code": "1500786007420319", "bb_year": "2559", "amount": 4680000, "min_code": "15000", "agc_code": "15007", "name": "เขื่อนป้องกันตลิ่งริมแม่น้ำชี บ้านท่าแก ม.2 (ท่าวังกำแพง) ต.ลุ่มลำชี อ.บ้านเขว้า จ.ชัยภูมิ ความยาว 300 เมตร", "min": "กระทรวงมหาดไทย", "agc": "กรมโยธาธิการและผังเมือง", "plan_name": "ฟื้นฟู ป้องกัน และจัดการภัยพิบัติ ", "stg_name": "ยุทธศาสตร์การจัดการทรัพยากรธรรมชาติและสิ่งแวดล้อม", "objc_level1_name": "งบลงทุน", "compare": [{"bb_amount": 4680000, "bb_province": "ชัยภูมิ", "gf_amount": 2617200, "gf_province": "ชัยภูมิ"}], "gf_amount_sum": 2617200}
{"bb_code": "1500786007420364", "bb_year": "2559", "amount": 4680000, "min_code": "15000", "agc_code": "15007", "name": "เขื่อนป้องกันตลิ่งริมแม่น้ำเพชรบุรี ม.2 ต.ท่าเสน อ.บ้านลาด จ.เพชรบุรี ความยาว 300 เมตร", "min": "กระทรวงมหาดไทย", "agc": "กรมโยธาธิการและผังเมือง", "plan_name": "ฟื้นฟู ป้องกัน และจัดการภัยพิบัติ ", "stg_name": "ยุทธศาสตร์การจัดการทรัพยากรธรรมชาติและสิ่งแวดล้อม", "objc_level1_name": "งบลงทุน", "compare": [{"bb_amount": 4680000, "bb_province": "เพชรบุรี", "gf_amount": 4680000, "gf_province": "เพชรบุรี"}], "gf_amount_sum": 4680000}
{"bb_code": "1500786007420376", "bb_year": "2559", "amount": 4680000, "min_code": "15000", "agc_code": "15007", "name": "เขื่อนป้องกันตลิ่งริมแม่น้ำ บริเวณหน้าวัดท่าราบ ต.บางแพ อ.บางแพ จ.ราชบุรี ความยาว 240 เมตร", "min": "กระทรวงมหาดไทย", "agc": "กรมโยธาธิการและผังเมือง", "plan_name": "ฟื้นฟู ป้องกัน และจัดการภัยพิบัติ ", "stg_name": "ยุทธศาสตร์การจัดการทรัพยากรธรรมชาติและสิ่งแวดล้อม", "objc_level1_name": "งบลงทุน", "compare": [{"bb_amount": 4680000, "bb_province": "ราชบุรี", "gf_amount": 4680000, "gf_province": "ราชบุรี"}], "gf_amount_sum": 4680000}
{"bb_code": "1500786007420485", "bb_year": "2559", "amount": 4680000, "min_code": "15000", "agc_code": "15007", "name": "เขื่อนป้องกันตลิ่งริมแม่น้ำท่าจีน บริเวณวัดศรีจันต์ ต.มดแดง อ.ศรีประจันต์ จ.สุพรรณบุรี ความยาว 200 เมตร", "min": "กระทรวงมหาดไทย", "agc": "กรมโยธาธิการและผังเมือง", "plan_name": "ฟื้นฟู ป้องกัน และจัดการภัยพิบัติ ", "stg_name": "ยุทธศาสตร์การจัดการทรัพยากรธรรมชาติและสิ่งแวดล้อม", "objc_level1_name": "งบลงทุน", "compare": [{"bb_amount": 4680000, "bb_province": "สุพรรณบุรี", "gf_amount": 4680000, "gf_province": "สุพรรณบุรี"}], "gf_amount_sum": 4680000}
{"bb_code": "1500786007420504", "bb_year": "2559", "amount": 4680000, "min_code": "15000", "agc_code": "15007", "name": "เขื่อนป้องกันตลิ่งริมแม่น้ำชี บ้านหินปูน ม.17 ต.เขวาใหญ่ อ.กันทรวิชัย จ.มหาสารคาม ความยาว 300 เมตร", "min": "กระทรวงมหาดไทย", "agc": "กรมโยธาธิการและผังเมือง", "plan_name": "ฟื้นฟู ป้องกัน และจัดการภัยพิบัติ ", "stg_name": "ยุทธศาสตร์การจัดการทรัพยากรธรรมชาติและสิ่งแวดล้อม", "objc_level1_name": "งบลงทุน", "compare": [{"bb_amount": 4680000, "bb_province": "มหาสารคาม", "gf_amount": 4680000, "gf_province": "มหาสารคาม"}], "gf_amount_sum": 4680000}
{"bb_code": "1500822040600M65", "bb_year": "2559", "amount": 4679100, "min_code": "15000", "agc_code": "15008", "name": "ก่อสร้างระบบประปาหมู่บ้านแบบผิวดินขนาดใหญ่มาก บ้านฝางดง, บ้านฝาง, บ้านพระจันทร์ หมู่ที่ ๑๕, ๑, ๑๑ ตำบลบ้านฝาง ตามแบบมาตรฐานกรมทรัพยากรน้ำ อบต.บ้านฝาง อ.เกษตรวิสัย จ.ร้อยเอ็ด", "min": "กระทรวงมหาดไทย", "agc": "กรมส่งเสริมการปกครองท้องถิ่น", "plan_name": "บริหารจัดการทรัพยากรน้ำ", "stg_name": "ยุทธศาสตร์เร่งรัดวางรากฐานการพัฒนาที่ยั่งยืนของประเทศ", "objc_level1_name": "งบลงทุน", "compare": [{"bb_amount": 4679100, "bb_province": "ร้อยเอ็ด"}], "gf_amount_sum": 0}
