{"bb_code": "1500883002600FQ4", "bb_year": "2559", "amount": 4674500, "min_code": "15000", "agc_code": "15008", "name": "ซ่อมสร้างผิวทาง Cape Seal สายทาง อต.๒๐๔๕ สายทางบ้านหม้อ หมู่ที่ ๑,๒,๓, และหมู่ที่ ๗ (แยกหมู่บ้านจากหมู่ที่ ๓) ตำบลบ้านหม้อ กว้าง ๖ เมตร  ยาวรวม ๓,๖๐๐ เมตร อบต.บ้านหม้อ อ.พิชัย จ.อุตรดิตถ์", "min": "กระทรวงมหาดไทย", "agc": "กรมส่งเสริมการปกครองท้องถิ่น", "plan_name": "ส่งเสริมการกระจายอำนาจให้แก่องค์กรปกครองส่วนท้องถิ่น", "stg_name": "ยุทธศาสตร์การบริหารกิจการบ้านเมืองที่ดี", "objc_level1_name": "งบลงทุน", "compare": [{"bb_amount": 4674500, "bb_province": "อุตรดิตถ์"}], "gf_amount_sum": 0}
{"bb_code": "1500382009410112", "bb_year": "2559", "amount": 4672700, "min_code": "15000", "agc_code": "15003", "name": "ค่าปรับปรุงอาคารที่ทำการและสิ่งก่อสร้างประกอบ  อำเภอป่าพะยอม จังหวัดพัทลุง", "min": "กระทรวงมหาดไทย", "agc": "กรมการปกครอง", "plan_name": "พัฒนาประสิทธิภาพการบริหารราชการแผ่นดิน", "stg_name": "ยุทธศาสตร์การบริหารกิจการบ้านเมืองที่ดี", "objc_level1_name": "งบลงทุน", "compare": [{"bb_amount": 4672700, "bb_province": "พัทลุง", "gf_amount": 2223000, "gf_province": "พัทลุง"}], "gf_amount_sum": 2223000}
{"bb_code": "1500785013410087", "bb_year": "2559", "amount": 4669600, "min_code": "15000", "agc_code": "15007", "name": "โครงการปรับปรุงถนนในชุมชน บ้านใหญ่วังไทร (สายสระพรุใหญ่-แปะหลัน) หมู่ที่ 5 ตำบลทับช้าง อำเภอนาทวี จังหวัดสงขลา กว้าง 4 ม. ระยะทาง 1.70 กม.", "min": "กระทรวงมหาดไทย", "agc": "กรมโยธาธิการและผังเมือง", "plan_name": "แก้ไขปัญหาและพัฒนาจังหวัดชายแดนภาคใต้", "stg_name": "ยุทธศาสตร์เร่งรัดวางรากฐานการพัฒนาที่ยั่งยืนของประเทศ", "objc_level1_name": "งบลงทุน", "compare": [{"bb_amount": 4669600, "bb_province": "สงขลา", "gf_amount": 4665000, "gf_province": "สงขลา"}], "gf_amount_sum": 4665000}
{"bb_code": "1500785013410112", "bb_year": "2559", "amount": 4668600, "min_code": "15000", "agc_code": "15007", "name": "โครงการปรับปรุงถนนในชุมชน สายคันคลองชลประทานยางงาม - บ้านป่าสัก หมู่ที่ 4 , 6 ตำบลดอน อำเภอปะนาเระ จังหวัดปัตตานี กว้าง 4 ม.ระยะทาง 1.600 กม. หมู่บ้านพื้นที่ระดับ 3", "min": "กระทรวงมหาดไทย", "agc": "กรมโยธาธิการและผังเมือง", "plan_name": "แก้ไขปัญหาและพัฒนาจังหวัดชายแดนภาคใต้", "stg_name": "ยุทธศาสตร์เร่งรัดวางรากฐานการพัฒนาที่ยั่งยืนของประเทศ", "objc_level1_name": "งบลงทุน", "compare": [{"bb_amount": 4668600, "bb_province": "ปัตตานี", "gf_amount": 4668600, "gf_province": "ปัตตานี"}], "gf_amount_sum": 4668600}
{"bb_code": "1500883002600GR6", "bb_year": "2559", "amount": 4665800, "min_code": "15000", "agc_code": "15008", "name": "เสริมผิวแอสฟัลท์ติกคอนกรีตถนนสาย อบ ๔๐๗๐ บ้านนาคาย-บ้านคำหนามแท่ง จำนวน ๓ ช่วง กว้าง ๕ เมตร ยาวรวม ๑,๓๕๐ เมตร หนา ๐.๐๕ เมตร และงานเสริมไหล่ทางคอนกรีต กว้างข้างละ ๒ เมตร  ยาว ๔๐๐ เมตร หนา ๐.๑๕ เมตร อบต", "min": "กระทรวงมหาดไทย", "agc": "กรมส่งเสริมการปกครองท้องถิ่น", "plan_name": "ส่งเสริมการกระจายอำนาจให้แก่องค์กรปกครองส่วนท้องถิ่น", "stg_name": "ยุทธศาสตร์การบริหารกิจการบ้านเมืองที่ดี", "objc_level1_name": "งบลงทุน", "compare": [{"bb_amount": 4665800, "bb_province": "อุบลราชธานี"}], "gf_amount_sum": 0}
{"bb_code": "1500883002600BT9", "bb_year": "2559", "amount": 4665800, "min_code": "15000", "agc_code": "15008", "name": "ซ่อมสร้างถนนลาดยางแอสฟัลท์ติกคอนกรีตสายบ้านคลองขุด – บ้านบางนบ ตำบลบางนบ ตำบลหัวไทร หนา ๐.๐๔ เมตร หรือมีพื้นที่ไม่น้อยกว่า ๙,๗๔๐ ตารางเมตร  อบจ.นครศรีธรรมราช อ.หัวไทร จ.นครศรีธรรมราช", "min": "กระทรวงมหาดไทย", "agc": "กรมส่งเสริมการปกครองท้องถิ่น", "plan_name": "ส่งเสริมการกระจายอำนาจให้แก่องค์กรปกครองส่วนท้องถิ่น", "stg_name": "ยุทธศาสตร์การบริหารกิจการบ้านเมืองที่ดี", "objc_level1_name": "งบลงทุน", "compare": [{"bb_amount": 4665800, "bb_province": "นครศรีธรรมราช"}], "gf_amount_sum": 0}
{"bb_code": "1500883002600BM1", "bb_year": "2559", "amount": 4652400, "min_code": "15000", "agc_code": "15008", "name": "ก่อสร้างถนนลาดยาง แบบ Double Surface Treatment ฉาบผิว Para Slurry seal type ๓ (โดยวิธี Pavement in - Place Recycling) เชื่อมระหว่างบ้านซำเม็ง หมู่ที่ ๓ ไปบ้านหัวทด หมู่ที่ ๗ ตำบลเสาธงชัย มีพื้นที่ไม่น", "min": "กระทรวงมหาดไทย", "agc": "กรมส่งเสริมการปกครองท้องถิ่น", "plan_name": "ส่งเสริมการกระจายอำนาจให้แก่องค์กรปกครองส่วนท้องถิ่น", "stg_name": "ยุทธศาสตร์การบริหารกิจการบ้านเมืองที่ดี", "objc_level1_name": "งบลงทุน", "compare": [{"bb_amount": 4652400, "bb_province": "ศรีสะเกษ"}], "gf_amount_sum": 0}
{"bb_code": "1500520002110003", "bb_year": "2559", "amount": 4650000, "min_code": "15000", "agc_code": "15005", "name": "รถบรรทุก (ดีเซล) ขนาด 1 ตัน ปริมาตรกระบอกสูบไม่น้อยกว่า 2,400 ซีซี ขับเคลื่อน 4 ล้อ แบบดับเบิลแค็บ หลังคาไฟเบอร์กลาส แขวงทุ่งสองห้อง เขตหลักสี่ กรุงเทพมหานคร", "min": "กระทรวงมหาดไทย", "agc": "กรมที่ดิน", "plan_name": "รักษาความมั่นคงของฐานทรัพยากรธรรมชาติและแก้ปัญหาที่ดินทำกิน", "stg_name": "ยุทธศาสตร์การจัดการทรัพยากรธรรมชาติและสิ่งแวดล้อม", "objc_level1_name": "งบลงทุน", "compare": [{"bb_amount": 4650000, "bb_province": "กรุงเทพมหานคร", "gf_amount": 4645000, "gf_province": "ส่วนกลาง"}], "gf_amount_sum": 4645000}
{"bb_code": "1500883002600DH1", "bb_year": "2559", "amount": 4641600, "min_code": "15000", "agc_code": "15008", "name": "ซ่อมแซมถนนลาดยางผิวจราจรแอสฟัลท์ติกคอนกรีต บริเวณถนนแยกทางหลวงหมายเลข ๓๒๔๕ -บ้านทับบริบูรณ์ หมู่ที่ ๖ ตำบลเกาะจันทร์ พื้นที่ไม่น้อยกว่า ๑๐,๓๙๘ ตารางเมตร ทม.ปรกฟ้า อ.เกาะจันทร์ จ.ชลบุรี", "min": "กระทรวงมหาดไทย", "agc": "กรมส่งเสริมการปกครองท้องถิ่น", "plan_name": "ส่งเสริมการกระจายอำนาจให้แก่องค์กรปกครองส่วนท้องถิ่น", "stg_name": "ยุทธศาสตร์การบริหารกิจการบ้านเมืองที่ดี", "objc_level1_name": "งบลงทุน", "compare": [{"bb_amount": 4641600, "bb_province": "ชลบุรี"}], "gf_amount_sum": 0}
{"bb_code": "1500883002600O58", "bb_year": "2559", "amount": 4641600, "min_code": "15000", "agc_code": "15008", "name": "ปรับปรุงซ่อมแซมถนนลาดยางแอสฟัลท์ติกคอนกรีต สายแยกทางหลวง หมายเลข ๓๓๑ - บ้านหนองเรือ หมู่ที่ ๘ ตำบลแปลงยาว กว้าง ๖ เมตร ความยาว ๑,๐๙๔ เมตร ไหล่ทางกว้างข้างละ ๑ เมตร  อบต.แปลงยาว อ.แปลงยาว จ.ฉะเชิงเทรา", "min": "กระทรวงมหาดไทย", "agc": "กรมส่งเสริมการปกครองท้องถิ่น", "plan_name": "ส่งเสริมการกระจายอำนาจให้แก่องค์กรปกครองส่วนท้องถิ่น", "stg_name": "ยุทธศาสตร์การบริหารกิจการบ้านเมืองที่ดี", "objc_level1_name": "งบลงทุน", "compare": [{"bb_amount": 4641600, "bb_province": "ฉะเชิงเทรา"}], "gf_amount_sum": 0}
{"bb_code": "1500786007420077", "bb_year": "2559", "amount": 4640900, "min_code": "15000", "agc_code": "15007", "name": "เขื่อนป้องกันตลิ่งริมแม่น้ำท่าจีน บริเวณวัดถั่ว หมู่ 1 ต.ศรีประจันต์ อ.ศรีประจันต์ จ.สุพรรณบุรี ความยาว 150 เมตร", "min": "กระทรวงมหาดไทย", "agc": "กรมโยธาธิการและผังเมือง", "plan_name": "ฟื้นฟู ป้องกัน และจัดการภัยพิบัติ ", "stg_name": "ยุทธศาสตร์การจัดการทรัพยากรธรรมชาติและสิ่งแวดล้อม", "objc_level1_name": "งบลงทุน", "compare": [{"bb_amount": 4640900, "bb_province": "สุพรรณบุรี"}, {"gf_amount": 4484000, "gf_province": "ส่วนกลาง", "bb_amount": null, "bb_province": "กรุงเทพมหานคร"}], "gf_amount_sum": 4484000}
{"bb_code": "1500822040600Z42", "bb_year": "2559", "amount": 4640700, "min_code": "15000", "agc_code": "15008", "name": "ก่อสร้างระบบประปาหมู่บ้าน แบบผิวดินขนาดใหญ่ หมู่ที่ ๓ บ้านหนองลาด ตำบลศรีสำราญ ตามแบบมาตรฐานกรมทรัพยากรน้ำ ทต.ศรีสำราญ อ.พรเจริญ จ.บึงกาฬ", "min": "กระทรวงมหาดไทย", "agc": "กรมส่งเสริมการปกครองท้องถิ่น", "plan_name": "บริหารจัดการทรัพยากรน้ำ", "stg_name": "ยุทธศาสตร์เร่งรัดวางรากฐานการพัฒนาที่ยั่งยืนของประเทศ", "objc_level1_name": "งบลงทุน", "compare": [{"bb_amount": 4640700, "bb_province": "บึงกาฬ"}], "gf_amount_sum": 0}
{"bb_code": "1500822040600Z44", "bb_year": "2559", "amount": 4640700, "min_code": "15000", "agc_code": "15008", "name": "ก่อสร้างระบบประปาหมู่บ้าน แบบผิวดินขนาดใหญ่ หมู่ที่ ๖ บ้านโชคชัย ตำบลศรีสำราญ ตามแบบมาตรฐานกรมทรัพยากรน้ำ ทต.ศรีสำราญ อ.พรเจริญ จ.บึงกาฬ", "min": "กระทรวงมหาดไทย", "agc": "กรมส่งเสริมการปกครองท้องถิ่น", "plan_name": "บริหารจัดการทรัพยากรน้ำ", "stg_name": "ยุทธศาสตร์เร่งรัดวางรากฐานการพัฒนาที่ยั่งยืนของประเทศ", "objc_level1_name": "งบลงทุน", "compare": [{"bb_amount": 4640700, "bb_province": "บึงกาฬ"}], "gf_amount_sum": 0}
{"bb_code": "1500883002600R64", "bb_year": "2559", "amount": 4636800, "min_code": "15000", "agc_code": "15008", "name": "เสริมผิวลาดยางแอสฟัลท์ติกคอนกรีต สายบ้านหนองกรด - บ้านลำมะโกรก หมู่ที่ ๒ บ้านหนองกรด ตำบลสระแก้ว กว้าง ๖ เมตร ยาว ๑,๘๑๐ เมตร ไหล่ทางแอสฟัลท์ติกคอนกรีต กว้างข้างละ ๑ เมตร อบต.สระแก้ว อ.เมืองกำแพงเพชร จ", "min": "กระทรวงมหาดไทย", "agc": "กรมส่งเสริมการปกครองท้องถิ่น", "plan_name": "ส่งเสริมการกระจายอำนาจให้แก่องค์กรปกครองส่วนท้องถิ่น", "stg_name": "ยุทธศาสตร์การบริหารกิจการบ้านเมืองที่ดี", "objc_level1_name": "งบลงทุน", "compare": [{"bb_amount": 4636800, "bb_province": "กำแพงเพชร"}], "gf_amount_sum": 0}
{"bb_code": "1500883002600L19", "bb_year": "2559", "amount": 4636800, "min_code": "15000", "agc_code": "15008", "name": "ซ่อมสร้างถนนลาดยางผิวปูแอสฟัลท์ติกคอนกรีต โดยวิธี RECYCLING สายทาง อบจ.๒๐๔๐ บ้านไฮใต้ - บ้านกุดชุมแสง อำเภอหนองบัวแดง จำนวน ๒ ช่วง มีพื้นที่รวมไม่น้อยกว่า ๙,๘๘๐ ตารางเมตร อบจ.ชัยภูมิ อ.หนองบัวแดง จ.ชั", "min": "กระทรวงมหาดไทย", "agc": "กรมส่งเสริมการปกครองท้องถิ่น", "plan_name": "ส่งเสริมการกระจายอำนาจให้แก่องค์กรปกครองส่วนท้องถิ่น", "stg_name": "ยุทธศาสตร์การบริหารกิจการบ้านเมืองที่ดี", "objc_level1_name": "งบลงทุน", "compare": [{"bb_amount": 4636800, "bb_province": "ชัยภูมิ"}], "gf_amount_sum": 0}
{"bb_code": "1500883002600X77", "bb_year": "2559", "amount": 4636800, "min_code": "15000", "agc_code": "15008", "name": "ปรับปรุงถนนลาดยางแอสฟัลท์ติกคอนกรีตสายเอเซีย - บ้านคลองน้อย หมู่ที่ ๔ กว้าง ๖ เมตร ยาว ๑,๖๐๐ เมตร หนา ๐.๐๔ เมตร ไหล่ทางกว้างข้างละ ๑ เมตร    อบจ.ชุมพร อ.สวี จ.ชุมพร", "min": "กระทรวงมหาดไทย", "agc": "กรมส่งเสริมการปกครองท้องถิ่น", "plan_name": "ส่งเสริมการกระจายอำนาจให้แก่องค์กรปกครองส่วนท้องถิ่น", "stg_name": "ยุทธศาสตร์การบริหารกิจการบ้านเมืองที่ดี", "objc_level1_name": "งบลงทุน", "compare": [{"bb_amount": 4636800, "bb_province": "ชุมพร"}], "gf_amount_sum": 0}
{"bb_code": "1500883002600AL8", "bb_year": "2559", "amount": 4636800, "min_code": "15000", "agc_code": "15008", "name": "ซ่อมสร้างถนนลาดยางแอสฟัลท์ติกคอนกรีตสายบ้านควนสุข - บ้านปลายคลองน้ำแดง  บ้านปลายควน หมู่ที่ ๓ ตำบลพ่วงพรมคร กว้าง ๖ เมตร ยาว ๑,๓๒๐  เมตร หนา ๐.๐๕ เมตร หรือมีพื้นที่ไม่น้อยกว่า ๗,๙๒๐ ตารางเมตร พร้อมท่อ", "min": "กระทรวงมหาดไทย", "agc": "กรมส่งเสริมการปกครองท้องถิ่น", "plan_name": "ส่งเสริมการกระจายอำนาจให้แก่องค์กรปกครองส่วนท้องถิ่น", "stg_name": "ยุทธศาสตร์การบริหารกิจการบ้านเมืองที่ดี", "objc_level1_name": "งบลงทุน", "compare": [{"bb_amount": 4636800, "bb_province": "สุราษฎร์ธานี"}], "gf_amount_sum": 0}
{"bb_code": "1500883002600L36", "bb_year": "2559", "amount": 4636800, "min_code": "15000", "agc_code": "15008", "name": "ซ่อมแซมถนนลาดยางแอสฟัลท์ติกคอนกรีต (โดยวิธี Pavement In - Place Recycling) สายทาง รพช.๔๐๐๗ - บ้านกุดเวียน ช่วงบ้านแก้งจิก หมู่ที่ ๗ - บ้านกุดเวียน หมู่ที่ ๖ กว้าง ๖ เมตร ยาว ๑,๒๐๐ เมตร หนา ๐.๐๔ เมตร ไ", "min": "กระทรวงมหาดไทย", "agc": "กรมส่งเสริมการปกครองท้องถิ่น", "plan_name": "ส่งเสริมการกระจายอำนาจให้แก่องค์กรปกครองส่วนท้องถิ่น", "stg_name": "ยุทธศาสตร์การบริหารกิจการบ้านเมืองที่ดี", "objc_level1_name": "งบลงทุน", "compare": [{"bb_amount": 4636800, "bb_province": "ชัยภูมิ"}], "gf_amount_sum": 0}
{"bb_code": "1500883002600K82", "bb_year": "2559", "amount": 4636800, "min_code": "15000", "agc_code": "15008", "name": "ซ่อมสร้างถนนลาดยางผิวจราจรแอสฟัลท์ติกคอนกรีตสายบ้านท้ายคลอง หมู่ที่ ๑ บ้านท้ายคลอง ตำบลหางน้ำสาคร กว้าง ๘ เมตร ยาว ๑,๑๖๔ เมตร หนา ๐.๐๕ เมตร พื้นที่ไม่น้อยกว่า ๙,๓๑๒ ตารางเมตร ทต.หางน้ำสาคร อ.มโนรมย์ จ", "min": "กระทรวงมหาดไทย", "agc": "กรมส่งเสริมการปกครองท้องถิ่น", "plan_name": "ส่งเสริมการกระจายอำนาจให้แก่องค์กรปกครองส่วนท้องถิ่น", "stg_name": "ยุทธศาสตร์การบริหารกิจการบ้านเมืองที่ดี", "objc_level1_name": "งบลงทุน", "compare": [{"bb_amount": 4636800, "bb_province": "ชัยนาท"}], "gf_amount_sum": 0}
{"bb_code": "1500883002600K97", "bb_year": "2559", "amount": 4636800, "min_code": "15000", "agc_code": "15008", "name": "ซ่อมสร้างถนนลาดยางผิวปูแอสฟัลท์ติกคอนกรีต โดยวิธี RECYCLING สายทาง อบจ.๒๐๓๗ บ้านเมืองเก่า - บ้านท่าเดื่อ อำเภอเกษตรสมบูรณ์ กว้าง ๖ เมตร ยาว ๑,๑๔๐ เมตร หนา ๐.๐๔ เมตร ไหล่ทางกว้างข้างละ ๑ เมตร อบจ.ชัยภู", "min": "กระทรวงมหาดไทย", "agc": "กรมส่งเสริมการปกครองท้องถิ่น", "plan_name": "ส่งเสริมการกระจายอำนาจให้แก่องค์กรปกครองส่วนท้องถิ่น", "stg_name": "ยุทธศาสตร์การบริหารกิจการบ้านเมืองที่ดี", "objc_level1_name": "งบลงทุน", "compare": [{"bb_amount": 4636800, "bb_province": "ชัยภูมิ"}], "gf_amount_sum": 0}
