{"bb_code": "1500883002600HB2", "bb_year": "2559", "amount": 4636800, "min_code": "15000", "agc_code": "15008", "name": "ซ่อมสร้างถนน คสล. สายบ้านดงสว่าง - บ้านวังทอง   กว้าง ๕  เมตร ยาว ๑,๘๑๕  เมตร หนา ๐.๑๕ เมตร   อบต.นิคมน้ำอูน อ.นิคมน้ำอูน จ.สกลนคร", "min": "กระทรวงมหาดไทย", "agc": "กรมส่งเสริมการปกครองท้องถิ่น", "plan_name": "ส่งเสริมการกระจายอำนาจให้แก่องค์กรปกครองส่วนท้องถิ่น", "stg_name": "ยุทธศาสตร์การบริหารกิจการบ้านเมืองที่ดี", "objc_level1_name": "งบลงทุน", "compare": [{"bb_amount": 4636800, "bb_province": "สกลนคร"}], "gf_amount_sum": 0}
{"bb_code": "1500822040600W79", "bb_year": "2559", "amount": 4635800, "min_code": "15000", "agc_code": "15008", "name": "ก่อสร้างประปาหมู่บ้านแบบผิวดินขนาดใหญ่มาก บ้านดงเย็น-ดงยาง หมู่ที่ ๔,๖ ตำบลบ้านเชียง รายละเอียดปริมาณงานและแบบแปลนตามที่เทศบาลตำบลบ้านเชียงกำหนด ทต.บ้านเชียง อ.หนองหาน จ.อุดรธานี", "min": "กระทรวงมหาดไทย", "agc": "กรมส่งเสริมการปกครองท้องถิ่น", "plan_name": "บริหารจัดการทรัพยากรน้ำ", "stg_name": "ยุทธศาสตร์เร่งรัดวางรากฐานการพัฒนาที่ยั่งยืนของประเทศ", "objc_level1_name": "งบลงทุน", "compare": [{"bb_amount": 4635800, "bb_province": "อุดรธานี"}], "gf_amount_sum": 0}
{"bb_code": "1500785013410090", "bb_year": "2559", "amount": 4635200, "min_code": "15000", "agc_code": "15007", "name": "โครงการปรับปรุงถนนในชุมชน บ้านสวนโอน (สายบ้านสวนโอน-โคกหญ้าคา) หมู่ที่ 6, 2 ตำบลเปียน อำเภอสะบ้าย้อย จังหวัดสงขลา กว้าง 5 เมตร ระยะทาง 1.350 กม.", "min": "กระทรวงมหาดไทย", "agc": "กรมโยธาธิการและผังเมือง", "plan_name": "แก้ไขปัญหาและพัฒนาจังหวัดชายแดนภาคใต้", "stg_name": "ยุทธศาสตร์เร่งรัดวางรากฐานการพัฒนาที่ยั่งยืนของประเทศ", "objc_level1_name": "งบลงทุน", "compare": [{"bb_amount": 4635200, "bb_province": "สงขลา", "gf_amount": 4630000, "gf_province": "สงขลา"}], "gf_amount_sum": 4630000}
{"bb_code": "1500883002600K07", "bb_year": "2559", "amount": 4630400, "min_code": "15000", "agc_code": "15008", "name": "ปรับปรุงซ่อมสร้างถนนแอสฟัลท์ติกคอนกรีต สายบ้านหนองชุมแสง หมู่ที่ ๑๓ - บ้านนาคำน้อย หมู่ที่ ๑๕ กว้าง ๖ เมตร ยาว ๑,๘๒๐ เมตร หนา ๐.๐๕ เมตร ทต.หนองใหญ่ อ.หนองกุงศรี จ.กาฬสินธุ์", "min": "กระทรวงมหาดไทย", "agc": "กรมส่งเสริมการปกครองท้องถิ่น", "plan_name": "ส่งเสริมการกระจายอำนาจให้แก่องค์กรปกครองส่วนท้องถิ่น", "stg_name": "ยุทธศาสตร์การบริหารกิจการบ้านเมืองที่ดี", "objc_level1_name": "งบลงทุน", "compare": [{"bb_amount": 4630400, "bb_province": "กาฬสินธุ์"}], "gf_amount_sum": 0}
{"bb_code": "1500883002600Q59", "bb_year": "2559", "amount": 4627100, "min_code": "15000", "agc_code": "15008", "name": "ปรับปรุงซ่อมแซมเสริมผิวแอสฟัลท์ติกคอนกรีต หมู่ที่ ๕ บ้านหนองหมากฝ้าย จำนวน ๓ ช่วง มีพื้นที่ไม่น้อยกว่า ๙,๕๖๓ ตารางเมตร อบต.หนองหมากฝ้าย อ.วัฒนานคร จ.สระแก้ว", "min": "กระทรวงมหาดไทย", "agc": "กรมส่งเสริมการปกครองท้องถิ่น", "plan_name": "ส่งเสริมการกระจายอำนาจให้แก่องค์กรปกครองส่วนท้องถิ่น", "stg_name": "ยุทธศาสตร์การบริหารกิจการบ้านเมืองที่ดี", "objc_level1_name": "งบลงทุน", "compare": [{"bb_amount": 4627100, "bb_province": "สระแก้ว"}], "gf_amount_sum": 0}
{"bb_code": "1500720002420039", "bb_year": "2559", "amount": 4625500, "min_code": "15000", "agc_code": "15007", "name": "โครงการพัฒนาพื้นที่เฉพาะชายแดนช่องเม็ก อำเภอสิรินธร จังหวัดอุบลราชธานี ระยะที่ 2", "min": "กระทรวงมหาดไทย", "agc": "กรมโยธาธิการและผังเมือง", "plan_name": "รักษาความมั่นคงของฐานทรัพยากรธรรมชาติและแก้ปัญหาที่ดินทำกิน", "stg_name": "ยุทธศาสตร์การจัดการทรัพยากรธรรมชาติและสิ่งแวดล้อม", "objc_level1_name": "งบลงทุน", "compare": [{"bb_amount": 4625500, "bb_province": "อุบลราชธานี"}], "gf_amount_sum": 0}
{"bb_code": "1500883002600X81", "bb_year": "2559", "amount": 4625200, "min_code": "15000", "agc_code": "15008", "name": "ปรับปรุงถนนลาดยางแอสฟัลท์ติกคอนกรีต สาย ขก ๑๙๕-๐๑ บ้านโนนศิลา - พัทยา ๒  กว้าง ๖ เมตร  ยาว ๑,๘๐๐ เมตร  อบต.หนองกุงเซิน อ.ภูเวียง จ.ขอนแก่น", "min": "กระทรวงมหาดไทย", "agc": "กรมส่งเสริมการปกครองท้องถิ่น", "plan_name": "ส่งเสริมการกระจายอำนาจให้แก่องค์กรปกครองส่วนท้องถิ่น", "stg_name": "ยุทธศาสตร์การบริหารกิจการบ้านเมืองที่ดี", "objc_level1_name": "งบลงทุน", "compare": [{"bb_amount": 4625200, "bb_province": "ขอนแก่น"}], "gf_amount_sum": 0}
{"bb_code": "1500822040600CV2", "bb_year": "2559", "amount": 4618000, "min_code": "15000", "agc_code": "15008", "name": "ปรับปรุงซ่อมแซมสถานีสูบน้ำด้วยไฟฟ้า บ้านท่าสาน  ม.4 อบต.โคกสลุด อ.บางกระทุ่ม จ.พิษณุโลก", "min": "กระทรวงมหาดไทย", "agc": "กรมส่งเสริมการปกครองท้องถิ่น", "plan_name": "บริหารจัดการทรัพยากรน้ำ", "stg_name": "ยุทธศาสตร์เร่งรัดวางรากฐานการพัฒนาที่ยั่งยืนของประเทศ", "objc_level1_name": "งบลงทุน", "compare": [{"bb_amount": 4618000, "bb_province": "พิษณุโลก"}], "gf_amount_sum": 0}
{"bb_code": "1500822040600CV3", "bb_year": "2559", "amount": 4618000, "min_code": "15000", "agc_code": "15008", "name": "ปรับปรุงซ่อมแซมสถานีสูบน้ำด้วยไฟฟ้า บ้านโคกสลุด  ม.7 อบต.โคกสลุด อ.บางกระทุ่ม จ.พิณุโลก", "min": "กระทรวงมหาดไทย", "agc": "กรมส่งเสริมการปกครองท้องถิ่น", "plan_name": "บริหารจัดการทรัพยากรน้ำ", "stg_name": "ยุทธศาสตร์เร่งรัดวางรากฐานการพัฒนาที่ยั่งยืนของประเทศ", "objc_level1_name": "งบลงทุน", "compare": [{"bb_amount": 4618000, "bb_province": "พิษณุโลก"}], "gf_amount_sum": 0}
{"bb_code": "1500883002600L25", "bb_year": "2559", "amount": 4617500, "min_code": "15000", "agc_code": "15008", "name": "ซ่อมสร้างผิวทางแอสฟัลท์ติกคอนกรีต (โดยวิธี Pavement In - Place Recycling) สายทางบ้านทุ่งโปร่ง จำนวน ๓ ช่วง มีพื้นที่รวมไม่น้อยกว่า ๙,๔๗๖ ตารางเมตร  อบต.โคกเริงรมย์ อ.บำเหน็จณรงค์ จ.ชัยภูมิ", "min": "กระทรวงมหาดไทย", "agc": "กรมส่งเสริมการปกครองท้องถิ่น", "plan_name": "ส่งเสริมการกระจายอำนาจให้แก่องค์กรปกครองส่วนท้องถิ่น", "stg_name": "ยุทธศาสตร์การบริหารกิจการบ้านเมืองที่ดี", "objc_level1_name": "งบลงทุน", "compare": [{"bb_amount": 4617500, "bb_province": "ชัยภูมิ"}], "gf_amount_sum": 0}
{"bb_code": "1500822040600J70", "bb_year": "2559", "amount": 4614800, "min_code": "15000", "agc_code": "15008", "name": "ก่อสร้างประปาหมู่บ้าน แบบผิวดินขนาดใหญ่มาก  บ้านท่าดินแดงพัฒนา หมู่ที่ ๑๒ ตามแบบแปลนมาตรฐานกรมทรัพยากรน้ำ ทต.ท่าศิลา อ.ส่องดาว จ.สกลนคร", "min": "กระทรวงมหาดไทย", "agc": "กรมส่งเสริมการปกครองท้องถิ่น", "plan_name": "บริหารจัดการทรัพยากรน้ำ", "stg_name": "ยุทธศาสตร์เร่งรัดวางรากฐานการพัฒนาที่ยั่งยืนของประเทศ", "objc_level1_name": "งบลงทุน", "compare": [{"bb_amount": 4614800, "bb_province": "สกลนคร"}], "gf_amount_sum": 0}
{"bb_code": "1500822040600102", "bb_year": "2559", "amount": 4614200, "min_code": "15000", "agc_code": "15008", "name": "ก่อสร้างประปาหมู่บ้านแบบผิวดินขนาดใหญ่มาก หมู่ที่ ๒ บ้านหนองโพรง ตำบลสนามไชย ตามแบบมาตรฐานกรมทรัพยากรน้ำ ทต.สนามไชย อ.นายายอาม จ.จันทบุรี", "min": "กระทรวงมหาดไทย", "agc": "กรมส่งเสริมการปกครองท้องถิ่น", "plan_name": "บริหารจัดการทรัพยากรน้ำ", "stg_name": "ยุทธศาสตร์เร่งรัดวางรากฐานการพัฒนาที่ยั่งยืนของประเทศ", "objc_level1_name": "งบลงทุน", "compare": [{"bb_amount": 4614200, "bb_province": "จันทบุรี"}], "gf_amount_sum": 0}
{"bb_code": "1500822040600530", "bb_year": "2559", "amount": 4614200, "min_code": "15000", "agc_code": "15008", "name": "ก่อสร้างระบบประปาผิวดินขนาดใหญ่มาก   บ้านป่าซาง หมู่ที่ ๓ ตำบลป่าซาง ตามแบบมาตรฐานกรมทรัพยากรน้ำ อบต.ป่าซาง อ.เวียงเชียงรุ้ง จ.เชียงราย", "min": "กระทรวงมหาดไทย", "agc": "กรมส่งเสริมการปกครองท้องถิ่น", "plan_name": "บริหารจัดการทรัพยากรน้ำ", "stg_name": "ยุทธศาสตร์เร่งรัดวางรากฐานการพัฒนาที่ยั่งยืนของประเทศ", "objc_level1_name": "งบลงทุน", "compare": [{"bb_amount": 4614200, "bb_province": "เชียงราย"}], "gf_amount_sum": 0}
{"bb_code": "1500786007420247", "bb_year": "2559", "amount": 4611800, "min_code": "15000", "agc_code": "15007", "name": "เขื่อนป้องกันตลิ่งริมแม่น้ำท่าจีน พื้นที่ชุมชนท่าใหม่เทศบาลเมืองกระทุ่มแบน อ.กระทุ่มแบน จ.สมุทรสาคร ความยาว 150 เมตร", "min": "กระทรวงมหาดไทย", "agc": "กรมโยธาธิการและผังเมือง", "plan_name": "ฟื้นฟู ป้องกัน และจัดการภัยพิบัติ ", "stg_name": "ยุทธศาสตร์การจัดการทรัพยากรธรรมชาติและสิ่งแวดล้อม", "objc_level1_name": "งบลงทุน", "compare": [{"bb_amount": 4611800, "bb_province": "สมุทรสาคร", "gf_amount": 4611800, "gf_province": "สมุทรสาคร"}], "gf_amount_sum": 4611800}
{"bb_code": "1500883002600M90", "bb_year": "2559", "amount": 4610200, "min_code": "15000", "agc_code": "15008", "name": "เสริมผิวแอสฟัลท์ติกคอนกรีตสายทางบ้านหนองมะเกลือ - บ้านหนองฟัก ตำบลสระสี่มุม กว้าง ๖ เมตร หนา ๐.๐๕ เมตร ยาว ๒,๐๗๕ เมตร พื้นที่ไม่น้อยกว่า ๑๒,๔๕๐ ตารางเมตร อบต.สระสี่มุม อ.กำแพงแสน จ.นครปฐม", "min": "กระทรวงมหาดไทย", "agc": "กรมส่งเสริมการปกครองท้องถิ่น", "plan_name": "ส่งเสริมการกระจายอำนาจให้แก่องค์กรปกครองส่วนท้องถิ่น", "stg_name": "ยุทธศาสตร์การบริหารกิจการบ้านเมืองที่ดี", "objc_level1_name": "งบลงทุน", "compare": [{"bb_amount": 4610200, "bb_province": "นครปฐม"}], "gf_amount_sum": 0}
{"bb_code": "1500883002600N28", "bb_year": "2559", "amount": 4602000, "min_code": "15000", "agc_code": "15008", "name": "ซ่อมสร้างผิวทางแอสฟัลท์ติกคอนกรีต สายทาง บ้านล่อมเสือโฮก หมู่ที่ ๘ - บ้านหนองบัว หมู่ที่ ๑๐ ตำบลหนองยาง กว้าง ๖ เมตร ยาว ๑,๕๐๐ เมตร ไหล่ทางกว้างข้างละ ๑ เมตร  อบต.หนองยาง อ.หนองฉาง จ.อุทัยธานี", "min": "กระทรวงมหาดไทย", "agc": "กรมส่งเสริมการปกครองท้องถิ่น", "plan_name": "ส่งเสริมการกระจายอำนาจให้แก่องค์กรปกครองส่วนท้องถิ่น", "stg_name": "ยุทธศาสตร์การบริหารกิจการบ้านเมืองที่ดี", "objc_level1_name": "งบลงทุน", "compare": [{"bb_amount": 4602000, "bb_province": "อุทัยธานี"}], "gf_amount_sum": 0}
{"bb_code": "1500282003410023", "bb_year": "2559", "amount": 4600500, "min_code": "15000", "agc_code": "15002", "name": "ค่าปรับปรุงซ่อมแซมศูนย์ราชการและอาคารหอประชุมจังหวัดกำแพงเพชร ตำบลหนองปลิง อำเภอเมืองกำแพงเพชร จังหวัดกำแพงเพชร", "min": "กระทรวงมหาดไทย", "agc": "สนง.ปลัดกระทรวงมหาดไทย", "plan_name": "พัฒนาประสิทธิภาพการบริหารราชการแผ่นดิน", "stg_name": "ยุทธศาสตร์การบริหารกิจการบ้านเมืองที่ดี", "objc_level1_name": "งบลงทุน", "compare": [{"bb_amount": 4600500, "bb_province": "กำแพงเพชร", "gf_amount": 4154400, "gf_province": "กำแพงเพชร"}], "gf_amount_sum": 4154400}
{"bb_code": "1500883002600HT2", "bb_year": "2559", "amount": 4591100, "min_code": "15000", "agc_code": "15008", "name": "ซ่อมสร้างถนนคอนกรีตเสริมเหล็ก สายบ้านแสนพัน - บ้านคำสร้างถ่อ สน.ถ๑๔๐-๐๑ จำนวน ๒ ช่วง ความยาวรวม ๑,๕๔๐ เมตร หรือมีพื้นที่รวมไม่น้อยกว่า ๙,๒๔๐ ตารางเมตร อบต.อุ่มจาน อ.กุสุมาลย์ จ.สกลนคร", "min": "กระทรวงมหาดไทย", "agc": "กรมส่งเสริมการปกครองท้องถิ่น", "plan_name": "ส่งเสริมการกระจายอำนาจให้แก่องค์กรปกครองส่วนท้องถิ่น", "stg_name": "ยุทธศาสตร์การบริหารกิจการบ้านเมืองที่ดี", "objc_level1_name": "งบลงทุน", "compare": [{"bb_amount": 4591100, "bb_province": "สกลนคร"}], "gf_amount_sum": 0}
{"bb_code": "1500883002600GD6", "bb_year": "2559", "amount": 4588500, "min_code": "15000", "agc_code": "15008", "name": "ซ่อมแซมถนนลาดยางแอสฟัลท์ติกคอนกรีต เลียบคันคลองชลประทาน ๒๙ ซ้าย กว้าง ๖ เมตร ยาว ๑,๙๐๐ เมตร หนา ๐.๐๔ เมตร อบต.บ้านกาศ อ.สูงเม่น จ.แพร่", "min": "กระทรวงมหาดไทย", "agc": "กรมส่งเสริมการปกครองท้องถิ่น", "plan_name": "ส่งเสริมการกระจายอำนาจให้แก่องค์กรปกครองส่วนท้องถิ่น", "stg_name": "ยุทธศาสตร์การบริหารกิจการบ้านเมืองที่ดี", "objc_level1_name": "งบลงทุน", "compare": [{"bb_amount": 4588500, "bb_province": "แพร่"}], "gf_amount_sum": 0}
{"bb_code": "1500883002600R26", "bb_year": "2559", "amount": 4578800, "min_code": "15000", "agc_code": "15008", "name": "ปรับปรุงซ่อมแซมถนนลาดยางสายบ้านลาน - นาป่าตอ หมู่ที่ ๕ บ้านนาป่าตอ ตำบลโคกเคียน เชื่อมกับถนนลาดยางสายบ้านลาน - เชิงปราง หมู่ที่ ๖ ตำบลโคกเคียน และเชื่อมกับทางหลวงแผ่นดินหมายเลข ๔๐๑ (ตะกั่วป่า-สุราษฎร์", "min": "กระทรวงมหาดไทย", "agc": "กรมส่งเสริมการปกครองท้องถิ่น", "plan_name": "ส่งเสริมการกระจายอำนาจให้แก่องค์กรปกครองส่วนท้องถิ่น", "stg_name": "ยุทธศาสตร์การบริหารกิจการบ้านเมืองที่ดี", "objc_level1_name": "งบลงทุน", "compare": [{"bb_amount": 4578800, "bb_province": "พังงา"}], "gf_amount_sum": 0}
