{"bb_code": "1500883002600BT4", "bb_year": "2559", "amount": 4576800, "min_code": "15000", "agc_code": "15008", "name": "ซ่อมสร้างถนนแอสฟัลติกคอนกรีต สายบ้านกูวิง - บ้านคลอแระ (ยือลอ) หมู่ที่ ๓ ตำบลไทรทอง กว้าง ๖ เมตร ยาว ๑,๔๓๖ เมตร อบต.ไทรทอง อ.ไม้แก่น จ.ปัตตานี", "min": "กระทรวงมหาดไทย", "agc": "กรมส่งเสริมการปกครองท้องถิ่น", "plan_name": "ส่งเสริมการกระจายอำนาจให้แก่องค์กรปกครองส่วนท้องถิ่น", "stg_name": "ยุทธศาสตร์การบริหารกิจการบ้านเมืองที่ดี", "objc_level1_name": "งบลงทุน", "compare": [{"bb_amount": 4576800, "bb_province": "ปัตตานี"}], "gf_amount_sum": 0}
{"bb_code": "1500883002600U76", "bb_year": "2559", "amount": 4567200, "min_code": "15000", "agc_code": "15008", "name": "ซ่อมสร้างถนนลาดยางผิวทางพาราแอสฟัลท์ติกคอนกรีต (โดยวิธี Pavement In - Place Recycling) สายบ้านนาด้วง หมู่ที่ ๓ ตำบลนาด้วง - บ้านนาดอกคำ หมู่ที่ ๒ ตำบลนาดอกคำ อำเภอนาด้วง กว้าง ๖ เมตร ยาว ๑,๐๕๐ เมตร พร", "min": "กระทรวงมหาดไทย", "agc": "กรมส่งเสริมการปกครองท้องถิ่น", "plan_name": "ส่งเสริมการกระจายอำนาจให้แก่องค์กรปกครองส่วนท้องถิ่น", "stg_name": "ยุทธศาสตร์การบริหารกิจการบ้านเมืองที่ดี", "objc_level1_name": "งบลงทุน", "compare": [{"bb_amount": 4567200, "bb_province": "เลย"}], "gf_amount_sum": 0}
{"bb_code": "1500883002600CX1", "bb_year": "2559", "amount": 4567200, "min_code": "15000", "agc_code": "15008", "name": "ซ่อมสร้างถนนลาดยางแบบผิวเรียบ ( สาย อบจ.นม.๑๙๑๐๑ ) บ้านหนองกระโดน - บ้านหนองม่วง ขนาดกว้าง ๖ เมตร ยาว ๒,๖๙๑ เมตร  อบจ.นครราชสีมา อ.ขามทะเลสอ จ.นครราชสีมา", "min": "กระทรวงมหาดไทย", "agc": "กรมส่งเสริมการปกครองท้องถิ่น", "plan_name": "ส่งเสริมการกระจายอำนาจให้แก่องค์กรปกครองส่วนท้องถิ่น", "stg_name": "ยุทธศาสตร์การบริหารกิจการบ้านเมืองที่ดี", "objc_level1_name": "งบลงทุน", "compare": [{"bb_amount": 4567200, "bb_province": "นครราชสีมา"}], "gf_amount_sum": 0}
{"bb_code": "1500282003700005", "bb_year": "2559", "amount": 4564500, "min_code": "15000", "agc_code": "15002", "name": "ค่าใช้จ่ายในการพัฒนาและส่งเสริมการบริหารงานบุคคลส่วนท้องถิ่น", "min": "กระทรวงมหาดไทย", "agc": "สนง.ปลัดกระทรวงมหาดไทย", "plan_name": "พัฒนาประสิทธิภาพการบริหารราชการแผ่นดิน", "stg_name": "ยุทธศาสตร์การบริหารกิจการบ้านเมืองที่ดี", "objc_level1_name": "รายจ่ายอื่น", "compare": [{"bb_amount": 4564500, "bb_province": "กรุงเทพมหานคร", "gf_amount": 4383450.16, "gf_province": "ส่วนกลาง"}], "gf_amount_sum": 4383450.16}
{"bb_code": "1500282003700006", "bb_year": "2559", "amount": 4563200, "min_code": "15000", "agc_code": "15002", "name": "ค่าใช้จ่ายในการส่งเสริมและพัฒนาการบริหารงาน จังหวัดและกลุ่มจังหวัดแบบบูรณาการ", "min": "กระทรวงมหาดไทย", "agc": "สนง.ปลัดกระทรวงมหาดไทย", "plan_name": "พัฒนาประสิทธิภาพการบริหารราชการแผ่นดิน", "stg_name": "ยุทธศาสตร์การบริหารกิจการบ้านเมืองที่ดี", "objc_level1_name": "รายจ่ายอื่น", "compare": [{"bb_amount": 4563200, "bb_province": "กรุงเทพมหานคร", "gf_amount": 3920712, "gf_province": "ส่วนกลาง"}], "gf_amount_sum": 3920712}
{"bb_code": "1500785013410169", "bb_year": "2559", "amount": 4561700, "min_code": "15000", "agc_code": "15007", "name": "โครงการปรับปรุงถนนในชุมชนสายบ้านกูวิง ม.3 ต.ไทรทอง อ.ไม้แก่น จ.ปัตตานี ความกว้าง 4.00 ม. ความยาว 1.550 กม.", "min": "กระทรวงมหาดไทย", "agc": "กรมโยธาธิการและผังเมือง", "plan_name": "แก้ไขปัญหาและพัฒนาจังหวัดชายแดนภาคใต้", "stg_name": "ยุทธศาสตร์เร่งรัดวางรากฐานการพัฒนาที่ยั่งยืนของประเทศ", "objc_level1_name": "งบลงทุน", "compare": [{"bb_amount": 4561700, "bb_province": "ปัตตานี", "gf_amount": 4561700, "gf_province": "ปัตตานี"}], "gf_amount_sum": 4561700}
{"bb_code": "1500883002600GC9", "bb_year": "2559", "amount": 4559500, "min_code": "15000", "agc_code": "15008", "name": "ปรับปรุงถนนแอสฟัลท์ติกคอนกรีต สายบ้านน้ำรัด กว้าง ๖ เมตร ยาว ๑,๘๕๔ เมตร หนา ๐.๐๕ เมตร  อบต.น้ำรัด อ.หนองม่วงไข่ จ.แพร่", "min": "กระทรวงมหาดไทย", "agc": "กรมส่งเสริมการปกครองท้องถิ่น", "plan_name": "ส่งเสริมการกระจายอำนาจให้แก่องค์กรปกครองส่วนท้องถิ่น", "stg_name": "ยุทธศาสตร์การบริหารกิจการบ้านเมืองที่ดี", "objc_level1_name": "งบลงทุน", "compare": [{"bb_amount": 4559500, "bb_province": "แพร่"}], "gf_amount_sum": 0}
{"bb_code": "1500785013410107", "bb_year": "2559", "amount": 4557700, "min_code": "15000", "agc_code": "15007", "name": "โครงการปรับปรุงถนนในชุมชน สายบ้านนางโอ - บ้านวังกว้าง หมู่ที่ 4 ตำบลป่าไร่  อำเภอแม่ลาน จังหวัดปัตตานี กว้าง 6 ม. ระยะทาง 1.900 กม. หมู่บ้านพื้นที่ระดับ 3", "min": "กระทรวงมหาดไทย", "agc": "กรมโยธาธิการและผังเมือง", "plan_name": "แก้ไขปัญหาและพัฒนาจังหวัดชายแดนภาคใต้", "stg_name": "ยุทธศาสตร์เร่งรัดวางรากฐานการพัฒนาที่ยั่งยืนของประเทศ", "objc_level1_name": "งบลงทุน", "compare": [{"bb_amount": 4557700, "bb_province": "ปัตตานี", "gf_amount": 4557700, "gf_province": "ปัตตานี"}], "gf_amount_sum": 4557700}
{"bb_code": "1500883002600DO7", "bb_year": "2559", "amount": 4555800, "min_code": "15000", "agc_code": "15008", "name": "ซ่อมสร้างถนนคอนกรีตเสริมเหล็ก สายทาง ลป.ถ. ๑-๐๐๐๖ บ้านเกาะคา - บ้านแม่ฮาม ช่วงบ้านแม่ฮาม หมู่ที่ ๗ ตำบลเกาะคา กว้าง ๖ เมตร ยาว ๑,๓๖๐ เมตร หนา ๐.๑๕ เมตร  อบจ.ลำปาง อ.เกาะคา จ.ลำปาง", "min": "กระทรวงมหาดไทย", "agc": "กรมส่งเสริมการปกครองท้องถิ่น", "plan_name": "ส่งเสริมการกระจายอำนาจให้แก่องค์กรปกครองส่วนท้องถิ่น", "stg_name": "ยุทธศาสตร์การบริหารกิจการบ้านเมืองที่ดี", "objc_level1_name": "งบลงทุน", "compare": [{"bb_amount": 4555800, "bb_province": "ลำปาง"}], "gf_amount_sum": 0}
{"bb_code": "1500883002600GR4", "bb_year": "2559", "amount": 4549900, "min_code": "15000", "agc_code": "15008", "name": "ซ่อมสร้างและเสริมผิวจราจรแอสฟัลท์ติคคอนกรีต สาย สน.๓๒๐๕ บ้านตองโขบ- บ้านม่วงไข่ อ.โคกศรีสุพรรณ กว้าง ๖ เมตร ยาว ๑,๑๕๐ เมตร หนา ๐.๐๔ เมตร ไหล่ทางแอสฟัลท์ติคคอนกรีต  ข้างละ ๑  เมตร หรือพื้นที่ไม่น้อยกว่", "min": "กระทรวงมหาดไทย", "agc": "กรมส่งเสริมการปกครองท้องถิ่น", "plan_name": "ส่งเสริมการกระจายอำนาจให้แก่องค์กรปกครองส่วนท้องถิ่น", "stg_name": "ยุทธศาสตร์การบริหารกิจการบ้านเมืองที่ดี", "objc_level1_name": "งบลงทุน", "compare": [{"bb_amount": 4549900, "bb_province": "สกลนคร"}], "gf_amount_sum": 0}
{"bb_code": "1500883002600EY6", "bb_year": "2559", "amount": 4549900, "min_code": "15000", "agc_code": "15008", "name": "ปรับปรุงถนนลาดยางแอสฟัลท์ติกคอนกรีต ( สาย อบจ.นม.๑๘๒๐๑ ) บ้านมะเกลือใหม่ - บ้านสูงเนิน ขนาดกว้าง ๘ เมตร ยาว ๑,๖๘๕ เมตร หนา ๐.๐๔ เมตร  อบจ.นครราชสีมา อ.สูงเนิน จ.นครราชสีมา", "min": "กระทรวงมหาดไทย", "agc": "กรมส่งเสริมการปกครองท้องถิ่น", "plan_name": "ส่งเสริมการกระจายอำนาจให้แก่องค์กรปกครองส่วนท้องถิ่น", "stg_name": "ยุทธศาสตร์การบริหารกิจการบ้านเมืองที่ดี", "objc_level1_name": "งบลงทุน", "compare": [{"bb_amount": 4549900, "bb_province": "นครราชสีมา"}], "gf_amount_sum": 0}
{"bb_code": "1500822040600BC8", "bb_year": "2559", "amount": 4547400, "min_code": "15000", "agc_code": "15008", "name": "ก่อสร้างระบบประปาหมู่บ้าน แบบบาดาลขนาดใหญ่ หมู่ที่ ๕ บ้านวัดเทวดาราม ตำบลท่าขึ้น รายละเอียดตามปริมาณงานและแบบแปลนที่องค์การบริหารส่วนตำบลท่าขึ้นกำหนด อบต.ท่าขึ้น อ.ท่าศาลา จ.นครศรีธรรมราช", "min": "กระทรวงมหาดไทย", "agc": "กรมส่งเสริมการปกครองท้องถิ่น", "plan_name": "บริหารจัดการทรัพยากรน้ำ", "stg_name": "ยุทธศาสตร์เร่งรัดวางรากฐานการพัฒนาที่ยั่งยืนของประเทศ", "objc_level1_name": "งบลงทุน", "compare": [{"bb_amount": 4547400, "bb_province": "นครศรีธรรมราช"}], "gf_amount_sum": 0}
{"bb_code": "1500822040600M63", "bb_year": "2559", "amount": 4546400, "min_code": "15000", "agc_code": "15008", "name": "ก่อสร้างระบบประปาหมู่บ้าน แบบผิวดินขนาดใหญ่ หมู่ที่ ๑ บ้านทรายแดง ตำบลทรายแดง ตามแบบแปลนกรมทรัพยากรน้ำ อบต.ทรายแดง อ.เมืองระนอง จ.ระนอง", "min": "กระทรวงมหาดไทย", "agc": "กรมส่งเสริมการปกครองท้องถิ่น", "plan_name": "บริหารจัดการทรัพยากรน้ำ", "stg_name": "ยุทธศาสตร์เร่งรัดวางรากฐานการพัฒนาที่ยั่งยืนของประเทศ", "objc_level1_name": "งบลงทุน", "compare": [{"bb_amount": 4546400, "bb_province": "ระนอง"}], "gf_amount_sum": 0}
{"bb_code": "1500785013410024", "bb_year": "2559", "amount": 4543400, "min_code": "15000", "agc_code": "15007", "name": "โครงการปรับปรุงถนนในชุมชน สายริมแม่น้ำปัตตานี หมู่ที่ 5 ตำบลบันนังสาเรง อำเภอเมือง จังหวัดยะลา กว้าง 6 เมตร ระยะทาง 0.930 กม.", "min": "กระทรวงมหาดไทย", "agc": "กรมโยธาธิการและผังเมือง", "plan_name": "แก้ไขปัญหาและพัฒนาจังหวัดชายแดนภาคใต้", "stg_name": "ยุทธศาสตร์เร่งรัดวางรากฐานการพัฒนาที่ยั่งยืนของประเทศ", "objc_level1_name": "งบลงทุน", "compare": [{"bb_amount": 4543400, "bb_province": "ยะลา", "gf_amount": 4543400, "gf_province": "ยะลา"}], "gf_amount_sum": 4543400}
{"bb_code": "1500883002600AL6", "bb_year": "2559", "amount": 4540200, "min_code": "15000", "agc_code": "15008", "name": "ซ่อมสร้างถนนลาดยางแบบ Double Surface Treatment ฉาบผิว Para Slurry Seal Type ๓ (โดยวิธี Pavement in Place Recycling) สายทางบ้านสร้างเม็ก หมู่ที่ ๖ ตำบลหนองฮาง - บ้านซำผักแว่น หมู่ที่ ๙ ตำบลภูเงิน มีพื้", "min": "กระทรวงมหาดไทย", "agc": "กรมส่งเสริมการปกครองท้องถิ่น", "plan_name": "ส่งเสริมการกระจายอำนาจให้แก่องค์กรปกครองส่วนท้องถิ่น", "stg_name": "ยุทธศาสตร์การบริหารกิจการบ้านเมืองที่ดี", "objc_level1_name": "งบลงทุน", "compare": [{"bb_amount": 4540200, "bb_province": "ศรีสะเกษ"}], "gf_amount_sum": 0}
{"bb_code": "1500520004410008", "bb_year": "2559", "amount": 4540000, "min_code": "15000", "agc_code": "15005", "name": "ค่าก่อสร้างประกอบการจัดที่ดินทำกินและที่อยู่อาศัยให้กับประชาชนที่ยากจน ตำบลปอ อำเภอเวียงแก่น จังหวัดเชียงราย", "min": "กระทรวงมหาดไทย", "agc": "กรมที่ดิน", "plan_name": "รักษาความมั่นคงของฐานทรัพยากรธรรมชาติและแก้ปัญหาที่ดินทำกิน", "stg_name": "ยุทธศาสตร์การจัดการทรัพยากรธรรมชาติและสิ่งแวดล้อม", "objc_level1_name": "งบลงทุน", "compare": [{"bb_amount": 4540000, "bb_province": "เชียงราย"}, {"gf_amount": 4257303.16, "gf_province": "ส่วนกลาง", "bb_amount": null, "bb_province": "กรุงเทพมหานคร"}], "gf_amount_sum": 4257303.16}
{"bb_code": "1500883002600ET4", "bb_year": "2559", "amount": 4538300, "min_code": "15000", "agc_code": "15008", "name": "ซ่อมสร้างถนนลาดยางแอสฟัลท์ติกคอนกรีต ( สาย อบจ.นม.๐๑๒๐๕ ) บ้านหนองพลวงใหญ่ - บ้านหนองบัวศาลา ขนาดกว้าง ๘ เมตร ยาว ๑,๓๓๖ เมตร หนา ๐.๐๔ เมตร  อบจ.นครราชสีมา อ.เมือง จ.นครราชสีมา", "min": "กระทรวงมหาดไทย", "agc": "กรมส่งเสริมการปกครองท้องถิ่น", "plan_name": "ส่งเสริมการกระจายอำนาจให้แก่องค์กรปกครองส่วนท้องถิ่น", "stg_name": "ยุทธศาสตร์การบริหารกิจการบ้านเมืองที่ดี", "objc_level1_name": "งบลงทุน", "compare": [{"bb_amount": 4538300, "bb_province": "นครราชสีมา"}], "gf_amount_sum": 0}
{"bb_code": "1500883002600V80", "bb_year": "2559", "amount": 4532500, "min_code": "15000", "agc_code": "15008", "name": "ซ่อมสร้างผิวทางแอสฟัลท์ติกคอนกรีต สายบ้านฝายกวาง หมู่ที่ ๑ - บ้านบัวนาคพัฒนา หมู่ที่ ๑๒ กว้าง ๖ เมตร ยาว ๒,๐๔๐ เมตร หนา ๐.๐๔ เมตร ทต.ฝายกวาง อ.เชียงคำ จ.พะเยา", "min": "กระทรวงมหาดไทย", "agc": "กรมส่งเสริมการปกครองท้องถิ่น", "plan_name": "ส่งเสริมการกระจายอำนาจให้แก่องค์กรปกครองส่วนท้องถิ่น", "stg_name": "ยุทธศาสตร์การบริหารกิจการบ้านเมืองที่ดี", "objc_level1_name": "งบลงทุน", "compare": [{"bb_amount": 4532500, "bb_province": "พะเยา"}], "gf_amount_sum": 0}
{"bb_code": "1500883002600ED8", "bb_year": "2559", "amount": 4530500, "min_code": "15000", "agc_code": "15008", "name": "ซ่อมสร้างผิวทางแอสฟัลท์ติกคอนกรีตถนนสายบ้านเขาชัยสน-บ้านสะทัง ตำบลหานโพธิ์ อำเภอเขาชัยสน กว้าง ๖ เมตร ยาว ๘๘๐ เมตร หนา ๐.๐๕ เมตร ไหล่ทางข้างละ ๑ เมตร อบจ.พัทลุง อ.เขาชัยสน จ.พัทลุง", "min": "กระทรวงมหาดไทย", "agc": "กรมส่งเสริมการปกครองท้องถิ่น", "plan_name": "ส่งเสริมการกระจายอำนาจให้แก่องค์กรปกครองส่วนท้องถิ่น", "stg_name": "ยุทธศาสตร์การบริหารกิจการบ้านเมืองที่ดี", "objc_level1_name": "งบลงทุน", "compare": [{"bb_amount": 4530500, "bb_province": "พัทลุง"}], "gf_amount_sum": 0}
{"bb_code": "1500883002600R32", "bb_year": "2559", "amount": 4530500, "min_code": "15000", "agc_code": "15008", "name": "ซ่อมสร้างถนนลาดยางสายบางครั่ง - ทุ่งละออง ซ่อมแซมไหล่ทาง มีพื้นที่ไม่น้อยกว่า ๖,๐๐๐ ตารางเมตร และเสริมผิวจราจรแอสฟัลท์ติกคอนกรีต มีพื้นที่ไม่น้อยกว่า ๔,๗๕๐ ตารางเมตร พร้อมงานอื่นๆ  อบต.บางวัน อ.คุระบุ", "min": "กระทรวงมหาดไทย", "agc": "กรมส่งเสริมการปกครองท้องถิ่น", "plan_name": "ส่งเสริมการกระจายอำนาจให้แก่องค์กรปกครองส่วนท้องถิ่น", "stg_name": "ยุทธศาสตร์การบริหารกิจการบ้านเมืองที่ดี", "objc_level1_name": "งบลงทุน", "compare": [{"bb_amount": 4530500, "bb_province": "พังงา"}], "gf_amount_sum": 0}
