{"bb_code": "1500822040600BU2", "bb_year": "2559", "amount": 4495000, "min_code": "15000", "agc_code": "15008", "name": "ปรับปรุงซ่อมแซมสถานีสูบน้ำด้วยไฟฟ้า บ้านโนนเตาไห ม.8 อบต.โนนคูณ อ.คอนสาร จ.ชัยภูมิ", "min": "กระทรวงมหาดไทย", "agc": "กรมส่งเสริมการปกครองท้องถิ่น", "plan_name": "บริหารจัดการทรัพยากรน้ำ", "stg_name": "ยุทธศาสตร์เร่งรัดวางรากฐานการพัฒนาที่ยั่งยืนของประเทศ", "objc_level1_name": "งบลงทุน", "compare": [{"bb_amount": 4495000, "bb_province": "ชัยภูมิ"}], "gf_amount_sum": 0}
{"bb_code": "1500822040600617", "bb_year": "2559", "amount": 4486400, "min_code": "15000", "agc_code": "15008", "name": "ก่อสร้างระบบประปาผิวดินขนาดใหญ่ บ้านท่าหวี หมู่ที่ ๔ ตำบลลาดหญ้า รายละเอียดตามปริมาณงานและแบบแปลนที่ อบต. กำหนด อบต.ลาดหญ้า อ.เมืองกาญจนบุรี  จ.กาญจนบุรี", "min": "กระทรวงมหาดไทย", "agc": "กรมส่งเสริมการปกครองท้องถิ่น", "plan_name": "บริหารจัดการทรัพยากรน้ำ", "stg_name": "ยุทธศาสตร์เร่งรัดวางรากฐานการพัฒนาที่ยั่งยืนของประเทศ", "objc_level1_name": "งบลงทุน", "compare": [{"bb_amount": 4486400, "bb_province": "กาญจนบุรี"}], "gf_amount_sum": 0}
{"bb_code": "1500720002420109", "bb_year": "2559", "amount": 4485000, "min_code": "15000", "agc_code": "15007", "name": "โครงการก่อสร้างฝายลำน้ำลาง บ้านไร่ หมู่ 3 ตำบลสบป่อง อำเภอปางมะผ้า จังหวัดแม่ฮ่องสอน", "min": "กระทรวงมหาดไทย", "agc": "กรมโยธาธิการและผังเมือง", "plan_name": "รักษาความมั่นคงของฐานทรัพยากรธรรมชาติและแก้ปัญหาที่ดินทำกิน", "stg_name": "ยุทธศาสตร์การจัดการทรัพยากรธรรมชาติและสิ่งแวดล้อม", "objc_level1_name": "งบลงทุน", "compare": [{"bb_amount": 4485000, "bb_province": "แม่ฮ่องสอน"}, {"gf_amount": 3315000, "gf_province": "ส่วนกลาง", "bb_amount": null, "bb_province": "กรุงเทพมหานคร"}], "gf_amount_sum": 3315000}
{"bb_code": "1500883002600DT6", "bb_year": "2559", "amount": 4482200, "min_code": "15000", "agc_code": "15008", "name": "ซ่อมสร้างถนนลาดยางผิวจราจรแบบแอสฟัลท์ติกคอนกรีต สายทาง ลป ๔๐๓๙  บ้านดอนทราย - บ้านแม่แก่ง  ช่วงบ้านดงไชย หมู่ที่ ๗ ตำบลแม่ถอด กว้าง ๕ เมตร ยาว ๒,๓๐๐ เมตร หนา ๐.๐๕ เมตร  อบจ.ลำปาง อ.เถิน จ.ลำปาง", "min": "กระทรวงมหาดไทย", "agc": "กรมส่งเสริมการปกครองท้องถิ่น", "plan_name": "ส่งเสริมการกระจายอำนาจให้แก่องค์กรปกครองส่วนท้องถิ่น", "stg_name": "ยุทธศาสตร์การบริหารกิจการบ้านเมืองที่ดี", "objc_level1_name": "งบลงทุน", "compare": [{"bb_amount": 4482200, "bb_province": "ลำปาง"}], "gf_amount_sum": 0}
{"bb_code": "1500883002600GJ6", "bb_year": "2559", "amount": 4480300, "min_code": "15000", "agc_code": "15008", "name": "ซ่อมสร้างถนนแอสฟัลท์ติกคอนกรีต (โดยวิธี pavement In-Place Recycling) สายบ้านหนองทะยิง -บ้านหนองปรือ  ตำบลงิ้ว ขนาดผิวจราจรกว้าง ๖ เมตร ยาว ๑,๑๔๐ เมตร  อบต.งิ้ว อ.ปักธงชัย จ.นครราชสีมา", "min": "กระทรวงมหาดไทย", "agc": "กรมส่งเสริมการปกครองท้องถิ่น", "plan_name": "ส่งเสริมการกระจายอำนาจให้แก่องค์กรปกครองส่วนท้องถิ่น", "stg_name": "ยุทธศาสตร์การบริหารกิจการบ้านเมืองที่ดี", "objc_level1_name": "งบลงทุน", "compare": [{"bb_amount": 4480300, "bb_province": "นครราชสีมา"}], "gf_amount_sum": 0}
{"bb_code": "1500883002600GS3", "bb_year": "2559", "amount": 4474500, "min_code": "15000", "agc_code": "15008", "name": "ซ่อมสร้างและเสริมผิวจราจรแอสฟัลท์ติคคอนกรีต  สาย สน.๓๒๐๘ บ้านด่านม่วงคำ - บ้านฟากนาท่ม อ.โคกศรีสุพรรณ    กว้าง ๖ เมตร ยาว ๑,๑๒๕ เมตร หนา ๐.๐๔ เมตร ไหล่ทางแอสฟัลท์ติคคอนกรีต ข้างละ ๑ เมตร หรือพื้นที่ไม", "min": "กระทรวงมหาดไทย", "agc": "กรมส่งเสริมการปกครองท้องถิ่น", "plan_name": "ส่งเสริมการกระจายอำนาจให้แก่องค์กรปกครองส่วนท้องถิ่น", "stg_name": "ยุทธศาสตร์การบริหารกิจการบ้านเมืองที่ดี", "objc_level1_name": "งบลงทุน", "compare": [{"bb_amount": 4474500, "bb_province": "สกลนคร"}], "gf_amount_sum": 0}
{"bb_code": "1500883002600GD2", "bb_year": "2559", "amount": 4474500, "min_code": "15000", "agc_code": "15008", "name": "ซ่อมแซมถนนลาดยางแบบ Overlay สายลอง - วังชิ้น (แนวเก่า) บ้านแม่แขม หมู่ที่ ๕ กว้าง ๘ เมตร ยาว ๑,๕๖๐ เมตร หนา ๐.๐๔ เมตร อบต.บ่อเหล็กลอง อ.ลอง จ.แพร่", "min": "กระทรวงมหาดไทย", "agc": "กรมส่งเสริมการปกครองท้องถิ่น", "plan_name": "ส่งเสริมการกระจายอำนาจให้แก่องค์กรปกครองส่วนท้องถิ่น", "stg_name": "ยุทธศาสตร์การบริหารกิจการบ้านเมืองที่ดี", "objc_level1_name": "งบลงทุน", "compare": [{"bb_amount": 4474500, "bb_province": "แพร่"}], "gf_amount_sum": 0}
{"bb_code": "1500822040600838", "bb_year": "2559", "amount": 4470700, "min_code": "15000", "agc_code": "15008", "name": "ก่อสร้างระบบประปาหมู่บ้าน แบบผิวดินขนาดใหญ่มาก บ้านสุขสวัสดิ์ หมู่ที่ ๑๓ ตำบลจุมจัง ตามแบบมาตรฐานกรมทรัพยากรน้ำ ทต.จุมจัง อ.กุฉินารายณ์ จ.กาฬสินธุ์", "min": "กระทรวงมหาดไทย", "agc": "กรมส่งเสริมการปกครองท้องถิ่น", "plan_name": "บริหารจัดการทรัพยากรน้ำ", "stg_name": "ยุทธศาสตร์เร่งรัดวางรากฐานการพัฒนาที่ยั่งยืนของประเทศ", "objc_level1_name": "งบลงทุน", "compare": [{"bb_amount": 4470700, "bb_province": "กาฬสินธุ์"}], "gf_amount_sum": 0}
{"bb_code": "1500883002600JJ6", "bb_year": "2559", "amount": 4469000, "min_code": "15000", "agc_code": "15008", "name": "ก่อสร้างถนนสายรัชมังคลาภิเษก บ้านหาดปากเมง หมู่ที่ 4 ตำบลไม้ฝาด องค์การบริหารส่วนตำบลไม้ฝาด อำเภอสิเกา จังหวัดตรัง", "min": "กระทรวงมหาดไทย", "agc": "กรมส่งเสริมการปกครองท้องถิ่น", "plan_name": "ส่งเสริมการกระจายอำนาจให้แก่องค์กรปกครองส่วนท้องถิ่น", "stg_name": "ยุทธศาสตร์การบริหารกิจการบ้านเมืองที่ดี", "objc_level1_name": "งบลงทุน", "compare": [{"bb_amount": 4469000, "bb_province": "ตรัง"}], "gf_amount_sum": 0}
{"bb_code": "1500786007420424", "bb_year": "2559", "amount": 4463600, "min_code": "15000", "agc_code": "15007", "name": "เขื่อนป้องกันตลิ่งริมแม่น้ำน้อย บริเวณศูนย์สภากาชาดไทยเวชพาหน์เฉลิมพระเกียรติ ต.บางจัก อ.วิเศษชัยชาญ จ.อ่างทอง ความยาว 180 เมตร", "min": "กระทรวงมหาดไทย", "agc": "กรมโยธาธิการและผังเมือง", "plan_name": "ฟื้นฟู ป้องกัน และจัดการภัยพิบัติ ", "stg_name": "ยุทธศาสตร์การจัดการทรัพยากรธรรมชาติและสิ่งแวดล้อม", "objc_level1_name": "งบลงทุน", "compare": [{"bb_amount": 4463600, "bb_province": "อ่างทอง", "gf_amount": 4463600, "gf_province": "อ่างทอง"}], "gf_amount_sum": 4463600}
{"bb_code": "1500883002600EJ2", "bb_year": "2559", "amount": 4462900, "min_code": "15000", "agc_code": "15008", "name": "ซ่อมสร้างถนนลาดยางแอสฟัลท์ติกคอนกรีต ( สาย อบจ.นม.๑๔๓๐๕ ) บ้านลำซอ - บ้านโคกสมอ ขนาดกว้าง ๘ เมตร ยาว ๑,๓๓๕ เมตร หนา ๐.๐๔ เมตร  อบจ.นครราชสีมา อ.ปักธงชัย จ.นครราชสีมา", "min": "กระทรวงมหาดไทย", "agc": "กรมส่งเสริมการปกครองท้องถิ่น", "plan_name": "ส่งเสริมการกระจายอำนาจให้แก่องค์กรปกครองส่วนท้องถิ่น", "stg_name": "ยุทธศาสตร์การบริหารกิจการบ้านเมืองที่ดี", "objc_level1_name": "งบลงทุน", "compare": [{"bb_amount": 4462900, "bb_province": "นครราชสีมา"}], "gf_amount_sum": 0}
{"bb_code": "1500822040600M81", "bb_year": "2559", "amount": 4462800, "min_code": "15000", "agc_code": "15008", "name": "ก่อสร้างระบบประปาหมู่บ้านแบบบาดาลขนาดใหญ่มาก หมู่ที่ ๔ บ้านหนองคลีไฟ ตำบลค้อใหญ่ ตามแบบมาตรฐานกรมทรัพยากรน้ำ อบต.ค้อใหญ่ อ.พนมไพร จ.ร้อยเอ็ด", "min": "กระทรวงมหาดไทย", "agc": "กรมส่งเสริมการปกครองท้องถิ่น", "plan_name": "บริหารจัดการทรัพยากรน้ำ", "stg_name": "ยุทธศาสตร์เร่งรัดวางรากฐานการพัฒนาที่ยั่งยืนของประเทศ", "objc_level1_name": "งบลงทุน", "compare": [{"bb_amount": 4462800, "bb_province": "ร้อยเอ็ด"}], "gf_amount_sum": 0}
{"bb_code": "1500883002600BP9", "bb_year": "2559", "amount": 4460000, "min_code": "15000", "agc_code": "15008", "name": "ปรับปรุงผิวจราจรถนนลาดยางแอสฟัลท์ติกคอนกรีตสายบ้านบางจันสี – บ้านนิคมวังหิน ตำบลลำนาว หนา ๐.๐๔ เมตร หรือมีพื้นที่ไม่น้อยกว่า ๑๓,๑๙๕ ตารางเมตร  อบจ.นครศรีธรรมราช อ.บางขัน จ.นครศรีธรรมราช", "min": "กระทรวงมหาดไทย", "agc": "กรมส่งเสริมการปกครองท้องถิ่น", "plan_name": "ส่งเสริมการกระจายอำนาจให้แก่องค์กรปกครองส่วนท้องถิ่น", "stg_name": "ยุทธศาสตร์การบริหารกิจการบ้านเมืองที่ดี", "objc_level1_name": "งบลงทุน", "compare": [{"bb_amount": 4460000, "bb_province": "นครศรีธรรมราช"}], "gf_amount_sum": 0}
{"bb_code": "1500822040600BG8", "bb_year": "2559", "amount": 4454000, "min_code": "15000", "agc_code": "15008", "name": "ก่อสร้างประปาหมู่บ้าน แบบผิวดินขนาดใหญ่มาก หมู่ที่ ๖ บ้านกะโสม ตำบลกะปาง รายละเอียดตามปริมาณงานละแบบแปลนที่เทศบาลตำบลกะปางกำหนด ทต.กะปาง อ.ทุ่งสง จ.นครศรีธรรมราช", "min": "กระทรวงมหาดไทย", "agc": "กรมส่งเสริมการปกครองท้องถิ่น", "plan_name": "บริหารจัดการทรัพยากรน้ำ", "stg_name": "ยุทธศาสตร์เร่งรัดวางรากฐานการพัฒนาที่ยั่งยืนของประเทศ", "objc_level1_name": "งบลงทุน", "compare": [{"bb_amount": 4454000, "bb_province": "นครศรีธรรมราช"}], "gf_amount_sum": 0}
{"bb_code": "1500822040600J16", "bb_year": "2559", "amount": 4449100, "min_code": "15000", "agc_code": "15008", "name": "ก่อสร้างระบบประปาหมู่บ้านแบบผิวดินขนาดใหญ่ บ้านมาบตารอด หมู่ที่ ๗ ตำบลชากบก ตามแบบมาตรฐานกรมทรัพยากรน้ำ ทต.ชากบก อ.บ้านค่าย จ.ระยอง", "min": "กระทรวงมหาดไทย", "agc": "กรมส่งเสริมการปกครองท้องถิ่น", "plan_name": "บริหารจัดการทรัพยากรน้ำ", "stg_name": "ยุทธศาสตร์เร่งรัดวางรากฐานการพัฒนาที่ยั่งยืนของประเทศ", "objc_level1_name": "งบลงทุน", "compare": [{"bb_amount": 4449100, "bb_province": "ระยอง"}], "gf_amount_sum": 0}
{"bb_code": "1500883002600Z95", "bb_year": "2559", "amount": 4443600, "min_code": "15000", "agc_code": "15008", "name": "ปรับปรุงถนนแอสฟัลท์ติกคอนกรีตสายบ้านเขาพนมแบก - บ้านปากกิ่ว ตำบลวัง อำเภอท่าชนะ กว้าง ๖ เมตร ยาว ๑,๔๘๐ เมตร หนา ๐.๐๕ เมตร หรือมีพื้นที่ไม่น้อยกว่า ๘,๘๘๐ ตารางเมตร  อบจ.สุราษฎร์ธานี อ.ท่าชนะ จ.สุราษฎร์", "min": "กระทรวงมหาดไทย", "agc": "กรมส่งเสริมการปกครองท้องถิ่น", "plan_name": "ส่งเสริมการกระจายอำนาจให้แก่องค์กรปกครองส่วนท้องถิ่น", "stg_name": "ยุทธศาสตร์การบริหารกิจการบ้านเมืองที่ดี", "objc_level1_name": "งบลงทุน", "compare": [{"bb_amount": 4443600, "bb_province": "สุราษฎร์ธานี"}], "gf_amount_sum": 0}
{"bb_code": "1500883002600DZ3", "bb_year": "2559", "amount": 4443600, "min_code": "15000", "agc_code": "15008", "name": "งานเสริมผิวทางแอสฟัลท์ติกคอนกรีต สายทางบ้านนิคมแปลง ๕ - ทางหลวงชนบท อจ. ๓๐๐๖ ตำบลชานุมาน มีพื้นที่ไม่น้อยกว่า ๙,๙๒๐ ตารางเมตร อบต.ชานุมาน อ.ชานุมาน จ.อำนาจเจริญ", "min": "กระทรวงมหาดไทย", "agc": "กรมส่งเสริมการปกครองท้องถิ่น", "plan_name": "ส่งเสริมการกระจายอำนาจให้แก่องค์กรปกครองส่วนท้องถิ่น", "stg_name": "ยุทธศาสตร์การบริหารกิจการบ้านเมืองที่ดี", "objc_level1_name": "งบลงทุน", "compare": [{"bb_amount": 4443600, "bb_province": "อำนาจเจริญ"}], "gf_amount_sum": 0}
{"bb_code": "1500883002600W36", "bb_year": "2559", "amount": 4443600, "min_code": "15000", "agc_code": "15008", "name": "ซ่อมสร้างถนนแอสฟัลท์ติกคอนกรีตและเสริมผิวแอสฟัลท์ติกคอนกรีต สายบ้านแม่จว้า - อ่างเก็บน้ำแม่จว้า จำนวน ๒ ช่วง มีพื้นที่รวมไม่น้อยกว่า ๑๒,๐๑๕ ตารางเมตร อบต.แม่สุก อ.แม่ใจ จ.พะเยา", "min": "กระทรวงมหาดไทย", "agc": "กรมส่งเสริมการปกครองท้องถิ่น", "plan_name": "ส่งเสริมการกระจายอำนาจให้แก่องค์กรปกครองส่วนท้องถิ่น", "stg_name": "ยุทธศาสตร์การบริหารกิจการบ้านเมืองที่ดี", "objc_level1_name": "งบลงทุน", "compare": [{"bb_amount": 4443600, "bb_province": "พะเยา"}], "gf_amount_sum": 0}
{"bb_code": "1500883002600GG3", "bb_year": "2559", "amount": 4443600, "min_code": "15000", "agc_code": "15008", "name": "เสริมผิวทางถนนลาดยางแอสฟัลท์ติกคอนกรีต สาย พร.๗๓-๐๐๒ แยกฌาปนสถานบ้านผาสุก บรรจบสาย พร.๓๐๒๓ หมู่ที่ ๘ บ้านผาสุก กว้าง ๖ เมตร ยาว ๑,๘๖๐ เมตร หนา ๐.๐๕ เมตร อบต.เวียงทอง อ.สูงเม่น จ.แพร่", "min": "กระทรวงมหาดไทย", "agc": "กรมส่งเสริมการปกครองท้องถิ่น", "plan_name": "ส่งเสริมการกระจายอำนาจให้แก่องค์กรปกครองส่วนท้องถิ่น", "stg_name": "ยุทธศาสตร์การบริหารกิจการบ้านเมืองที่ดี", "objc_level1_name": "งบลงทุน", "compare": [{"bb_amount": 4443600, "bb_province": "แพร่"}], "gf_amount_sum": 0}
{"bb_code": "1500883002600V60", "bb_year": "2559", "amount": 4443600, "min_code": "15000", "agc_code": "15008", "name": "ปรับปรุงผิวจราจรถนนลาดยางแอสฟัลท์ติกคอนกรีต สาย สห ๒๐๑๑   ริมแม่น้ำเจ้าพระยา หมู่ที่ ๘ - ๙  บ้านบางหมื่นหาญ - บ้านย่านไม้รวก ตำบลต้นโพธิ์ กว้าง ๖ เมตร ยาว ๑,๔๖๐ เมตร  อบต.ต้นโพธิ์ อ.เมืองสิงห์บุรี จ.ส", "min": "กระทรวงมหาดไทย", "agc": "กรมส่งเสริมการปกครองท้องถิ่น", "plan_name": "ส่งเสริมการกระจายอำนาจให้แก่องค์กรปกครองส่วนท้องถิ่น", "stg_name": "ยุทธศาสตร์การบริหารกิจการบ้านเมืองที่ดี", "objc_level1_name": "งบลงทุน", "compare": [{"bb_amount": 4443600, "bb_province": "สิงห์บุรี"}], "gf_amount_sum": 0}
