{"bb_code": "1500883002600CX2", "bb_year": "2559", "amount": 4443600, "min_code": "15000", "agc_code": "15008", "name": "ซ่อมสร้างผิวทางแอสฟัลท์ติกคอนกรีต  บ้านพนา - บ้านสว่างใต้ อำเภอพนา  มีพื้นที่ไม่น้อยกว่า   ๙,๖๐๐  ตารางเมตร  อบจ.อำนาจเจริญ อ.พนา จ.อำนาจเจริญ", "min": "กระทรวงมหาดไทย", "agc": "กรมส่งเสริมการปกครองท้องถิ่น", "plan_name": "ส่งเสริมการกระจายอำนาจให้แก่องค์กรปกครองส่วนท้องถิ่น", "stg_name": "ยุทธศาสตร์การบริหารกิจการบ้านเมืองที่ดี", "objc_level1_name": "งบลงทุน", "compare": [{"bb_amount": 4443600, "bb_province": "อำนาจเจริญ"}], "gf_amount_sum": 0}
{"bb_code": "1500883002600V42", "bb_year": "2559", "amount": 4443600, "min_code": "15000", "agc_code": "15008", "name": "ซ่อมสร้างผิวทางแอสฟัลท์ติกคอนกรีต โดยวิธี Pavement In - Place Recycling สายแยกทางหลวงหมายเลข ๓๕๑๐ (กม.ที่๑๕.๐๐๐) - บ้านหนองหญ้าปล้อง หมู่ที่ ๔  กว้าง ๖ เมตร พื้นที่ไม่น้อยกว่า ๙,๙๐๐ ตารางเมตร ไหล่ทางข", "min": "กระทรวงมหาดไทย", "agc": "กรมส่งเสริมการปกครองท้องถิ่น", "plan_name": "ส่งเสริมการกระจายอำนาจให้แก่องค์กรปกครองส่วนท้องถิ่น", "stg_name": "ยุทธศาสตร์การบริหารกิจการบ้านเมืองที่ดี", "objc_level1_name": "งบลงทุน", "compare": [{"bb_amount": 4443600, "bb_province": "เพชรบุรี"}], "gf_amount_sum": 0}
{"bb_code": "1500883002600EE4", "bb_year": "2559", "amount": 4443600, "min_code": "15000", "agc_code": "15008", "name": "ซ่อมสร้างผิวทางแอสฟัลท์ติกคอนกรีต หมู่ที่ ๕ บ้านปัญญาดี ทางเข้าสวนสัตว์เปิดเขาค้อ กว้าง ๖ เมตร ยาว ๒,๐๐๐ เมตร หนาเฉลี่ย ๐.๐๕ เมตร อบต.เขาค้อ อ.เขาค้อ จ.เพชรบูรณ์", "min": "กระทรวงมหาดไทย", "agc": "กรมส่งเสริมการปกครองท้องถิ่น", "plan_name": "ส่งเสริมการกระจายอำนาจให้แก่องค์กรปกครองส่วนท้องถิ่น", "stg_name": "ยุทธศาสตร์การบริหารกิจการบ้านเมืองที่ดี", "objc_level1_name": "งบลงทุน", "compare": [{"bb_amount": 4443600, "bb_province": "เพชรบูรณ์"}], "gf_amount_sum": 0}
{"bb_code": "1500883002600V57", "bb_year": "2559", "amount": 4443600, "min_code": "15000", "agc_code": "15008", "name": "ซ่อมแซมผิวถนนจราจร สายบ้านใหม่ - บ้านสบทราย โดยการใช้ Asphaltic Concrete โดยการลง TACK COAT และปูผิวลาดยาง (HOT MIX) กว้าง ๖ เมตร ยาว ๒,๖๖๐ เมตร หนาเฉลี่ย ๐.๐๕ เมตร ทต.เชียงม่วน อ.เชียงม่วน จ.พะเยา", "min": "กระทรวงมหาดไทย", "agc": "กรมส่งเสริมการปกครองท้องถิ่น", "plan_name": "ส่งเสริมการกระจายอำนาจให้แก่องค์กรปกครองส่วนท้องถิ่น", "stg_name": "ยุทธศาสตร์การบริหารกิจการบ้านเมืองที่ดี", "objc_level1_name": "งบลงทุน", "compare": [{"bb_amount": 4443600, "bb_province": "พะเยา"}], "gf_amount_sum": 0}
{"bb_code": "1500883002600K11", "bb_year": "2559", "amount": 4443600, "min_code": "15000", "agc_code": "15008", "name": "ซ่อมสร้างถนนลาดยางแบบ Cape Seal และแอสฟัลท์ติกคอนกรีต สายบ้านคอนเรียบ หมู่ที่ ๑ และหมู่ที่ ๑๑ ตำบลหลุบ ถึงบ้านเหล็ก ตำบลเหนือ อำเภอเมืองกาฬสินธุ์ มีพื้นที่ผิวทาง Cape Seal รวมไม่น้อยกว่า ๘,๔๘๐ ตารางเม", "min": "กระทรวงมหาดไทย", "agc": "กรมส่งเสริมการปกครองท้องถิ่น", "plan_name": "ส่งเสริมการกระจายอำนาจให้แก่องค์กรปกครองส่วนท้องถิ่น", "stg_name": "ยุทธศาสตร์การบริหารกิจการบ้านเมืองที่ดี", "objc_level1_name": "งบลงทุน", "compare": [{"bb_amount": 4443600, "bb_province": "กาฬสินธุ์"}], "gf_amount_sum": 0}
{"bb_code": "1500883002600W14", "bb_year": "2559", "amount": 4443600, "min_code": "15000", "agc_code": "15008", "name": "เสริมผิวทางแอสฟัลท์ติกคอนกรีต สายบ้านป่าสัก ตำบลป่าสัก - บ้านนาหนุน ตำบลภูซาง อำเภอภูซาง กว้าง ๖ เมตร ยาว ๒,๐๐๐ เมตร อบจ.พะเยา อ.ภูซาง จ.พะเยา", "min": "กระทรวงมหาดไทย", "agc": "กรมส่งเสริมการปกครองท้องถิ่น", "plan_name": "ส่งเสริมการกระจายอำนาจให้แก่องค์กรปกครองส่วนท้องถิ่น", "stg_name": "ยุทธศาสตร์การบริหารกิจการบ้านเมืองที่ดี", "objc_level1_name": "งบลงทุน", "compare": [{"bb_amount": 4443600, "bb_province": "พะเยา"}], "gf_amount_sum": 0}
{"bb_code": "1500883002600N47", "bb_year": "2559", "amount": 4443600, "min_code": "15000", "agc_code": "15008", "name": "ปรับปรุงถนนแอสฟัลท์ติกคอนกรีต สายวัดสินวิเศษศรัทธาราม – วัดบางคนทีใน หมู่ที่ ๗ เชื่อมหมู่ที่ ๙,๘,๒ ตำบลบางคนที มีพื้นที่ดำเนินการไม่น้อยกว่า ๑๑,๗๐๖ ตารางเมตร อบต.บางคนที อ.บางคนที จ.สมุทรสงคราม", "min": "กระทรวงมหาดไทย", "agc": "กรมส่งเสริมการปกครองท้องถิ่น", "plan_name": "ส่งเสริมการกระจายอำนาจให้แก่องค์กรปกครองส่วนท้องถิ่น", "stg_name": "ยุทธศาสตร์การบริหารกิจการบ้านเมืองที่ดี", "objc_level1_name": "งบลงทุน", "compare": [{"bb_amount": 4443600, "bb_province": "สมุทรสงคราม"}], "gf_amount_sum": 0}
{"bb_code": "1500883002600V86", "bb_year": "2559", "amount": 4443600, "min_code": "15000", "agc_code": "15008", "name": "ซ่อมสร้างผิวทางแอสฟัลท์ติกคอนกรีต สายบ้านห้วยกั้ง ตำบลจุน - บ้านฝั่งหมิ่น ตำบลห้วยยางขาม อำเภอจุน กว้าง ๖ เมตร ยาว ๑,๗๖๐ เมตร อบจ.พะเยา อ.จุน จ.พะเยา", "min": "กระทรวงมหาดไทย", "agc": "กรมส่งเสริมการปกครองท้องถิ่น", "plan_name": "ส่งเสริมการกระจายอำนาจให้แก่องค์กรปกครองส่วนท้องถิ่น", "stg_name": "ยุทธศาสตร์การบริหารกิจการบ้านเมืองที่ดี", "objc_level1_name": "งบลงทุน", "compare": [{"bb_amount": 4443600, "bb_province": "พะเยา"}], "gf_amount_sum": 0}
{"bb_code": "1500883002600DD7", "bb_year": "2559", "amount": 4443600, "min_code": "15000", "agc_code": "15008", "name": "ซ่อมสร้างผิวทางแอสฟัลท์ติกคอนกรีต (โดยวิธี Pavement In - Place Recycling) บ้านปลาค้าว - บ้านดงสีโท อำเภอเมืองอำนาจเจริญ มีพื้นที่ไม่น้อยกว่า   ๗,๐๒๐  ตารางเมตร พร้อมไหล่ทาง อบจ.อำนาจเจริญ อ.เมือง จ.อำ", "min": "กระทรวงมหาดไทย", "agc": "กรมส่งเสริมการปกครองท้องถิ่น", "plan_name": "ส่งเสริมการกระจายอำนาจให้แก่องค์กรปกครองส่วนท้องถิ่น", "stg_name": "ยุทธศาสตร์การบริหารกิจการบ้านเมืองที่ดี", "objc_level1_name": "งบลงทุน", "compare": [{"bb_amount": 4443600, "bb_province": "อำนาจเจริญ"}], "gf_amount_sum": 0}
{"bb_code": "1500883002600V75", "bb_year": "2559", "amount": 4443600, "min_code": "15000", "agc_code": "15008", "name": "ซ่อมสร้างผิวทางแอสฟัลท์ติกคอนกรีต สายบ้านแวนโค้ง หมู่ที่ ๘ - บ้านสันติสุข หมู่ที่ ๑๑ กว้าง ๖ เมตร ยาว ๒,๐๐๐ เมตร หนา ๐.๐๔ เมตร ทต.ฝายกวาง อ.เชียงคำ จ.พะเยา", "min": "กระทรวงมหาดไทย", "agc": "กรมส่งเสริมการปกครองท้องถิ่น", "plan_name": "ส่งเสริมการกระจายอำนาจให้แก่องค์กรปกครองส่วนท้องถิ่น", "stg_name": "ยุทธศาสตร์การบริหารกิจการบ้านเมืองที่ดี", "objc_level1_name": "งบลงทุน", "compare": [{"bb_amount": 4443600, "bb_province": "พะเยา"}], "gf_amount_sum": 0}
{"bb_code": "1500883002600EY3", "bb_year": "2559", "amount": 4443600, "min_code": "15000", "agc_code": "15008", "name": "ซ่อมสร้างถนนลาดยางแบบ Para Cape Seal สาย นค ๓๐๗๘ บ้านปะโค - บ้านโคกคำ อำเภอเมืองหนองคาย กว้าง ๖ เมตร ยาว ๒,๐๐๐ เมตร อบจ.หนองคาย อ.เมืองหนองคาย จ.หนองคาย", "min": "กระทรวงมหาดไทย", "agc": "กรมส่งเสริมการปกครองท้องถิ่น", "plan_name": "ส่งเสริมการกระจายอำนาจให้แก่องค์กรปกครองส่วนท้องถิ่น", "stg_name": "ยุทธศาสตร์การบริหารกิจการบ้านเมืองที่ดี", "objc_level1_name": "งบลงทุน", "compare": [{"bb_amount": 4443600, "bb_province": "หนองคาย"}], "gf_amount_sum": 0}
{"bb_code": "1500883002600V83", "bb_year": "2559", "amount": 4443600, "min_code": "15000", "agc_code": "15008", "name": "ซ่อมสร้างผิวจราจร Cape Seal ถนนสายปางป้อมใหม่ - บ้านร่องย้าง กว้าง ๖ เมตร ยาว ๒,๖๗๒ เมตร ทต.เวียงลอ อ.จุน จ.พะเยา", "min": "กระทรวงมหาดไทย", "agc": "กรมส่งเสริมการปกครองท้องถิ่น", "plan_name": "ส่งเสริมการกระจายอำนาจให้แก่องค์กรปกครองส่วนท้องถิ่น", "stg_name": "ยุทธศาสตร์การบริหารกิจการบ้านเมืองที่ดี", "objc_level1_name": "งบลงทุน", "compare": [{"bb_amount": 4443600, "bb_province": "พะเยา"}], "gf_amount_sum": 0}
{"bb_code": "1500883002600DR9", "bb_year": "2559", "amount": 4443600, "min_code": "15000", "agc_code": "15008", "name": "ซ่อมสร้างผิวทางแอสฟัลท์ติกคอนกรีต (โดยวิธี Pavement In - Place Recycling) บ้านหนองขอน - บ้านโนนหนามแท่ง อำเภอหัวตะพาน  มีพื้นที่ไม่น้อยกว่า   ๗,๙๘๒  ตารางเมตร อบจ.อำนาจเจริญ อ.หัวตะพาน จ.อำนาจเจริญ", "min": "กระทรวงมหาดไทย", "agc": "กรมส่งเสริมการปกครองท้องถิ่น", "plan_name": "ส่งเสริมการกระจายอำนาจให้แก่องค์กรปกครองส่วนท้องถิ่น", "stg_name": "ยุทธศาสตร์การบริหารกิจการบ้านเมืองที่ดี", "objc_level1_name": "งบลงทุน", "compare": [{"bb_amount": 4443600, "bb_province": "อำนาจเจริญ"}], "gf_amount_sum": 0}
{"bb_code": "1500883002600W07", "bb_year": "2559", "amount": 4443600, "min_code": "15000", "agc_code": "15008", "name": "เสริมผิวทางแอสฟัลท์ติกคอนกรีต สายบ้านดงเจน ตำบลดงเจน - บ้านห้วยแก้ว ตำบลห้วยแก้ว อำเภอภูกามยาว กว้าง ๖ เมตร ยาว ๒,๑๒๕ เมตร อบจ.พะเยา อ.ภูกามยาว จ.พะเยา", "min": "กระทรวงมหาดไทย", "agc": "กรมส่งเสริมการปกครองท้องถิ่น", "plan_name": "ส่งเสริมการกระจายอำนาจให้แก่องค์กรปกครองส่วนท้องถิ่น", "stg_name": "ยุทธศาสตร์การบริหารกิจการบ้านเมืองที่ดี", "objc_level1_name": "งบลงทุน", "compare": [{"bb_amount": 4443600, "bb_province": "พะเยา"}], "gf_amount_sum": 0}
{"bb_code": "1500883002600HU3", "bb_year": "2559", "amount": 4443600, "min_code": "15000", "agc_code": "15008", "name": "ปรับปรุงผิวจราจรลาดยางแอสฟัลท์ติกคอนกรีต แยกด่านหนองสองห้อง - หมู่ที่ ๑๑ กว้าง ๕ เมตร ยาว ๒,๗๒๓ เมตร หนา ๐.๐๓ เมตร อบต.ค่ายบกหวาน อ.เมืองหนองคาย จ.หนองคาย", "min": "กระทรวงมหาดไทย", "agc": "กรมส่งเสริมการปกครองท้องถิ่น", "plan_name": "ส่งเสริมการกระจายอำนาจให้แก่องค์กรปกครองส่วนท้องถิ่น", "stg_name": "ยุทธศาสตร์การบริหารกิจการบ้านเมืองที่ดี", "objc_level1_name": "งบลงทุน", "compare": [{"bb_amount": 4443600, "bb_province": "หนองคาย"}], "gf_amount_sum": 0}
{"bb_code": "1500883002600V98", "bb_year": "2559", "amount": 4443600, "min_code": "15000", "agc_code": "15008", "name": "เสริมผิวทางแอสฟัลท์ติกคอนกรีต สายบ้านหนองหล่ม ตำบลหนองหล่ม - บ้านปินพัฒนา ตำบลบ้านปิน อำเภอดอกคำใต้ กว้าง ๖ เมตร ยาว ๒,๑๑๐ เมตร อบจ.พะเยา อ.ดอกคำใต้ จ.พะเยา", "min": "กระทรวงมหาดไทย", "agc": "กรมส่งเสริมการปกครองท้องถิ่น", "plan_name": "ส่งเสริมการกระจายอำนาจให้แก่องค์กรปกครองส่วนท้องถิ่น", "stg_name": "ยุทธศาสตร์การบริหารกิจการบ้านเมืองที่ดี", "objc_level1_name": "งบลงทุน", "compare": [{"bb_amount": 4443600, "bb_province": "พะเยา"}], "gf_amount_sum": 0}
{"bb_code": "1500883002600EX4", "bb_year": "2559", "amount": 4443600, "min_code": "15000", "agc_code": "15008", "name": "ซ่อมสร้างถนนลาดยางแบบ Para Cape Seal สาย นค ๓๑๘๗ บ้านโคกป่าฝาง - บ้านบ่อแปบ อำเภอเมืองหนองคาย กว้าง ๖ เมตร ยาว ๒,๐๐๐ เมตร  อบจ.หนองคาย อ.เมืองหนองคาย จ.หนองคาย", "min": "กระทรวงมหาดไทย", "agc": "กรมส่งเสริมการปกครองท้องถิ่น", "plan_name": "ส่งเสริมการกระจายอำนาจให้แก่องค์กรปกครองส่วนท้องถิ่น", "stg_name": "ยุทธศาสตร์การบริหารกิจการบ้านเมืองที่ดี", "objc_level1_name": "งบลงทุน", "compare": [{"bb_amount": 4443600, "bb_province": "หนองคาย"}], "gf_amount_sum": 0}
{"bb_code": "1500883002600BV8", "bb_year": "2559", "amount": 4443600, "min_code": "15000", "agc_code": "15008", "name": "ซ่อมสร้างถนนลาดยางผิวทางเคฟซีล บ้านเปือย - บ้านน้ำท่วม ตำบลเปือย มีพื้นที่ไม่น้อยกว่า ๑๕,๔๘๐ ตารางเมตร ไหล่ทางข้างละ ๑ เมตร ทต.เปือย อ.ลืออำนาจ จ.อำนาจเจริญ", "min": "กระทรวงมหาดไทย", "agc": "กรมส่งเสริมการปกครองท้องถิ่น", "plan_name": "ส่งเสริมการกระจายอำนาจให้แก่องค์กรปกครองส่วนท้องถิ่น", "stg_name": "ยุทธศาสตร์การบริหารกิจการบ้านเมืองที่ดี", "objc_level1_name": "งบลงทุน", "compare": [{"bb_amount": 4443600, "bb_province": "อำนาจเจริญ"}], "gf_amount_sum": 0}
{"bb_code": "1500883002600M38", "bb_year": "2559", "amount": 4443600, "min_code": "15000", "agc_code": "15008", "name": "ปรับปรุงถนนแอสฟัลท์ติกคอนกรีต สายพุทธมณฑล สาย ๕ - วัดกระทุ่มล้ม ยาว ๕๑๘ เมตร พื้นที่ไม่น้อยกว่า ๓,๘๘๕ ตารางเมตร วางท่อระบายน้ำ คสล. ขนาดเส้นผ่านศููนย์กลาง ๐.๖๐ เมตร ยาว ๔๗๑ เมตร พร้อมบ่อพัก คสล. ขนาด", "min": "กระทรวงมหาดไทย", "agc": "กรมส่งเสริมการปกครองท้องถิ่น", "plan_name": "ส่งเสริมการกระจายอำนาจให้แก่องค์กรปกครองส่วนท้องถิ่น", "stg_name": "ยุทธศาสตร์การบริหารกิจการบ้านเมืองที่ดี", "objc_level1_name": "งบลงทุน", "compare": [{"bb_amount": 4443600, "bb_province": "นครปฐม"}], "gf_amount_sum": 0}
{"bb_code": "1500883002600FH9", "bb_year": "2559", "amount": 4443600, "min_code": "15000", "agc_code": "15008", "name": "ซ่อมสร้างผิวทางแอสฟัลท์ติกคอนกรีต สายทางบ้านไทยเจริญ - บ้านปุดดู่ กว้าง ๖ เมตร ยาว ๒,๐๐๐ เมตร หนา ๐.๐๕ เมตร ไหล่ทางกว้างข้างละ ๑ เมตร อบต.พระพุทธบาท อ.ศรีเชียงใหม่ จ.หนองคาย", "min": "กระทรวงมหาดไทย", "agc": "กรมส่งเสริมการปกครองท้องถิ่น", "plan_name": "ส่งเสริมการกระจายอำนาจให้แก่องค์กรปกครองส่วนท้องถิ่น", "stg_name": "ยุทธศาสตร์การบริหารกิจการบ้านเมืองที่ดี", "objc_level1_name": "งบลงทุน", "compare": [{"bb_amount": 4443600, "bb_province": "หนองคาย"}], "gf_amount_sum": 0}
