{"bb_code": "1500382009410139", "bb_year": "2559", "amount": 4423500, "min_code": "15000", "agc_code": "15003", "name": "ค่าปรับปรุงอาคารที่ทำการและสิ่งก่อสร้างประกอบ  อำเภอกะทู้ จังหวัดภูเก็ต", "min": "กระทรวงมหาดไทย", "agc": "กรมการปกครอง", "plan_name": "พัฒนาประสิทธิภาพการบริหารราชการแผ่นดิน", "stg_name": "ยุทธศาสตร์การบริหารกิจการบ้านเมืองที่ดี", "objc_level1_name": "งบลงทุน", "compare": [{"bb_amount": 4423500, "bb_province": "ภูเก็ต", "gf_amount": 4423500, "gf_province": "ภูเก็ต"}], "gf_amount_sum": 4423500}
{"bb_code": "1500883002600JO5", "bb_year": "2559", "amount": 4423000, "min_code": "15000", "agc_code": "15008", "name": "ก่อสร้างตลาดคนเดินบริเวณ หมู่ที่ 3 บ้านคลองสวน องค์การบริหารส่วนตำบลบ้านคลองสวน อำเภอพระสมุทรเจดีย์ จังหวัดสมุทรปราการ", "min": "กระทรวงมหาดไทย", "agc": "กรมส่งเสริมการปกครองท้องถิ่น", "plan_name": "ส่งเสริมการกระจายอำนาจให้แก่องค์กรปกครองส่วนท้องถิ่น", "stg_name": "ยุทธศาสตร์การบริหารกิจการบ้านเมืองที่ดี", "objc_level1_name": "งบลงทุน", "compare": [{"bb_amount": 4423000, "bb_province": "สมุทรปราการ"}], "gf_amount_sum": 0}
{"bb_code": "1500883002600JN9", "bb_year": "2559", "amount": 4423000, "min_code": "15000", "agc_code": "15008", "name": "ก่อสร้างตลาดถนนคนเดินบริเวณ หมู่ที่ 8 องค์การบริหารส่วนตำบลบางบ่อ อำเภอบางบ่อ จังหวัดสมุทรปราการ", "min": "กระทรวงมหาดไทย", "agc": "กรมส่งเสริมการปกครองท้องถิ่น", "plan_name": "ส่งเสริมการกระจายอำนาจให้แก่องค์กรปกครองส่วนท้องถิ่น", "stg_name": "ยุทธศาสตร์การบริหารกิจการบ้านเมืองที่ดี", "objc_level1_name": "งบลงทุน", "compare": [{"bb_amount": 4423000, "bb_province": "สมุทรปราการ"}], "gf_amount_sum": 0}
{"bb_code": "1500883002600JM8", "bb_year": "2559", "amount": 4423000, "min_code": "15000", "agc_code": "15008", "name": "ก่อสร้างสถานที่จำหน่ายอาหารแห่งใหม่ บริเวณถนนเลียบคลองท่าพรุ ชุมชนท่าพรุ และปรับปรุงศูนย์อาหารของเทศบาล บริเวณถนนรวมสุข เทศบาลเมืองสะเดา อำเภอสะเดา จังหวัดสงขลา", "min": "กระทรวงมหาดไทย", "agc": "กรมส่งเสริมการปกครองท้องถิ่น", "plan_name": "ส่งเสริมการกระจายอำนาจให้แก่องค์กรปกครองส่วนท้องถิ่น", "stg_name": "ยุทธศาสตร์การบริหารกิจการบ้านเมืองที่ดี", "objc_level1_name": "งบลงทุน", "compare": [{"bb_amount": 4423000, "bb_province": "สงขลา"}], "gf_amount_sum": 0}
{"bb_code": "1500883002600S76", "bb_year": "2559", "amount": 4421800, "min_code": "15000", "agc_code": "15008", "name": "ซ่อมแซมถนนลาดยางแอสฟัลท์ติกคอนกรีตสายบ้านบางซอ - บ้านโคกเจ็ดลูก หมู่ที่ ๓,๑๘,๕,๑๓ กว้าง ๖ เมตร ยาว ๑,๔๑๙ เมตร หนา ๐.๐๕ เมตร พื้นที่ไม่น้อยกว่า ๘,๕๑๔ ตารางเมตร  อบต.บางตาเถร อ.สองพี่น้อง จ.สุพรรณบุรี", "min": "กระทรวงมหาดไทย", "agc": "กรมส่งเสริมการปกครองท้องถิ่น", "plan_name": "ส่งเสริมการกระจายอำนาจให้แก่องค์กรปกครองส่วนท้องถิ่น", "stg_name": "ยุทธศาสตร์การบริหารกิจการบ้านเมืองที่ดี", "objc_level1_name": "งบลงทุน", "compare": [{"bb_amount": 4421800, "bb_province": "สุพรรณบุรี"}], "gf_amount_sum": 0}
{"bb_code": "1500822040600U50", "bb_year": "2559", "amount": 4416600, "min_code": "15000", "agc_code": "15008", "name": "ก่อสร้างระบบประปาหมู่บ้านแบบบาดาลขนาดใหญ่ หมู่ที่ ๗ บ้านบางนา ตำบลคอรุม ตามแบบมาตรฐานกรมทรัพยากรน้ำ อบต.คอรุม อ.พิชัย จ.อุตรดิตถ์", "min": "กระทรวงมหาดไทย", "agc": "กรมส่งเสริมการปกครองท้องถิ่น", "plan_name": "บริหารจัดการทรัพยากรน้ำ", "stg_name": "ยุทธศาสตร์เร่งรัดวางรากฐานการพัฒนาที่ยั่งยืนของประเทศ", "objc_level1_name": "งบลงทุน", "compare": [{"bb_amount": 4416600, "bb_province": "อุตรดิตถ์"}], "gf_amount_sum": 0}
{"bb_code": "1500883002600GW2", "bb_year": "2559", "amount": 4414600, "min_code": "15000", "agc_code": "15008", "name": "เสริมผิวทางแอสฟัลท์ติกคอนกรีตสายทาง ตง.๒๒๕๕ บ้านหนองหมอ ตำบลนาวง อำเภอห้วยยอด - บ้านจิจิก ตำบลท่าสะบ้า อำเภอวังวิเศษ กว้าง ๖ เมตร ยาว ๑,๓๐๐ เมตร ไหล่ทางข้างละ ๑.๕๐ เมตร  อบจ.ตรัง อ.ห้วยยอด , วังวิเศษ", "min": "กระทรวงมหาดไทย", "agc": "กรมส่งเสริมการปกครองท้องถิ่น", "plan_name": "ส่งเสริมการกระจายอำนาจให้แก่องค์กรปกครองส่วนท้องถิ่น", "stg_name": "ยุทธศาสตร์การบริหารกิจการบ้านเมืองที่ดี", "objc_level1_name": "งบลงทุน", "compare": [{"bb_amount": 4414600, "bb_province": "ตรัง"}], "gf_amount_sum": 0}
{"bb_code": "1500785013410163", "bb_year": "2559", "amount": 4414500, "min_code": "15000", "agc_code": "15007", "name": "โครงการปรับปรุงถนนในชุมชนสายบ้านห้วยบอน ม.2 ต.บ้านโหนด อ.สะบ้าย้อย จ.สงขลา ความกว้าง 4.00 ม. ความยาว 1.500 กม.", "min": "กระทรวงมหาดไทย", "agc": "กรมโยธาธิการและผังเมือง", "plan_name": "แก้ไขปัญหาและพัฒนาจังหวัดชายแดนภาคใต้", "stg_name": "ยุทธศาสตร์เร่งรัดวางรากฐานการพัฒนาที่ยั่งยืนของประเทศ", "objc_level1_name": "งบลงทุน", "compare": [{"bb_amount": 4414500, "bb_province": "สงขลา", "gf_amount": 4410000, "gf_province": "สงขลา"}], "gf_amount_sum": 4410000}
{"bb_code": "1500822040600O76", "bb_year": "2559", "amount": 4413700, "min_code": "15000", "agc_code": "15008", "name": "ก่อสร้างระบบประปาหมู่บ้าน แบบผิวดินขนาดใหญ่มาก หมู่ที่ ๒ บ้านโคกสว่าง ตำบลนาข่า ตามแบบมาตรฐานกรมทรัพยากรน้ำ อบต.นาข่า อ.ท่าบ่อ จ.หนองคาย", "min": "กระทรวงมหาดไทย", "agc": "กรมส่งเสริมการปกครองท้องถิ่น", "plan_name": "บริหารจัดการทรัพยากรน้ำ", "stg_name": "ยุทธศาสตร์เร่งรัดวางรากฐานการพัฒนาที่ยั่งยืนของประเทศ", "objc_level1_name": "งบลงทุน", "compare": [{"bb_amount": 4413700, "bb_province": "หนองคาย"}], "gf_amount_sum": 0}
{"bb_code": "1500883002600EX6", "bb_year": "2559", "amount": 4413100, "min_code": "15000", "agc_code": "15008", "name": "เสริมผิวจราจรลาดยางแอสฟัลท์ติกคอนกรีตถนนรหัสสายทาง สข.ถ. ๑-๐๐๓๒ สายบ้านทุ่งน้ำขาว  ตำบลนาทวี - บ้านทุ่งข่า ตำบลท่าประดู่ อำเภอนาทวี กว้าง ๘  เมตร  ยาว ๙๕๐ เมตร หนา ๐.๐๕ เมตร ไหล่ทางข้างละ ๑ เมตร  อบจ.", "min": "กระทรวงมหาดไทย", "agc": "กรมส่งเสริมการปกครองท้องถิ่น", "plan_name": "ส่งเสริมการกระจายอำนาจให้แก่องค์กรปกครองส่วนท้องถิ่น", "stg_name": "ยุทธศาสตร์การบริหารกิจการบ้านเมืองที่ดี", "objc_level1_name": "งบลงทุน", "compare": [{"bb_amount": 4413100, "bb_province": "สงขลา"}], "gf_amount_sum": 0}
{"bb_code": "1500822040600AB9", "bb_year": "2559", "amount": 4411700, "min_code": "15000", "agc_code": "15008", "name": "ก่อสร้างระบบประปาบาดาลขนาดใหญ่มาก หมู่ที่ ๑ บ้านธนารัตน์ ตำบลพืชอุดม ตามแบบมาตรฐานกรมทรัพยากรน้ำกำหนด อบต.พืชอุดม อ.ลำลูกกา จ.ปทุมธานี", "min": "กระทรวงมหาดไทย", "agc": "กรมส่งเสริมการปกครองท้องถิ่น", "plan_name": "บริหารจัดการทรัพยากรน้ำ", "stg_name": "ยุทธศาสตร์เร่งรัดวางรากฐานการพัฒนาที่ยั่งยืนของประเทศ", "objc_level1_name": "งบลงทุน", "compare": [{"bb_amount": 4411700, "bb_province": "ปทุมธานี"}], "gf_amount_sum": 0}
{"bb_code": "1500883002600EC7", "bb_year": "2559", "amount": 4410300, "min_code": "15000", "agc_code": "15008", "name": "ปรับปรุงซ่อมแซมถนนคอนกรีตเสริมเหล็กโดยเสริมผิวทางแอสฟัลท์ติกคอนกรีต บ้านถ่อนเหนือ - บ้านถ่อนใต้ กว้าง ๕ เมตร ยาว ๒,๔๙๕ เมตร หนา ๐.๐๔ เมตร ทต.บ้านถ่อน อ.ท่าบ่อ จ.หนองคาย", "min": "กระทรวงมหาดไทย", "agc": "กรมส่งเสริมการปกครองท้องถิ่น", "plan_name": "ส่งเสริมการกระจายอำนาจให้แก่องค์กรปกครองส่วนท้องถิ่น", "stg_name": "ยุทธศาสตร์การบริหารกิจการบ้านเมืองที่ดี", "objc_level1_name": "งบลงทุน", "compare": [{"bb_amount": 4410300, "bb_province": "หนองคาย"}], "gf_amount_sum": 0}
{"bb_code": "1500786007420335", "bb_year": "2559", "amount": 4407000, "min_code": "15000", "agc_code": "15007", "name": "เขื่อนป้องกันตลิ่งพร้อมปรับปรุงภูมิทัศน์ริมคลองบางกอกน้อย วัดปรางค์หลวง ม.1 ต.บางม่วง อ.บางใหญ่ จ.นนทบุรี ความยาว 113 เมตร", "min": "กระทรวงมหาดไทย", "agc": "กรมโยธาธิการและผังเมือง", "plan_name": "ฟื้นฟู ป้องกัน และจัดการภัยพิบัติ ", "stg_name": "ยุทธศาสตร์การจัดการทรัพยากรธรรมชาติและสิ่งแวดล้อม", "objc_level1_name": "งบลงทุน", "compare": [{"bb_amount": 4407000, "bb_province": "นนทบุรี", "gf_amount": 0, "gf_province": "นนทบุรี"}], "gf_amount_sum": 0}
{"bb_code": "1500385008110326", "bb_year": "2559", "amount": 4406400, "min_code": "15000", "agc_code": "15003", "name": "อาวุธปืนลูกซอง ชุดรักษาความปลอดภัยหมู่บ้าน อำเภอจะนะ จังหวัดสงขลา", "min": "กระทรวงมหาดไทย", "agc": "กรมการปกครอง", "plan_name": "แก้ไขปัญหาและพัฒนาจังหวัดชายแดนภาคใต้", "stg_name": "ยุทธศาสตร์เร่งรัดวางรากฐานการพัฒนาที่ยั่งยืนของประเทศ", "objc_level1_name": "งบลงทุน", "compare": [{"bb_amount": 4406400, "bb_province": "สงขลา"}, {"gf_amount": 2879136, "gf_province": "ส่วนกลาง", "bb_amount": null, "bb_province": "กรุงเทพมหานคร"}], "gf_amount_sum": 2879136}
{"bb_code": "1500883002600T50", "bb_year": "2559", "amount": 4405200, "min_code": "15000", "agc_code": "15008", "name": "ซ่อมสร้างผิวทางแอสฟัลท์ติกคอนกรีตสายบ้านทุ่งประดู่ หมู่ที่ ๓ - บ้านวังหิน หมู่ที่ ๒ ตำบลนาท่ามใต้ กว้าง ๖ เมตร ยาว ๒,๐๖๐ เมตร หนา ๐.๐๔ เมตร หรือมีพื้นที่ไม่น้อยกว่า ๑๒,๓๖๐ ตารางเมตร  อบต.นาท่ามใต้ อ.เ", "min": "กระทรวงมหาดไทย", "agc": "กรมส่งเสริมการปกครองท้องถิ่น", "plan_name": "ส่งเสริมการกระจายอำนาจให้แก่องค์กรปกครองส่วนท้องถิ่น", "stg_name": "ยุทธศาสตร์การบริหารกิจการบ้านเมืองที่ดี", "objc_level1_name": "งบลงทุน", "compare": [{"bb_amount": 4405200, "bb_province": "ตรัง"}], "gf_amount_sum": 0}
{"bb_code": "1500883002600EU4", "bb_year": "2559", "amount": 4405000, "min_code": "15000", "agc_code": "15008", "name": "ซ่อมผิวทางแอสฟัลท์ติกคอนกรีต สายซำเรียง - น้ำร้อน หมู่ที่ ๘ บ้านซำเรียง กว้าง ๖ เมตร ยาว ๑,๗๖๐ เมตร หนา ๐.๐๔ เมตร ไหล่ทางกว้างข้างละ ๑ เมตร อบต.น้ำร้อน อ.เมืองเพชรบูรณ์ จ.เพชรบูรณ์", "min": "กระทรวงมหาดไทย", "agc": "กรมส่งเสริมการปกครองท้องถิ่น", "plan_name": "ส่งเสริมการกระจายอำนาจให้แก่องค์กรปกครองส่วนท้องถิ่น", "stg_name": "ยุทธศาสตร์การบริหารกิจการบ้านเมืองที่ดี", "objc_level1_name": "งบลงทุน", "compare": [{"bb_amount": 4405000, "bb_province": "เพชรบูรณ์"}], "gf_amount_sum": 0}
{"bb_code": "1500883002600L97", "bb_year": "2559", "amount": 4405000, "min_code": "15000", "agc_code": "15008", "name": "ซ่อมสร้างผิวทางแอสฟัลท์ติกคอนกรีต สายบ้านค้างฮ้อ หมู่ที่ 3 ตำบลป่ากลาง - บ้านนานิคม ตำบลยม กว้าง 6 เมตร ยาว 2,000 เมตร หนา 0.04 เมตร  อบต. ป่ากลาง อ.ปัว จ.น่าน", "min": "กระทรวงมหาดไทย", "agc": "กรมส่งเสริมการปกครองท้องถิ่น", "plan_name": "ส่งเสริมการกระจายอำนาจให้แก่องค์กรปกครองส่วนท้องถิ่น", "stg_name": "ยุทธศาสตร์การบริหารกิจการบ้านเมืองที่ดี", "objc_level1_name": "งบลงทุน", "compare": [{"bb_amount": 4405000, "bb_province": "น่าน"}], "gf_amount_sum": 0}
{"bb_code": "1500883002600JO4", "bb_year": "2559", "amount": 4405000, "min_code": "15000", "agc_code": "15008", "name": "ก่อสร้างอาคารศูนย์จำหน่ายสินค้า ของเทศบาลตำบลแพรกษา จังหวัดสมุทรปราการ", "min": "กระทรวงมหาดไทย", "agc": "กรมส่งเสริมการปกครองท้องถิ่น", "plan_name": "ส่งเสริมการกระจายอำนาจให้แก่องค์กรปกครองส่วนท้องถิ่น", "stg_name": "ยุทธศาสตร์การบริหารกิจการบ้านเมืองที่ดี", "objc_level1_name": "งบลงทุน", "compare": [{"bb_amount": 4405000, "bb_province": "สมุทรปราการ"}], "gf_amount_sum": 0}
{"bb_code": "1500883002600Z64", "bb_year": "2559", "amount": 4399200, "min_code": "15000", "agc_code": "15008", "name": "ซ่อมสร้างถนนลาดยางผิวทางพาราแอสฟัลท์ติกคอนกรีต สายทาง  มค.ถ.๑-๐๐๕๖ บ้านหนองงู  หมู่ที่ ๓  ตำบลสันป่าตอง  - บ้านโคกยาว  หมู่ที่ ๕,๙ ตำบลดงดวน  กว้าง  ๖  เมตร  ยาว  ๙๐๐  เมตร (ช่วง กม.๕+๗๐๐ - กม.๘+๙๐๐)", "min": "กระทรวงมหาดไทย", "agc": "กรมส่งเสริมการปกครองท้องถิ่น", "plan_name": "ส่งเสริมการกระจายอำนาจให้แก่องค์กรปกครองส่วนท้องถิ่น", "stg_name": "ยุทธศาสตร์การบริหารกิจการบ้านเมืองที่ดี", "objc_level1_name": "งบลงทุน", "compare": [{"bb_amount": 4399200, "bb_province": "มหาสารคาม"}], "gf_amount_sum": 0}
{"bb_code": "1500883002600DR1", "bb_year": "2559", "amount": 4393400, "min_code": "15000", "agc_code": "15008", "name": "ซ่อมสร้างถนนลาดยางผิวจราจรแบบแอสฟัลท์ติกคอนกรีต สายทาง ลป.ถ. ๑-๐๐๔๓ บ้านแม่ตีบ - บ้านงิ้วงาม  ช่วงระหว่างบ้านแม่ตีบ หมู่ที่ ๒ - บ้านน้ำหลง หมู่ที่ ๓ ตำบลแม่ตีบ กว้าง ๖ เมตร ยาว ๑,๗๓๐ เมตร หนา ๐.๐๕ เมต", "min": "กระทรวงมหาดไทย", "agc": "กรมส่งเสริมการปกครองท้องถิ่น", "plan_name": "ส่งเสริมการกระจายอำนาจให้แก่องค์กรปกครองส่วนท้องถิ่น", "stg_name": "ยุทธศาสตร์การบริหารกิจการบ้านเมืองที่ดี", "objc_level1_name": "งบลงทุน", "compare": [{"bb_amount": 4393400, "bb_province": "ลำปาง"}], "gf_amount_sum": 0}
