{"bb_code": "1500883002600K42", "bb_year": "2559", "amount": 4387600, "min_code": "15000", "agc_code": "15008", "name": "ซ่อมสร้างถนนลาดยางผิวจราจร Cape Seal แยกทางหลวงหมายเลข ๒๐๙ (กม.ที่ ๕๓+๙๕๐) - บ้านขาม กว้าง ๖ เมตร ยาว ๑,๓๗๔ เมตร อบต.คลองขาม อ.ยางตลาด จ.กาฬสินธุ์", "min": "กระทรวงมหาดไทย", "agc": "กรมส่งเสริมการปกครองท้องถิ่น", "plan_name": "ส่งเสริมการกระจายอำนาจให้แก่องค์กรปกครองส่วนท้องถิ่น", "stg_name": "ยุทธศาสตร์การบริหารกิจการบ้านเมืองที่ดี", "objc_level1_name": "งบลงทุน", "compare": [{"bb_amount": 4387600, "bb_province": "กาฬสินธุ์"}], "gf_amount_sum": 0}
{"bb_code": "1500883002600AG2", "bb_year": "2559", "amount": 4387600, "min_code": "15000", "agc_code": "15008", "name": "ซ่อมสร้างถนนแอสฟัทล์ติกคอนกรีตสายแยกทางหลวงหมายเลข ๔๐๑ - บ้านหัวศอก หมู่ที่ ๑ บ้านดอนหลวง ตำบลท่าอุแท กว้าง ๖ เมตร ยาว ๑,๕๔๕ เมตร  หนา ๐.๐๕ เมตร หรือมีพื้นที่ไม่น้อยกว่า ๙,๒๗๐ ตารางเมตร  อบต.ท่าอุแท อ", "min": "กระทรวงมหาดไทย", "agc": "กรมส่งเสริมการปกครองท้องถิ่น", "plan_name": "ส่งเสริมการกระจายอำนาจให้แก่องค์กรปกครองส่วนท้องถิ่น", "stg_name": "ยุทธศาสตร์การบริหารกิจการบ้านเมืองที่ดี", "objc_level1_name": "งบลงทุน", "compare": [{"bb_amount": 4387600, "bb_province": "สุราษฎร์ธานี"}], "gf_amount_sum": 0}
{"bb_code": "1500786007420200", "bb_year": "2559", "amount": 4387500, "min_code": "15000", "agc_code": "15007", "name": "เขื่อนป้องกันตลิ่งริมแม่น้ำชี บริเวณบ้านกุดกง ม.14 ต.เขื่องคำ อ.เมืองยโสธร จ.ยโสธร ความยาว 225 เมตร", "min": "กระทรวงมหาดไทย", "agc": "กรมโยธาธิการและผังเมือง", "plan_name": "ฟื้นฟู ป้องกัน และจัดการภัยพิบัติ ", "stg_name": "ยุทธศาสตร์การจัดการทรัพยากรธรรมชาติและสิ่งแวดล้อม", "objc_level1_name": "งบลงทุน", "compare": [{"bb_amount": 4387500, "bb_province": "ยโสธร", "gf_amount": 4387500, "gf_province": "ยโสธร"}], "gf_amount_sum": 4387500}
{"bb_code": "1500786007420357", "bb_year": "2559", "amount": 4387500, "min_code": "15000", "agc_code": "15007", "name": "เขื่อนป้องกันตลิ่งริมแม่น้ำน่าน ถ.พุทธบูชา (ปากซอยมหาวิชัย) อ.เมือง จ.พิษณุโลก (ต่อเนื่องเขื่อนเดิม) ความยาว 150 เมตร", "min": "กระทรวงมหาดไทย", "agc": "กรมโยธาธิการและผังเมือง", "plan_name": "ฟื้นฟู ป้องกัน และจัดการภัยพิบัติ ", "stg_name": "ยุทธศาสตร์การจัดการทรัพยากรธรรมชาติและสิ่งแวดล้อม", "objc_level1_name": "งบลงทุน", "compare": [{"bb_amount": 4387500, "bb_province": "พิษณุโลก", "gf_amount": 7178726, "gf_province": "พิษณุโลก"}], "gf_amount_sum": 7178726}
{"bb_code": "1500786007420411", "bb_year": "2559", "amount": 4387500, "min_code": "15000", "agc_code": "15007", "name": "เขื่อนป้องกันตลิ่งริมแม่น้ำเจ้าพระยา ม.2 (ต่อเนื่อง ม.2 เดิม) ต.เกาะเทโพ อ.เมือง จ.อุทัยธานี ความยาว 150 เมตร", "min": "กระทรวงมหาดไทย", "agc": "กรมโยธาธิการและผังเมือง", "plan_name": "ฟื้นฟู ป้องกัน และจัดการภัยพิบัติ ", "stg_name": "ยุทธศาสตร์การจัดการทรัพยากรธรรมชาติและสิ่งแวดล้อม", "objc_level1_name": "งบลงทุน", "compare": [{"bb_amount": 4387500, "bb_province": "อุทัยธานี", "gf_amount": 15972400, "gf_province": "อุทัยธานี"}], "gf_amount_sum": 15972400}
{"bb_code": "1500786007420464", "bb_year": "2559", "amount": 4387500, "min_code": "15000", "agc_code": "15007", "name": "เขื่อนป้องกันตลิ่งริมแม่น้ำเจ้าพระยา ระยะที่ 1 (หน้าร้านน้องอุ๋ม) ม.5 ต.เกาะเทโพ อ.เมือง จ.อุทัยธานี ความยาว 150 เมตร", "min": "กระทรวงมหาดไทย", "agc": "กรมโยธาธิการและผังเมือง", "plan_name": "ฟื้นฟู ป้องกัน และจัดการภัยพิบัติ ", "stg_name": "ยุทธศาสตร์การจัดการทรัพยากรธรรมชาติและสิ่งแวดล้อม", "objc_level1_name": "งบลงทุน", "compare": [{"bb_amount": 4387500, "bb_province": "อุทัยธานี", "gf_amount": 12483000, "gf_province": "อุทัยธานี"}], "gf_amount_sum": 12483000}
{"bb_code": "1500822040600N91", "bb_year": "2559", "amount": 4384200, "min_code": "15000", "agc_code": "15008", "name": "ก่อสร้างประปาหมู่บ้าน แบบผิวดินขนาดใหญ่มาก บ้านเพีย หมู่ที่ ๒ ทต.น้ำสวย อ.เมืองเลย จ.เลย", "min": "กระทรวงมหาดไทย", "agc": "กรมส่งเสริมการปกครองท้องถิ่น", "plan_name": "บริหารจัดการทรัพยากรน้ำ", "stg_name": "ยุทธศาสตร์เร่งรัดวางรากฐานการพัฒนาที่ยั่งยืนของประเทศ", "objc_level1_name": "งบลงทุน", "compare": [{"bb_amount": 4384200, "bb_province": "เลย"}], "gf_amount_sum": 0}
{"bb_code": "1500883002600X51", "bb_year": "2559", "amount": 4381100, "min_code": "15000", "agc_code": "15008", "name": "ปรับปรุงซ่อมสร้างถนนคอนกรีตเสริมเหล็ก สายบ้านก้านเหลือง ตำบลก้านเหลือง - บ้านส้มป่อย ตำบลหนองสังข์ อำเภอนาแก กว้าง ๖ เมตร ยาว ๑,๑๖๐ เมตร หนา ๐.๑๕ เมตร ไหล่ทางลูกรังกว้างข้างละ ๐.๕๐ เมตร อบจ.นครพนม อ.น", "min": "กระทรวงมหาดไทย", "agc": "กรมส่งเสริมการปกครองท้องถิ่น", "plan_name": "ส่งเสริมการกระจายอำนาจให้แก่องค์กรปกครองส่วนท้องถิ่น", "stg_name": "ยุทธศาสตร์การบริหารกิจการบ้านเมืองที่ดี", "objc_level1_name": "งบลงทุน", "compare": [{"bb_amount": 4381100, "bb_province": "นครพนม"}], "gf_amount_sum": 0}
{"bb_code": "1500822040600O71", "bb_year": "2559", "amount": 4380200, "min_code": "15000", "agc_code": "15008", "name": "ก่อสร้างระบบประปาหมู่บ้าน แบบผิวดินขนาดใหญ่ บ้านกองนาง หมู่ที่ ๑๐ ตำบลกองนาง ตามแบบมาตรฐานกรมทรัพยากรน้ำ ทต.กองนาง อ.ท่าบ่อ จ.หนองคาย", "min": "กระทรวงมหาดไทย", "agc": "กรมส่งเสริมการปกครองท้องถิ่น", "plan_name": "บริหารจัดการทรัพยากรน้ำ", "stg_name": "ยุทธศาสตร์เร่งรัดวางรากฐานการพัฒนาที่ยั่งยืนของประเทศ", "objc_level1_name": "งบลงทุน", "compare": [{"bb_amount": 4380200, "bb_province": "หนองคาย"}], "gf_amount_sum": 0}
{"bb_code": "1500822040600O72", "bb_year": "2559", "amount": 4380200, "min_code": "15000", "agc_code": "15008", "name": "ก่อสร้างระบบประปาหมู่บ้าน แบบผิวดินขนาดใหญ่ บ้านป่าสัก หมู่ที่ ๙ ตำบลกองนาง ตามแบบมาตรฐานกรมทรัพยากรน้ำ ทต.กองนาง อ.ท่าบ่อ จ.หนองคาย", "min": "กระทรวงมหาดไทย", "agc": "กรมส่งเสริมการปกครองท้องถิ่น", "plan_name": "บริหารจัดการทรัพยากรน้ำ", "stg_name": "ยุทธศาสตร์เร่งรัดวางรากฐานการพัฒนาที่ยั่งยืนของประเทศ", "objc_level1_name": "งบลงทุน", "compare": [{"bb_amount": 4380200, "bb_province": "หนองคาย"}], "gf_amount_sum": 0}
{"bb_code": "1500883002600ER0", "bb_year": "2559", "amount": 4376000, "min_code": "15000", "agc_code": "15008", "name": "ซ่อมสร้างถนนลาดยางแอสฟัลท์ติกคอนกรีต ( สาย อบจ.นม.๑๕๒๐๔ ) บ้านหนองปรือ - บ้านดงใหญ่ ขนาดกว้าง ๖ เมตร ยาว ๑,๕๗๐ เมตร หนา ๐.๐๔ เมตร  อบจ.นครราชสีมา อ.พิมาย จ.นครราชสีมา", "min": "กระทรวงมหาดไทย", "agc": "กรมส่งเสริมการปกครองท้องถิ่น", "plan_name": "ส่งเสริมการกระจายอำนาจให้แก่องค์กรปกครองส่วนท้องถิ่น", "stg_name": "ยุทธศาสตร์การบริหารกิจการบ้านเมืองที่ดี", "objc_level1_name": "งบลงทุน", "compare": [{"bb_amount": 4376000, "bb_province": "นครราชสีมา"}], "gf_amount_sum": 0}
{"bb_code": "1500883002600JO2", "bb_year": "2559", "amount": 4374000, "min_code": "15000", "agc_code": "15008", "name": "ค่าใช้จ่ายในการจัดระเบียบร้านค้าที่สาธารณะ ตำบลบางน้ำผึ้ง (ถนนคนเดินบางน้ำผึ้ง) บริเวณหมู่ที่ 10 องค์การบริหารส่วนตำบลบางน้ำผึ้ง อำเภอพระประแดง จังหวัดสมุทรปราการ", "min": "กระทรวงมหาดไทย", "agc": "กรมส่งเสริมการปกครองท้องถิ่น", "plan_name": "ส่งเสริมการกระจายอำนาจให้แก่องค์กรปกครองส่วนท้องถิ่น", "stg_name": "ยุทธศาสตร์การบริหารกิจการบ้านเมืองที่ดี", "objc_level1_name": "งบลงทุน", "compare": [{"bb_amount": 4374000, "bb_province": "สมุทรปราการ"}], "gf_amount_sum": 0}
{"bb_code": "1500786007420387", "bb_year": "2559", "amount": 4368000, "min_code": "15000", "agc_code": "15007", "name": "เขื่อนป้องกันตลิ่งริมแม่น้ำกวง ม.3 ต.เวียงยอง อ.เมืองลำพูน จ.ลำพูน ความยาว 640 เมตร", "min": "กระทรวงมหาดไทย", "agc": "กรมโยธาธิการและผังเมือง", "plan_name": "ฟื้นฟู ป้องกัน และจัดการภัยพิบัติ ", "stg_name": "ยุทธศาสตร์การจัดการทรัพยากรธรรมชาติและสิ่งแวดล้อม", "objc_level1_name": "งบลงทุน", "compare": [{"bb_amount": 4368000, "bb_province": "ลำพูน", "gf_amount": 2413500, "gf_province": "ลำพูน"}], "gf_amount_sum": 2413500}
{"bb_code": "1500883002600K40", "bb_year": "2559", "amount": 4367300, "min_code": "15000", "agc_code": "15008", "name": "เสริมผิวถนนแอสฟัลท์ติกคอนกรีต สายบ้านนาไคร้ หมู่ที่ ๗ - บ้านห้วยแดง หมู่ที่ ๖ กว้าง ๖ เมตร ยาว ๑,๖๖๕ เมตร หนา ๐.๐๔ เมตร อบต.กุดหว้า อ.กุฉินารายณ์ จ.กาฬสินธุ์", "min": "กระทรวงมหาดไทย", "agc": "กรมส่งเสริมการปกครองท้องถิ่น", "plan_name": "ส่งเสริมการกระจายอำนาจให้แก่องค์กรปกครองส่วนท้องถิ่น", "stg_name": "ยุทธศาสตร์การบริหารกิจการบ้านเมืองที่ดี", "objc_level1_name": "งบลงทุน", "compare": [{"bb_amount": 4367300, "bb_province": "กาฬสินธุ์"}], "gf_amount_sum": 0}
{"bb_code": "1500883002600EU2", "bb_year": "2559", "amount": 4364400, "min_code": "15000", "agc_code": "15008", "name": "เสริมผิวจราจรลาดยางแอสฟัลท์ติกคอนกรีต  ถนนรหัสสายทาง สข.ถ. ๑-๐๐๙๕  สายบ้านโคกแค  ตำบลปลักหนู- บ้านเก่า  ตำบลคลองกวาง  อำเภอนาทวี   ขนาดกว้าง ๘  เมตร  ยาว  ๑,๒๐๐  เมตร  หนา ๐.๐๕ เมตร อบจ.สงขลา อ.เมืองส", "min": "กระทรวงมหาดไทย", "agc": "กรมส่งเสริมการปกครองท้องถิ่น", "plan_name": "ส่งเสริมการกระจายอำนาจให้แก่องค์กรปกครองส่วนท้องถิ่น", "stg_name": "ยุทธศาสตร์การบริหารกิจการบ้านเมืองที่ดี", "objc_level1_name": "งบลงทุน", "compare": [{"bb_amount": 4364400, "bb_province": "สงขลา"}], "gf_amount_sum": 0}
{"bb_code": "1500883002600GI6", "bb_year": "2559", "amount": 4360500, "min_code": "15000", "agc_code": "15008", "name": "ซ่อมสร้างถนนลาดถนนลาดยางแอสฟัลท์ติกคออนกรีตสายทางบ้ายยางใหญ่ -บ้านหนองบง ตำบลสุรนารีl  ขนาดผิวจราจรกว้าง ๖ เมตร ยาว ๑,๔๐๐ เมตร หนา ๐.๐๕ เมตร ไหล่ทาง ทต.สุรนารี อ.เมืองนครราชสีมา จ.นครราชสีมา", "min": "กระทรวงมหาดไทย", "agc": "กรมส่งเสริมการปกครองท้องถิ่น", "plan_name": "ส่งเสริมการกระจายอำนาจให้แก่องค์กรปกครองส่วนท้องถิ่น", "stg_name": "ยุทธศาสตร์การบริหารกิจการบ้านเมืองที่ดี", "objc_level1_name": "งบลงทุน", "compare": [{"bb_amount": 4360500, "bb_province": "นครราชสีมา"}], "gf_amount_sum": 0}
{"bb_code": "1500822040600CW3", "bb_year": "2559", "amount": 4360000, "min_code": "15000", "agc_code": "15008", "name": "ปรับปรุงซ่อมแซมสถานีสูบน้ำด้วยไฟฟ้า บ้านท่าตำหนัก  ม.2 อบต.ตลุกเทียม อ.พรหมพิราม จ.พิษณุโลก", "min": "กระทรวงมหาดไทย", "agc": "กรมส่งเสริมการปกครองท้องถิ่น", "plan_name": "บริหารจัดการทรัพยากรน้ำ", "stg_name": "ยุทธศาสตร์เร่งรัดวางรากฐานการพัฒนาที่ยั่งยืนของประเทศ", "objc_level1_name": "งบลงทุน", "compare": [{"bb_amount": 4360000, "bb_province": "พิษณุโลก"}], "gf_amount_sum": 0}
{"bb_code": "1500822040600BG4", "bb_year": "2559", "amount": 4358600, "min_code": "15000", "agc_code": "15008", "name": "ก่อสร้างระบบประปาหมู่บ้าน แบบบาดาลขนาดใหญ่มาก หมู่ที่ ๕ บ้านนาวง ตำบลท่าซัก ตามแบบมาตรฐานกรมทรัพยากรน้ำและรายละเอียดตามปริมาณงานและแบบแปลนที่องค์การบริหารส่วนตำบลท่าซักกำหนด อบต.ท่าซัก อ.เมืองนครศรีธร", "min": "กระทรวงมหาดไทย", "agc": "กรมส่งเสริมการปกครองท้องถิ่น", "plan_name": "บริหารจัดการทรัพยากรน้ำ", "stg_name": "ยุทธศาสตร์เร่งรัดวางรากฐานการพัฒนาที่ยั่งยืนของประเทศ", "objc_level1_name": "งบลงทุน", "compare": [{"bb_amount": 4358600, "bb_province": "นครศรีธรรมราช"}], "gf_amount_sum": 0}
{"bb_code": "1500822040600589", "bb_year": "2559", "amount": 4352700, "min_code": "15000", "agc_code": "15008", "name": "ก่อสร้างระบบประปาหมู่บ้าน หมู่ที่ ๖ ตำบลบางหมาก รายละเอียดตามปริมาณงานและแบบแปลนที่เทศบาลตำบลบางหมากกำหนด ทต.บางหมาก อ.เมืองชุมพร จ.ชุมพร", "min": "กระทรวงมหาดไทย", "agc": "กรมส่งเสริมการปกครองท้องถิ่น", "plan_name": "บริหารจัดการทรัพยากรน้ำ", "stg_name": "ยุทธศาสตร์เร่งรัดวางรากฐานการพัฒนาที่ยั่งยืนของประเทศ", "objc_level1_name": "งบลงทุน", "compare": [{"bb_amount": 4352700, "bb_province": "ชุมพร"}], "gf_amount_sum": 0}
{"bb_code": "1500883002600AK5", "bb_year": "2559", "amount": 4347000, "min_code": "15000", "agc_code": "15008", "name": "ปรับปรุงถนนผิวจราจรชนิดแอสฟัลท์ติกคอนกรีต สายบ้านดอนเจดีย์ - บ้านสระลุมพุก อำเภอพนมทวน กว้าง ๖ เมตร ยาว ๑,๕๐๐ เมตร หนา ๐.๐๔ เมตร ไหล่ทางกว้างข้างละ ๐.๕๐ เมตร อบจ.กาญจนบุรี อ.พนมทวน จ.กาญจนบุรี", "min": "กระทรวงมหาดไทย", "agc": "กรมส่งเสริมการปกครองท้องถิ่น", "plan_name": "ส่งเสริมการกระจายอำนาจให้แก่องค์กรปกครองส่วนท้องถิ่น", "stg_name": "ยุทธศาสตร์การบริหารกิจการบ้านเมืองที่ดี", "objc_level1_name": "งบลงทุน", "compare": [{"bb_amount": 4347000, "bb_province": "กาญจนบุรี"}], "gf_amount_sum": 0}
