{"bb_code": "1500686001700012", "bb_year": "2559", "amount": 4320000, "min_code": "15000", "agc_code": "15006", "name": "โครงการให้บริการข่ายสื่อสารกลางและให้บริการรับแจ้งเหตุสาธารณภัย (รับสาย 1784)", "min": "กระทรวงมหาดไทย", "agc": "กรมป้องกันและบรรเทาสาธารณภัย", "plan_name": "ฟื้นฟู ป้องกัน และจัดการภัยพิบัติ ", "stg_name": "ยุทธศาสตร์การจัดการทรัพยากรธรรมชาติและสิ่งแวดล้อม", "objc_level1_name": "รายจ่ายอื่น", "compare": [{"bb_amount": 4320000, "bb_province": "กรุงเทพมหานคร", "gf_amount": 3041280, "gf_province": "ส่วนกลาง"}], "gf_amount_sum": 3041280}
{"bb_code": "1500822040600839", "bb_year": "2559", "amount": 4319000, "min_code": "15000", "agc_code": "15008", "name": "ก่อสร้างระบบประปาหมู่บ้าน แบบผิวดินขนาดใหญ่มาก บ้านหนองแข้ หมู่ที่ ๓ ตำบลจุมจัง ตามแบบมาตรฐานกรมทรัพยากรน้ำ ทต.จุมจัง อ.กุฉินารายณ์ จ.กาฬสินธุ์", "min": "กระทรวงมหาดไทย", "agc": "กรมส่งเสริมการปกครองท้องถิ่น", "plan_name": "บริหารจัดการทรัพยากรน้ำ", "stg_name": "ยุทธศาสตร์เร่งรัดวางรากฐานการพัฒนาที่ยั่งยืนของประเทศ", "objc_level1_name": "งบลงทุน", "compare": [{"bb_amount": 4319000, "bb_province": "กาฬสินธุ์"}], "gf_amount_sum": 0}
{"bb_code": "1500794009700006", "bb_year": "2559", "amount": 4317200, "min_code": "15000", "agc_code": "15007", "name": "สำรวจและจัดทำข้อมูลทางกายภาพการผังเมืองด้วยระบบสารสนเทศภูมิศาสตร์(GIS) มาตราส่วน 1:4,000 เพื่อการปรับปรุงผังเมืองรวมเมือง ผังเมืองรวมชุมชนในบริเวณพื้นที่ ผังเมืองรวมปากพนัง จ.นครศรีธรรมราช, ผังเมืองรว", "min": "กระทรวงมหาดไทย", "agc": "กรมโยธาธิการและผังเมือง", "plan_name": "พัฒนาเศรษฐกิจดิจิทัล", "stg_name": "ยุทธศาสตร์เร่งรัดวางรากฐานการพัฒนาที่ยั่งยืนของประเทศ", "objc_level1_name": "งบลงทุน", "compare": [{"bb_amount": 4317200, "bb_province": "ยะลา"}], "gf_amount_sum": 0}
{"bb_code": "1500822040600840", "bb_year": "2559", "amount": 4316900, "min_code": "15000", "agc_code": "15008", "name": "ก่อสร้างระบบประปาหมู่บ้าน แบบผิวดินขนาดใหญ่มาก บ้านโคกกลาง หมู่ที่ ๑๒ ตำบลจุมจัง ตามแบบมาตรฐานกรมทรัพยากรน้ำ ทต.จุมจัง อ.กุฉินารายณ์ จ.กาฬสินธุ์", "min": "กระทรวงมหาดไทย", "agc": "กรมส่งเสริมการปกครองท้องถิ่น", "plan_name": "บริหารจัดการทรัพยากรน้ำ", "stg_name": "ยุทธศาสตร์เร่งรัดวางรากฐานการพัฒนาที่ยั่งยืนของประเทศ", "objc_level1_name": "งบลงทุน", "compare": [{"bb_amount": 4316900, "bb_province": "กาฬสินธุ์"}], "gf_amount_sum": 0}
{"bb_code": "1500883002600GW9", "bb_year": "2559", "amount": 4308400, "min_code": "15000", "agc_code": "15008", "name": "เสริมผิวทางแอสฟัลท์ติกคอนกรีตสายทาง ตง.๒๑๒๐ บ้านคลองลำเลียง - บ้านนางประหลาด ตำบลทุ่งค่าย กว้าง ๖ เมตร ยาว ๑,๓๐๐ เมตร ไหล่ทางข้างละ ๑.๕๐ เมตร   อบจ.ตรัง อ.ย่านตาขาว จ.ตรัง", "min": "กระทรวงมหาดไทย", "agc": "กรมส่งเสริมการปกครองท้องถิ่น", "plan_name": "ส่งเสริมการกระจายอำนาจให้แก่องค์กรปกครองส่วนท้องถิ่น", "stg_name": "ยุทธศาสตร์การบริหารกิจการบ้านเมืองที่ดี", "objc_level1_name": "งบลงทุน", "compare": [{"bb_amount": 4308400, "bb_province": "ตรัง"}], "gf_amount_sum": 0}
{"bb_code": "1500883002600U70", "bb_year": "2559", "amount": 4294800, "min_code": "15000", "agc_code": "15008", "name": "ซ่อมสร้างถนนลาดยางผิวทางพาราแอสฟัลท์ติกคอนกรีต (โดยวิธี Pavement In - Place Recycling) สายบ้านท่าลี่ หมู่ที่ ๒ ตำบลท่าลี่ - บ้านน้ำพาน หมู่ที่ ๓ ตำบลอาฮี อำเภอท่าลี่  กว้าง ๖ เมตร ยาว ๙๕๐ เมตร พร้อมไห", "min": "กระทรวงมหาดไทย", "agc": "กรมส่งเสริมการปกครองท้องถิ่น", "plan_name": "ส่งเสริมการกระจายอำนาจให้แก่องค์กรปกครองส่วนท้องถิ่น", "stg_name": "ยุทธศาสตร์การบริหารกิจการบ้านเมืองที่ดี", "objc_level1_name": "งบลงทุน", "compare": [{"bb_amount": 4294800, "bb_province": "เลย"}], "gf_amount_sum": 0}
{"bb_code": "1500786007420114", "bb_year": "2559", "amount": 4290000, "min_code": "15000", "agc_code": "15007", "name": "เขื่อนป้องกันตลิ่งริมแม่น้ำชี บ้านโนนโพธิ์ทอง (ต่อเนื่องเขื่อนเดิม) ม.21 ต.ลุ่มลำชี อ.บ้านเขว้า จ.ชัยภูมิ ความยาว 275 เมตร", "min": "กระทรวงมหาดไทย", "agc": "กรมโยธาธิการและผังเมือง", "plan_name": "ฟื้นฟู ป้องกัน และจัดการภัยพิบัติ ", "stg_name": "ยุทธศาสตร์การจัดการทรัพยากรธรรมชาติและสิ่งแวดล้อม", "objc_level1_name": "งบลงทุน", "compare": [{"bb_amount": 4290000, "bb_province": "ชัยภูมิ", "gf_amount": 0, "gf_province": "ชัยภูมิ"}], "gf_amount_sum": 0}
{"bb_code": "1500822040600G31", "bb_year": "2559", "amount": 4285900, "min_code": "15000", "agc_code": "15008", "name": "ก่อสร้างระบบประปาหมู่บ้าน แบบผิวดินขนาดใหญ่มาก บ้านท้องคุ้ง หมู่ที่ ๔ ตำบลศรีภิรมย์ ตามแบบมาตรฐานกรมทรัพยากรน้ำ พร้อมท่อเมนจ่ายน้ำ อบต.ศรีภิรมย์ อ.พรหมพิราม จ.พิษณุโลก", "min": "กระทรวงมหาดไทย", "agc": "กรมส่งเสริมการปกครองท้องถิ่น", "plan_name": "บริหารจัดการทรัพยากรน้ำ", "stg_name": "ยุทธศาสตร์เร่งรัดวางรากฐานการพัฒนาที่ยั่งยืนของประเทศ", "objc_level1_name": "งบลงทุน", "compare": [{"bb_amount": 4285900, "bb_province": "พิษณุโลก"}], "gf_amount_sum": 0}
{"bb_code": "1500883002600T82", "bb_year": "2559", "amount": 4285600, "min_code": "15000", "agc_code": "15008", "name": "ซ่อมสร้างผิวทางแอสฟัลท์ติกคอนกรีตสายเพชรเกษม  -  บ้านฝ่ายท่า กว้าง ๖ เมตร ยาว ๑,๖๐๐ เมตร หนา ๐.๐๓ เมตร ไหล่ทางข้างละ  ๑  เมตร  อบต.นาคา อ.สุขสำราญ จ.ระนอง", "min": "กระทรวงมหาดไทย", "agc": "กรมส่งเสริมการปกครองท้องถิ่น", "plan_name": "ส่งเสริมการกระจายอำนาจให้แก่องค์กรปกครองส่วนท้องถิ่น", "stg_name": "ยุทธศาสตร์การบริหารกิจการบ้านเมืองที่ดี", "objc_level1_name": "งบลงทุน", "compare": [{"bb_amount": 4285600, "bb_province": "ระนอง"}], "gf_amount_sum": 0}
{"bb_code": "1500883002600GD4", "bb_year": "2559", "amount": 4283200, "min_code": "15000", "agc_code": "15008", "name": "ปรับปรุงผิวทางจราจรแอสฟัลท์ติกคอนกรีต สายวัดบ้านคุ้ม - วัดพระธาตุพระลอ กว้าง ๖ เมตร ยาว ๒,๐๕๙ เมตร หนา ๐.๐๔ เมตร อบต.บ้านกลาง อ.สอง จ.แพร่", "min": "กระทรวงมหาดไทย", "agc": "กรมส่งเสริมการปกครองท้องถิ่น", "plan_name": "ส่งเสริมการกระจายอำนาจให้แก่องค์กรปกครองส่วนท้องถิ่น", "stg_name": "ยุทธศาสตร์การบริหารกิจการบ้านเมืองที่ดี", "objc_level1_name": "งบลงทุน", "compare": [{"bb_amount": 4283200, "bb_province": "แพร่"}], "gf_amount_sum": 0}
{"bb_code": "1500382009110001", "bb_year": "2559", "amount": 4273000, "min_code": "15000", "agc_code": "15003", "name": "เครื่องคอมพิวเตอร์ สำหรับงานประมวลผล แบบที่ 1 (จอขนาดไม่น้อยกว่า 18.5 นิ้ว)", "min": "กระทรวงมหาดไทย", "agc": "กรมการปกครอง", "plan_name": "พัฒนาประสิทธิภาพการบริหารราชการแผ่นดิน", "stg_name": "ยุทธศาสตร์การบริหารกิจการบ้านเมืองที่ดี", "objc_level1_name": "งบลงทุน", "compare": [{"bb_amount": 4273000, "bb_province": "กรุงเทพมหานคร", "gf_amount": 4169545, "gf_province": "ส่วนกลาง"}], "gf_amount_sum": 4169545}
{"bb_code": "1500883002600GY2", "bb_year": "2559", "amount": 4269700, "min_code": "15000", "agc_code": "15008", "name": "เสริมผิวทางแอสฟัลท์ติกคอนกรีตสายทางบ้านควนเมา - บ้านทอนเหรียญ ตำบลควนเมา กว้าง ๖ เมตร ยาว ๑,๖๑๕ เมตร หนา ๐.๐๔ เมตร ไหล่ทางข้างละ ๑ เมตร  อบจ.ตรัง อ.รัษฎา จ.ตรัง", "min": "กระทรวงมหาดไทย", "agc": "กรมส่งเสริมการปกครองท้องถิ่น", "plan_name": "ส่งเสริมการกระจายอำนาจให้แก่องค์กรปกครองส่วนท้องถิ่น", "stg_name": "ยุทธศาสตร์การบริหารกิจการบ้านเมืองที่ดี", "objc_level1_name": "งบลงทุน", "compare": [{"bb_amount": 4269700, "bb_province": "ตรัง"}], "gf_amount_sum": 0}
{"bb_code": "1500883002600R38", "bb_year": "2559", "amount": 4269700, "min_code": "15000", "agc_code": "15008", "name": "ซ่อมสร้างผิวทางแอสฟัลท์ติกคอนกรีต (Recycling) สายโก่งธนู หมู่ที่ ๒๑ บ้านเพชรนคร ตำบลเทพนคร กว้าง ๖ เมตร ยาว ๑,๒๕๐ เมตร ลงไหล่ทางข้างละ ๑.๕๐ เมตร  ทต.เทพนคร อ.เมืองกำแพงเพชร จ.กำแพงเพชร", "min": "กระทรวงมหาดไทย", "agc": "กรมส่งเสริมการปกครองท้องถิ่น", "plan_name": "ส่งเสริมการกระจายอำนาจให้แก่องค์กรปกครองส่วนท้องถิ่น", "stg_name": "ยุทธศาสตร์การบริหารกิจการบ้านเมืองที่ดี", "objc_level1_name": "งบลงทุน", "compare": [{"bb_amount": 4269700, "bb_province": "กำแพงเพชร"}], "gf_amount_sum": 0}
{"bb_code": "1500822040600222", "bb_year": "2559", "amount": 4264300, "min_code": "15000", "agc_code": "15008", "name": "ก่อสร้างประปาหมู่บ้าน แบบผิวดินขนาดใหญ่มาก บึงลำชะล่า หมู่ที่ ๑๔ ตำบลดอนฉิมพลี  อบต.ดอนฉิมพลี อ.บางน้ำเปรี้ยว จ.ฉะเชิงเทรา", "min": "กระทรวงมหาดไทย", "agc": "กรมส่งเสริมการปกครองท้องถิ่น", "plan_name": "บริหารจัดการทรัพยากรน้ำ", "stg_name": "ยุทธศาสตร์เร่งรัดวางรากฐานการพัฒนาที่ยั่งยืนของประเทศ", "objc_level1_name": "งบลงทุน", "compare": [{"bb_amount": 4264300, "bb_province": "ฉะเชิงเทรา"}], "gf_amount_sum": 0}
{"bb_code": "1500822040600226", "bb_year": "2559", "amount": 4264300, "min_code": "15000", "agc_code": "15008", "name": "ก่อสร้างประปาหมู่บ้าน แบบผิวดินขนาดใหญ่มาก บริเวณมัสยิดบัยติ๊ดตักวา หมู่ที่ ๑๒ ตำบลดอนฉิมพลี  อบต.ดอนฉิมพลี อ.บางน้ำเปรี้ยว จ.ฉะเชิงเทรา", "min": "กระทรวงมหาดไทย", "agc": "กรมส่งเสริมการปกครองท้องถิ่น", "plan_name": "บริหารจัดการทรัพยากรน้ำ", "stg_name": "ยุทธศาสตร์เร่งรัดวางรากฐานการพัฒนาที่ยั่งยืนของประเทศ", "objc_level1_name": "งบลงทุน", "compare": [{"bb_amount": 4264300, "bb_province": "ฉะเชิงเทรา"}], "gf_amount_sum": 0}
{"bb_code": "1500822040600X42", "bb_year": "2559", "amount": 4263300, "min_code": "15000", "agc_code": "15008", "name": "ก่อสร้างระบบประปาหมู่บ้านแบบผิวดินขนาดใหญ่ หมู่ที่ ๗ บ้านคุ้งยาง ตำบลบ้านด่าน ตามแบบมาตรฐานกรมทรัพยากรน้ำ อบต.บ้านด่าน อ.เมืองอุตรดิตถ์ จ.อุตรดิตถ์", "min": "กระทรวงมหาดไทย", "agc": "กรมส่งเสริมการปกครองท้องถิ่น", "plan_name": "บริหารจัดการทรัพยากรน้ำ", "stg_name": "ยุทธศาสตร์เร่งรัดวางรากฐานการพัฒนาที่ยั่งยืนของประเทศ", "objc_level1_name": "งบลงทุน", "compare": [{"bb_amount": 4263300, "bb_province": "อุตรดิตถ์"}], "gf_amount_sum": 0}
{"bb_code": "1500883002600P87", "bb_year": "2559", "amount": 4260100, "min_code": "15000", "agc_code": "15008", "name": "ซ่อมแซมถนนแอสฟัลท์ติกคอนกรีตถนนสายเลียบคลองระบายน้ำที่ ๙ ฝั่งตะวันตก (๒) หมู่ที่ ๑ ตำบลบึงบอน กว้าง ๖ เมตร ยาว ๑,๔๗๐ เมตร หนา ๐.๐๕ เมตร พื้นที่ไม่น้อยกว่า ๘,๘๒๐ ตารางเมตร อบต.บึงบอน อ.หนองเสือ จ.ปทุมธ", "min": "กระทรวงมหาดไทย", "agc": "กรมส่งเสริมการปกครองท้องถิ่น", "plan_name": "ส่งเสริมการกระจายอำนาจให้แก่องค์กรปกครองส่วนท้องถิ่น", "stg_name": "ยุทธศาสตร์การบริหารกิจการบ้านเมืองที่ดี", "objc_level1_name": "งบลงทุน", "compare": [{"bb_amount": 4260100, "bb_province": "ปทุมธานี"}], "gf_amount_sum": 0}
{"bb_code": "1500822040600M72", "bb_year": "2559", "amount": 4256400, "min_code": "15000", "agc_code": "15008", "name": "ก่อสร้างระบบประปาหมู่บ้านแบบผิวดินขนาดใหญ่มาก บ้านแจ้งข่า หมู่ที่ ๓ ตำบลม่วงลาด ตามแบบมาตรฐานกรมทรัพยากรน้ำ อบต.ม่วงลาด อ.จังหาร จ.ร้อยเอ็ด", "min": "กระทรวงมหาดไทย", "agc": "กรมส่งเสริมการปกครองท้องถิ่น", "plan_name": "บริหารจัดการทรัพยากรน้ำ", "stg_name": "ยุทธศาสตร์เร่งรัดวางรากฐานการพัฒนาที่ยั่งยืนของประเทศ", "objc_level1_name": "งบลงทุน", "compare": [{"bb_amount": 4256400, "bb_province": "ร้อยเอ็ด"}], "gf_amount_sum": 0}
{"bb_code": "1500822040600Y71", "bb_year": "2559", "amount": 4253400, "min_code": "15000", "agc_code": "15008", "name": "ก่อสร้างระบบประปาหมู่บ้าน แบบผิวดินขนาดใหญ่ หมู่ที่ ๒ บ้านห้วยคอม ตำบลเซกา ตามแบบมาตรฐานกรมทรัพยากรน้ำ อบต.เซกา อ.เซกา จ.บึงกาฬ", "min": "กระทรวงมหาดไทย", "agc": "กรมส่งเสริมการปกครองท้องถิ่น", "plan_name": "บริหารจัดการทรัพยากรน้ำ", "stg_name": "ยุทธศาสตร์เร่งรัดวางรากฐานการพัฒนาที่ยั่งยืนของประเทศ", "objc_level1_name": "งบลงทุน", "compare": [{"bb_amount": 4253400, "bb_province": "บึงกาฬ"}], "gf_amount_sum": 0}
{"bb_code": "1500822040600EC8", "bb_year": "2559", "amount": 4251000, "min_code": "15000", "agc_code": "15008", "name": "ปรับปรุงซ่อมแซมสถานีสูบน้ำด้วยไฟฟ้า บ้านกุดกระเสียน ม.10,11,12 ทต.ห้วยเรือ อ.เขื่องใน จ.อุบลราชธานี", "min": "กระทรวงมหาดไทย", "agc": "กรมส่งเสริมการปกครองท้องถิ่น", "plan_name": "บริหารจัดการทรัพยากรน้ำ", "stg_name": "ยุทธศาสตร์เร่งรัดวางรากฐานการพัฒนาที่ยั่งยืนของประเทศ", "objc_level1_name": "งบลงทุน", "compare": [{"bb_amount": 4251000, "bb_province": "อุบลราชธานี"}], "gf_amount_sum": 0}
