{"bb_code": "1500822040600CS6", "bb_year": "2559", "amount": 4251000, "min_code": "15000", "agc_code": "15008", "name": "ปรับปรุงซ่อมแซมสถานีสูบน้ำด้วยไฟฟ้า บ้านวังผึ้ง  ม.10 อบต.กำแพงดิน อ.สามง่าม จ.พิจิตร", "min": "กระทรวงมหาดไทย", "agc": "กรมส่งเสริมการปกครองท้องถิ่น", "plan_name": "บริหารจัดการทรัพยากรน้ำ", "stg_name": "ยุทธศาสตร์เร่งรัดวางรากฐานการพัฒนาที่ยั่งยืนของประเทศ", "objc_level1_name": "งบลงทุน", "compare": [{"bb_amount": 4251000, "bb_province": "พิจิตร"}], "gf_amount_sum": 0}
{"bb_code": "1500883002600Q12", "bb_year": "2559", "amount": 4250400, "min_code": "15000", "agc_code": "15008", "name": "ซ่อมสร้างผิวจราจรแอสฟัลท์ติกคอนกรีต แบบ Recycling สาย บก ๓๑๑๓ บ้านนาสวรรค์ หมู่ที่ ๑ ตำบลนาสวรรค์ - บ้านนาเจริญ หมู่ที่ ๓ ตำบลคำนาดี อำเภอเมืองบึงกาฬ กว้าง ๖ เมตร ยาว ๑,๐๐๒ เมตร ไหล่ทางกว้างข้างละ ๐.๕", "min": "กระทรวงมหาดไทย", "agc": "กรมส่งเสริมการปกครองท้องถิ่น", "plan_name": "ส่งเสริมการกระจายอำนาจให้แก่องค์กรปกครองส่วนท้องถิ่น", "stg_name": "ยุทธศาสตร์การบริหารกิจการบ้านเมืองที่ดี", "objc_level1_name": "งบลงทุน", "compare": [{"bb_amount": 4250400, "bb_province": "บึงกาฬ"}], "gf_amount_sum": 0}
{"bb_code": "1500883002600K90", "bb_year": "2559", "amount": 4250400, "min_code": "15000", "agc_code": "15008", "name": "ปรับปรุงถนนแอสฟัลท์ติกคอนกรีต (Pavement In - Place Recycling) สายบ้านไร่ - บ้านหางเรียง หมู่ที่ ๘ จำนวน ๒ ช่วง มีพื้นที่รวมไม่น้อยกว่า ๙,๓๖๐ ตารางเมตร ทต.ลุ่มลำชี อ.บ้านเขว้า จ.ชัยภูมิ", "min": "กระทรวงมหาดไทย", "agc": "กรมส่งเสริมการปกครองท้องถิ่น", "plan_name": "ส่งเสริมการกระจายอำนาจให้แก่องค์กรปกครองส่วนท้องถิ่น", "stg_name": "ยุทธศาสตร์การบริหารกิจการบ้านเมืองที่ดี", "objc_level1_name": "งบลงทุน", "compare": [{"bb_amount": 4250400, "bb_province": "ชัยภูมิ"}], "gf_amount_sum": 0}
{"bb_code": "1500720002420100", "bb_year": "2559", "amount": 4250400, "min_code": "15000", "agc_code": "15007", "name": "โครงการพัฒนาพื้นที่ชุมชนบ้านกล้วย อำเภอเมือง จังหวัดชัยนาท", "min": "กระทรวงมหาดไทย", "agc": "กรมโยธาธิการและผังเมือง", "plan_name": "รักษาความมั่นคงของฐานทรัพยากรธรรมชาติและแก้ปัญหาที่ดินทำกิน", "stg_name": "ยุทธศาสตร์การจัดการทรัพยากรธรรมชาติและสิ่งแวดล้อม", "objc_level1_name": "งบลงทุน", "compare": [{"bb_amount": 4250400, "bb_province": "ชัยนาท"}, {"gf_amount": 3180000, "gf_province": "ส่วนกลาง", "bb_amount": null, "bb_province": "กรุงเทพมหานคร"}], "gf_amount_sum": 3180000}
{"bb_code": "1500883002600L28", "bb_year": "2559", "amount": 4250400, "min_code": "15000", "agc_code": "15008", "name": "ปรับปรุงซ่อมสร้างถนนลาดยางแอสฟัลท์ติกคอนกรีต สายบ้านซับใหญ่ - พระพุทธบาทเขายายหอม ช่วง กม.๐+๐๐๐ (ข้างที่ว่าการอำเภอซับใหญ่) - กม ๑+๕๖๐ เมตร (ข้างสวนยางนายปัดชา) กว้าง ๖ เมตร ยาว ๑,๕๖๐ เมตร หนา ๐.๐๔ เม", "min": "กระทรวงมหาดไทย", "agc": "กรมส่งเสริมการปกครองท้องถิ่น", "plan_name": "ส่งเสริมการกระจายอำนาจให้แก่องค์กรปกครองส่วนท้องถิ่น", "stg_name": "ยุทธศาสตร์การบริหารกิจการบ้านเมืองที่ดี", "objc_level1_name": "งบลงทุน", "compare": [{"bb_amount": 4250400, "bb_province": "ชัยภูมิ"}], "gf_amount_sum": 0}
{"bb_code": "1500883002600L24", "bb_year": "2559", "amount": 4250400, "min_code": "15000", "agc_code": "15008", "name": "ปรับปรุงผิวจราจรถนนลาดยางแอสฟัลท์ติกคอนกรีต สายบ้านห้วยทรายทอง - บ้านภูสองชั้น ช่วงบ้านนายสายทอง ทองดวง ถึงสวนป่าสักนายสมศักดิ์ พัฒสวัสดิ์ กว้าง ๖ เมตร ยาว ๑,๕๘๐ เมตร หนา ๐.๐๔ เมตร ไหล่ทางกว้างข้างละ", "min": "กระทรวงมหาดไทย", "agc": "กรมส่งเสริมการปกครองท้องถิ่น", "plan_name": "ส่งเสริมการกระจายอำนาจให้แก่องค์กรปกครองส่วนท้องถิ่น", "stg_name": "ยุทธศาสตร์การบริหารกิจการบ้านเมืองที่ดี", "objc_level1_name": "งบลงทุน", "compare": [{"bb_amount": 4250400, "bb_province": "ชัยภูมิ"}], "gf_amount_sum": 0}
{"bb_code": "1500883002600GX4", "bb_year": "2559", "amount": 4250400, "min_code": "15000", "agc_code": "15008", "name": "เสริมผิวทางแอสฟัลท์ติกคอนกรีตสาย ตง.๒๐๒๐ ทุ่งยาว - บ้านนาทุ่ง - แหลมสอม ตำบลแหลมสอม กว้าง ๖ เมตร ยาว ๑,๔๐๓ เมตร หนา ๐.๐๔ เมตร ไหล่ทางข้างละ ๑.๕๐ เมตร  อบจ.ตรัง อ.ปะเหลียน จ.ตรัง", "min": "กระทรวงมหาดไทย", "agc": "กรมส่งเสริมการปกครองท้องถิ่น", "plan_name": "ส่งเสริมการกระจายอำนาจให้แก่องค์กรปกครองส่วนท้องถิ่น", "stg_name": "ยุทธศาสตร์การบริหารกิจการบ้านเมืองที่ดี", "objc_level1_name": "งบลงทุน", "compare": [{"bb_amount": 4250400, "bb_province": "ตรัง"}], "gf_amount_sum": 0}
{"bb_code": "1500883002600BQ7", "bb_year": "2559", "amount": 4250400, "min_code": "15000", "agc_code": "15008", "name": "ปรับปรุงผิวถนนแอสฟัสท์ติกคอนกรีต สายน้ำตกตะเคียนทอง บ้านพระเจดีย์สามองค์ หมู่ที่ ๙ ตำบลหนองลู กว้าง ๖ เมตร ยาว ๘๓๕ เมตร หนา ๐.๑๕ เมตร  ไหล่ทางกว้างข้างละ ๐.๕๐ เมตร  อบต.หนองลู อ.สังขละบุรี จ.กาญจนบุรี", "min": "กระทรวงมหาดไทย", "agc": "กรมส่งเสริมการปกครองท้องถิ่น", "plan_name": "ส่งเสริมการกระจายอำนาจให้แก่องค์กรปกครองส่วนท้องถิ่น", "stg_name": "ยุทธศาสตร์การบริหารกิจการบ้านเมืองที่ดี", "objc_level1_name": "งบลงทุน", "compare": [{"bb_amount": 4250400, "bb_province": "กาญจนบุรี"}], "gf_amount_sum": 0}
{"bb_code": "1500822040600U94", "bb_year": "2559", "amount": 4248500, "min_code": "15000", "agc_code": "15008", "name": "ก่อสร้างประปาหมู่บ้านแบบผิวดินขนาดใหญ่ บ้านปอ หมู่ที่ ๖ ตำบลกุมภวาปี ตามแบบมาตรฐานกรมทรัพยากรน้ำ อบต.กุมภวาปี อ.กุมภวาปี จ.อุดรธานี", "min": "กระทรวงมหาดไทย", "agc": "กรมส่งเสริมการปกครองท้องถิ่น", "plan_name": "บริหารจัดการทรัพยากรน้ำ", "stg_name": "ยุทธศาสตร์เร่งรัดวางรากฐานการพัฒนาที่ยั่งยืนของประเทศ", "objc_level1_name": "งบลงทุน", "compare": [{"bb_amount": 4248500, "bb_province": "อุดรธานี"}], "gf_amount_sum": 0}
{"bb_code": "1500282003410026", "bb_year": "2559", "amount": 4241700, "min_code": "15000", "agc_code": "15002", "name": "ค่าปรับปรุงซ่อมแซมอาคารศาลากลางจังหวัดกาฬสินธุ์ ตำบลกาฬสินธุ์ อำเภอเมืองกาฬสินธุ์ จังหวัดกาฬสินธุ์", "min": "กระทรวงมหาดไทย", "agc": "สนง.ปลัดกระทรวงมหาดไทย", "plan_name": "พัฒนาประสิทธิภาพการบริหารราชการแผ่นดิน", "stg_name": "ยุทธศาสตร์การบริหารกิจการบ้านเมืองที่ดี", "objc_level1_name": "งบลงทุน", "compare": [{"bb_amount": 4241700, "bb_province": "กาฬสินธุ์", "gf_amount": 4099000, "gf_province": "กาฬสินธุ์"}], "gf_amount_sum": 4099000}
{"bb_code": "1500822040600DX5", "bb_year": "2559", "amount": 4238000, "min_code": "15000", "agc_code": "15008", "name": "ปรับปรุงซ่อมแซมสถานีสูบน้ำด้วยไฟฟ้า บ้านหม้อ ๓ ม.๓ อบต.บ้านหม้อ อ.พิชัย จ.อุตรดิตถ์", "min": "กระทรวงมหาดไทย", "agc": "กรมส่งเสริมการปกครองท้องถิ่น", "plan_name": "บริหารจัดการทรัพยากรน้ำ", "stg_name": "ยุทธศาสตร์เร่งรัดวางรากฐานการพัฒนาที่ยั่งยืนของประเทศ", "objc_level1_name": "งบลงทุน", "compare": [{"bb_amount": 4238000, "bb_province": "อุตรดิตถ์"}], "gf_amount_sum": 0}
{"bb_code": "1500582001410017", "bb_year": "2559", "amount": 4235500, "min_code": "15000", "agc_code": "15005", "name": "ค่าก่อสร้างอาคารที่ทำการและสิ่งก่อสร้างประกอบ ตำบลในเมือง อำเภอเมือง จังหวัดกำแพงเพชร", "min": "กระทรวงมหาดไทย", "agc": "กรมที่ดิน", "plan_name": "พัฒนาประสิทธิภาพการบริหารราชการแผ่นดิน", "stg_name": "ยุทธศาสตร์การบริหารกิจการบ้านเมืองที่ดี", "objc_level1_name": "งบลงทุน", "compare": [{"bb_amount": 4235500, "bb_province": "กำแพงเพชร", "gf_amount": 1784800, "gf_province": "กำแพงเพชร"}], "gf_amount_sum": 1784800}
{"bb_code": "1500883002600ET0", "bb_year": "2559", "amount": 4234600, "min_code": "15000", "agc_code": "15008", "name": "ซ่อมสร้างถนนลาดยางผิวจราจรแบบแอสฟัลท์ติกคอนกรีต สายทาง ลป. ๔๐๕๙ บ้านฮ่างวังแก้ว - บ้านปางสัก ช่วงระหว่างบ้านฮ่างวังแก้ว หมู่ที่ ๕ - บ้านห้วยป้าย หมู่ที่ ๖ ตำบลวังแก้ว กว้าง ๖ เมตร ยาว ๑,๗๔๐ เมตร หนา ๐", "min": "กระทรวงมหาดไทย", "agc": "กรมส่งเสริมการปกครองท้องถิ่น", "plan_name": "ส่งเสริมการกระจายอำนาจให้แก่องค์กรปกครองส่วนท้องถิ่น", "stg_name": "ยุทธศาสตร์การบริหารกิจการบ้านเมืองที่ดี", "objc_level1_name": "งบลงทุน", "compare": [{"bb_amount": 4234600, "bb_province": "ลำปาง"}], "gf_amount_sum": 0}
{"bb_code": "1500822040600AT5", "bb_year": "2559", "amount": 4233000, "min_code": "15000", "agc_code": "15008", "name": "ก่อสร้างระบบประปาหมู่บ้าน แบบผิวดินขนาดใหญ่ บ้านบึงหอม หมู่ที่ ๕ ตำบลหนองผือ ตามแบบมาตรฐานกรมทรัพยากรน้ำ ทต.หนองผือ อ.เขมราฐ จ.อุบลราชธานี", "min": "กระทรวงมหาดไทย", "agc": "กรมส่งเสริมการปกครองท้องถิ่น", "plan_name": "บริหารจัดการทรัพยากรน้ำ", "stg_name": "ยุทธศาสตร์เร่งรัดวางรากฐานการพัฒนาที่ยั่งยืนของประเทศ", "objc_level1_name": "งบลงทุน", "compare": [{"bb_amount": 4233000, "bb_province": "อุบลราชธานี"}], "gf_amount_sum": 0}
{"bb_code": "1500883002600BQ6", "bb_year": "2559", "amount": 4231100, "min_code": "15000", "agc_code": "15008", "name": "ซ่อมสร้างถนนลาดยางแอสฟัลท์ติกคอนกรีตสายบ้านเกาะรุ้ง – บ้านบางซอย ตำบลบ้านใหม่ หนา ๐.๐๔ เมตร หรือมีพื้นที่ไม่น้อยกว่า ๙,๑๐๐ ตารางเมตร อบจ.นครศรีธรรมราช อ.ปากพนัง จ.นครศรีธรรมราช", "min": "กระทรวงมหาดไทย", "agc": "กรมส่งเสริมการปกครองท้องถิ่น", "plan_name": "ส่งเสริมการกระจายอำนาจให้แก่องค์กรปกครองส่วนท้องถิ่น", "stg_name": "ยุทธศาสตร์การบริหารกิจการบ้านเมืองที่ดี", "objc_level1_name": "งบลงทุน", "compare": [{"bb_amount": 4231100, "bb_province": "นครศรีธรรมราช"}], "gf_amount_sum": 0}
{"bb_code": "1500883002600HT7", "bb_year": "2559", "amount": 4228200, "min_code": "15000", "agc_code": "15008", "name": "ซ่อมสร้างถนนแอสฟัลท์ติกคอนกรีต สายเวียงคุก - ไฝ่สีทอง กว้าง ๕ เมตร ยาว ๒,๕๐๐ เมตร หนา ๐.๐๔ เมตร ทต.เวียงคุก อ.เมืองหนองคาย จ.หนองคาย", "min": "กระทรวงมหาดไทย", "agc": "กรมส่งเสริมการปกครองท้องถิ่น", "plan_name": "ส่งเสริมการกระจายอำนาจให้แก่องค์กรปกครองส่วนท้องถิ่น", "stg_name": "ยุทธศาสตร์การบริหารกิจการบ้านเมืองที่ดี", "objc_level1_name": "งบลงทุน", "compare": [{"bb_amount": 4228200, "bb_province": "หนองคาย"}], "gf_amount_sum": 0}
{"bb_code": "1500883002600BY8", "bb_year": "2559", "amount": 4225300, "min_code": "15000", "agc_code": "15008", "name": "ซ่อมสร้างผิวทางแอสฟัลท์ติกคอนกรีต (โดยวิธี Pavement In Place  Recycling) สายทางบ้านท่าไห - บ้านนาคำใหญ่ กว้าง ๕.๕๐ เมตร ยาว ๑,๔๓๔ เมตร หนา ๐.๐๕ เมตร อบต.ท่าไห อ.เขื่องใน จ.อุบลราชธานี", "min": "กระทรวงมหาดไทย", "agc": "กรมส่งเสริมการปกครองท้องถิ่น", "plan_name": "ส่งเสริมการกระจายอำนาจให้แก่องค์กรปกครองส่วนท้องถิ่น", "stg_name": "ยุทธศาสตร์การบริหารกิจการบ้านเมืองที่ดี", "objc_level1_name": "งบลงทุน", "compare": [{"bb_amount": 4225300, "bb_province": "อุบลราชธานี"}], "gf_amount_sum": 0}
{"bb_code": "1500883002600BT2", "bb_year": "2559", "amount": 4225300, "min_code": "15000", "agc_code": "15008", "name": " ปรับปรุงถนนลาดยางโดยทำการฉาบผิวแบบ Para slurry seal สายแยกทางหลวงหมายเลข ๓๓๑๓ (กม.ที่ ๒๔ + ๔๐๐) - บ้านร่องเจริญ หมู่ ๘ บ้านห้วยน้ำใส กว้าง ๖ เมตร ยาว ๔,๐๐๐ เมตร ตำบลบ้านบึง อบต.บ้านบึง อ.บ้านคา จ.ราช", "min": "กระทรวงมหาดไทย", "agc": "กรมส่งเสริมการปกครองท้องถิ่น", "plan_name": "ส่งเสริมการกระจายอำนาจให้แก่องค์กรปกครองส่วนท้องถิ่น", "stg_name": "ยุทธศาสตร์การบริหารกิจการบ้านเมืองที่ดี", "objc_level1_name": "งบลงทุน", "compare": [{"bb_amount": 4225300, "bb_province": "ราชบุรี"}], "gf_amount_sum": 0}
{"bb_code": "1500883002600R10", "bb_year": "2559", "amount": 4219500, "min_code": "15000", "agc_code": "15008", "name": "ซ่อมสร้างถนนลาดยางแอสฟัลท์ติกคอนกรีตสายบ้านบางโทง - บ้านนาเหนือ หมู่ที่ ๓ - ๒ กว้าง  ๖ เมตร  ยาว  ๑,๐๐๐  เมตร  หนา  ๐.๐๕ เมตร   หรือมีพื้นที่ไม่น้อยกว่า  ๖,๐๐๐  ตารางเมตร   อบต.นาเหนือ อ.อ่าวลึก จ.กระ", "min": "กระทรวงมหาดไทย", "agc": "กรมส่งเสริมการปกครองท้องถิ่น", "plan_name": "ส่งเสริมการกระจายอำนาจให้แก่องค์กรปกครองส่วนท้องถิ่น", "stg_name": "ยุทธศาสตร์การบริหารกิจการบ้านเมืองที่ดี", "objc_level1_name": "งบลงทุน", "compare": [{"bb_amount": 4219500, "bb_province": "กระบี่"}], "gf_amount_sum": 0}
{"bb_code": "1500883002600FG2", "bb_year": "2559", "amount": 4219300, "min_code": "15000", "agc_code": "15008", "name": "ซ่อมแซมผิวถนนคอนกรีตเสริมเหล็กเป็นถนนแอสฟัลท์ติกคอนกรีต สายบ้านเดื่อ - บ้านเสี่ยน หมู่ที่ ๒,๓,๔,๕,๙ ตำบลบ้านเดื่อ มีพื้นที่ไม่น้อยกว่า ๑๑,๔๗๕ ตารางเมตร อบต.บ้านเดื่อ อ.ท่าบ่อ จ.หนองคาย", "min": "กระทรวงมหาดไทย", "agc": "กรมส่งเสริมการปกครองท้องถิ่น", "plan_name": "ส่งเสริมการกระจายอำนาจให้แก่องค์กรปกครองส่วนท้องถิ่น", "stg_name": "ยุทธศาสตร์การบริหารกิจการบ้านเมืองที่ดี", "objc_level1_name": "งบลงทุน", "compare": [{"bb_amount": 4219300, "bb_province": "หนองคาย"}], "gf_amount_sum": 0}
