{"bb_code": "1500822040600Z67", "bb_year": "2559", "amount": 4217100, "min_code": "15000", "agc_code": "15008", "name": "ก่อสร้างระบบประปาแบบผิวดินขนาดใหญ่มาก หมู่ที่ ๕ ตำบลกุยบุรี ตามแบบมาตรฐานกรมทรัพยากรน้ำ อบต.สามกระทาย อ.กุยบุรี จ.ประจวบคีรีขันธ์", "min": "กระทรวงมหาดไทย", "agc": "กรมส่งเสริมการปกครองท้องถิ่น", "plan_name": "บริหารจัดการทรัพยากรน้ำ", "stg_name": "ยุทธศาสตร์เร่งรัดวางรากฐานการพัฒนาที่ยั่งยืนของประเทศ", "objc_level1_name": "งบลงทุน", "compare": [{"bb_amount": 4217100, "bb_province": "ประจวบคีรีขันธ์"}], "gf_amount_sum": 0}
{"bb_code": "1500883002600GW0", "bb_year": "2559", "amount": 4216600, "min_code": "15000", "agc_code": "15008", "name": "ซ่อมสร้างและเสริมผิวจราจรแอสฟัลท์ติกคอนกรีต  สาย สน.๓๑๓๘ บ้านพังโคน - บ้านโพธิ์ตาก อ.พังโคน  กว้าง ๖ เมตร ยาว ๑,๒๘๓ เมตร หนา ๐.๐๔ เมตร ไหล่ทางแอสฟัลท์ติกคอนกรีตข้างละ  ๑  เมตร หรือพื้นที่ไม่น้อยกว่า ๙", "min": "กระทรวงมหาดไทย", "agc": "กรมส่งเสริมการปกครองท้องถิ่น", "plan_name": "ส่งเสริมการกระจายอำนาจให้แก่องค์กรปกครองส่วนท้องถิ่น", "stg_name": "ยุทธศาสตร์การบริหารกิจการบ้านเมืองที่ดี", "objc_level1_name": "งบลงทุน", "compare": [{"bb_amount": 4216600, "bb_province": "สกลนคร"}], "gf_amount_sum": 0}
{"bb_code": "1500822040600D84", "bb_year": "2559", "amount": 4213100, "min_code": "15000", "agc_code": "15008", "name": "ก่อสร้างประปาหมู่บ้าน แบบผิวดินขนาดใหญ่มาก หมู่ที่ ๑ ตำบลร่มเมือง ตามแบบมาตรฐานการประปานครหลวง ทต.ร่มเมือง อ.เมืองพัทลุง จ.พัทลุง", "min": "กระทรวงมหาดไทย", "agc": "กรมส่งเสริมการปกครองท้องถิ่น", "plan_name": "บริหารจัดการทรัพยากรน้ำ", "stg_name": "ยุทธศาสตร์เร่งรัดวางรากฐานการพัฒนาที่ยั่งยืนของประเทศ", "objc_level1_name": "งบลงทุน", "compare": [{"bb_amount": 4213100, "bb_province": "พัทลุง"}], "gf_amount_sum": 0}
{"bb_code": "1500883002600GJ1", "bb_year": "2559", "amount": 4208900, "min_code": "15000", "agc_code": "15008", "name": "ซ่อมสร้างผิวจราจรแอสฟัลท์ติกคอนกรีตเสริมเหล็ก โดยวิธี pavement In-Place Recycling  สายบ้านดอนใหญ่ หมู่ที่ ๒-บ้านโนนบ้านเก่า  ขนาดกว้าง ๖ เมตร ยาว ๑,๐๑๗ เมตร หนา ๐.๐๕ เมตร  ไหล่ทาง อบต.กระเบื้องนอก อ.เ", "min": "กระทรวงมหาดไทย", "agc": "กรมส่งเสริมการปกครองท้องถิ่น", "plan_name": "ส่งเสริมการกระจายอำนาจให้แก่องค์กรปกครองส่วนท้องถิ่น", "stg_name": "ยุทธศาสตร์การบริหารกิจการบ้านเมืองที่ดี", "objc_level1_name": "งบลงทุน", "compare": [{"bb_amount": 4208900, "bb_province": "นครราชสีมา"}], "gf_amount_sum": 0}
{"bb_code": "1500822040600475", "bb_year": "2559", "amount": 4207200, "min_code": "15000", "agc_code": "15008", "name": "ก่อสร้างประปาหมู่บ้านแบบบาดาลขนาดใหญ่มาก บ้านดง หมู่ที่ ๕ ตำบลแม่สาว ตามแบบมาตรฐานกรมทรัพยากรน้ำ อบต.แม่สาว อ.แม่อาย จ.เชียงใหม่", "min": "กระทรวงมหาดไทย", "agc": "กรมส่งเสริมการปกครองท้องถิ่น", "plan_name": "บริหารจัดการทรัพยากรน้ำ", "stg_name": "ยุทธศาสตร์เร่งรัดวางรากฐานการพัฒนาที่ยั่งยืนของประเทศ", "objc_level1_name": "งบลงทุน", "compare": [{"bb_amount": 4207200, "bb_province": "เชียงใหม่"}], "gf_amount_sum": 0}
{"bb_code": "1500822040600N43", "bb_year": "2559", "amount": 4207200, "min_code": "15000", "agc_code": "15008", "name": "ก่อสร้างระบบประปาหมู่บ้านแบบบาดาลขนาดใหญ่มาก หมู่ที่ ๓ บ้านซอยชบา ตำบลบางหญ้าแพรก ตามแบบเทศบาลตำบลบางหญ้าแพรก ทต.บางหญ้าแพรก อ.เมืองสมุทรสาคร จ.สมุทรสาคร", "min": "กระทรวงมหาดไทย", "agc": "กรมส่งเสริมการปกครองท้องถิ่น", "plan_name": "บริหารจัดการทรัพยากรน้ำ", "stg_name": "ยุทธศาสตร์เร่งรัดวางรากฐานการพัฒนาที่ยั่งยืนของประเทศ", "objc_level1_name": "งบลงทุน", "compare": [{"bb_amount": 4207200, "bb_province": "สมุทรสาคร"}], "gf_amount_sum": 0}
{"bb_code": "1500822040600N44", "bb_year": "2559", "amount": 4207200, "min_code": "15000", "agc_code": "15008", "name": "ก่อสร้างระบบประปาหมู่บ้านแบบบาดาลขนาดใหญ่มาก หมู่ที่ ๓ บ้านโกรกกรากใน ตำบลบางหญ้าแพรก ตามแบบเทศบาลตำบลบางหญ้าแพรก ทต.บางหญ้าแพรก อ.เมืองสมุทรสาคร จ.สมุทรสาคร", "min": "กระทรวงมหาดไทย", "agc": "กรมส่งเสริมการปกครองท้องถิ่น", "plan_name": "บริหารจัดการทรัพยากรน้ำ", "stg_name": "ยุทธศาสตร์เร่งรัดวางรากฐานการพัฒนาที่ยั่งยืนของประเทศ", "objc_level1_name": "งบลงทุน", "compare": [{"bb_amount": 4207200, "bb_province": "สมุทรสาคร"}], "gf_amount_sum": 0}
{"bb_code": "1500883002600R34", "bb_year": "2559", "amount": 4206900, "min_code": "15000", "agc_code": "15008", "name": "ซ่อมแซมถนนลาดยางสายบ้านทางด่าน - บ้านโชคอำนวย หมู่ที่ ๑,๒,๓,๘ ตำบลแม่นางขาว โดยวิธีการแอสฟัลท์ติกคอนกรีต กว้าง ๖ เมตร ยาว ๑,๒๕๐ เมตร ไหล่ทางกว้างข้างละ ๑ เมตร หรือมีพื้นที่ไม่น้อยกว่า ๑๐,๐๐๐ ตารางเมตร", "min": "กระทรวงมหาดไทย", "agc": "กรมส่งเสริมการปกครองท้องถิ่น", "plan_name": "ส่งเสริมการกระจายอำนาจให้แก่องค์กรปกครองส่วนท้องถิ่น", "stg_name": "ยุทธศาสตร์การบริหารกิจการบ้านเมืองที่ดี", "objc_level1_name": "งบลงทุน", "compare": [{"bb_amount": 4206900, "bb_province": "พังงา"}], "gf_amount_sum": 0}
{"bb_code": "1500822040600CL3", "bb_year": "2559", "amount": 4204000, "min_code": "15000", "agc_code": "15008", "name": "ปรับปรุงซ่อมแซมสถานีสูบน้ำด้วยไฟฟ้า บ้านศาลา  ม.16 อบต.ท่าสว่าง อ.เมืองสุรินทร์ จ.สุรินทร์", "min": "กระทรวงมหาดไทย", "agc": "กรมส่งเสริมการปกครองท้องถิ่น", "plan_name": "บริหารจัดการทรัพยากรน้ำ", "stg_name": "ยุทธศาสตร์เร่งรัดวางรากฐานการพัฒนาที่ยั่งยืนของประเทศ", "objc_level1_name": "งบลงทุน", "compare": [{"bb_amount": 4204000, "bb_province": "สุรินทร์"}], "gf_amount_sum": 0}
{"bb_code": "1500883002600FC6", "bb_year": "2559", "amount": 4202100, "min_code": "15000", "agc_code": "15008", "name": "ปรับปรุงซ่อมสร้างถนนลาดยางแอสฟัลต์ติกคอนกรีต สายบ้านทุ่งสบายใจ - บ้านบางควาย หมู่ที่ ๖   ตำบลทุ่งหมอ  อำเภอสะเดา  ขนาดกว้าง ๖ เมตร  ยาว ๑,๔๓๕ เมตร หนา ๐.๐๔ เมตร อบต.ทุ่งหมอ อ.สะเดา จ.สงขลา", "min": "กระทรวงมหาดไทย", "agc": "กรมส่งเสริมการปกครองท้องถิ่น", "plan_name": "ส่งเสริมการกระจายอำนาจให้แก่องค์กรปกครองส่วนท้องถิ่น", "stg_name": "ยุทธศาสตร์การบริหารกิจการบ้านเมืองที่ดี", "objc_level1_name": "งบลงทุน", "compare": [{"bb_amount": 4202100, "bb_province": "สงขลา"}], "gf_amount_sum": 0}
{"bb_code": "1500883002600EJ8", "bb_year": "2559", "amount": 4202100, "min_code": "15000", "agc_code": "15008", "name": "ซ่อมสร้างถนนลาดยางผิวจราจรแบบแอสฟัลท์ติกคอนกรีต สายทาง ลป.ถ. ๑-๐๐๑๖ บ้านนากว้าวกิ่ว - บ้านหัวทุ่ง ช่วงระหว่างบ้านนากว้าวกิ่ว หมู่ที่ ๔ - บ้านนาต๋ม หมู่ที่ ๒ ตำบลบ้านกิ่ว กว้าง ๕ เมตร ยาว ๒,๑๔๐ เมตร หน", "min": "กระทรวงมหาดไทย", "agc": "กรมส่งเสริมการปกครองท้องถิ่น", "plan_name": "ส่งเสริมการกระจายอำนาจให้แก่องค์กรปกครองส่วนท้องถิ่น", "stg_name": "ยุทธศาสตร์การบริหารกิจการบ้านเมืองที่ดี", "objc_level1_name": "งบลงทุน", "compare": [{"bb_amount": 4202100, "bb_province": "ลำปาง"}], "gf_amount_sum": 0}
{"bb_code": "1500883002600AA8", "bb_year": "2559", "amount": 4202100, "min_code": "15000", "agc_code": "15008", "name": "ปรับปรุงถนนลาดยางสายบ้านยางงาม - บ้านท่าผาก ตำบลหนองไทร เชื่อมตำบลน้ำรอบ อำเภอพุนพิน กว้าง ๖ เมตร ยาว ๘๓๕ เมตร หนา ๐.๐๕ เมตร หรือมีพื้นที่ไม่น้อยกว่า ๖,๖๘๐ ตารางเมตร  อบจ.สุราษฎร์ธานี อ.พุนพิน จ.สุราษ", "min": "กระทรวงมหาดไทย", "agc": "กรมส่งเสริมการปกครองท้องถิ่น", "plan_name": "ส่งเสริมการกระจายอำนาจให้แก่องค์กรปกครองส่วนท้องถิ่น", "stg_name": "ยุทธศาสตร์การบริหารกิจการบ้านเมืองที่ดี", "objc_level1_name": "งบลงทุน", "compare": [{"bb_amount": 4202100, "bb_province": "สุราษฎร์ธานี"}], "gf_amount_sum": 0}
{"bb_code": "1500883002600GU9", "bb_year": "2559", "amount": 4200200, "min_code": "15000", "agc_code": "15008", "name": "ปรับปรุงผิวจราจรคอนกรีตเสริมเหล็กสาย ตง.๒๐๓๒ บ้านแหลมม่วง - บ้านท่าปาบ ตำบลบางเป้า กว้าง ๖ เมตร ยาว ๔๙๓ เมตร หนา ๐.๒๐ เมตร ไหล่ทางข้างละ ๑.๕๐ เมตร  อบจ.ตรัง อ.กันตัง จ.ตรัง", "min": "กระทรวงมหาดไทย", "agc": "กรมส่งเสริมการปกครองท้องถิ่น", "plan_name": "ส่งเสริมการกระจายอำนาจให้แก่องค์กรปกครองส่วนท้องถิ่น", "stg_name": "ยุทธศาสตร์การบริหารกิจการบ้านเมืองที่ดี", "objc_level1_name": "งบลงทุน", "compare": [{"bb_amount": 4200200, "bb_province": "ตรัง"}], "gf_amount_sum": 0}
{"bb_code": "1500720001110002", "bb_year": "2559", "amount": 4200000, "min_code": "15000", "agc_code": "15007", "name": "เครื่องนับรถยนต์อัตโนมัติ แขวงสามเสนใน เขตพญาไท กรุงเทพมหานคร", "min": "กระทรวงมหาดไทย", "agc": "กรมโยธาธิการและผังเมือง", "plan_name": "รักษาความมั่นคงของฐานทรัพยากรธรรมชาติและแก้ปัญหาที่ดินทำกิน", "stg_name": "ยุทธศาสตร์การจัดการทรัพยากรธรรมชาติและสิ่งแวดล้อม", "objc_level1_name": "งบลงทุน", "compare": [{"bb_amount": 4200000, "bb_province": "กรุงเทพมหานคร", "gf_amount": 4189920, "gf_province": "ส่วนกลาง"}], "gf_amount_sum": 4189920}
{"bb_code": "1500883002600JP2", "bb_year": "2559", "amount": 4200000, "min_code": "15000", "agc_code": "15008", "name": "ปรับปรุงพื้นที่ผ่อนผันการค้าบริเวณหน้าโรงเรียนอนุบาลจังหวัดนครศรีธรรมราช, โรงเรียนกัลยาณีศรีธรรมราช, หน้าสนามกีฬาจังหวัดนครศรีธรรมราช และสวนสาธารณะคูขวาง เทศบาลนครนครศรีธรรมราช อำเภอเมืองนครศรีธรรมราช", "min": "กระทรวงมหาดไทย", "agc": "กรมส่งเสริมการปกครองท้องถิ่น", "plan_name": "ส่งเสริมการกระจายอำนาจให้แก่องค์กรปกครองส่วนท้องถิ่น", "stg_name": "ยุทธศาสตร์การบริหารกิจการบ้านเมืองที่ดี", "objc_level1_name": "งบลงทุน", "compare": [{"bb_amount": 4200000, "bb_province": "นครศรีธรรมราช"}], "gf_amount_sum": 0}
{"bb_code": "1500282003500004", "bb_year": "2559", "amount": 4200000, "min_code": "15000", "agc_code": "15002", "name": "ค่าสมาชิกคณะกรรมการระหว่างรัฐบาลเกี่ยวกับการย้ายถิ่นที่อยู่ (IOM)", "min": "กระทรวงมหาดไทย", "agc": "สนง.ปลัดกระทรวงมหาดไทย", "plan_name": "พัฒนาประสิทธิภาพการบริหารราชการแผ่นดิน", "stg_name": "ยุทธศาสตร์การบริหารกิจการบ้านเมืองที่ดี", "objc_level1_name": "งบอุดหนุน", "compare": [{"bb_amount": 4200000, "bb_province": "กรุงเทพมหานคร", "gf_amount": 4269399.46, "gf_province": "ส่วนกลาง"}], "gf_amount_sum": 4269399.46}
{"bb_code": "1500520018120042", "bb_year": "2559", "amount": 4200000, "min_code": "15000", "agc_code": "15005", "name": "เครื่องรับสัญญาณดาวเทียมแบบเคลื่อนที่ ตำบลในเมือง อำเภอเมือง จังหวัดน่าน", "min": "กระทรวงมหาดไทย", "agc": "กรมที่ดิน", "plan_name": "รักษาความมั่นคงของฐานทรัพยากรธรรมชาติและแก้ปัญหาที่ดินทำกิน", "stg_name": "ยุทธศาสตร์การจัดการทรัพยากรธรรมชาติและสิ่งแวดล้อม", "objc_level1_name": "งบลงทุน", "compare": [{"bb_amount": 4200000, "bb_province": "น่าน"}, {"gf_amount": 3300000, "gf_province": "ส่วนกลาง", "bb_amount": null, "bb_province": "กรุงเทพมหานคร"}], "gf_amount_sum": 3300000}
{"bb_code": "1500520018120043", "bb_year": "2559", "amount": 4200000, "min_code": "15000", "agc_code": "15005", "name": "เครื่องรับสัญญาณดาวเทียมแบบเคลื่อนที่ ตำบลบางนาค อำเภอเมือง จังหวัดนราธิวาส", "min": "กระทรวงมหาดไทย", "agc": "กรมที่ดิน", "plan_name": "รักษาความมั่นคงของฐานทรัพยากรธรรมชาติและแก้ปัญหาที่ดินทำกิน", "stg_name": "ยุทธศาสตร์การจัดการทรัพยากรธรรมชาติและสิ่งแวดล้อม", "objc_level1_name": "งบลงทุน", "compare": [{"bb_amount": 4200000, "bb_province": "นราธิวาส"}, {"gf_amount": 3300000, "gf_province": "ส่วนกลาง", "bb_amount": null, "bb_province": "กรุงเทพมหานคร"}], "gf_amount_sum": 3300000}
{"bb_code": "1500795038410001", "bb_year": "2559", "amount": 4200000, "min_code": "15000", "agc_code": "15007", "name": "ควบคุมงานก่อสร้างโครงการพัฒนาพื้นที่ชุมชนชายแดนองค์การบริหารส่วนตำบลบ้านเก่า ด่านพุน้ำร้อน อำเภอเมือง จังหวัดกาญจนบุรี ระยะที่ 2", "min": "กระทรวงมหาดไทย", "agc": "กรมโยธาธิการและผังเมือง", "plan_name": "ส่งเสริมเขตพัฒนาเศรษฐกิจพิเศษ", "stg_name": "ยุทธศาสตร์เร่งรัดวางรากฐานการพัฒนาที่ยั่งยืนของประเทศ", "objc_level1_name": "งบลงทุน", "compare": [{"bb_amount": 4200000, "bb_province": "กาญจนบุรี"}], "gf_amount_sum": 0}
{"bb_code": "1500822040600Z72", "bb_year": "2559", "amount": 4193500, "min_code": "15000", "agc_code": "15008", "name": "ก่อสร้างประปาผิวดินขนาดใหญ่ พร้อมสร้างหอถัง หมู่ที่ ๑๐ บ้านทุ่งตาแก้ว ตำบลนาหูกวาง ตามแบบมาตรฐานกรมทรัพยากรน้ำ อบต.นาหูกวาง อ.ทับสะแก จ.ประจวบคีรีขันธ์", "min": "กระทรวงมหาดไทย", "agc": "กรมส่งเสริมการปกครองท้องถิ่น", "plan_name": "บริหารจัดการทรัพยากรน้ำ", "stg_name": "ยุทธศาสตร์เร่งรัดวางรากฐานการพัฒนาที่ยั่งยืนของประเทศ", "objc_level1_name": "งบลงทุน", "compare": [{"bb_amount": 4193500, "bb_province": "ประจวบคีรีขันธ์"}], "gf_amount_sum": 0}
