{"bb_code": "1500883002600P48", "bb_year": "2559", "amount": 4103600, "min_code": "15000", "agc_code": "15008", "name": "ปรับปรุงผิวทางแบบแอสฟัลท์ติกคอนกรีต (โดยวิธี Overlay Asphaltic Concrete) สายแยกสุวินทวงศ์ - บ้านโคกพนมดี หมู่ที่ ๗ ตำบลโคกไทย กว้าง ๖ เมตร ยาว ๑,๖๐๖ เมตร พื้นที่ไม่น้อยกว่า ๙,๖๓๖ ตารางเมตร  อบต.โคกไทย", "min": "กระทรวงมหาดไทย", "agc": "กรมส่งเสริมการปกครองท้องถิ่น", "plan_name": "ส่งเสริมการกระจายอำนาจให้แก่องค์กรปกครองส่วนท้องถิ่น", "stg_name": "ยุทธศาสตร์การบริหารกิจการบ้านเมืองที่ดี", "objc_level1_name": "งบลงทุน", "compare": [{"bb_amount": 4103600, "bb_province": "ปราจีนบุรี"}], "gf_amount_sum": 0}
{"bb_code": "1500883002600R25", "bb_year": "2559", "amount": 4100700, "min_code": "15000", "agc_code": "15008", "name": "ซ่อมสร้างผิวทางแอสฟัลท์ติกคอนกรีตสายบ้านทุ่งนา - บ้านกลาง หมู่ที่ ๒ ตำบลคุระ กว้าง ๖ เมตร ยาว ๑,๐๑๐ เมตร หนา ๐.๐๔ เมตร ไหล่ทางข้างละ ๑ เมตร หรือมีพื้นที่ไม่น้อยกว่า ๘,๐๘๐ ตารางเมตร  อบต.คุระ อ.คุระบุร", "min": "กระทรวงมหาดไทย", "agc": "กรมส่งเสริมการปกครองท้องถิ่น", "plan_name": "ส่งเสริมการกระจายอำนาจให้แก่องค์กรปกครองส่วนท้องถิ่น", "stg_name": "ยุทธศาสตร์การบริหารกิจการบ้านเมืองที่ดี", "objc_level1_name": "งบลงทุน", "compare": [{"bb_amount": 4100700, "bb_province": "พังงา"}], "gf_amount_sum": 0}
{"bb_code": "1500822040600H26", "bb_year": "2559", "amount": 4095200, "min_code": "15000", "agc_code": "15008", "name": "ก่อสร้างประปาหมู่บ้านแบบผิวดินขนาดใหญ่  หมู่ที่ ๙  บ้านหนองไฮ ตำบลตลาดโพธิ์ ตามแบบแปลนมาตรฐานกรมทรัพยากรน้ำ อบต.ตลาดโพธิ์ อ.ลำปลายมาศ จ.บุรีรัมย์", "min": "กระทรวงมหาดไทย", "agc": "กรมส่งเสริมการปกครองท้องถิ่น", "plan_name": "บริหารจัดการทรัพยากรน้ำ", "stg_name": "ยุทธศาสตร์เร่งรัดวางรากฐานการพัฒนาที่ยั่งยืนของประเทศ", "objc_level1_name": "งบลงทุน", "compare": [{"bb_amount": 4095200, "bb_province": "บุรีรัมย์"}], "gf_amount_sum": 0}
{"bb_code": "1500786007420105", "bb_year": "2559", "amount": 4095000, "min_code": "15000", "agc_code": "15007", "name": "เขื่อนป้องกันตลิ่งริมแม่น้ำปิง บริเวณบ้านไร่ ม.2 ต.ทรงธรรม อ.เมืองกำแพงเพชร จ.กำแพงเพชร ความยาว 300 เมตร", "min": "กระทรวงมหาดไทย", "agc": "กรมโยธาธิการและผังเมือง", "plan_name": "ฟื้นฟู ป้องกัน และจัดการภัยพิบัติ ", "stg_name": "ยุทธศาสตร์การจัดการทรัพยากรธรรมชาติและสิ่งแวดล้อม", "objc_level1_name": "งบลงทุน", "compare": [{"bb_amount": 4095000, "bb_province": "กำแพงเพชร", "gf_amount": 0, "gf_province": "กำแพงเพชร"}], "gf_amount_sum": 0}
{"bb_code": "1500785013420024", "bb_year": "2559", "amount": 4095000, "min_code": "15000", "agc_code": "15007", "name": "โครงการก่อสร้างเขื่อนป้องกันตลิ่งริมแม่น้ำปัตตานี (ต่อเนื่อง) ช่วง กม. 1+150 ถึง กม. 1+485 ความยาวรวม 335 เมตร ในเขตเทศบาลนครยะลา  อำเภอเมือง จังหวัดยะลา", "min": "กระทรวงมหาดไทย", "agc": "กรมโยธาธิการและผังเมือง", "plan_name": "แก้ไขปัญหาและพัฒนาจังหวัดชายแดนภาคใต้", "stg_name": "ยุทธศาสตร์เร่งรัดวางรากฐานการพัฒนาที่ยั่งยืนของประเทศ", "objc_level1_name": "งบลงทุน", "compare": [{"bb_amount": 4095000, "bb_province": "ยะลา", "gf_amount": 4095000, "gf_province": "ยะลา"}], "gf_amount_sum": 4095000}
{"bb_code": "1500786007420393", "bb_year": "2559", "amount": 4095000, "min_code": "15000", "agc_code": "15007", "name": "เขื่อนป้องกันตลิ่งริมห้วยทับทัน บริเวณวัดศรีบึงบูรพ์ บ้านโนนสาวสวย ม.4 ต.บึงบูรพ์ อ.บึงบูรพ์ จ.ศรีสะเกษ ความยาว 250 เมตร", "min": "กระทรวงมหาดไทย", "agc": "กรมโยธาธิการและผังเมือง", "plan_name": "ฟื้นฟู ป้องกัน และจัดการภัยพิบัติ ", "stg_name": "ยุทธศาสตร์การจัดการทรัพยากรธรรมชาติและสิ่งแวดล้อม", "objc_level1_name": "งบลงทุน", "compare": [{"bb_amount": 4095000, "bb_province": "ศรีสะเกษ", "gf_amount": 2622000, "gf_province": "ศรีสะเกษ"}], "gf_amount_sum": 2622000}
{"bb_code": "1500786007420412", "bb_year": "2559", "amount": 4095000, "min_code": "15000", "agc_code": "15007", "name": "เขื่อนป้องกันตลิ่งริมแม่น้ำตาปี เทศบาลตำบลย่านดินแดง อ.พระแสง จ.สุราษฎร์ธานี ความยาว 300 เมตร", "min": "กระทรวงมหาดไทย", "agc": "กรมโยธาธิการและผังเมือง", "plan_name": "ฟื้นฟู ป้องกัน และจัดการภัยพิบัติ ", "stg_name": "ยุทธศาสตร์การจัดการทรัพยากรธรรมชาติและสิ่งแวดล้อม", "objc_level1_name": "งบลงทุน", "compare": [{"bb_amount": 4095000, "bb_province": "สุราษฎร์ธานี", "gf_amount": 4095000, "gf_province": "สุราษฎร์ธานี"}], "gf_amount_sum": 4095000}
{"bb_code": "1500786007420430", "bb_year": "2559", "amount": 4095000, "min_code": "15000", "agc_code": "15007", "name": "เขื่อนป้องกันตลิ่งริมแม่น้ำน่าน (ตอนที่ 1) ม.6 บ้านวังกะพี้ ต.วังกะพี้ อ.เมือง จ.อุตรดิตถ์ ความยาว 150 เมตร", "min": "กระทรวงมหาดไทย", "agc": "กรมโยธาธิการและผังเมือง", "plan_name": "ฟื้นฟู ป้องกัน และจัดการภัยพิบัติ ", "stg_name": "ยุทธศาสตร์การจัดการทรัพยากรธรรมชาติและสิ่งแวดล้อม", "objc_level1_name": "งบลงทุน", "compare": [{"bb_amount": 4095000, "bb_province": "อุตรดิตถ์", "gf_amount": 11999200, "gf_province": "อุตรดิตถ์"}], "gf_amount_sum": 11999200}
{"bb_code": "1500786007420469", "bb_year": "2559", "amount": 4095000, "min_code": "15000", "agc_code": "15007", "name": "เขื่อนป้องกันตลิ่งริมแม่น้ำปิง บ้านคลองห้วยทราย ม.3 ถึง บ้านหนองเรือ ม.1 ต.หนองบัวใต้ อ.เมือง  จ.ตาก ความยาว 300 เมตร", "min": "กระทรวงมหาดไทย", "agc": "กรมโยธาธิการและผังเมือง", "plan_name": "ฟื้นฟู ป้องกัน และจัดการภัยพิบัติ ", "stg_name": "ยุทธศาสตร์การจัดการทรัพยากรธรรมชาติและสิ่งแวดล้อม", "objc_level1_name": "งบลงทุน", "compare": [{"bb_amount": 4095000, "bb_province": "ตาก", "gf_amount": 1475400, "gf_province": "ตาก"}], "gf_amount_sum": 1475400}
{"bb_code": "1500786020420236", "bb_year": "2559", "amount": 4095000, "min_code": "15000", "agc_code": "15007", "name": "เขื่อนป้องกันตลิ่งริมแม่น้ำเมย บ้านใหม่แม่โกนเกน หมู่ 2 (ต่อเนื่องเขื่อนเดิม) ต.มหาวัน อ.แม่สอด จ.ตาก ความยาว 300 เมตร", "min": "กระทรวงมหาดไทย", "agc": "กรมโยธาธิการและผังเมือง", "plan_name": "ฟื้นฟู ป้องกัน และจัดการภัยพิบัติ ", "stg_name": "ยุทธศาสตร์การจัดการทรัพยากรธรรมชาติและสิ่งแวดล้อม", "objc_level1_name": "งบลงทุน", "compare": [{"bb_amount": 4095000, "bb_province": "ตาก", "gf_amount": 1953450, "gf_province": "ตาก"}], "gf_amount_sum": 1953450}
{"bb_code": "1500822040600H94", "bb_year": "2559", "amount": 4087300, "min_code": "15000", "agc_code": "15008", "name": "ก่อสร้างประปาหมู่บ้าน แบบบาดาลขนาดใหญ่ หมู่ที่ ๘ บ้านท่าตะคร้อเหนือ และหมู่ที่ ๑   บ้านวังซอ ต.ท่าตะคร้อ  ตามแบบมาตรฐานกรมทรัพยากรน้ำ อบต.ท่าตะคร้อ อ.หนองหญ้าปล้อง จ.เพชรบุรี", "min": "กระทรวงมหาดไทย", "agc": "กรมส่งเสริมการปกครองท้องถิ่น", "plan_name": "บริหารจัดการทรัพยากรน้ำ", "stg_name": "ยุทธศาสตร์เร่งรัดวางรากฐานการพัฒนาที่ยั่งยืนของประเทศ", "objc_level1_name": "งบลงทุน", "compare": [{"bb_amount": 4087300, "bb_province": "เพชรบุรี"}], "gf_amount_sum": 0}
{"bb_code": "1500883002600W10", "bb_year": "2559", "amount": 4086200, "min_code": "15000", "agc_code": "15008", "name": "เสริมผิวทางแอสฟัลท์ติกคอนกรีต สายบ้านแสล่ง ตำบลเชียงแรง - บ้านทุ่งติ้ว ตำบลภูซาง อำเภอภูซาง กว้าง ๖ เมตร ยาว ๑,๘๕๐ เมตร อบจ.พะเยา อ.ภูซาง จ.พะเยา", "min": "กระทรวงมหาดไทย", "agc": "กรมส่งเสริมการปกครองท้องถิ่น", "plan_name": "ส่งเสริมการกระจายอำนาจให้แก่องค์กรปกครองส่วนท้องถิ่น", "stg_name": "ยุทธศาสตร์การบริหารกิจการบ้านเมืองที่ดี", "objc_level1_name": "งบลงทุน", "compare": [{"bb_amount": 4086200, "bb_province": "พะเยา"}], "gf_amount_sum": 0}
{"bb_code": "1500883002600AL4", "bb_year": "2559", "amount": 4080800, "min_code": "15000", "agc_code": "15008", "name": "ก่อสร้างถนนคอนกรีตเสริมเหล็ก สาย นบ ๕๐๓๓ บ้านคลองหม่อมเจ้าทวีวัฒนา - บ้านคลองมะสง หมู่ที่ ๓ ตำบลทวีวัฒนา กว้าง ๖ เมตร ยาว ๖๕๐ เมตร หนา ๐.๒๐ เมตร พื้นที่ไม่น้อยกว่า ๓,๙๐๐ ตารางเมตร อบต.ทวีวัฒนา อ.ไทรน้", "min": "กระทรวงมหาดไทย", "agc": "กรมส่งเสริมการปกครองท้องถิ่น", "plan_name": "ส่งเสริมการกระจายอำนาจให้แก่องค์กรปกครองส่วนท้องถิ่น", "stg_name": "ยุทธศาสตร์การบริหารกิจการบ้านเมืองที่ดี", "objc_level1_name": "งบลงทุน", "compare": [{"bb_amount": 4080800, "bb_province": "นนทบุรี"}], "gf_amount_sum": 0}
{"bb_code": "1500883002600BF2", "bb_year": "2559", "amount": 4080400, "min_code": "15000", "agc_code": "15008", "name": "บำรุงรักษาซ่อมแซมถนน รบ ๓๐๕๘ สายบ้านห้วยน้อย -บ้านหนองตาจอน ตำบลอ่างหิน ตำบลทุ่งหลวง อำเภอปากท่อ กว้าง ๖ เมตร ไหล่ทางแอสฟัลท์ติกคอนกรีตกว้างข้างละ ๑ เมตร ยาว ๑,๔๓๕ เมตร อบจ.ราชบุรี อ.ปากท่อ จ.ราชบุรี", "min": "กระทรวงมหาดไทย", "agc": "กรมส่งเสริมการปกครองท้องถิ่น", "plan_name": "ส่งเสริมการกระจายอำนาจให้แก่องค์กรปกครองส่วนท้องถิ่น", "stg_name": "ยุทธศาสตร์การบริหารกิจการบ้านเมืองที่ดี", "objc_level1_name": "งบลงทุน", "compare": [{"bb_amount": 4080400, "bb_province": "ราชบุรี"}], "gf_amount_sum": 0}
{"bb_code": "1500883002600CZ4", "bb_year": "2559", "amount": 4077900, "min_code": "15000", "agc_code": "15008", "name": "ปรับปรุงถนนลาดยางแอสฟัลท์ติกคอนกรีต บ้านท่าสองแคว - บ้านแม่แลบ ตำบลแม่ลาน้อย กว้าง ๔ เมตร ยาว ๒,๕๙๐ เมตร  หนาเฉลี่ย ๐.๐๔ เมตร อบต.แม่ลาน้อย อ.แม่ลาน้อย จ.แม่ฮ่องสอน", "min": "กระทรวงมหาดไทย", "agc": "กรมส่งเสริมการปกครองท้องถิ่น", "plan_name": "ส่งเสริมการกระจายอำนาจให้แก่องค์กรปกครองส่วนท้องถิ่น", "stg_name": "ยุทธศาสตร์การบริหารกิจการบ้านเมืองที่ดี", "objc_level1_name": "งบลงทุน", "compare": [{"bb_amount": 4077900, "bb_province": "แม่ฮ่องสอน"}], "gf_amount_sum": 0}
{"bb_code": "1500785013410157", "bb_year": "2559", "amount": 4071200, "min_code": "15000", "agc_code": "15007", "name": "โครงการปรับปรุงถนนในชุมชนสายบ้านกะดูโด๊ะ ม.3 ต.สะเอะ อ.กรงปินัง จ.ยะลา ความกว้าง 5.00 ม. ความยาว 1.000 กม.", "min": "กระทรวงมหาดไทย", "agc": "กรมโยธาธิการและผังเมือง", "plan_name": "แก้ไขปัญหาและพัฒนาจังหวัดชายแดนภาคใต้", "stg_name": "ยุทธศาสตร์เร่งรัดวางรากฐานการพัฒนาที่ยั่งยืนของประเทศ", "objc_level1_name": "งบลงทุน", "compare": [{"bb_amount": 4071200, "bb_province": "ยะลา", "gf_amount": 4071200, "gf_province": "ยะลา"}], "gf_amount_sum": 4071200}
{"bb_code": "1500785013410013", "bb_year": "2559", "amount": 4071100, "min_code": "15000", "agc_code": "15007", "name": "โครงการปรับปรุงถนนในชุมชน สายดาแลแว หมู่ที่ 3 ต.บันนังสตา อ.บันนังสตา จ.ยะลา กว้าง 5 ม. ระยะทาง 1.000 กม.", "min": "กระทรวงมหาดไทย", "agc": "กรมโยธาธิการและผังเมือง", "plan_name": "แก้ไขปัญหาและพัฒนาจังหวัดชายแดนภาคใต้", "stg_name": "ยุทธศาสตร์เร่งรัดวางรากฐานการพัฒนาที่ยั่งยืนของประเทศ", "objc_level1_name": "งบลงทุน", "compare": [{"bb_amount": 4071100, "bb_province": "ยะลา", "gf_amount": 4071000, "gf_province": "ยะลา"}], "gf_amount_sum": 4071000}
{"bb_code": "1500822040600Z64", "bb_year": "2559", "amount": 4069600, "min_code": "15000", "agc_code": "15008", "name": "ก่อสร้างระบบประปาหมู่บ้าน แบบผิวดินขนาดใหญ่ หมู่ที่ ๘ บ้านห้วยดอกไม้ ตำบลวิศิษฐ์ ตามแบบมาตรฐานกรมทรัพยากรน้ำ ทต.วิศิษฐ์ อ.เมืองบึงกาฬ จ.บึงกาฬ", "min": "กระทรวงมหาดไทย", "agc": "กรมส่งเสริมการปกครองท้องถิ่น", "plan_name": "บริหารจัดการทรัพยากรน้ำ", "stg_name": "ยุทธศาสตร์เร่งรัดวางรากฐานการพัฒนาที่ยั่งยืนของประเทศ", "objc_level1_name": "งบลงทุน", "compare": [{"bb_amount": 4069600, "bb_province": "บึงกาฬ"}], "gf_amount_sum": 0}
{"bb_code": "1500822040600Z04", "bb_year": "2559", "amount": 4065700, "min_code": "15000", "agc_code": "15008", "name": "ก่อสร้างประปาหมู่บ้านประเภทบาดาลขนาดใหญ่ หมู่ที่ ๔ บ้านซะเอาะ  รายละเอียดตามปริมาณงานและแบบแปลนที่กำหนด อบต.มะนังยง อ.ยะหริ่ง จ.ปัตตานี", "min": "กระทรวงมหาดไทย", "agc": "กรมส่งเสริมการปกครองท้องถิ่น", "plan_name": "บริหารจัดการทรัพยากรน้ำ", "stg_name": "ยุทธศาสตร์เร่งรัดวางรากฐานการพัฒนาที่ยั่งยืนของประเทศ", "objc_level1_name": "งบลงทุน", "compare": [{"bb_amount": 4065700, "bb_province": "ปัตตานี"}], "gf_amount_sum": 0}
{"bb_code": "1500822040600Z07", "bb_year": "2559", "amount": 4065700, "min_code": "15000", "agc_code": "15008", "name": "ก่อสร้างประปาหมู่บ้านประเภทบาดาลขนาดใหญ่ หมู่ที่ ๑ บ้านโห  รายละเอียดตามปริมาณงานและแบบแปลนที่กำหนด อบต.มะนังยง อ.ยะหริ่ง จ.ปัตตานี", "min": "กระทรวงมหาดไทย", "agc": "กรมส่งเสริมการปกครองท้องถิ่น", "plan_name": "บริหารจัดการทรัพยากรน้ำ", "stg_name": "ยุทธศาสตร์เร่งรัดวางรากฐานการพัฒนาที่ยั่งยืนของประเทศ", "objc_level1_name": "งบลงทุน", "compare": [{"bb_amount": 4065700, "bb_province": "ปัตตานี"}], "gf_amount_sum": 0}
