{"bb_code": "1500822040600Q47", "bb_year": "2559", "amount": 4010600, "min_code": "15000", "agc_code": "15008", "name": "ก่อสร้างระบบประปาหมู่บ้าน แบบบาดาลขนาดใหญ่มาก บ้านหนองแหน หมู่ที่ ๗ ตำบลนาโพธิ์ ตามแบบแปลนกรมทรัพยากรน้ำ อบต.นาโพธิ์ อ.กุดรัง จ.มหาสารคาม", "min": "กระทรวงมหาดไทย", "agc": "กรมส่งเสริมการปกครองท้องถิ่น", "plan_name": "บริหารจัดการทรัพยากรน้ำ", "stg_name": "ยุทธศาสตร์เร่งรัดวางรากฐานการพัฒนาที่ยั่งยืนของประเทศ", "objc_level1_name": "งบลงทุน", "compare": [{"bb_amount": 4010600, "bb_province": "มหาสารคาม"}], "gf_amount_sum": 0}
{"bb_code": "1500822040600264", "bb_year": "2559", "amount": 4010600, "min_code": "15000", "agc_code": "15008", "name": "ก่อสร้างประปาบาดาลขนาดใหญ่ บ้านหนองบัวน้อย หมู่ที่ ๖  ตามแบบมาตรฐานกรมทรัพยากรน้ำ ทต.หนองตูม อ.เมืองขอนแก่น จ.ขอนแก่น", "min": "กระทรวงมหาดไทย", "agc": "กรมส่งเสริมการปกครองท้องถิ่น", "plan_name": "บริหารจัดการทรัพยากรน้ำ", "stg_name": "ยุทธศาสตร์เร่งรัดวางรากฐานการพัฒนาที่ยั่งยืนของประเทศ", "objc_level1_name": "งบลงทุน", "compare": [{"bb_amount": 4010600, "bb_province": "ขอนแก่น"}], "gf_amount_sum": 0}
{"bb_code": "1500822040600M04", "bb_year": "2559", "amount": 4010600, "min_code": "15000", "agc_code": "15008", "name": "ก่อสร้างประปาหมู่บ้านแบบบาดาลขนาดใหญ่มาก บ้านเหมืองง่า หมู่ที่ ๒ ตำบลเหมืองง่า  ตามแบบมาตรฐานกรมทรัพยากรน้ำ ทต.เหมืองง่า อ.เมืองลำพูน จ.ลำพูน", "min": "กระทรวงมหาดไทย", "agc": "กรมส่งเสริมการปกครองท้องถิ่น", "plan_name": "บริหารจัดการทรัพยากรน้ำ", "stg_name": "ยุทธศาสตร์เร่งรัดวางรากฐานการพัฒนาที่ยั่งยืนของประเทศ", "objc_level1_name": "งบลงทุน", "compare": [{"bb_amount": 4010600, "bb_province": "ลำพูน"}], "gf_amount_sum": 0}
{"bb_code": "1500822040600269", "bb_year": "2559", "amount": 4010600, "min_code": "15000", "agc_code": "15008", "name": "ก่อสร้างประปาบาดาลขนาดใหญ่มาก บ้านศรีเมือง หมู่ที่ ๑๒ ตามแบบมาตรฐานกรมทรัพยากรน้ำ ทต.แวงน้อย อ.แวงน้อย จ.ขอนแก่น", "min": "กระทรวงมหาดไทย", "agc": "กรมส่งเสริมการปกครองท้องถิ่น", "plan_name": "บริหารจัดการทรัพยากรน้ำ", "stg_name": "ยุทธศาสตร์เร่งรัดวางรากฐานการพัฒนาที่ยั่งยืนของประเทศ", "objc_level1_name": "งบลงทุน", "compare": [{"bb_amount": 4010600, "bb_province": "ขอนแก่น"}], "gf_amount_sum": 0}
{"bb_code": "1500822040600L99", "bb_year": "2559", "amount": 4010600, "min_code": "15000", "agc_code": "15008", "name": "ก่อสร้างประปาหมู่บ้านแบบบาดาลขนาดใหญ่มาก บ้านแป้น หมู่ที่ ๖ ตำบลบ้านแป้น ตามแบบมาตรฐานกรมทรัพยากรน้ำ ทต.บ้านแป้น อ.เมืองลำพูน จ.ลำพูน", "min": "กระทรวงมหาดไทย", "agc": "กรมส่งเสริมการปกครองท้องถิ่น", "plan_name": "บริหารจัดการทรัพยากรน้ำ", "stg_name": "ยุทธศาสตร์เร่งรัดวางรากฐานการพัฒนาที่ยั่งยืนของประเทศ", "objc_level1_name": "งบลงทุน", "compare": [{"bb_amount": 4010600, "bb_province": "ลำพูน"}], "gf_amount_sum": 0}
{"bb_code": "1500822040600303", "bb_year": "2559", "amount": 4010600, "min_code": "15000", "agc_code": "15008", "name": "ก่อสร้างระบบประปาหมู่บ้าน แบบบาดาลขนาดใหญ่มาก หมู่ที่ 1 บ้านสบรวก  ตามแบบมาตรฐานกรมทรัพยากรน้ำ ทต.เวียง อ.เชียงแสน จ.เชียงราย", "min": "กระทรวงมหาดไทย", "agc": "กรมส่งเสริมการปกครองท้องถิ่น", "plan_name": "บริหารจัดการทรัพยากรน้ำ", "stg_name": "ยุทธศาสตร์เร่งรัดวางรากฐานการพัฒนาที่ยั่งยืนของประเทศ", "objc_level1_name": "งบลงทุน", "compare": [{"bb_amount": 4010600, "bb_province": "เชียงราย"}], "gf_amount_sum": 0}
{"bb_code": "1500822040600H97", "bb_year": "2559", "amount": 4010600, "min_code": "15000", "agc_code": "15008", "name": "ก่อสร้างประปาหมู่บ้าน แบบบาดาลขนาดใหญ่มาก หมู่ที่ ๓ บ้านพุพลูล่าง ต.ยางน้ำกลัดใต้ ตามแบบมาตรฐานกรมทรัพยากรน้ำ อบต.ยางน้ำกลัดใต้ อ.หนองหญ้าปล้อง จ.เพชรบุรี", "min": "กระทรวงมหาดไทย", "agc": "กรมส่งเสริมการปกครองท้องถิ่น", "plan_name": "บริหารจัดการทรัพยากรน้ำ", "stg_name": "ยุทธศาสตร์เร่งรัดวางรากฐานการพัฒนาที่ยั่งยืนของประเทศ", "objc_level1_name": "งบลงทุน", "compare": [{"bb_amount": 4010600, "bb_province": "เพชรบุรี"}], "gf_amount_sum": 0}
{"bb_code": "1500822040600390", "bb_year": "2559", "amount": 4010600, "min_code": "15000", "agc_code": "15008", "name": "ก่อสร้างประปาหมู่บ้านแบบบาดาลขนาดใหญ่มาก บ้านสันมะเฟือง หมู่ที่ ๑๐ ตำบลแม่สูน ตามแบบมาตรฐานกรมทรัพยากรน้ำ   อบต.แม่สูน อ.ฝาง จ.เชียงใหม่", "min": "กระทรวงมหาดไทย", "agc": "กรมส่งเสริมการปกครองท้องถิ่น", "plan_name": "บริหารจัดการทรัพยากรน้ำ", "stg_name": "ยุทธศาสตร์เร่งรัดวางรากฐานการพัฒนาที่ยั่งยืนของประเทศ", "objc_level1_name": "งบลงทุน", "compare": [{"bb_amount": 4010600, "bb_province": "เชียงใหม่"}], "gf_amount_sum": 0}
{"bb_code": "1500822040600H98", "bb_year": "2559", "amount": 4010600, "min_code": "15000", "agc_code": "15008", "name": "ก่อสร้างประปาหมู่บ้าน แบบบาดาลขนาดใหญ่มากหมู่ที่ ๔ บ้านหนองหญ้าปล้อง ต.หนองญ้าปล้อง ตามแบบมาตรฐานกรมทรัพยากรน้ำ อบต.หนองหญ้าปล้อง อ.หนองหญ้าปล้อง จ.เพชรบุรี", "min": "กระทรวงมหาดไทย", "agc": "กรมส่งเสริมการปกครองท้องถิ่น", "plan_name": "บริหารจัดการทรัพยากรน้ำ", "stg_name": "ยุทธศาสตร์เร่งรัดวางรากฐานการพัฒนาที่ยั่งยืนของประเทศ", "objc_level1_name": "งบลงทุน", "compare": [{"bb_amount": 4010600, "bb_province": "เพชรบุรี"}], "gf_amount_sum": 0}
{"bb_code": "1500822040600447", "bb_year": "2559", "amount": 4010600, "min_code": "15000", "agc_code": "15008", "name": "ก่อสร้างประปาหมู่บ้าน แบบบาดาลขนาดใหญ่มาก หมู่ที่ ๑๒ บ้านหนองเก้าห้อง ตามแบบมาตรฐานกรมทรัพยากรน้ำ ทต.ดงมะดะ อ.แม่ลาว จ.เชียงราย", "min": "กระทรวงมหาดไทย", "agc": "กรมส่งเสริมการปกครองท้องถิ่น", "plan_name": "บริหารจัดการทรัพยากรน้ำ", "stg_name": "ยุทธศาสตร์เร่งรัดวางรากฐานการพัฒนาที่ยั่งยืนของประเทศ", "objc_level1_name": "งบลงทุน", "compare": [{"bb_amount": 4010600, "bb_province": "เชียงราย"}], "gf_amount_sum": 0}
{"bb_code": "1500822040600H96", "bb_year": "2559", "amount": 4010600, "min_code": "15000", "agc_code": "15008", "name": "ก่อสร้างประปาหมู่บ้าน แบบบาดาลขนาดใหญ่มาก หมู่ที่ ๒ บ้านห้วยเกษม ต.ยางน้ำกลัดเหนือ  ตามแบบมาตรฐานกรมทรัพยากรน้ำ อบต.ยางน้ำกลัดใต้ อ.หนองหญ้าปล้อง จ.เพชรบุรี", "min": "กระทรวงมหาดไทย", "agc": "กรมส่งเสริมการปกครองท้องถิ่น", "plan_name": "บริหารจัดการทรัพยากรน้ำ", "stg_name": "ยุทธศาสตร์เร่งรัดวางรากฐานการพัฒนาที่ยั่งยืนของประเทศ", "objc_level1_name": "งบลงทุน", "compare": [{"bb_amount": 4010600, "bb_province": "เพชรบุรี"}], "gf_amount_sum": 0}
{"bb_code": "1500822040600458", "bb_year": "2559", "amount": 4010600, "min_code": "15000", "agc_code": "15008", "name": "ก่อสร้างระบบประปาหมู่บ้านแบบบาดาลขนาดใหญ่มาก บริเวณสนามกีฬา หมู่ที่ ๑ บ้านหนองอาบช้าง ตำบลสันโป่ง ตามแบบมาตรฐานกรมทรัพยากรน้ำ ทต.สันโป่ง อ.แม่ริม จ.เชียงใหม่", "min": "กระทรวงมหาดไทย", "agc": "กรมส่งเสริมการปกครองท้องถิ่น", "plan_name": "บริหารจัดการทรัพยากรน้ำ", "stg_name": "ยุทธศาสตร์เร่งรัดวางรากฐานการพัฒนาที่ยั่งยืนของประเทศ", "objc_level1_name": "งบลงทุน", "compare": [{"bb_amount": 4010600, "bb_province": "เชียงใหม่"}], "gf_amount_sum": 0}
{"bb_code": "1500822040600I28", "bb_year": "2559", "amount": 4010600, "min_code": "15000", "agc_code": "15008", "name": "ก่อสร้างระบบประปาหมู่บ้าน แบบบาดาลขนาดใหญ่มาก หมู่ที่ ๘ ตำบลหัวทุ่ง ตามแบบมาตรฐานกรมทรัพยากรน้ำ อบต.หัวทุ่ง อ.ลอง จ.แพร่", "min": "กระทรวงมหาดไทย", "agc": "กรมส่งเสริมการปกครองท้องถิ่น", "plan_name": "บริหารจัดการทรัพยากรน้ำ", "stg_name": "ยุทธศาสตร์เร่งรัดวางรากฐานการพัฒนาที่ยั่งยืนของประเทศ", "objc_level1_name": "งบลงทุน", "compare": [{"bb_amount": 4010600, "bb_province": "แพร่"}], "gf_amount_sum": 0}
{"bb_code": "1500822040600531", "bb_year": "2559", "amount": 4010600, "min_code": "15000", "agc_code": "15008", "name": "ก่อสร้างระบบประปาบาดาลขนาดใหญ่มาก บ้านป่าสา หมู่ที่ ๖ ตำบลป่าซาง ตามแบบมาตรฐานกรมทรัพยากรน้ำ อบต.ป่าซาง อ.เวียงเชียงรุ้ง จ.เชียงราย", "min": "กระทรวงมหาดไทย", "agc": "กรมส่งเสริมการปกครองท้องถิ่น", "plan_name": "บริหารจัดการทรัพยากรน้ำ", "stg_name": "ยุทธศาสตร์เร่งรัดวางรากฐานการพัฒนาที่ยั่งยืนของประเทศ", "objc_level1_name": "งบลงทุน", "compare": [{"bb_amount": 4010600, "bb_province": "เชียงราย"}], "gf_amount_sum": 0}
{"bb_code": "1500822040600I26", "bb_year": "2559", "amount": 4010600, "min_code": "15000", "agc_code": "15008", "name": "ก่อสร้างระบบประปาหมู่บ้าน แบบบาดาลขนาดใหญ่มาก บ้านเหล่า หมู่ที่ ๒ ตำบลเวียงต้า ตามแบบมาตรฐานทรัพยากรน้ำ ทต.เวียงต้า อ.ลอง จ.แพร่", "min": "กระทรวงมหาดไทย", "agc": "กรมส่งเสริมการปกครองท้องถิ่น", "plan_name": "บริหารจัดการทรัพยากรน้ำ", "stg_name": "ยุทธศาสตร์เร่งรัดวางรากฐานการพัฒนาที่ยั่งยืนของประเทศ", "objc_level1_name": "งบลงทุน", "compare": [{"bb_amount": 4010600, "bb_province": "แพร่"}], "gf_amount_sum": 0}
{"bb_code": "1500822040600532", "bb_year": "2559", "amount": 4010600, "min_code": "15000", "agc_code": "15008", "name": "ก่อสร้างระบบประปาบาดาลขนาดใหญ่มาก บ้านประชาร่วมใจ หมู่ที่ ๑๐ ตามแบบมาตรฐานกรมทรัพยากรน้ำ อบต.ป่าซาง อ.เวียงเชียงรุ้ง จ.เชียงราย", "min": "กระทรวงมหาดไทย", "agc": "กรมส่งเสริมการปกครองท้องถิ่น", "plan_name": "บริหารจัดการทรัพยากรน้ำ", "stg_name": "ยุทธศาสตร์เร่งรัดวางรากฐานการพัฒนาที่ยั่งยืนของประเทศ", "objc_level1_name": "งบลงทุน", "compare": [{"bb_amount": 4010600, "bb_province": "เชียงราย"}], "gf_amount_sum": 0}
{"bb_code": "1500822040600X14", "bb_year": "2559", "amount": 4010600, "min_code": "15000", "agc_code": "15008", "name": "ก่อสร้างประปาหมู่บ้านแบบบาดาลขนาดใหญ่มาก หมู่ที่ ๕ บ้านไทรใหญ่ ตำบลควนรู อำเภอรัตภูมิ ตามแบบมาตรฐานกรมทรัพยากรน้ำ อบต.ควนรู จ.สงขลา", "min": "กระทรวงมหาดไทย", "agc": "กรมส่งเสริมการปกครองท้องถิ่น", "plan_name": "บริหารจัดการทรัพยากรน้ำ", "stg_name": "ยุทธศาสตร์เร่งรัดวางรากฐานการพัฒนาที่ยั่งยืนของประเทศ", "objc_level1_name": "งบลงทุน", "compare": [{"bb_amount": 4010600, "bb_province": "สงขลา"}], "gf_amount_sum": 0}
{"bb_code": "1500822040600537", "bb_year": "2559", "amount": 4010600, "min_code": "15000", "agc_code": "15008", "name": "ก่อสร้างระบบประปาหมู่บ้าน แบบบาดาลขนาดใหญ่มาก บ้านลังกา หมู่ที่ 4 ตำบลบ้านโป่ง ตามแบบมาตรฐานกรมทรัพยากรน้ำ อบต.บ้านโป่ง อ.เวียงป่าเป้า จ.เชียงราย", "min": "กระทรวงมหาดไทย", "agc": "กรมส่งเสริมการปกครองท้องถิ่น", "plan_name": "บริหารจัดการทรัพยากรน้ำ", "stg_name": "ยุทธศาสตร์เร่งรัดวางรากฐานการพัฒนาที่ยั่งยืนของประเทศ", "objc_level1_name": "งบลงทุน", "compare": [{"bb_amount": 4010600, "bb_province": "เชียงราย"}], "gf_amount_sum": 0}
{"bb_code": "1500822040600G48", "bb_year": "2559", "amount": 4010600, "min_code": "15000", "agc_code": "15008", "name": "ก่อสร้างระบบประปาหมู่บ้าน แบบบาดาลขนาดใหญ่มาก หมู่ที่ ๘ ตำบลอรัญญิก ตามแบบมาตรฐานกรมทรัพยากรน้ำ ทม.อรัญญิก อ.เมืองพิษณุโลก จ.พิษณุโลก", "min": "กระทรวงมหาดไทย", "agc": "กรมส่งเสริมการปกครองท้องถิ่น", "plan_name": "บริหารจัดการทรัพยากรน้ำ", "stg_name": "ยุทธศาสตร์เร่งรัดวางรากฐานการพัฒนาที่ยั่งยืนของประเทศ", "objc_level1_name": "งบลงทุน", "compare": [{"bb_amount": 4010600, "bb_province": "พิษณุโลก"}], "gf_amount_sum": 0}
{"bb_code": "1500822040600646", "bb_year": "2559", "amount": 4010600, "min_code": "15000", "agc_code": "15008", "name": "ก่อสร้างระบบประปาหมู่บ้าน แบบบาดาลขนาดใหญ่มาก บ้านหนองไผ่ หมู่ที่ ๒ ตำบลหนองโพนงาม ตามแบบมาตรฐานกรมทรัพยากรน้ำ อบต.หนองโพนงาม อ.เกษตรสมบูรณ์ จ.ชัยภูมิ", "min": "กระทรวงมหาดไทย", "agc": "กรมส่งเสริมการปกครองท้องถิ่น", "plan_name": "บริหารจัดการทรัพยากรน้ำ", "stg_name": "ยุทธศาสตร์เร่งรัดวางรากฐานการพัฒนาที่ยั่งยืนของประเทศ", "objc_level1_name": "งบลงทุน", "compare": [{"bb_amount": 4010600, "bb_province": "ชัยภูมิ"}], "gf_amount_sum": 0}
