{"bb_code": "1500822040600N42", "bb_year": "2559", "amount": 4010600, "min_code": "15000", "agc_code": "15008", "name": "ก่อสร้างระบบประปาหมู่บ้านแบบบาดาลขนาดใหญ่มาก หมู่ที่ ๓ บ้านคลองจางวาง ตำบลหลักสาม ตามแบบมาตรฐานกรมทรัพยากรน้ำ อบต.หลักสาม อ.บ้านแพ้ว จ.สมุทรสาคร", "min": "กระทรวงมหาดไทย", "agc": "กรมส่งเสริมการปกครองท้องถิ่น", "plan_name": "บริหารจัดการทรัพยากรน้ำ", "stg_name": "ยุทธศาสตร์เร่งรัดวางรากฐานการพัฒนาที่ยั่งยืนของประเทศ", "objc_level1_name": "งบลงทุน", "compare": [{"bb_amount": 4010600, "bb_province": "สมุทรสาคร"}], "gf_amount_sum": 0}
{"bb_code": "1500822040600AW9", "bb_year": "2559", "amount": 4010600, "min_code": "15000", "agc_code": "15008", "name": "ก่อสร้างประปาหมู่บ้าน แบบบาดาลขนาดใหญ่มาก  หมู่ที่ ๓ โรงเรียนบ้านขุนทะเล ตำบลกะหรอ ตามแบบกรมทรัพยากรน้ำ อบต.กะหรอ อ.นบพิตำ จ.นครศรีธรรมราช", "min": "กระทรวงมหาดไทย", "agc": "กรมส่งเสริมการปกครองท้องถิ่น", "plan_name": "บริหารจัดการทรัพยากรน้ำ", "stg_name": "ยุทธศาสตร์เร่งรัดวางรากฐานการพัฒนาที่ยั่งยืนของประเทศ", "objc_level1_name": "งบลงทุน", "compare": [{"bb_amount": 4010600, "bb_province": "นครศรีธรรมราช"}], "gf_amount_sum": 0}
{"bb_code": "1500822040600U11", "bb_year": "2559", "amount": 4010600, "min_code": "15000", "agc_code": "15008", "name": "ก่อสร้างประปาหมู่บ้านแบบบาดาลขนาดใหญ่มาก  บ้านสมบูรณ์ หมู่ที่ ๒ ตำบลรุง  ตามแบบมาตรฐานกรมทรัพยากรน้ำ อบต.รุง อ.กันทรลักษ์ จ.ศรีสะเกษ", "min": "กระทรวงมหาดไทย", "agc": "กรมส่งเสริมการปกครองท้องถิ่น", "plan_name": "บริหารจัดการทรัพยากรน้ำ", "stg_name": "ยุทธศาสตร์เร่งรัดวางรากฐานการพัฒนาที่ยั่งยืนของประเทศ", "objc_level1_name": "งบลงทุน", "compare": [{"bb_amount": 4010600, "bb_province": "ศรีสะเกษ"}], "gf_amount_sum": 0}
{"bb_code": "1500822040600AY5", "bb_year": "2559", "amount": 4010600, "min_code": "15000", "agc_code": "15008", "name": "ก่อสร้างระบบประปาหมู่บ้าน แบบบาดาลขนาดใหญ่มาก บ้านพังปริง หมู่ที่ ๑ ตำบลกลาย ตามแบบแปลนกรมทรัพยากรน้ำ อบต.กลาย อ.ท่าศาลา จ.นครศรีธรรมราช", "min": "กระทรวงมหาดไทย", "agc": "กรมส่งเสริมการปกครองท้องถิ่น", "plan_name": "บริหารจัดการทรัพยากรน้ำ", "stg_name": "ยุทธศาสตร์เร่งรัดวางรากฐานการพัฒนาที่ยั่งยืนของประเทศ", "objc_level1_name": "งบลงทุน", "compare": [{"bb_amount": 4010600, "bb_province": "นครศรีธรรมราช"}], "gf_amount_sum": 0}
{"bb_code": "1500822040600Y20", "bb_year": "2559", "amount": 4010600, "min_code": "15000", "agc_code": "15008", "name": "ก่อสร้างประปาหมู่บ้าน หมู่ที่ ๑ บ้านดุซงญอ ตำบลดุซงญอ ประเภทบาดาลขนาดใหญ่มาก รายละเอียดตามแบบมาตรฐานกรมทรัพยากรน้ำ อบต.ดุซงญอ อ.จะแนะ จ.นราธิวาส", "min": "กระทรวงมหาดไทย", "agc": "กรมส่งเสริมการปกครองท้องถิ่น", "plan_name": "บริหารจัดการทรัพยากรน้ำ", "stg_name": "ยุทธศาสตร์เร่งรัดวางรากฐานการพัฒนาที่ยั่งยืนของประเทศ", "objc_level1_name": "งบลงทุน", "compare": [{"bb_amount": 4010600, "bb_province": "นราธิวาส"}], "gf_amount_sum": 0}
{"bb_code": "1500822040600AY8", "bb_year": "2559", "amount": 4010600, "min_code": "15000", "agc_code": "15008", "name": "ก่อสร้างระบบประปาหมู่บ้าน แบบบาดาลขนาดใหญ่มาก บ้านนาเพรง หมู่ที่ ๘ ตำบลกลาย ตามแบบแปลนกรมทรัพยากรน้ำ อบต.กลาย อ.ท่าศาลา จ.นครศรีธรรมราช", "min": "กระทรวงมหาดไทย", "agc": "กรมส่งเสริมการปกครองท้องถิ่น", "plan_name": "บริหารจัดการทรัพยากรน้ำ", "stg_name": "ยุทธศาสตร์เร่งรัดวางรากฐานการพัฒนาที่ยั่งยืนของประเทศ", "objc_level1_name": "งบลงทุน", "compare": [{"bb_amount": 4010600, "bb_province": "นครศรีธรรมราช"}], "gf_amount_sum": 0}
{"bb_code": "1500822040600Y21", "bb_year": "2559", "amount": 4010600, "min_code": "15000", "agc_code": "15008", "name": "ก่อสร้างประปาหมู่บ้าน หมู่ที่ ๒ บ้านดุซงญอ ตำบลดุซงญอ ประเภทบาดาลขนาดใหญ่มาก รายละเอียดตามแบบมาตรฐานกรมทรัพยากรน้ำ อบต.ดุซงญอ อ.จะแนะ จ.นราธิวาส", "min": "กระทรวงมหาดไทย", "agc": "กรมส่งเสริมการปกครองท้องถิ่น", "plan_name": "บริหารจัดการทรัพยากรน้ำ", "stg_name": "ยุทธศาสตร์เร่งรัดวางรากฐานการพัฒนาที่ยั่งยืนของประเทศ", "objc_level1_name": "งบลงทุน", "compare": [{"bb_amount": 4010600, "bb_province": "นราธิวาส"}], "gf_amount_sum": 0}
{"bb_code": "1500822040600AZ0", "bb_year": "2559", "amount": 4010600, "min_code": "15000", "agc_code": "15008", "name": "ก่อสร้างระบบประปาหมู่บ้าน แบบบาดาลขนาดใหญ่มาก บ้านสวนพริก หมู่ที่ ๒ ตำบลกลาย ตามแบบแปลนกรมทรัพยากรน้ำ อบต.กลาย อ.ท่าศาลา จ.นครศรีธรรมราช", "min": "กระทรวงมหาดไทย", "agc": "กรมส่งเสริมการปกครองท้องถิ่น", "plan_name": "บริหารจัดการทรัพยากรน้ำ", "stg_name": "ยุทธศาสตร์เร่งรัดวางรากฐานการพัฒนาที่ยั่งยืนของประเทศ", "objc_level1_name": "งบลงทุน", "compare": [{"bb_amount": 4010600, "bb_province": "นครศรีธรรมราช"}], "gf_amount_sum": 0}
{"bb_code": "1500822040600Y22", "bb_year": "2559", "amount": 4010600, "min_code": "15000", "agc_code": "15008", "name": "ก่อสร้างประปาหมู่บ้าน หมู่ที่ ๓ บ้านสุแฆ ตำบลดุซงญอ ประเภทบาดาลขนาดใหญ่มาก รายละเอียดตามแบบมาตรฐานกรมทรัพยากรน้ำ อบต.ดุซงญอ อ.จะแนะ จ.นราธิวาส", "min": "กระทรวงมหาดไทย", "agc": "กรมส่งเสริมการปกครองท้องถิ่น", "plan_name": "บริหารจัดการทรัพยากรน้ำ", "stg_name": "ยุทธศาสตร์เร่งรัดวางรากฐานการพัฒนาที่ยั่งยืนของประเทศ", "objc_level1_name": "งบลงทุน", "compare": [{"bb_amount": 4010600, "bb_province": "นราธิวาส"}], "gf_amount_sum": 0}
{"bb_code": "1500822040600AZ2", "bb_year": "2559", "amount": 4010600, "min_code": "15000", "agc_code": "15008", "name": "ก่อสร้างระบบประปาหมู่บ้าน แบบบาดาลขนาดใหญ่มาก บ้านบ่อกรูด หมู่ที่ ๖ ตำบลกลาย ตามแบบแปลนกรมทรัพยากรน้ำ อบต.กลาย อ.ท่าศาลา จ.นครศรีธรรมราช", "min": "กระทรวงมหาดไทย", "agc": "กรมส่งเสริมการปกครองท้องถิ่น", "plan_name": "บริหารจัดการทรัพยากรน้ำ", "stg_name": "ยุทธศาสตร์เร่งรัดวางรากฐานการพัฒนาที่ยั่งยืนของประเทศ", "objc_level1_name": "งบลงทุน", "compare": [{"bb_amount": 4010600, "bb_province": "นครศรีธรรมราช"}], "gf_amount_sum": 0}
{"bb_code": "1500822040600G45", "bb_year": "2559", "amount": 4010600, "min_code": "15000", "agc_code": "15008", "name": "ก่อสร้างระบบประปาหมู่บ้าน แบบบาดาลขนาดใหญ่มาก หมู่ที่ ๓ ตำบลอรัญญิก ตามแบบมาตรฐานกรมทรัพยากรน้ำ ทม.อรัญญิก อ.เมืองพิษณุโลก จ.พิษณุโลก", "min": "กระทรวงมหาดไทย", "agc": "กรมส่งเสริมการปกครองท้องถิ่น", "plan_name": "บริหารจัดการทรัพยากรน้ำ", "stg_name": "ยุทธศาสตร์เร่งรัดวางรากฐานการพัฒนาที่ยั่งยืนของประเทศ", "objc_level1_name": "งบลงทุน", "compare": [{"bb_amount": 4010600, "bb_province": "พิษณุโลก"}], "gf_amount_sum": 0}
{"bb_code": "1500822040600AZ6", "bb_year": "2559", "amount": 4010600, "min_code": "15000", "agc_code": "15008", "name": "ก่อสร้างประปาหมู่บ้าน แบบบาดาลขนาดใหญ่มาก หมู่ที่ ๓ บ้านโคกวัว ตำบลบางศาลา ตามแบบกรมทรัพยากรน้ำ อบต.บางศาลา อ.ปากพนัง จ.นครศรีธรรมราช", "min": "กระทรวงมหาดไทย", "agc": "กรมส่งเสริมการปกครองท้องถิ่น", "plan_name": "บริหารจัดการทรัพยากรน้ำ", "stg_name": "ยุทธศาสตร์เร่งรัดวางรากฐานการพัฒนาที่ยั่งยืนของประเทศ", "objc_level1_name": "งบลงทุน", "compare": [{"bb_amount": 4010600, "bb_province": "นครศรีธรรมราช"}], "gf_amount_sum": 0}
{"bb_code": "1500822040600Z57", "bb_year": "2559", "amount": 4010600, "min_code": "15000", "agc_code": "15008", "name": "ก่อสร้างระบบประปาหมู่บ้าน แบบบาดาลขนาดใหญ่มาก หมู่ที่ ๑๑ บ้านโนนดู่ ตำบลโนนสว่าง ตามแบบมาตรฐานกรมทรัพยากรน้ำ ทต.โนนสว่าง อ.เมืองบึงกาฬ จ.บึงกาฬ", "min": "กระทรวงมหาดไทย", "agc": "กรมส่งเสริมการปกครองท้องถิ่น", "plan_name": "บริหารจัดการทรัพยากรน้ำ", "stg_name": "ยุทธศาสตร์เร่งรัดวางรากฐานการพัฒนาที่ยั่งยืนของประเทศ", "objc_level1_name": "งบลงทุน", "compare": [{"bb_amount": 4010600, "bb_province": "บึงกาฬ"}], "gf_amount_sum": 0}
{"bb_code": "1500822040600AZ9", "bb_year": "2559", "amount": 4010600, "min_code": "15000", "agc_code": "15008", "name": "ก่อสร้างประปาหมู่บ้าน แบบบาดาลขนาดใหญ่มาก หมู่ที่ ๘ บ้านบางยัง ตำบลบางศาลา ตามแบบกรมทรัพยากรน้ำ อบต.บางศาลา อ.ปากพนัง จ.นครศรีธรรมราช", "min": "กระทรวงมหาดไทย", "agc": "กรมส่งเสริมการปกครองท้องถิ่น", "plan_name": "บริหารจัดการทรัพยากรน้ำ", "stg_name": "ยุทธศาสตร์เร่งรัดวางรากฐานการพัฒนาที่ยั่งยืนของประเทศ", "objc_level1_name": "งบลงทุน", "compare": [{"bb_amount": 4010600, "bb_province": "นครศรีธรรมราช"}], "gf_amount_sum": 0}
{"bb_code": "1500822040600F82", "bb_year": "2559", "amount": 4010600, "min_code": "15000", "agc_code": "15008", "name": "ก่อสร้างระบบประปาหมู่บ้าน แบบบาดาลขนาดใหญ่มาก บ้านวังสาร หมู่ที่ ๕ ตำบลท่าตาล ตามแบบมาตรฐานกรมทรัพยากรน้ำ อบต.ท่าตาล อ.บางกระทุ่ม จ.พิษณุโลก", "min": "กระทรวงมหาดไทย", "agc": "กรมส่งเสริมการปกครองท้องถิ่น", "plan_name": "บริหารจัดการทรัพยากรน้ำ", "stg_name": "ยุทธศาสตร์เร่งรัดวางรากฐานการพัฒนาที่ยั่งยืนของประเทศ", "objc_level1_name": "งบลงทุน", "compare": [{"bb_amount": 4010600, "bb_province": "พิษณุโลก"}], "gf_amount_sum": 0}
{"bb_code": "1500822040600B16", "bb_year": "2559", "amount": 4010600, "min_code": "15000", "agc_code": "15008", "name": "ก่อสร้างประปาหมู่บ้านแบบบาดาลขนาดใหญ่มาก หมู่ที่ ๕ ตำบลลำพยา ตามแบบมาตรฐานกรมทรัพยากรน้ำกำหนด อบต.ลำพยา อ.เมืองนครปฐม จ.นครปฐม", "min": "กระทรวงมหาดไทย", "agc": "กรมส่งเสริมการปกครองท้องถิ่น", "plan_name": "บริหารจัดการทรัพยากรน้ำ", "stg_name": "ยุทธศาสตร์เร่งรัดวางรากฐานการพัฒนาที่ยั่งยืนของประเทศ", "objc_level1_name": "งบลงทุน", "compare": [{"bb_amount": 4010600, "bb_province": "นครปฐม"}], "gf_amount_sum": 0}
{"bb_code": "1500822040600K74", "bb_year": "2559", "amount": 4010600, "min_code": "15000", "agc_code": "15008", "name": "ก่อสร้างระบบประปาหมู่บ้าน แบบบาดาลขนาดใหญ่มาก หมู่ที่ ๒ ตำบลยางงาม ตามแบบมาตรฐานกรมทรัพยากรน้ำ ทต.นาเฉลียง อ.หนองไผ่ จ.เพชรบูรณ์", "min": "กระทรวงมหาดไทย", "agc": "กรมส่งเสริมการปกครองท้องถิ่น", "plan_name": "บริหารจัดการทรัพยากรน้ำ", "stg_name": "ยุทธศาสตร์เร่งรัดวางรากฐานการพัฒนาที่ยั่งยืนของประเทศ", "objc_level1_name": "งบลงทุน", "compare": [{"bb_amount": 4010600, "bb_province": "เพชรบูรณ์"}], "gf_amount_sum": 0}
{"bb_code": "1500822040600B42", "bb_year": "2559", "amount": 4010600, "min_code": "15000", "agc_code": "15008", "name": "ก่อสร้างระบบประปาหมู่บ้านแบบบาดาลขนาดใหญ่มาก หมู่ที่ ๔ บ้านกระแชงเหนือ ตำบลกระแชง ตามแบบมาตรฐานกรมทรัพยากรน้ำ อบต.กระแชง อ.บางไทร จ.พระนครศรีอยุธยา", "min": "กระทรวงมหาดไทย", "agc": "กรมส่งเสริมการปกครองท้องถิ่น", "plan_name": "บริหารจัดการทรัพยากรน้ำ", "stg_name": "ยุทธศาสตร์เร่งรัดวางรากฐานการพัฒนาที่ยั่งยืนของประเทศ", "objc_level1_name": "งบลงทุน", "compare": [{"bb_amount": 4010600, "bb_province": "พระนครศรีอยุธยา"}], "gf_amount_sum": 0}
{"bb_code": "1500822040600Y88", "bb_year": "2559", "amount": 4010600, "min_code": "15000", "agc_code": "15008", "name": "ก่อสร้างประปาหมู่บ้าน หมู่ที่ ๑  บ้านบาโงตา ต.บาโงสะโต   ตามแบบมาตรฐานกรมทรัพยากรน้ำ  อบต.บาโงสะโต อ.ระแงะ จ.นราธิวาส", "min": "กระทรวงมหาดไทย", "agc": "กรมส่งเสริมการปกครองท้องถิ่น", "plan_name": "บริหารจัดการทรัพยากรน้ำ", "stg_name": "ยุทธศาสตร์เร่งรัดวางรากฐานการพัฒนาที่ยั่งยืนของประเทศ", "objc_level1_name": "งบลงทุน", "compare": [{"bb_amount": 4010600, "bb_province": "นราธิวาส"}], "gf_amount_sum": 0}
{"bb_code": "1500822040600B49", "bb_year": "2559", "amount": 4010600, "min_code": "15000", "agc_code": "15008", "name": "ก่อสร้างระบบประปาหมู่บ้านแบบบาดาลขนาดใหญ่มาก หมู่ที่ ๕ บ้านตลาดเกรียบใต้ ตำบลตลาดเกรียบ ตามแบบมาตรฐานกรมทรัพยากรน้ำ ทต.ตลาดเกรียบ อ.บางปะอิน จ.พระนครศรีอยุธยา", "min": "กระทรวงมหาดไทย", "agc": "กรมส่งเสริมการปกครองท้องถิ่น", "plan_name": "บริหารจัดการทรัพยากรน้ำ", "stg_name": "ยุทธศาสตร์เร่งรัดวางรากฐานการพัฒนาที่ยั่งยืนของประเทศ", "objc_level1_name": "งบลงทุน", "compare": [{"bb_amount": 4010600, "bb_province": "พระนครศรีอยุธยา"}], "gf_amount_sum": 0}
