{"bb_code": "1500822040600H32", "bb_year": "2559", "amount": 4010600, "min_code": "15000", "agc_code": "15008", "name": "ก่อสร้างประปาหมู่บ้านแบบบาดาลขนาดใหญ่มาก หมู่ที่ ๑๐ บ้านหนองกระทุ่ม ตำบลลาดยาว ตามแบบมาตรฐานกรมทรัพยากรน้ำกำหนด อบต.ลาดยาว อ.ลาดยาว จ.นครสวรรค์", "min": "กระทรวงมหาดไทย", "agc": "กรมส่งเสริมการปกครองท้องถิ่น", "plan_name": "บริหารจัดการทรัพยากรน้ำ", "stg_name": "ยุทธศาสตร์เร่งรัดวางรากฐานการพัฒนาที่ยั่งยืนของประเทศ", "objc_level1_name": "งบลงทุน", "compare": [{"bb_amount": 4010600, "bb_province": "นครสวรรค์"}], "gf_amount_sum": 0}
{"bb_code": "1500822040600B73", "bb_year": "2559", "amount": 4010600, "min_code": "15000", "agc_code": "15008", "name": "ก่อสร้างระบบประปาหมู่บ้านแบบบาดาลขนาดใหญ่มาก หมู่ที่ ๕ บ้านหัวถนน ตำบลลุมพลี ตามแบบมาตรฐานกรมทรัพยากรน้ำ อบต.ลุมพลี อ.พระนครศรีอยุธยา จ.พระนครศรีอยุธยา", "min": "กระทรวงมหาดไทย", "agc": "กรมส่งเสริมการปกครองท้องถิ่น", "plan_name": "บริหารจัดการทรัพยากรน้ำ", "stg_name": "ยุทธศาสตร์เร่งรัดวางรากฐานการพัฒนาที่ยั่งยืนของประเทศ", "objc_level1_name": "งบลงทุน", "compare": [{"bb_amount": 4010600, "bb_province": "พระนครศรีอยุธยา"}], "gf_amount_sum": 0}
{"bb_code": "1500822040600H34", "bb_year": "2559", "amount": 4010600, "min_code": "15000", "agc_code": "15008", "name": "ก่อสร้างประปาหมู่บ้านแบบบาดาลขนาดใหญ่มาก หมู่ที่ ๒ บ้านคลองสาลี ตำบลลาดยาว ตามแบบมาตรฐานกรมทรัพยากรน้ำกำหนด อบต.ลาดยาว อ.ลาดยาว จ.นครสวรรค์", "min": "กระทรวงมหาดไทย", "agc": "กรมส่งเสริมการปกครองท้องถิ่น", "plan_name": "บริหารจัดการทรัพยากรน้ำ", "stg_name": "ยุทธศาสตร์เร่งรัดวางรากฐานการพัฒนาที่ยั่งยืนของประเทศ", "objc_level1_name": "งบลงทุน", "compare": [{"bb_amount": 4010600, "bb_province": "นครสวรรค์"}], "gf_amount_sum": 0}
{"bb_code": "1500822040600BL7", "bb_year": "2559", "amount": 4010600, "min_code": "15000", "agc_code": "15008", "name": "ก่อสร้างระบบประปาหมู่บ้าน แบบบาดาลขนาดใหญ่มาก หมู่ที่ ๖ บ้านทุ่งขันหมาก ตำบลเขาน้อย ตามแบบแปลนกรมทรัพยากรน้ำ อบต.เขาน้อย อ.สิชล จ.นครศรีธรรมราช", "min": "กระทรวงมหาดไทย", "agc": "กรมส่งเสริมการปกครองท้องถิ่น", "plan_name": "บริหารจัดการทรัพยากรน้ำ", "stg_name": "ยุทธศาสตร์เร่งรัดวางรากฐานการพัฒนาที่ยั่งยืนของประเทศ", "objc_level1_name": "งบลงทุน", "compare": [{"bb_amount": 4010600, "bb_province": "นครศรีธรรมราช"}], "gf_amount_sum": 0}
{"bb_code": "1500822040600M06", "bb_year": "2559", "amount": 4010600, "min_code": "15000", "agc_code": "15008", "name": "ก่อสร้างประปาหมู่บ้านแบบบาดาลขนาดใหญ่มาก บ้านป่าขาม หมู่ที่ ๕ ตำบลเหมืองง่า ตามแบบมาตรฐานกรมทรัพยากรน้ำ ทต.เหมืองง่า อ.เมืองลำพูน จ.ลำพูน", "min": "กระทรวงมหาดไทย", "agc": "กรมส่งเสริมการปกครองท้องถิ่น", "plan_name": "บริหารจัดการทรัพยากรน้ำ", "stg_name": "ยุทธศาสตร์เร่งรัดวางรากฐานการพัฒนาที่ยั่งยืนของประเทศ", "objc_level1_name": "งบลงทุน", "compare": [{"bb_amount": 4010600, "bb_province": "ลำพูน"}], "gf_amount_sum": 0}
{"bb_code": "1500822040600B71", "bb_year": "2559", "amount": 4010600, "min_code": "15000", "agc_code": "15008", "name": "ก่อสร้างระบบประปาหมู่บ้านแบบบาดาลขนาดใหญ่มาก หมู่ที่ ๓ บ้านคลองถนนตาล ตำบลคลองสวนพลู ตามแบบมาตรฐานกรมทรัพยากรน้ำ อบต.เกาะเรียน อ.พระนครศรีอยุธยา จ.พระนครศรีอยุธยา", "min": "กระทรวงมหาดไทย", "agc": "กรมส่งเสริมการปกครองท้องถิ่น", "plan_name": "บริหารจัดการทรัพยากรน้ำ", "stg_name": "ยุทธศาสตร์เร่งรัดวางรากฐานการพัฒนาที่ยั่งยืนของประเทศ", "objc_level1_name": "งบลงทุน", "compare": [{"bb_amount": 4010600, "bb_province": "พระนครศรีอยุธยา"}], "gf_amount_sum": 0}
{"bb_code": "1500822040600M05", "bb_year": "2559", "amount": 4010600, "min_code": "15000", "agc_code": "15008", "name": "ก่อสร้างประปาหมู่บ้านแบบบาดาลขนาดใหญ่มาก บ้านศรีบุญยืน หมู่ที่ ๓ ตำบลเหมืองง่า ตามแบบมาตรฐานกรมทรัพยากรน้ำ ทต.เหมืองง่า อ.เมืองลำพูน จ.ลำพูน", "min": "กระทรวงมหาดไทย", "agc": "กรมส่งเสริมการปกครองท้องถิ่น", "plan_name": "บริหารจัดการทรัพยากรน้ำ", "stg_name": "ยุทธศาสตร์เร่งรัดวางรากฐานการพัฒนาที่ยั่งยืนของประเทศ", "objc_level1_name": "งบลงทุน", "compare": [{"bb_amount": 4010600, "bb_province": "ลำพูน"}], "gf_amount_sum": 0}
{"bb_code": "1500822040600BF3", "bb_year": "2559", "amount": 4010600, "min_code": "15000", "agc_code": "15008", "name": "ก่อสร้างประปาหมู่บ้าน แบบบาดาลขนาดใหญ่มาก หมู่ที่ ๗ ตำบลท่าศาลารายละเอียดตามปริมาณงานและแบบแปลนที่องค์การบริหารส่วนตำบลท่าศาลากำหนด อบต.ท่าศาลา อ.ท่าศาลา จ.นครศรีธรรมราช", "min": "กระทรวงมหาดไทย", "agc": "กรมส่งเสริมการปกครองท้องถิ่น", "plan_name": "บริหารจัดการทรัพยากรน้ำ", "stg_name": "ยุทธศาสตร์เร่งรัดวางรากฐานการพัฒนาที่ยั่งยืนของประเทศ", "objc_level1_name": "งบลงทุน", "compare": [{"bb_amount": 4010600, "bb_province": "นครศรีธรรมราช"}], "gf_amount_sum": 0}
{"bb_code": "1500822040600BF4", "bb_year": "2559", "amount": 4010600, "min_code": "15000", "agc_code": "15008", "name": "ก่อสร้างประปาหมู่บ้าน แบบบาดาลขนาดใหญ่มาก หมู่ที่ ๑๓ ตำบลท่าศาลา รายละเอียดตามปริมาณงานและแบบแปลนที่องค์การบริหารส่วนตำบลท่าศาลากำหนด อบต.ท่าศาลา อ.ท่าศาลา จ.นครศรีธรรมราช", "min": "กระทรวงมหาดไทย", "agc": "กรมส่งเสริมการปกครองท้องถิ่น", "plan_name": "บริหารจัดการทรัพยากรน้ำ", "stg_name": "ยุทธศาสตร์เร่งรัดวางรากฐานการพัฒนาที่ยั่งยืนของประเทศ", "objc_level1_name": "งบลงทุน", "compare": [{"bb_amount": 4010600, "bb_province": "นครศรีธรรมราช"}], "gf_amount_sum": 0}
{"bb_code": "1500822040600DX1", "bb_year": "2559", "amount": 4008000, "min_code": "15000", "agc_code": "15008", "name": "ปรับปรุงซ่อมแซมสถานีสูบน้ำด้วยไฟฟ้า บ้านหลุบโมก อบต.เมืองคง อ.ราษีไศล จ.ศรีสะเกษ", "min": "กระทรวงมหาดไทย", "agc": "กรมส่งเสริมการปกครองท้องถิ่น", "plan_name": "บริหารจัดการทรัพยากรน้ำ", "stg_name": "ยุทธศาสตร์เร่งรัดวางรากฐานการพัฒนาที่ยั่งยืนของประเทศ", "objc_level1_name": "งบลงทุน", "compare": [{"bb_amount": 4008000, "bb_province": "ศรีสะเกษ"}], "gf_amount_sum": 0}
{"bb_code": "1500822040600J19", "bb_year": "2559", "amount": 4006700, "min_code": "15000", "agc_code": "15008", "name": "ก่อสร้างระบบประปาหมู่บ้านแบบผิวดินขนาดใหญ่ หมู่ที่ ๑๐ บ้านช่องลม ตำบลบางบุตร ตามแบบมาตรฐานกรมทรัพยากรน้ำ อบต.บางบุตร อ.บ้านค่าย จ.ระยอง", "min": "กระทรวงมหาดไทย", "agc": "กรมส่งเสริมการปกครองท้องถิ่น", "plan_name": "บริหารจัดการทรัพยากรน้ำ", "stg_name": "ยุทธศาสตร์เร่งรัดวางรากฐานการพัฒนาที่ยั่งยืนของประเทศ", "objc_level1_name": "งบลงทุน", "compare": [{"bb_amount": 4006700, "bb_province": "ระยอง"}], "gf_amount_sum": 0}
{"bb_code": "1500883002600EF4", "bb_year": "2559", "amount": 4005000, "min_code": "15000", "agc_code": "15008", "name": "ซ่อมสร้างถนนลาดยางแอสฟัลท์ติกคอนกรีต ( สาย อบจ.นม.๑๗๓๐๘ ) บ้านลิ้นฟ้า - บ้านท่าสวนยา ขนาดกว้าง ๖ เมตร ยาว ๑,๔๗๓ เมตร หนา ๐.๐๔ เมตร  อบจ.นครราชสีมา อ.ประทาย จ.นครราชสีมา", "min": "กระทรวงมหาดไทย", "agc": "กรมส่งเสริมการปกครองท้องถิ่น", "plan_name": "ส่งเสริมการกระจายอำนาจให้แก่องค์กรปกครองส่วนท้องถิ่น", "stg_name": "ยุทธศาสตร์การบริหารกิจการบ้านเมืองที่ดี", "objc_level1_name": "งบลงทุน", "compare": [{"bb_amount": 4005000, "bb_province": "นครราชสีมา"}], "gf_amount_sum": 0}
{"bb_code": "1500883002600P22", "bb_year": "2559", "amount": 4005000, "min_code": "15000", "agc_code": "15008", "name": "บำรุงซ่อมแซมผิวจราจรแอสฟัลท์ติกคอนกรีต สายทางบ้านศรีถ้อย  หมู่ที่ ๘ - บ้านพญาทองดี  หมู่ที่ ๖  กว้าง ๖ เมตร  ยาว ๒.๐๗๓ กิโลเมตร  หนาเฉลี่ย ๐.๐๔ เมตร  อบต.ศรีถ้อย อ.แม่สรวย จ.เชียงราย", "min": "กระทรวงมหาดไทย", "agc": "กรมส่งเสริมการปกครองท้องถิ่น", "plan_name": "ส่งเสริมการกระจายอำนาจให้แก่องค์กรปกครองส่วนท้องถิ่น", "stg_name": "ยุทธศาสตร์การบริหารกิจการบ้านเมืองที่ดี", "objc_level1_name": "งบลงทุน", "compare": [{"bb_amount": 4005000, "bb_province": "เชียงราย"}], "gf_amount_sum": 0}
{"bb_code": "1500883002600BW3", "bb_year": "2559", "amount": 4004100, "min_code": "15000", "agc_code": "15008", "name": "ซ่อมสร้างผิวทางแอสฟัลท์ติกคอนกรีต สายบ้านชีทวน - บ้านหนองดูน กว้าง ๖ เมตร ยาว ๑,๔๙๐ เมตร หนา ๐.๐๕ เมตร  อบต.ชีทวน อ.เขื่องใน จ.อุบลราชธานี", "min": "กระทรวงมหาดไทย", "agc": "กรมส่งเสริมการปกครองท้องถิ่น", "plan_name": "ส่งเสริมการกระจายอำนาจให้แก่องค์กรปกครองส่วนท้องถิ่น", "stg_name": "ยุทธศาสตร์การบริหารกิจการบ้านเมืองที่ดี", "objc_level1_name": "งบลงทุน", "compare": [{"bb_amount": 4004100, "bb_province": "อุบลราชธานี"}], "gf_amount_sum": 0}
{"bb_code": "1500785013410006", "bb_year": "2559", "amount": 4002400, "min_code": "15000", "agc_code": "15007", "name": "โครงการปรับปรุงถนนในชุมชน สายบ้านทองสา - บ้านสุตันตานนท์ หมู่ที่ 7 ตำบลตาเนาะแมเราะ อำเภอเบตง จังหวัดยะลา กว้าง 4 ม. ระยะทาง 1.200 กม.", "min": "กระทรวงมหาดไทย", "agc": "กรมโยธาธิการและผังเมือง", "plan_name": "แก้ไขปัญหาและพัฒนาจังหวัดชายแดนภาคใต้", "stg_name": "ยุทธศาสตร์เร่งรัดวางรากฐานการพัฒนาที่ยั่งยืนของประเทศ", "objc_level1_name": "งบลงทุน", "compare": [{"bb_amount": 4002400, "bb_province": "ยะลา", "gf_amount": 4002400, "gf_province": "ยะลา"}], "gf_amount_sum": 4002400}
{"bb_code": "1500822040600N02", "bb_year": "2559", "amount": 4000800, "min_code": "15000", "agc_code": "15008", "name": "ก่อสร้างระบบประปาหมู่บ้านแบบบาดาลขนาดใหญ่มาก บ้านนากระตึบ หมู่ที่ ๘ ตำบลท่าม่วง ตามแบบมาตรฐานกรมทรัพยากรน้ำ  ทต.ท่าม่วง อ.เสลภูมิ จ.ร้อยเอ็ด", "min": "กระทรวงมหาดไทย", "agc": "กรมส่งเสริมการปกครองท้องถิ่น", "plan_name": "บริหารจัดการทรัพยากรน้ำ", "stg_name": "ยุทธศาสตร์เร่งรัดวางรากฐานการพัฒนาที่ยั่งยืนของประเทศ", "objc_level1_name": "งบลงทุน", "compare": [{"bb_amount": 4000800, "bb_province": "ร้อยเอ็ด"}], "gf_amount_sum": 0}
{"bb_code": "1500720002700003", "bb_year": "2559", "amount": 4000000, "min_code": "15000", "agc_code": "15007", "name": "จ้างที่ปรึกษาการตรวจสอบความปลอดภัยในการติดตั้งนั่งร้าน", "min": "กระทรวงมหาดไทย", "agc": "กรมโยธาธิการและผังเมือง", "plan_name": "รักษาความมั่นคงของฐานทรัพยากรธรรมชาติและแก้ปัญหาที่ดินทำกิน", "stg_name": "ยุทธศาสตร์การจัดการทรัพยากรธรรมชาติและสิ่งแวดล้อม", "objc_level1_name": "งบลงทุน", "compare": [{"bb_amount": 4000000, "bb_province": "กรุงเทพมหานคร"}], "gf_amount_sum": 0}
{"bb_code": "1500822040600DB2", "bb_year": "2559", "amount": 4000000, "min_code": "15000", "agc_code": "15008", "name": "ปรับปรุงซ่อมแซมสถานีสูบน้ำด้วยไฟฟ้า บ้านหนองหล่ม  ม.3 อบต.โพธิ์ไทร อ.ดอนตาล จ.มุกดาหาร", "min": "กระทรวงมหาดไทย", "agc": "กรมส่งเสริมการปกครองท้องถิ่น", "plan_name": "บริหารจัดการทรัพยากรน้ำ", "stg_name": "ยุทธศาสตร์เร่งรัดวางรากฐานการพัฒนาที่ยั่งยืนของประเทศ", "objc_level1_name": "งบลงทุน", "compare": [{"bb_amount": 4000000, "bb_province": "มุกดาหาร"}], "gf_amount_sum": 0}
{"bb_code": "1500822040600CL5", "bb_year": "2559", "amount": 4000000, "min_code": "15000", "agc_code": "15008", "name": "ปรับปรุงซ่อมแซมสถานีสูบน้ำด้วยไฟฟ้า บ้านหัวตะพาน  ม.11 อบต.เพี้ยราม อ.เมือง จ.สุรินทร์", "min": "กระทรวงมหาดไทย", "agc": "กรมส่งเสริมการปกครองท้องถิ่น", "plan_name": "บริหารจัดการทรัพยากรน้ำ", "stg_name": "ยุทธศาสตร์เร่งรัดวางรากฐานการพัฒนาที่ยั่งยืนของประเทศ", "objc_level1_name": "งบลงทุน", "compare": [{"bb_amount": 4000000, "bb_province": "สุรินทร์"}], "gf_amount_sum": 0}
{"bb_code": "1500822040600DB3", "bb_year": "2559", "amount": 4000000, "min_code": "15000", "agc_code": "15008", "name": "ปรับปรุงซ่อมแซมสถานีสูบน้ำด้วยไฟฟ้า บ้านนาโพธิ์  ม.6 อบต.โพธิ์ไทร อ.ดอนตาล จ.มุกดาหาร", "min": "กระทรวงมหาดไทย", "agc": "กรมส่งเสริมการปกครองท้องถิ่น", "plan_name": "บริหารจัดการทรัพยากรน้ำ", "stg_name": "ยุทธศาสตร์เร่งรัดวางรากฐานการพัฒนาที่ยั่งยืนของประเทศ", "objc_level1_name": "งบลงทุน", "compare": [{"bb_amount": 4000000, "bb_province": "มุกดาหาร"}], "gf_amount_sum": 0}
