{"bb_code": "1500786007420488", "bb_year": "2559", "amount": 3900000, "min_code": "15000", "agc_code": "15007", "name": "เขื่อนป้องกันตลิ่งริมแม่น้ำปราจีน บริเวณต่อเนื่องวัดอรัญญไพรศรี ม.5 ต.บ้านทาม อ.ศรีมหาโพธิ จ.ปราจีนบุรี ความยาว 200 เมตร", "min": "กระทรวงมหาดไทย", "agc": "กรมโยธาธิการและผังเมือง", "plan_name": "ฟื้นฟู ป้องกัน และจัดการภัยพิบัติ ", "stg_name": "ยุทธศาสตร์การจัดการทรัพยากรธรรมชาติและสิ่งแวดล้อม", "objc_level1_name": "งบลงทุน", "compare": [{"bb_amount": 3900000, "bb_province": "ปราจีนบุรี", "gf_amount": 2628450, "gf_province": "ปราจีนบุรี"}], "gf_amount_sum": 2628450}
{"bb_code": "1500786007420493", "bb_year": "2559", "amount": 3900000, "min_code": "15000", "agc_code": "15007", "name": "เขื่อนป้องกันตลิ่งริมแม่น้ำกก บ้านปงเคียน ม.8 ต.ดงมหาวัน อ.เวียงเชียงรุ้ง จ.เชียงราย ความยาว 500 เมตร", "min": "กระทรวงมหาดไทย", "agc": "กรมโยธาธิการและผังเมือง", "plan_name": "ฟื้นฟู ป้องกัน และจัดการภัยพิบัติ ", "stg_name": "ยุทธศาสตร์การจัดการทรัพยากรธรรมชาติและสิ่งแวดล้อม", "objc_level1_name": "งบลงทุน", "compare": [{"bb_amount": 3900000, "bb_province": "เชียงราย", "gf_amount": 3900000, "gf_province": "เชียงราย"}], "gf_amount_sum": 3900000}
{"bb_code": "1500786007420500", "bb_year": "2559", "amount": 3900000, "min_code": "15000", "agc_code": "15007", "name": "เขื่อนป้องกันตลิ่งริมแม่น้ำปาย (ช่วงที่ 2) ตอนที่ 2  บริเวณศูนย์บริการและพัฒนาลุ่มน้ำปาย ตามพระราชดำริ ม.5 ต.ผาบ่อง อ.เมือง จ.แม่ฮ่องสอน ความยาว 300 เมตร", "min": "กระทรวงมหาดไทย", "agc": "กรมโยธาธิการและผังเมือง", "plan_name": "ฟื้นฟู ป้องกัน และจัดการภัยพิบัติ ", "stg_name": "ยุทธศาสตร์การจัดการทรัพยากรธรรมชาติและสิ่งแวดล้อม", "objc_level1_name": "งบลงทุน", "compare": [{"bb_amount": 3900000, "bb_province": "แม่ฮ่องสอน", "gf_amount": 3900000, "gf_province": "แม่ฮ่องสอน"}], "gf_amount_sum": 3900000}
{"bb_code": "1500786020420168", "bb_year": "2559", "amount": 3900000, "min_code": "15000", "agc_code": "15007", "name": "เขื่อนป้องกันตลิ่งริมแม่น้ำโขง บ้านท่าขันทอง (ตอน 3) ต.บ้านแซว อ.เชียงแสน จ.เชียงราย ความยาว 170 เมตร", "min": "กระทรวงมหาดไทย", "agc": "กรมโยธาธิการและผังเมือง", "plan_name": "ฟื้นฟู ป้องกัน และจัดการภัยพิบัติ ", "stg_name": "ยุทธศาสตร์การจัดการทรัพยากรธรรมชาติและสิ่งแวดล้อม", "objc_level1_name": "งบลงทุน", "compare": [{"bb_amount": 3900000, "bb_province": "เชียงราย", "gf_amount": 3900000, "gf_province": "เชียงราย"}], "gf_amount_sum": 3900000}
{"bb_code": "1500786020420203", "bb_year": "2559", "amount": 3900000, "min_code": "15000", "agc_code": "15007", "name": "เขื่อนป้องกันตลิ่งริมแม่น้ำกระบุรี บ้านหินตั้ง หมู่ที่ 8 (จุดที่ 2) ต.ปากจั่น อ.กระบุรี จ.ระนอง ความยาว 300 เมตร", "min": "กระทรวงมหาดไทย", "agc": "กรมโยธาธิการและผังเมือง", "plan_name": "ฟื้นฟู ป้องกัน และจัดการภัยพิบัติ ", "stg_name": "ยุทธศาสตร์การจัดการทรัพยากรธรรมชาติและสิ่งแวดล้อม", "objc_level1_name": "งบลงทุน", "compare": [{"bb_amount": 3900000, "bb_province": "ระนอง", "gf_amount": 2457000, "gf_province": "ระนอง"}], "gf_amount_sum": 2457000}
{"bb_code": "1500786020420204", "bb_year": "2559", "amount": 3900000, "min_code": "15000", "agc_code": "15007", "name": "เขื่อนป้องกันตลิ่งริมแม่น้ำกระบุรี บ้านหาดโพ๊ะ หมู่ที่ 8 ต.ปากจั่น อ.กระบุรี จ.ระนอง ความยาว 300 เมตร", "min": "กระทรวงมหาดไทย", "agc": "กรมโยธาธิการและผังเมือง", "plan_name": "ฟื้นฟู ป้องกัน และจัดการภัยพิบัติ ", "stg_name": "ยุทธศาสตร์การจัดการทรัพยากรธรรมชาติและสิ่งแวดล้อม", "objc_level1_name": "งบลงทุน", "compare": [{"bb_amount": 3900000, "bb_province": "ระนอง", "gf_amount": 3900000, "gf_province": "ระนอง"}], "gf_amount_sum": 3900000}
{"bb_code": "1500786007420146", "bb_year": "2559", "amount": 3900000, "min_code": "15000", "agc_code": "15007", "name": "เขื่อนป้องกันตลิ่งริมแม่น้ำน่าน ม.3 ต.แควใหญ่ อ.เมือง จ.นครสวรรค์ ความยาว 200 เมตร", "min": "กระทรวงมหาดไทย", "agc": "กรมโยธาธิการและผังเมือง", "plan_name": "ฟื้นฟู ป้องกัน และจัดการภัยพิบัติ ", "stg_name": "ยุทธศาสตร์การจัดการทรัพยากรธรรมชาติและสิ่งแวดล้อม", "objc_level1_name": "งบลงทุน", "compare": [{"bb_amount": 3900000, "bb_province": "นครสวรรค์", "gf_amount": 3900000, "gf_province": "นครสวรรค์"}], "gf_amount_sum": 3900000}
{"bb_code": "1500822040600Y69", "bb_year": "2559", "amount": 3895600, "min_code": "15000", "agc_code": "15008", "name": "ก่อสร้างระบบประปาหมู่บ้าน แบบผิวดินขนาดใหญ่ หมู่ที่ ๑๗ บ้านทรัพย์วังทอง ตำบลเซกา ตามแบบมาตรฐานกรมทรัพยากรน้ำ อบต.เซกา อ.เซกา จ.บึงกาฬ", "min": "กระทรวงมหาดไทย", "agc": "กรมส่งเสริมการปกครองท้องถิ่น", "plan_name": "บริหารจัดการทรัพยากรน้ำ", "stg_name": "ยุทธศาสตร์เร่งรัดวางรากฐานการพัฒนาที่ยั่งยืนของประเทศ", "objc_level1_name": "งบลงทุน", "compare": [{"bb_amount": 3895600, "bb_province": "บึงกาฬ"}], "gf_amount_sum": 0}
{"bb_code": "1500883002600BA3", "bb_year": "2559", "amount": 3894900, "min_code": "15000", "agc_code": "15008", "name": "ปรับปรุงซ่อมแซมถนนลาดยางผิวทางพาราแอสฟัลท์ติกคอนกรีต สายทาง มค.ถ.๑-๐๐๒๓ บ้านหนองขี หมู่ที่ ๗ ตำบลนาข่า - บ้านหนองแวง  หมู่ที่ ๓ ตำบลบัวมาศ กว้าง ๖ เมตร ยาว ๗๓๗ เมตร หนา  ๐.๐๕ เมตร อบจ.มหาสารคาม อ.วาปี", "min": "กระทรวงมหาดไทย", "agc": "กรมส่งเสริมการปกครองท้องถิ่น", "plan_name": "ส่งเสริมการกระจายอำนาจให้แก่องค์กรปกครองส่วนท้องถิ่น", "stg_name": "ยุทธศาสตร์การบริหารกิจการบ้านเมืองที่ดี", "objc_level1_name": "งบลงทุน", "compare": [{"bb_amount": 3894900, "bb_province": "มหาสารคาม"}], "gf_amount_sum": 0}
{"bb_code": "1500883002600CW0", "bb_year": "2559", "amount": 3894900, "min_code": "15000", "agc_code": "15008", "name": "ซ่อมสร้างถนนผิวทางพาราแอสฟัลท์ติกคอนกรีต สายทางบ้านบ่อพระ - หาดเสือเต้น   หมู่ที่ ๖  ตำบลคุ้งตะเภา มีพื้นที่ไม่น้อยกว่า ๙,๘๘๒ ตารางเมตร ทต.คุ้งตะเภา อ.เมืองอุตรดิตถ์ จ.อุตรดิตถ์", "min": "กระทรวงมหาดไทย", "agc": "กรมส่งเสริมการปกครองท้องถิ่น", "plan_name": "ส่งเสริมการกระจายอำนาจให้แก่องค์กรปกครองส่วนท้องถิ่น", "stg_name": "ยุทธศาสตร์การบริหารกิจการบ้านเมืองที่ดี", "objc_level1_name": "งบลงทุน", "compare": [{"bb_amount": 3894900, "bb_province": "อุตรดิตถ์"}], "gf_amount_sum": 0}
{"bb_code": "1500822040600DV5", "bb_year": "2559", "amount": 3890000, "min_code": "15000", "agc_code": "15008", "name": "ปรับปรุงซ่อมแซมสถานีสูบน้ำด้วยไฟฟ้า บ้านนาเก็น อบต.หนองแวง อ.น้ำโสม จ.อุดรธานี", "min": "กระทรวงมหาดไทย", "agc": "กรมส่งเสริมการปกครองท้องถิ่น", "plan_name": "บริหารจัดการทรัพยากรน้ำ", "stg_name": "ยุทธศาสตร์เร่งรัดวางรากฐานการพัฒนาที่ยั่งยืนของประเทศ", "objc_level1_name": "งบลงทุน", "compare": [{"bb_amount": 3890000, "bb_province": "อุดรธานี"}], "gf_amount_sum": 0}
{"bb_code": "1500883002600U98", "bb_year": "2559", "amount": 3889100, "min_code": "15000", "agc_code": "15008", "name": "ซ่อมสร้างถนนลาดยางผิวทางพาราแอสฟัลท์ติกคอนกรีต (โดยวิธี Pavement In - Place Recycling) สายบ้านดงน้อย หมู่ที่ ๔ ตำบลผาขาว - บ้านมอดินแดง หมู่ที่ ๔ ตำบลบ้านเพิ่ม อำเภอผาขาว กว้าง ๖ เมตร ยาว ๘๘๐ เมตร  พร", "min": "กระทรวงมหาดไทย", "agc": "กรมส่งเสริมการปกครองท้องถิ่น", "plan_name": "ส่งเสริมการกระจายอำนาจให้แก่องค์กรปกครองส่วนท้องถิ่น", "stg_name": "ยุทธศาสตร์การบริหารกิจการบ้านเมืองที่ดี", "objc_level1_name": "งบลงทุน", "compare": [{"bb_amount": 3889100, "bb_province": "เลย"}], "gf_amount_sum": 0}
{"bb_code": "1500822040600999", "bb_year": "2559", "amount": 3888700, "min_code": "15000", "agc_code": "15008", "name": "ก่อสร้างระบบประปาแบบผิวดินขนาดใหญ่ หมู่ที่ ๙ บ้านดอนบ่อ ตำบลเด่นใหญ่ ตามแบบมาตรฐานกรมทรัพยากรน้ำกำหนด อบต.เด่นใหญ่ อ.หันคา จ.ชัยนาท", "min": "กระทรวงมหาดไทย", "agc": "กรมส่งเสริมการปกครองท้องถิ่น", "plan_name": "บริหารจัดการทรัพยากรน้ำ", "stg_name": "ยุทธศาสตร์เร่งรัดวางรากฐานการพัฒนาที่ยั่งยืนของประเทศ", "objc_level1_name": "งบลงทุน", "compare": [{"bb_amount": 3888700, "bb_province": "ชัยนาท"}], "gf_amount_sum": 0}
{"bb_code": "1500822040600D03", "bb_year": "2559", "amount": 3886800, "min_code": "15000", "agc_code": "15008", "name": "ก่อสร้างประปาหมู่บ้าน แบบผิวดินขนาดใหญ่มาก หมู่ที่ ๑ ตำบลชะรัด  ตามแบบแปลนที่เทศบาลตำบลชะรัดกำหนด ทต.ชะรัด อ.กงหรา จ.พัทลุง", "min": "กระทรวงมหาดไทย", "agc": "กรมส่งเสริมการปกครองท้องถิ่น", "plan_name": "บริหารจัดการทรัพยากรน้ำ", "stg_name": "ยุทธศาสตร์เร่งรัดวางรากฐานการพัฒนาที่ยั่งยืนของประเทศ", "objc_level1_name": "งบลงทุน", "compare": [{"bb_amount": 3886800, "bb_province": "พัทลุง"}], "gf_amount_sum": 0}
{"bb_code": "1500883002600T22", "bb_year": "2559", "amount": 3883300, "min_code": "15000", "agc_code": "15008", "name": "ซ่อมแซมถนนผิวจราจร Cape Seal สพ.๓๐๙๑ บ้านลาดน้ำขาว - บ้านบึงคา หมู่ที่ ๓ บ้านลาดน้ำขาว - หมู่ที่ ๕ บ้านบึงคา พื้นที่ไม่น้อยกว่า ๑๗,๑๗๐ ตารางเมตร อบต.สาลี อ.บางปลาม้า จ.สุพรรณบุรี", "min": "กระทรวงมหาดไทย", "agc": "กรมส่งเสริมการปกครองท้องถิ่น", "plan_name": "ส่งเสริมการกระจายอำนาจให้แก่องค์กรปกครองส่วนท้องถิ่น", "stg_name": "ยุทธศาสตร์การบริหารกิจการบ้านเมืองที่ดี", "objc_level1_name": "งบลงทุน", "compare": [{"bb_amount": 3883300, "bb_province": "สุพรรณบุรี"}], "gf_amount_sum": 0}
{"bb_code": "1500883002600HR3", "bb_year": "2559", "amount": 3883300, "min_code": "15000", "agc_code": "15008", "name": "ซ่อมสร้างผิวจราจรแอสฟัลท์ติกคอนกรีต สายทาง บ้านนามน - บ้านม่วงโคน กว้าง ๖ เมตร ยาว ๑,๒๐๐ เมตร หนา ๐.๐๕ เมตร  อบต.ตาลสุม อ.ตาลสุม จ.อุบลราชธานี", "min": "กระทรวงมหาดไทย", "agc": "กรมส่งเสริมการปกครองท้องถิ่น", "plan_name": "ส่งเสริมการกระจายอำนาจให้แก่องค์กรปกครองส่วนท้องถิ่น", "stg_name": "ยุทธศาสตร์การบริหารกิจการบ้านเมืองที่ดี", "objc_level1_name": "งบลงทุน", "compare": [{"bb_amount": 3883300, "bb_province": "อุบลราชธานี"}], "gf_amount_sum": 0}
{"bb_code": "1500883002600GI1", "bb_year": "2559", "amount": 3883300, "min_code": "15000", "agc_code": "15008", "name": "ซ่อมปรับปรุงถนนลาดยางแบบ Double Surface Treatment ฉาบผิว Para Slurry Seal Type ๓ (โดยวิธี Pavement in Place Recycling) สายทางบ้านสำโรงระวี  หมู่ที่ ๑๕ ตำบลศรีแก้ว - บ้านสลัล  หมู่ที่ ๖ ตำบลสระเยาว์  ม", "min": "กระทรวงมหาดไทย", "agc": "กรมส่งเสริมการปกครองท้องถิ่น", "plan_name": "ส่งเสริมการกระจายอำนาจให้แก่องค์กรปกครองส่วนท้องถิ่น", "stg_name": "ยุทธศาสตร์การบริหารกิจการบ้านเมืองที่ดี", "objc_level1_name": "งบลงทุน", "compare": [{"bb_amount": 3883300, "bb_province": "ศรีสะเกษ"}], "gf_amount_sum": 0}
{"bb_code": "1500822040600DC5", "bb_year": "2559", "amount": 3880000, "min_code": "15000", "agc_code": "15008", "name": "ปรับปรุงซ่อมแซมสถานีสูบน้ำด้วยไฟฟ้า บ้านหนองหอย อบต.เขื่องคำ อ.เมือง จ.ยโสธร", "min": "กระทรวงมหาดไทย", "agc": "กรมส่งเสริมการปกครองท้องถิ่น", "plan_name": "บริหารจัดการทรัพยากรน้ำ", "stg_name": "ยุทธศาสตร์เร่งรัดวางรากฐานการพัฒนาที่ยั่งยืนของประเทศ", "objc_level1_name": "งบลงทุน", "compare": [{"bb_amount": 3880000, "bb_province": "ยโสธร"}], "gf_amount_sum": 0}
{"bb_code": "1500883002600N12", "bb_year": "2559", "amount": 3879500, "min_code": "15000", "agc_code": "15008", "name": "ซ่อมสร้างถนนลาดยางแอสฟัลท์ติกคอนกรีต โดยวิธี  Pavement In-Place Recycling สายบ้านคลองโป่ง - บ้านหนองอาสา ซอย ๔ หมู่ที่ ๕ บ้านคลองโป่ง - หมู่ที่ ๒ บ้านหนองอาสา ตำบลเมืองการุ้ง กว้าง ๖ เมตร ยาว ๑,๒๙๐ เม", "min": "กระทรวงมหาดไทย", "agc": "กรมส่งเสริมการปกครองท้องถิ่น", "plan_name": "ส่งเสริมการกระจายอำนาจให้แก่องค์กรปกครองส่วนท้องถิ่น", "stg_name": "ยุทธศาสตร์การบริหารกิจการบ้านเมืองที่ดี", "objc_level1_name": "งบลงทุน", "compare": [{"bb_amount": 3879500, "bb_province": "อุทัยธานี"}], "gf_amount_sum": 0}
{"bb_code": "1500883002600M80", "bb_year": "2559", "amount": 3876100, "min_code": "15000", "agc_code": "15008", "name": "ปรับปรุงซ่อมแซมถนนลาดยางแอสฟัลท์ติกคอนกรีต สายบ้านคลองโยง - บ้านคลองมหาสวัสดิ์ หมู่ที่ ๒-๔ ตำบลมหาสวัสดิ์ กว้าง ๖ เมตร ยาว ๑,๖๐๕ เมตร หนา ๐.๐๕ เมตร พื้นที่ไม่น้อยกว่า ๙,๖๓๐ ตารางเมตร อบต.มหาสวัสดิ์ อ.", "min": "กระทรวงมหาดไทย", "agc": "กรมส่งเสริมการปกครองท้องถิ่น", "plan_name": "ส่งเสริมการกระจายอำนาจให้แก่องค์กรปกครองส่วนท้องถิ่น", "stg_name": "ยุทธศาสตร์การบริหารกิจการบ้านเมืองที่ดี", "objc_level1_name": "งบลงทุน", "compare": [{"bb_amount": 3876100, "bb_province": "นครปฐม"}], "gf_amount_sum": 0}
