{"bb_code": "1500822040600DJ3", "bb_year": "2559", "amount": 3873000, "min_code": "15000", "agc_code": "15008", "name": "ปรับปรุงซ่อมแซมสถานีสูบน้ำด้วยไฟฟ้า บ้านวังเขียว ม.10 ทต.ท่าข้าวเปลือก อ.แม่จัน จ.เชียงราย", "min": "กระทรวงมหาดไทย", "agc": "กรมส่งเสริมการปกครองท้องถิ่น", "plan_name": "บริหารจัดการทรัพยากรน้ำ", "stg_name": "ยุทธศาสตร์เร่งรัดวางรากฐานการพัฒนาที่ยั่งยืนของประเทศ", "objc_level1_name": "งบลงทุน", "compare": [{"bb_amount": 3873000, "bb_province": "เชียงราย"}], "gf_amount_sum": 0}
{"bb_code": "1500822040600L89", "bb_year": "2559", "amount": 3873000, "min_code": "15000", "agc_code": "15008", "name": "ก่อสร้างประปาหมู่บ้านแบบบาดาลขนาดใหญ่ บ้านปากล้อง หมู่ที่ ๘ ตำบลหนองปลาสะวาย ตามแบบมาตรฐานกรมทรัพยากรน้ำ อบต.หนองปลาสะวาย อ.บ้านโฮ่ง จ.ลำพูน", "min": "กระทรวงมหาดไทย", "agc": "กรมส่งเสริมการปกครองท้องถิ่น", "plan_name": "บริหารจัดการทรัพยากรน้ำ", "stg_name": "ยุทธศาสตร์เร่งรัดวางรากฐานการพัฒนาที่ยั่งยืนของประเทศ", "objc_level1_name": "งบลงทุน", "compare": [{"bb_amount": 3873000, "bb_province": "ลำพูน"}], "gf_amount_sum": 0}
{"bb_code": "1500883002600DK6", "bb_year": "2559", "amount": 3871700, "min_code": "15000", "agc_code": "15008", "name": "ซ่อมสร้างถนนลาดยางแอสฟัลท์ติกคอนกรีต ( สาย อบจ.นม.๐๒๒๐๓ ) บ้านอรพิมพ์ - บ้านพนาหนองหิน ขนาดกว้าง ๘ เมตร ยาว ๑,๑๓๔ เมตร หนา ๐.๐๔ เมตร  อบจ.นครราชสีมา อ.ครบุรี จ.นครราชสีมา", "min": "กระทรวงมหาดไทย", "agc": "กรมส่งเสริมการปกครองท้องถิ่น", "plan_name": "ส่งเสริมการกระจายอำนาจให้แก่องค์กรปกครองส่วนท้องถิ่น", "stg_name": "ยุทธศาสตร์การบริหารกิจการบ้านเมืองที่ดี", "objc_level1_name": "งบลงทุน", "compare": [{"bb_amount": 3871700, "bb_province": "นครราชสีมา"}], "gf_amount_sum": 0}
{"bb_code": "1500822040600H75", "bb_year": "2559", "amount": 3867100, "min_code": "15000", "agc_code": "15008", "name": "ก่อสร้างระบบประปาหมู่บ้านแบบผิวดินขนาดใหญ่ หมู่ที่ ๘ บ้านหนองมะค่า ตำบลสองพี่น้อง ตามแบบมาตรฐานกรมทรัพยากรน้ำ อบต.สองพี่น้อง อ.แก่งกระจาน จ.เพชรบุรี", "min": "กระทรวงมหาดไทย", "agc": "กรมส่งเสริมการปกครองท้องถิ่น", "plan_name": "บริหารจัดการทรัพยากรน้ำ", "stg_name": "ยุทธศาสตร์เร่งรัดวางรากฐานการพัฒนาที่ยั่งยืนของประเทศ", "objc_level1_name": "งบลงทุน", "compare": [{"bb_amount": 3867100, "bb_province": "เพชรบุรี"}], "gf_amount_sum": 0}
{"bb_code": "1500883002600DW6", "bb_year": "2559", "amount": 3865900, "min_code": "15000", "agc_code": "15008", "name": "ซ่อมสร้างถนนลาดยางผิวจราจรแบบแอสฟัลท์ติกคอนกรีต สายทาง ลป. ๒๐๐๕ แยกทางหลวงหมายเลข ๑ - บ้านน้ำดิบ ช่วงระหว่างแยกทางหลวงหมายเลข ๑ - บ้านน้ำดิบ หมู่ที่ ๓ ตำบลแม่วะ กว้าง ๕.๕๐ เมตร ยาว ๑,๗๕๐ เมตร หนา ๐.๐๕", "min": "กระทรวงมหาดไทย", "agc": "กรมส่งเสริมการปกครองท้องถิ่น", "plan_name": "ส่งเสริมการกระจายอำนาจให้แก่องค์กรปกครองส่วนท้องถิ่น", "stg_name": "ยุทธศาสตร์การบริหารกิจการบ้านเมืองที่ดี", "objc_level1_name": "งบลงทุน", "compare": [{"bb_amount": 3865900, "bb_province": "ลำปาง"}], "gf_amount_sum": 0}
{"bb_code": "1500883002600S25", "bb_year": "2559", "amount": 3864000, "min_code": "15000", "agc_code": "15008", "name": "ซ่อมสร้างถนนลาดยางสายบ้านไธย - บ้านปาโต๊ะ กว้าง ๕ เมตร ยาว ๑,๑๖๕ เมตร หนา ๐.๐๔ เมตร หรือมีพื้นที่ไม่น้อยกว่า ๕,๘๒๕ ตารางเมตร  อบต.กาบัง อ.กาบัง จ.ยะลา", "min": "กระทรวงมหาดไทย", "agc": "กรมส่งเสริมการปกครองท้องถิ่น", "plan_name": "ส่งเสริมการกระจายอำนาจให้แก่องค์กรปกครองส่วนท้องถิ่น", "stg_name": "ยุทธศาสตร์การบริหารกิจการบ้านเมืองที่ดี", "objc_level1_name": "งบลงทุน", "compare": [{"bb_amount": 3864000, "bb_province": "ยะลา"}], "gf_amount_sum": 0}
{"bb_code": "1500883002600K96", "bb_year": "2559", "amount": 3864000, "min_code": "15000", "agc_code": "15008", "name": "ซ่อมสร้างถนนลาดยางผิวปูแอสฟัลท์ติกคอนกรีต โดยวิธี RECYCLING สายทาง อบจ.๓๐๓๖ บ้านหญ้านาง - บ้านวังม่วง อำเภอเกษตรสมบูรณ์ กว้าง ๖ เมตร ยาว ๙๗๒ เมตร หนา ๐.๐๔ เมตร ไหล่ทางกว้างข้างละ ๑ เมตร อบจ.ชัยภูมิ อ.", "min": "กระทรวงมหาดไทย", "agc": "กรมส่งเสริมการปกครองท้องถิ่น", "plan_name": "ส่งเสริมการกระจายอำนาจให้แก่องค์กรปกครองส่วนท้องถิ่น", "stg_name": "ยุทธศาสตร์การบริหารกิจการบ้านเมืองที่ดี", "objc_level1_name": "งบลงทุน", "compare": [{"bb_amount": 3864000, "bb_province": "ชัยภูมิ"}], "gf_amount_sum": 0}
{"bb_code": "1500883002600S39", "bb_year": "2559", "amount": 3864000, "min_code": "15000", "agc_code": "15008", "name": "เสริมผิวลาดยางแอสฟัลท์ติกคอนกรีตสายบ้านกาโสด - บ้านบือซู หมู่ที่ ๕ กว้าง ๖ เมตร ยาว ๑,๒๑๐ เมตร หนา ๐.๐๔ เมตร หรือมีพื้นที่ไม่น้อยกว่า ๙,๖๘๐ ตารางเมตร ไหล่ทางข้างละ ๑ เมตร  อบต.บันนังสตา อ.บันนังสตา จ.", "min": "กระทรวงมหาดไทย", "agc": "กรมส่งเสริมการปกครองท้องถิ่น", "plan_name": "ส่งเสริมการกระจายอำนาจให้แก่องค์กรปกครองส่วนท้องถิ่น", "stg_name": "ยุทธศาสตร์การบริหารกิจการบ้านเมืองที่ดี", "objc_level1_name": "งบลงทุน", "compare": [{"bb_amount": 3864000, "bb_province": "ยะลา"}], "gf_amount_sum": 0}
{"bb_code": "1500883002600O47", "bb_year": "2559", "amount": 3864000, "min_code": "15000", "agc_code": "15008", "name": "ปรับปรุงเสริมผิวทาง Asphaltic Concrete  บ้านท่าหล่ม หมู่ที่ ๔ เชื่อม บ้านสันป่ง หมู่ที่ ๕  กว้าง ๖ เมตร ยาว ๑,๙๖๐ เมตร หนา ๐.๐๔ เมตร  อบต.ทานตะวัน อ.พาน จ.เชียงราย", "min": "กระทรวงมหาดไทย", "agc": "กรมส่งเสริมการปกครองท้องถิ่น", "plan_name": "ส่งเสริมการกระจายอำนาจให้แก่องค์กรปกครองส่วนท้องถิ่น", "stg_name": "ยุทธศาสตร์การบริหารกิจการบ้านเมืองที่ดี", "objc_level1_name": "งบลงทุน", "compare": [{"bb_amount": 3864000, "bb_province": "เชียงราย"}], "gf_amount_sum": 0}
{"bb_code": "1500883002600T67", "bb_year": "2559", "amount": 3864000, "min_code": "15000", "agc_code": "15008", "name": "ซ่อมสร้างถนนลาดยางสายวัดศรีรัตนาราม หมู่ที่ ๑,๗ ตำบลหนองช้างแล่น กว้าง ๖ เมตร ยาว ๑,๗๐๕ เมตร หนา ๐.๐๔ เมตร หรือมีพื้นที่ไม่น้อยกว่า ๑๑,๒๕๓ เมตร ไหล่ทางข้างละ ๐.๓๐ เมตร  อบต.หนองช้างแล่น อ.ห้วยยอด จ.ตร", "min": "กระทรวงมหาดไทย", "agc": "กรมส่งเสริมการปกครองท้องถิ่น", "plan_name": "ส่งเสริมการกระจายอำนาจให้แก่องค์กรปกครองส่วนท้องถิ่น", "stg_name": "ยุทธศาสตร์การบริหารกิจการบ้านเมืองที่ดี", "objc_level1_name": "งบลงทุน", "compare": [{"bb_amount": 3864000, "bb_province": "ตรัง"}], "gf_amount_sum": 0}
{"bb_code": "1500883002600N70", "bb_year": "2559", "amount": 3864000, "min_code": "15000", "agc_code": "15008", "name": "ปรับปรุงถนนแอสฟัลท์ติกคอนกรีต สาย ชร.๓๑๗๔  บ้านแม่แอบ  หมู่ที่ ๑๑  - บ้านห้วยเดื่อ  หมู่ที่ ๔ ตำบลบ้านแซว  กว้าง ๖ เมตร  ยาว ๒,๐๐๐ เมตร  หนา ๐.๐๔ เมตร  ทต.บ้านแซว อ.เชียงแสน จ.เชียงราย", "min": "กระทรวงมหาดไทย", "agc": "กรมส่งเสริมการปกครองท้องถิ่น", "plan_name": "ส่งเสริมการกระจายอำนาจให้แก่องค์กรปกครองส่วนท้องถิ่น", "stg_name": "ยุทธศาสตร์การบริหารกิจการบ้านเมืองที่ดี", "objc_level1_name": "งบลงทุน", "compare": [{"bb_amount": 3864000, "bb_province": "เชียงราย"}], "gf_amount_sum": 0}
{"bb_code": "1500883002600S34", "bb_year": "2559", "amount": 3864000, "min_code": "15000", "agc_code": "15008", "name": "ปรับปรุงถนนแอสฟัลท์ติกคอนกรีตสายบ้านตาเนาะปูเต๊ะ - บ้านทับช้าง กว้าง ๖ เมตร ยาว ๑,๗๐๐ เมตร หนา ๐.๐๔ เมตร หรือมีพื้นที่ไม่น้อยกว่า ๑๐,๒๐๐ ตารางเมตร  อบต.ตาเนาะปูเต๊ะ อ.บันนังสตา จ.ยะลา", "min": "กระทรวงมหาดไทย", "agc": "กรมส่งเสริมการปกครองท้องถิ่น", "plan_name": "ส่งเสริมการกระจายอำนาจให้แก่องค์กรปกครองส่วนท้องถิ่น", "stg_name": "ยุทธศาสตร์การบริหารกิจการบ้านเมืองที่ดี", "objc_level1_name": "งบลงทุน", "compare": [{"bb_amount": 3864000, "bb_province": "ยะลา"}], "gf_amount_sum": 0}
{"bb_code": "1500883002600K93", "bb_year": "2559", "amount": 3864000, "min_code": "15000", "agc_code": "15008", "name": "ปรับปรุงถนนลูกรังเป็นแอสฟัลท์ติกคอนกรีต สายทางบ้านห้วยไฮ - บ้านหนองกองแก้ว ช่วงบ้านโคกยาว - บ้านหนองกองแก้ว กว้าง ๖ เมตร ยาว ๙๒๕ เมตร หนา ๐.๐๔ เมตร ไหล่ทางกว้างข้างละ ๑ เมตร ทต.ห้วยแย้ อ.หนองบัวระเหว", "min": "กระทรวงมหาดไทย", "agc": "กรมส่งเสริมการปกครองท้องถิ่น", "plan_name": "ส่งเสริมการกระจายอำนาจให้แก่องค์กรปกครองส่วนท้องถิ่น", "stg_name": "ยุทธศาสตร์การบริหารกิจการบ้านเมืองที่ดี", "objc_level1_name": "งบลงทุน", "compare": [{"bb_amount": 3864000, "bb_province": "ชัยภูมิ"}], "gf_amount_sum": 0}
{"bb_code": "1500883002600S16", "bb_year": "2559", "amount": 3864000, "min_code": "15000", "agc_code": "15008", "name": "ปรับปรุงถนนแอสฟัลท์ติกคอนกรีตถนนผังเมือง ๔ ซอย ๑๒ - บ้านพงบูโล๊ะ หมู่ที่ ๖ , ๑๐, ๑๒ กว้าง ๖ เมตร ยาว  ๑,๒๐๙ เมตร หนา ๐.๐๔ เมตร หรือมีพื้นที่ไม่น้อยกว่า ๙,๖๗๒ ตารางเมตร ไหล่ทางข้างละ ๑ เมตร  ทม.สะเตงนอ", "min": "กระทรวงมหาดไทย", "agc": "กรมส่งเสริมการปกครองท้องถิ่น", "plan_name": "ส่งเสริมการกระจายอำนาจให้แก่องค์กรปกครองส่วนท้องถิ่น", "stg_name": "ยุทธศาสตร์การบริหารกิจการบ้านเมืองที่ดี", "objc_level1_name": "งบลงทุน", "compare": [{"bb_amount": 3864000, "bb_province": "ยะลา"}], "gf_amount_sum": 0}
{"bb_code": "1500883002600CR7", "bb_year": "2559", "amount": 3864000, "min_code": "15000", "agc_code": "15008", "name": "ปรับปรุงซ่อมแซมเสริมผิวทางแอสฟัลท์ติกคอนกรีต สายทางบ้านป่าตึงงาม-บ้านป่ากอสอง กว้าง ๖ เมตร ยาว ๑,๕๐๐ เมตร หนา ๐.๐๔ เมตร ไหล่ทางข้างละ ๑ เมตร อบต.ตะเคียนปม อ.ทุ่งหัวช้าง จ.ลำพูน", "min": "กระทรวงมหาดไทย", "agc": "กรมส่งเสริมการปกครองท้องถิ่น", "plan_name": "ส่งเสริมการกระจายอำนาจให้แก่องค์กรปกครองส่วนท้องถิ่น", "stg_name": "ยุทธศาสตร์การบริหารกิจการบ้านเมืองที่ดี", "objc_level1_name": "งบลงทุน", "compare": [{"bb_amount": 3864000, "bb_province": "ลำพูน"}], "gf_amount_sum": 0}
{"bb_code": "1500883002600T58", "bb_year": "2559", "amount": 3864000, "min_code": "15000", "agc_code": "15008", "name": "ซ่อมสร้างผิวจราจรแอสฟัลท์ติกคอนกรีตสายบ้านทุ่งจันทร์หอม - บ้านโพธิ์ หมู่ที่ ๒ กว้าง ๙.๔๐ เมตร ยาว ๗๓๕ เมตร หรือมีพื้นที่ไม่น้อยกว่า ๖,๙๐๙ ตารางเมตร ไหล่ทางกว้างข้างละ ๑.๒๐ เมตร  อบต.บ้านโพธิ์ อ.เมืองต", "min": "กระทรวงมหาดไทย", "agc": "กรมส่งเสริมการปกครองท้องถิ่น", "plan_name": "ส่งเสริมการกระจายอำนาจให้แก่องค์กรปกครองส่วนท้องถิ่น", "stg_name": "ยุทธศาสตร์การบริหารกิจการบ้านเมืองที่ดี", "objc_level1_name": "งบลงทุน", "compare": [{"bb_amount": 3864000, "bb_province": "ตรัง"}], "gf_amount_sum": 0}
{"bb_code": "1500883002600O79", "bb_year": "2559", "amount": 3864000, "min_code": "15000", "agc_code": "15008", "name": "ซ่อมแซมถนนแอสฟัลท์ติกคอนกรีต สาย ยทล.๑๑๕๕ บ้านหนองเตา - บ้านห้วยหาน  กว้าง ๖ เมตร  ยาว ๑.๖๒๕ กิโลเมตร อบต.ปอ อ.เวียงแก่น จ.เชียงราย", "min": "กระทรวงมหาดไทย", "agc": "กรมส่งเสริมการปกครองท้องถิ่น", "plan_name": "ส่งเสริมการกระจายอำนาจให้แก่องค์กรปกครองส่วนท้องถิ่น", "stg_name": "ยุทธศาสตร์การบริหารกิจการบ้านเมืองที่ดี", "objc_level1_name": "งบลงทุน", "compare": [{"bb_amount": 3864000, "bb_province": "เชียงราย"}], "gf_amount_sum": 0}
{"bb_code": "1500883002600S50", "bb_year": "2559", "amount": 3864000, "min_code": "15000", "agc_code": "15008", "name": "ซ่อมสร้างถนนแอสฟัลท์ติกคอนกรีตสายบ้านกะดูโด๊ะ - บ้านโฉลง หมู่ที่ ๑ กว้าง ๖ เมตร ยาว ๙๑๕ เมตร หนา ๐.๐๔ เมตร ไหล่ทางข้างละ ๑ เมตร หรือมีพื้นที่ไม่น้อยกว่า ๗,๓๒๐ ตารางเมตร  อบต.ปุโรง อ.กรงปินัง จ.ยะลา", "min": "กระทรวงมหาดไทย", "agc": "กรมส่งเสริมการปกครองท้องถิ่น", "plan_name": "ส่งเสริมการกระจายอำนาจให้แก่องค์กรปกครองส่วนท้องถิ่น", "stg_name": "ยุทธศาสตร์การบริหารกิจการบ้านเมืองที่ดี", "objc_level1_name": "งบลงทุน", "compare": [{"bb_amount": 3864000, "bb_province": "ยะลา"}], "gf_amount_sum": 0}
{"bb_code": "1500883002600O88", "bb_year": "2559", "amount": 3864000, "min_code": "15000", "agc_code": "15008", "name": "ซ่อมสร้างถนนลาดยางผิวทางแคปซีล สายทาง ชร.๓๑๘๖ บ้านทุ่งผักกูด หมู่ที่ ๑๓ - บ้านงิ้วเฒ่า หมู่ที่ ๗ กว้าง ๖ เมตร  ยาว ๒,๕๐๐ เมตร  อบต.ป่าหุ่ง อ.พาน จ.เชียงราย", "min": "กระทรวงมหาดไทย", "agc": "กรมส่งเสริมการปกครองท้องถิ่น", "plan_name": "ส่งเสริมการกระจายอำนาจให้แก่องค์กรปกครองส่วนท้องถิ่น", "stg_name": "ยุทธศาสตร์การบริหารกิจการบ้านเมืองที่ดี", "objc_level1_name": "งบลงทุน", "compare": [{"bb_amount": 3864000, "bb_province": "เชียงราย"}], "gf_amount_sum": 0}
{"bb_code": "1500883002600S52", "bb_year": "2559", "amount": 3864000, "min_code": "15000", "agc_code": "15008", "name": "ซ่อมสร้างผิวทางแอสฟัลท์ติกคอนกรีตสายบ้านจันเรียน - บ้านตาสา หมู่ที่ ๓ กว้าง ๖ เมตร ยาว ๑,๓๐๐ เมตร หรือมีพื้นที่ไม่น้อยกว่า ๑๐,๔๐๐ ตารางเมตร ไหล่ทางข้างละ ๑ เมตร อบต.พร่อน อ.เมืองยะลา จ.ยะลา", "min": "กระทรวงมหาดไทย", "agc": "กรมส่งเสริมการปกครองท้องถิ่น", "plan_name": "ส่งเสริมการกระจายอำนาจให้แก่องค์กรปกครองส่วนท้องถิ่น", "stg_name": "ยุทธศาสตร์การบริหารกิจการบ้านเมืองที่ดี", "objc_level1_name": "งบลงทุน", "compare": [{"bb_amount": 3864000, "bb_province": "ยะลา"}], "gf_amount_sum": 0}
