{"bb_code": "1500883002600O75", "bb_year": "2559", "amount": 3864000, "min_code": "15000", "agc_code": "15008", "name": "ซ่อมสร้างเสริมผิวแอสฟัลท์ติกคอนกรีต บ้านท่ากอบงใน - บ้านห้วยป่าเฮี๊ย กว้าง ๖.๒๐ เมตร  ยาว ๑,๘๘๐ เมตร  หนา ๐.๐๔ เมตร  อบต.ปงน้อย อ.ดอยหลวง จ.เชียงราย", "min": "กระทรวงมหาดไทย", "agc": "กรมส่งเสริมการปกครองท้องถิ่น", "plan_name": "ส่งเสริมการกระจายอำนาจให้แก่องค์กรปกครองส่วนท้องถิ่น", "stg_name": "ยุทธศาสตร์การบริหารกิจการบ้านเมืองที่ดี", "objc_level1_name": "งบลงทุน", "compare": [{"bb_amount": 3864000, "bb_province": "เชียงราย"}], "gf_amount_sum": 0}
{"bb_code": "1500883002600O66", "bb_year": "2559", "amount": 3864000, "min_code": "15000", "agc_code": "15008", "name": "ปรับปรุงถนนลาดยาง Asphaltic Concrete ถนนสายบ้านป่ารวกใต้ หมู่ที่ ๙ - บ้านดงขนุน หมู่ที่ ๗  จำนวน ๒ ช่วง  รวมความยาว ๒,๔๑๐ เมตร รวมพื้นที่ดำเนินการไม่น้อยกว่า ๑๑,๐๓๐ ตารางเมตร  อบต.ธารทอง อ.พาน จ.เชียง", "min": "กระทรวงมหาดไทย", "agc": "กรมส่งเสริมการปกครองท้องถิ่น", "plan_name": "ส่งเสริมการกระจายอำนาจให้แก่องค์กรปกครองส่วนท้องถิ่น", "stg_name": "ยุทธศาสตร์การบริหารกิจการบ้านเมืองที่ดี", "objc_level1_name": "งบลงทุน", "compare": [{"bb_amount": 3864000, "bb_province": "เชียงราย"}], "gf_amount_sum": 0}
{"bb_code": "1500883002600N96", "bb_year": "2559", "amount": 3864000, "min_code": "15000", "agc_code": "15008", "name": "ปรับปรุงเสริมผิวถนนแอสฟัลท์ติกคอนกรีต สายทางบ้านราษฎร์เจริญ หมู่ที่ ๔ - บ้านวังช้าง หมู่ที่ ๙ กว้าง ๖ เมตร  ยาว ๑,๘๓๐ เมตร   ทต.เวียงเหนือ อ.เวียงชัย จ.เชียงราย", "min": "กระทรวงมหาดไทย", "agc": "กรมส่งเสริมการปกครองท้องถิ่น", "plan_name": "ส่งเสริมการกระจายอำนาจให้แก่องค์กรปกครองส่วนท้องถิ่น", "stg_name": "ยุทธศาสตร์การบริหารกิจการบ้านเมืองที่ดี", "objc_level1_name": "งบลงทุน", "compare": [{"bb_amount": 3864000, "bb_province": "เชียงราย"}], "gf_amount_sum": 0}
{"bb_code": "1500883002600FR5", "bb_year": "2559", "amount": 3864000, "min_code": "15000", "agc_code": "15008", "name": "ซ่อมสร้างถนนผิวทาง Cape Seal สายบ้านหนองแฟบ หมู่ที่ 7 ตำบลศรีกะอาง กว้าง 7 เมตร ยาว 2,165 เมตร อบต.ศรีกะอาง อ.บ้านนา จ.นครนายก", "min": "กระทรวงมหาดไทย", "agc": "กรมส่งเสริมการปกครองท้องถิ่น", "plan_name": "ส่งเสริมการกระจายอำนาจให้แก่องค์กรปกครองส่วนท้องถิ่น", "stg_name": "ยุทธศาสตร์การบริหารกิจการบ้านเมืองที่ดี", "objc_level1_name": "งบลงทุน", "compare": [{"bb_amount": 3864000, "bb_province": "นครนายก"}], "gf_amount_sum": 0}
{"bb_code": "1500883002600O04", "bb_year": "2559", "amount": 3864000, "min_code": "15000", "agc_code": "15008", "name": "ซ่อมแซมถนนลาดยางผิวทางจราจร Asphaltic Concrete บ้านกล้วยทรายทอง - บ้านใหม่ท่าเรือ  กว้าง ๗ เมตร  ยาว ๑,๒๕๐ เมตร หนา ๐.๐๔ เมตร   ทต.สันมะเค็ด อ.พาน จ.เชียงราย", "min": "กระทรวงมหาดไทย", "agc": "กรมส่งเสริมการปกครองท้องถิ่น", "plan_name": "ส่งเสริมการกระจายอำนาจให้แก่องค์กรปกครองส่วนท้องถิ่น", "stg_name": "ยุทธศาสตร์การบริหารกิจการบ้านเมืองที่ดี", "objc_level1_name": "งบลงทุน", "compare": [{"bb_amount": 3864000, "bb_province": "เชียงราย"}], "gf_amount_sum": 0}
{"bb_code": "1500883002600CG1", "bb_year": "2559", "amount": 3864000, "min_code": "15000", "agc_code": "15008", "name": "ซ่อมสร้างถนนลาดยางแบบผิวจราจร Para Cape Seal (Type ๓) โดยวิธี pavement In - place Recycling สายบ้านโนนสว่าง ตำบลกุดดินจี่ - บ้านนันทะจันทร์ ตำบลนากลาง ขนาดผิวจราจรกว้าง ๖.๐๐ เมตร ไหล่ทางข้างละ๑.๐๐ เมต", "min": "กระทรวงมหาดไทย", "agc": "กรมส่งเสริมการปกครองท้องถิ่น", "plan_name": "ส่งเสริมการกระจายอำนาจให้แก่องค์กรปกครองส่วนท้องถิ่น", "stg_name": "ยุทธศาสตร์การบริหารกิจการบ้านเมืองที่ดี", "objc_level1_name": "งบลงทุน", "compare": [{"bb_amount": 3864000, "bb_province": "หนองบัวลำภู"}], "gf_amount_sum": 0}
{"bb_code": "1500883002600P17", "bb_year": "2559", "amount": 3864000, "min_code": "15000", "agc_code": "15008", "name": "ซ่อมแซมถนนลาดยางผิวทางเคพซีล สายทาง ชร.๓๒๔๑ บ้านม่อน - บ้านป่าตึงงาม  กว้าง ๖ เมตร ยาว ๑,๗๕๐ เมตร อบต.ศรีดอนไชย อ.เทิง จ.เชียงราย", "min": "กระทรวงมหาดไทย", "agc": "กรมส่งเสริมการปกครองท้องถิ่น", "plan_name": "ส่งเสริมการกระจายอำนาจให้แก่องค์กรปกครองส่วนท้องถิ่น", "stg_name": "ยุทธศาสตร์การบริหารกิจการบ้านเมืองที่ดี", "objc_level1_name": "งบลงทุน", "compare": [{"bb_amount": 3864000, "bb_province": "เชียงราย"}], "gf_amount_sum": 0}
{"bb_code": "1500883002600O13", "bb_year": "2559", "amount": 3864000, "min_code": "15000", "agc_code": "15008", "name": "ปรับปรุงถนนแอสฟัลท์ติกคอนกรีต สาย ชร.๓๑๙๕ บ้านป่าเลา หมู่ที่ ๓ - บ้านร่องหวาย  หมู่ที่ ๒  กว้าง ๖ เมตร  ยาว ๑,๙๒๐ เมตร  หนา ๐.๐๔ เมตร  อบต.ดงมหาวัน อ.เวียงเชียงรุ้ง จ.เชียงราย", "min": "กระทรวงมหาดไทย", "agc": "กรมส่งเสริมการปกครองท้องถิ่น", "plan_name": "ส่งเสริมการกระจายอำนาจให้แก่องค์กรปกครองส่วนท้องถิ่น", "stg_name": "ยุทธศาสตร์การบริหารกิจการบ้านเมืองที่ดี", "objc_level1_name": "งบลงทุน", "compare": [{"bb_amount": 3864000, "bb_province": "เชียงราย"}], "gf_amount_sum": 0}
{"bb_code": "1500883002600O85", "bb_year": "2559", "amount": 3864000, "min_code": "15000", "agc_code": "15008", "name": "ซ่อมสร้างเสริมผิวจราจรแอสฟัลท์ติกคอนกรีต (Asphaltic Concrete)  สายทางบ้านห้วยหญ้าไซ หมู่ที่ ๙  กว้าง ๖ เมตร  ยาว ๑,๖๔๐ เมตร  หนาเฉลี่ย ๐.๐๔ เมตร  อบต.ป่าแดด อ.แม่สรวย จ.เชียงราย", "min": "กระทรวงมหาดไทย", "agc": "กรมส่งเสริมการปกครองท้องถิ่น", "plan_name": "ส่งเสริมการกระจายอำนาจให้แก่องค์กรปกครองส่วนท้องถิ่น", "stg_name": "ยุทธศาสตร์การบริหารกิจการบ้านเมืองที่ดี", "objc_level1_name": "งบลงทุน", "compare": [{"bb_amount": 3864000, "bb_province": "เชียงราย"}], "gf_amount_sum": 0}
{"bb_code": "1500883002600M58", "bb_year": "2559", "amount": 3864000, "min_code": "15000", "agc_code": "15008", "name": "ปรับปรุงซ่อมแซมถนนลาดยางแอสฟัลท์ติกคอนกรีต สายทางปข 3079 บ้านทุ่งสีเสียด - บ้านห้วยสัก หมู่ที่ ๘ - ๗  ตำบลทรายทอง กว้าง ๖ เมตร  ยาว ๒,๖๕๐ เมตร หนา ๐.๐๓ เมตร ไหล่ทางกว้างข้างละ ๑ เมตร อบต.ทรายทอง อ.บาง", "min": "กระทรวงมหาดไทย", "agc": "กรมส่งเสริมการปกครองท้องถิ่น", "plan_name": "ส่งเสริมการกระจายอำนาจให้แก่องค์กรปกครองส่วนท้องถิ่น", "stg_name": "ยุทธศาสตร์การบริหารกิจการบ้านเมืองที่ดี", "objc_level1_name": "งบลงทุน", "compare": [{"bb_amount": 3864000, "bb_province": "ประจวบคีรีขันธ์"}], "gf_amount_sum": 0}
{"bb_code": "1500883002600N69", "bb_year": "2559", "amount": 3864000, "min_code": "15000", "agc_code": "15008", "name": "ปรับปรุงผิวถนนลาดยาง Cape Seal บ้านแม่ปูคา หมู่ที่ ๑๓ - บ้านโปร่งพระบาท หมู่ที่ ๖ กว้าง ๖ เมตร  ยาว ๒,๐๐๐ เมตร  ทต.นางแล อ.เมืองเชียงราย จ.เชียงราย", "min": "กระทรวงมหาดไทย", "agc": "กรมส่งเสริมการปกครองท้องถิ่น", "plan_name": "ส่งเสริมการกระจายอำนาจให้แก่องค์กรปกครองส่วนท้องถิ่น", "stg_name": "ยุทธศาสตร์การบริหารกิจการบ้านเมืองที่ดี", "objc_level1_name": "งบลงทุน", "compare": [{"bb_amount": 3864000, "bb_province": "เชียงราย"}], "gf_amount_sum": 0}
{"bb_code": "1500883002600N94", "bb_year": "2559", "amount": 3864000, "min_code": "15000", "agc_code": "15008", "name": "ปรับปรุงเสริมผิวถนนแอสฟัลท์ติกคอนกรีต สายทาง ชร ๒๐๑๘ บ้านสันสลิด หมู่ที่ ๓ - บ้านเวียงเดิม หมู่ที่ ๒ กว้าง ๖ เมตร  ยาว ๑,๘๓๐ เมตร  หนา ๐.๐๔ เมตร  ทต.เวียงเหนือ อ.เวียงชัย จ.เชียงราย", "min": "กระทรวงมหาดไทย", "agc": "กรมส่งเสริมการปกครองท้องถิ่น", "plan_name": "ส่งเสริมการกระจายอำนาจให้แก่องค์กรปกครองส่วนท้องถิ่น", "stg_name": "ยุทธศาสตร์การบริหารกิจการบ้านเมืองที่ดี", "objc_level1_name": "งบลงทุน", "compare": [{"bb_amount": 3864000, "bb_province": "เชียงราย"}], "gf_amount_sum": 0}
{"bb_code": "1500883002600P03", "bb_year": "2559", "amount": 3864000, "min_code": "15000", "agc_code": "15008", "name": "เสริมผิวทางแอสฟัลท์ติกคอนกรีต สายทางบ้านแสนสุข - บ้านแสนใจพัฒนา    กว้าง  ๖ เมตร  ยาว ๖,๖๒๐ เมตร  หนา ๐.๐๕ เมตร  อบต.แม่สลองใน อ.แม่ฟ้าหลวง จ.เชียงราย", "min": "กระทรวงมหาดไทย", "agc": "กรมส่งเสริมการปกครองท้องถิ่น", "plan_name": "ส่งเสริมการกระจายอำนาจให้แก่องค์กรปกครองส่วนท้องถิ่น", "stg_name": "ยุทธศาสตร์การบริหารกิจการบ้านเมืองที่ดี", "objc_level1_name": "งบลงทุน", "compare": [{"bb_amount": 3864000, "bb_province": "เชียงราย"}], "gf_amount_sum": 0}
{"bb_code": "1500883002600N07", "bb_year": "2559", "amount": 3864000, "min_code": "15000", "agc_code": "15008", "name": "ปรับปรุงซ่อมแซมถนนลาดยางแอสฟัลท์ติกคอนกรีต สายบ้านตลาดบางสะพานน้อย - บ้านเขาลักษณ์จันทร์ ตำบลปากแพรก  กว้าง ๖ เมตร ยาว ๒,๙๗๐ เมตร หนา ๐.๐๓ เมตร ไหล่ทางกว้างข้างละ ๑ เมตร  อบต.ปากแพรก อ.บางสะพานน้อย จ.", "min": "กระทรวงมหาดไทย", "agc": "กรมส่งเสริมการปกครองท้องถิ่น", "plan_name": "ส่งเสริมการกระจายอำนาจให้แก่องค์กรปกครองส่วนท้องถิ่น", "stg_name": "ยุทธศาสตร์การบริหารกิจการบ้านเมืองที่ดี", "objc_level1_name": "งบลงทุน", "compare": [{"bb_amount": 3864000, "bb_province": "ประจวบคีรีขันธ์"}], "gf_amount_sum": 0}
{"bb_code": "1500883002600N81", "bb_year": "2559", "amount": 3864000, "min_code": "15000", "agc_code": "15008", "name": "ซ่อมสร้างผิวจราจรถนนลาดยางเดิม แบบ(แคปซิล) สายทาง ชร.๐๓๓๐๑ (บ้านริมลาว - บ้านห้วยทราย) บ้านห้วยทราย หมู่ที่ ๑๖ กว้าง ๖.๕๐ เมตร  ยาว ๒,๕๐๐ เมตร   ทต.ป่าอ้อดอนชัย อ.เมืองเชียงราย จ.เชียงราย", "min": "กระทรวงมหาดไทย", "agc": "กรมส่งเสริมการปกครองท้องถิ่น", "plan_name": "ส่งเสริมการกระจายอำนาจให้แก่องค์กรปกครองส่วนท้องถิ่น", "stg_name": "ยุทธศาสตร์การบริหารกิจการบ้านเมืองที่ดี", "objc_level1_name": "งบลงทุน", "compare": [{"bb_amount": 3864000, "bb_province": "เชียงราย"}], "gf_amount_sum": 0}
{"bb_code": "1500883002600L30", "bb_year": "2559", "amount": 3864000, "min_code": "15000", "agc_code": "15008", "name": "ซ่อมสร้างผิวทางแอสฟัลท์ติกคอนกรีต (โดยวิธี Pavement In - Place Recycling) สายบ้านตาเนิน - บ้านช่อระกา จำนวน ๒ ช่วง มีพื้นที่รวมไม่น้อยกว่า ๙,๐๙๐ ตารางเมตร อบต.ตาเนิน อ.เนินสง่า จ.ชัยภูมิ", "min": "กระทรวงมหาดไทย", "agc": "กรมส่งเสริมการปกครองท้องถิ่น", "plan_name": "ส่งเสริมการกระจายอำนาจให้แก่องค์กรปกครองส่วนท้องถิ่น", "stg_name": "ยุทธศาสตร์การบริหารกิจการบ้านเมืองที่ดี", "objc_level1_name": "งบลงทุน", "compare": [{"bb_amount": 3864000, "bb_province": "ชัยภูมิ"}], "gf_amount_sum": 0}
{"bb_code": "1500883002600P07", "bb_year": "2559", "amount": 3864000, "min_code": "15000", "agc_code": "15008", "name": "ซ่อมแซมถนนลาดยางแอสฟัลท์ติกคอนกรีต บ้านใหม่ หมู่ที่ ๑๐  เชื่อมบ้านร่องริว หมู่ที่ ๑๒ (ตอน ๒)  กว้าง ๖ เมตร  ยาว ๒,๐๐๐ เมตร   อบต.เวียง อ.เทิง จ.เชียงราย", "min": "กระทรวงมหาดไทย", "agc": "กรมส่งเสริมการปกครองท้องถิ่น", "plan_name": "ส่งเสริมการกระจายอำนาจให้แก่องค์กรปกครองส่วนท้องถิ่น", "stg_name": "ยุทธศาสตร์การบริหารกิจการบ้านเมืองที่ดี", "objc_level1_name": "งบลงทุน", "compare": [{"bb_amount": 3864000, "bb_province": "เชียงราย"}], "gf_amount_sum": 0}
{"bb_code": "1500883002600O97", "bb_year": "2559", "amount": 3864000, "min_code": "15000", "agc_code": "15008", "name": "ซ่อมแซมถนนแอสฟัลท์ติกคอนกรีต สายทาง ชร.๓๐๐๓ บ้านสบเปา - บ้านแม่เปา กว้าง ๖ เมตร  ยาว ๒,๐๐๐ เมตร   อบต.แม่เปา อ.พญาเม็งราย จ.เชียงราย", "min": "กระทรวงมหาดไทย", "agc": "กรมส่งเสริมการปกครองท้องถิ่น", "plan_name": "ส่งเสริมการกระจายอำนาจให้แก่องค์กรปกครองส่วนท้องถิ่น", "stg_name": "ยุทธศาสตร์การบริหารกิจการบ้านเมืองที่ดี", "objc_level1_name": "งบลงทุน", "compare": [{"bb_amount": 3864000, "bb_province": "เชียงราย"}], "gf_amount_sum": 0}
{"bb_code": "1500883002600N59", "bb_year": "2559", "amount": 3864000, "min_code": "15000", "agc_code": "15008", "name": "ซ่อมสร้างถนนลาดยาง Asphaltic Concrete บ้านสักสันติราษฎร์ หมู่ที่ ๑๕ เชื่อม บ้านป่าไผ่ หมู่ที่ ๖   กว้าง ๖ เมตร  ยาว ๑.๙๒๐ กิโลเมตร  ทต.งิ้ว อ.เทิง จ.เชียงราย", "min": "กระทรวงมหาดไทย", "agc": "กรมส่งเสริมการปกครองท้องถิ่น", "plan_name": "ส่งเสริมการกระจายอำนาจให้แก่องค์กรปกครองส่วนท้องถิ่น", "stg_name": "ยุทธศาสตร์การบริหารกิจการบ้านเมืองที่ดี", "objc_level1_name": "งบลงทุน", "compare": [{"bb_amount": 3864000, "bb_province": "เชียงราย"}], "gf_amount_sum": 0}
{"bb_code": "1500883002600HD9", "bb_year": "2559", "amount": 3864000, "min_code": "15000", "agc_code": "15008", "name": "ปรับปรุงรักษาถนนแอสฟัลท์ติกคอนกรีต สายทางบ้านป่าเหียง - อ่างเก็บน้ำแม่ผาแหน จำนวน ๒ ช่วง พื้นที่ไม่น้อยกว่า ๑๐,๕๓๐ ตารางเมตร ทต.ออนใต้ อ.สันกำแพง จ.เชียงใหม่", "min": "กระทรวงมหาดไทย", "agc": "กรมส่งเสริมการปกครองท้องถิ่น", "plan_name": "ส่งเสริมการกระจายอำนาจให้แก่องค์กรปกครองส่วนท้องถิ่น", "stg_name": "ยุทธศาสตร์การบริหารกิจการบ้านเมืองที่ดี", "objc_level1_name": "งบลงทุน", "compare": [{"bb_amount": 3864000, "bb_province": "เชียงใหม่"}], "gf_amount_sum": 0}
