{"bb_code": "1500883002600L38", "bb_year": "2559", "amount": 3864000, "min_code": "15000", "agc_code": "15008", "name": "ซ่อมสร้างผิวจราจรแอสฟัลท์ติกคอนกรีต (โดยวิธี Pavement In - Place Recycling) สายทางบ้านวังกะอาม - บ้านหนองอีหล่อ หมู่ที่ ๖ กว้าง ๘ เมตร ยาว ๑,๐๐๐ เมตร หนา ๐.๐๔ เมตร ไหล่ทางกว้างข้างละ ๐.๕๐ เมตร อบต.บ้า", "min": "กระทรวงมหาดไทย", "agc": "กรมส่งเสริมการปกครองท้องถิ่น", "plan_name": "ส่งเสริมการกระจายอำนาจให้แก่องค์กรปกครองส่วนท้องถิ่น", "stg_name": "ยุทธศาสตร์การบริหารกิจการบ้านเมืองที่ดี", "objc_level1_name": "งบลงทุน", "compare": [{"bb_amount": 3864000, "bb_province": "ชัยภูมิ"}], "gf_amount_sum": 0}
{"bb_code": "1500883002600O54", "bb_year": "2559", "amount": 3864000, "min_code": "15000", "agc_code": "15008", "name": "ปรับปรุงถนนแอสฟัลท์ติกคอนกรีต สาย ชร.๐๒๗๔  บ้านเหล่าเจริญราษฎร์ หมู่ที่ ๑๑ - บ้านน้ำตกพัฒนา  กว้าง ๖ เมตร  ยาว ๒,๐๐๐ เมตร  หนา ๐.๐๔ เมตร  อบต.ทุ่งก่อ อ.เวียงเชียงรุ้ง จ.เชียงราย", "min": "กระทรวงมหาดไทย", "agc": "กรมส่งเสริมการปกครองท้องถิ่น", "plan_name": "ส่งเสริมการกระจายอำนาจให้แก่องค์กรปกครองส่วนท้องถิ่น", "stg_name": "ยุทธศาสตร์การบริหารกิจการบ้านเมืองที่ดี", "objc_level1_name": "งบลงทุน", "compare": [{"bb_amount": 3864000, "bb_province": "เชียงราย"}], "gf_amount_sum": 0}
{"bb_code": "1500883002600O10", "bb_year": "2559", "amount": 3864000, "min_code": "15000", "agc_code": "15008", "name": "ซ่อมสร้างถนนผิวจราจรแอสฟัลท์ติกคอนกรีต โดยวิธี Pavement In-Place Recycling สายทาง ชร.๒๐๐๙ บ้านปูแกง - บ้านร่องคต - บ้านห้วยบง หมู่ที่ ๑ ตำบลแม่เย็น ถึงหมู่ที่ ๗ ตำบลทานตะวัน กว้าง ๖ เมตร ยาว ๑,๔๐๐ เมต", "min": "กระทรวงมหาดไทย", "agc": "กรมส่งเสริมการปกครองท้องถิ่น", "plan_name": "ส่งเสริมการกระจายอำนาจให้แก่องค์กรปกครองส่วนท้องถิ่น", "stg_name": "ยุทธศาสตร์การบริหารกิจการบ้านเมืองที่ดี", "objc_level1_name": "งบลงทุน", "compare": [{"bb_amount": 3864000, "bb_province": "เชียงราย"}], "gf_amount_sum": 0}
{"bb_code": "1500883002600GY6", "bb_year": "2559", "amount": 3864000, "min_code": "15000", "agc_code": "15008", "name": "เสริมผิวทางแอสฟัลท์ติกคอนกรีตสายบ้านหลุมพอลาย - บ้านหลุมดินสอ ตำบลบางกุ้ง กว้าง ๖ เมตร ยาว ๑,๓๙๒ เมตร หนา ๐.๐๔ เมตร ไหล่ทางข้างละ ๑ เมตร  อบจ.ตรัง อ.ห้วยยอด จ.ตรัง", "min": "กระทรวงมหาดไทย", "agc": "กรมส่งเสริมการปกครองท้องถิ่น", "plan_name": "ส่งเสริมการกระจายอำนาจให้แก่องค์กรปกครองส่วนท้องถิ่น", "stg_name": "ยุทธศาสตร์การบริหารกิจการบ้านเมืองที่ดี", "objc_level1_name": "งบลงทุน", "compare": [{"bb_amount": 3864000, "bb_province": "ตรัง"}], "gf_amount_sum": 0}
{"bb_code": "1500883002600O81", "bb_year": "2559", "amount": 3864000, "min_code": "15000", "agc_code": "15008", "name": "ปรับปรุงถนนแอสฟัลท์ติกคอนกรีต บ้านห้วยห้าง หมู่ที่ ๗ - บ้านห้วยหมากเอียด หมู่ที่ ๕  กว้าง ๖ เมตร  ยาว ๑,๙๒๐ เมตร  หนา ๐.๐๔ เมตร  อบต.ป่าซาง อ.เวียงเชียงรุ้ง จ.เชียงราย", "min": "กระทรวงมหาดไทย", "agc": "กรมส่งเสริมการปกครองท้องถิ่น", "plan_name": "ส่งเสริมการกระจายอำนาจให้แก่องค์กรปกครองส่วนท้องถิ่น", "stg_name": "ยุทธศาสตร์การบริหารกิจการบ้านเมืองที่ดี", "objc_level1_name": "งบลงทุน", "compare": [{"bb_amount": 3864000, "bb_province": "เชียงราย"}], "gf_amount_sum": 0}
{"bb_code": "1500883002600N79", "bb_year": "2559", "amount": 3864000, "min_code": "15000", "agc_code": "15008", "name": "ซ่อมสร้างผิวจราจรโดยปูผิวแอสฟัลท์ติกคอนกรีต สายบ้านป่าตาล - ยางฮอม    (สายทาง ชร. ๓๐๖๙)  กว้าง  ๕ เมตร ยาว ๑,๕๓๐ เมตร ไหล่ทางกว้างข้างละ ๐.๕๐ เมตร ทต.ป่าตาล อ.ขุนตาล จ.เชียงราย", "min": "กระทรวงมหาดไทย", "agc": "กรมส่งเสริมการปกครองท้องถิ่น", "plan_name": "ส่งเสริมการกระจายอำนาจให้แก่องค์กรปกครองส่วนท้องถิ่น", "stg_name": "ยุทธศาสตร์การบริหารกิจการบ้านเมืองที่ดี", "objc_level1_name": "งบลงทุน", "compare": [{"bb_amount": 3864000, "bb_province": "เชียงราย"}], "gf_amount_sum": 0}
{"bb_code": "1500883002600O99", "bb_year": "2559", "amount": 3864000, "min_code": "15000", "agc_code": "15008", "name": "ปรับปรุงถนนแอสฟัลท์ติกคอนกรีต ถนนสาย ชร.๒๐๘๑  บ้านสันจำปา  กว้าง ๖ เมตร  ยาว ๑.๕๘๐ กิโลเมตร  หนา ๐.๐๕ เมตร ไหล่ทางกว้าง ๐.๕๐ เมตร  อบต.แม่พริก อ.แม่สรวย จ.เชียงราย", "min": "กระทรวงมหาดไทย", "agc": "กรมส่งเสริมการปกครองท้องถิ่น", "plan_name": "ส่งเสริมการกระจายอำนาจให้แก่องค์กรปกครองส่วนท้องถิ่น", "stg_name": "ยุทธศาสตร์การบริหารกิจการบ้านเมืองที่ดี", "objc_level1_name": "งบลงทุน", "compare": [{"bb_amount": 3864000, "bb_province": "เชียงราย"}], "gf_amount_sum": 0}
{"bb_code": "1500883002600M61", "bb_year": "2559", "amount": 3864000, "min_code": "15000", "agc_code": "15008", "name": "ซ่อมสร้างถนนลาดยางแอสฟัลท์ติกคอนกรีต สาย ปช.1012 รัชกาลที่ 7 - แก่งดินสอ หมูที่ ๑๓ บ้านมาลัยทับใต้ ตำบลทับใต้ กว้าง ๖ เมตร ยาว ๑,๕๖๐ เมตรหนา ๐.๐๕ เมตร  อบต.ทับใต้ อ.หัวหิน จ.ประจวบคีรีขันธ์", "min": "กระทรวงมหาดไทย", "agc": "กรมส่งเสริมการปกครองท้องถิ่น", "plan_name": "ส่งเสริมการกระจายอำนาจให้แก่องค์กรปกครองส่วนท้องถิ่น", "stg_name": "ยุทธศาสตร์การบริหารกิจการบ้านเมืองที่ดี", "objc_level1_name": "งบลงทุน", "compare": [{"bb_amount": 3864000, "bb_province": "ประจวบคีรีขันธ์"}], "gf_amount_sum": 0}
{"bb_code": "1500883002600P19", "bb_year": "2559", "amount": 3864000, "min_code": "15000", "agc_code": "15008", "name": "ซ่อมแซมผิวลาดยางแอสฟัลท์ติกคอนกรีต ถนน ชร.๓๑๗๗  บ้านงิ้วเฒ่า หมู่ที่ ๖ - บ้านสันต้นธง หมู่ที่ ๒   กว้าง  ๖  เมตร   ยาว  ๒,๐๐๐ เมตร  อบต.ศรีดอนมูล อ.เชียงแสน จ.เชียงราย", "min": "กระทรวงมหาดไทย", "agc": "กรมส่งเสริมการปกครองท้องถิ่น", "plan_name": "ส่งเสริมการกระจายอำนาจให้แก่องค์กรปกครองส่วนท้องถิ่น", "stg_name": "ยุทธศาสตร์การบริหารกิจการบ้านเมืองที่ดี", "objc_level1_name": "งบลงทุน", "compare": [{"bb_amount": 3864000, "bb_province": "เชียงราย"}], "gf_amount_sum": 0}
{"bb_code": "1500883002600K99", "bb_year": "2559", "amount": 3864000, "min_code": "15000", "agc_code": "15008", "name": "ซ่อมสร้างถนนลาดยางผิวปูแอสฟัลท์ติกคอนกรีต โดยวิธี RECYCLING สายทาง อบจ.๓๐๒๐ บ้านโนนทองหลาง - บ้านโคกล่าม อำเภอแก้งคร้อ จำนวน ๒ ช่วง มีพื้นที่รวมไม่น้อยกว่า ๘,๐๘๐ ตารางเมตร อบจ.ชัยภูมิ อ.แก้งคร้อ จ.ชัย", "min": "กระทรวงมหาดไทย", "agc": "กรมส่งเสริมการปกครองท้องถิ่น", "plan_name": "ส่งเสริมการกระจายอำนาจให้แก่องค์กรปกครองส่วนท้องถิ่น", "stg_name": "ยุทธศาสตร์การบริหารกิจการบ้านเมืองที่ดี", "objc_level1_name": "งบลงทุน", "compare": [{"bb_amount": 3864000, "bb_province": "ชัยภูมิ"}], "gf_amount_sum": 0}
{"bb_code": "1500883002600P12", "bb_year": "2559", "amount": 3864000, "min_code": "15000", "agc_code": "15008", "name": "ปรับปรุงถนนลาดยางเสริมผิวแอสฟัลท์ติกคอนกรีต  สายบ้านสันป่าหนาด หมู่ที่ ๒ - บ้านทุ่งสามเหลื่ยม หมู่ที่ ๓  จำนวน ๒ ช่วง  ความยาวรวม ๑,๕๐๐ เมตร รวมพื้นที่ดำเนินการไม่น้อยกว่า ๑๒,๐๐๐ ตารางเมตร  อบต.เวียงห", "min": "กระทรวงมหาดไทย", "agc": "กรมส่งเสริมการปกครองท้องถิ่น", "plan_name": "ส่งเสริมการกระจายอำนาจให้แก่องค์กรปกครองส่วนท้องถิ่น", "stg_name": "ยุทธศาสตร์การบริหารกิจการบ้านเมืองที่ดี", "objc_level1_name": "งบลงทุน", "compare": [{"bb_amount": 3864000, "bb_province": "เชียงราย"}], "gf_amount_sum": 0}
{"bb_code": "1500883002600N93", "bb_year": "2559", "amount": 3864000, "min_code": "15000", "agc_code": "15008", "name": "ซ่อมแซมถนนเสริมผิวทางลาดยางแอสฟัลท์ติกคอนกรีต (OVERLAR) สายทาง ชร. ๒๑๓๗ บ้านป่าเหมือด  -  บ้านผาหมี  กว้าง ๖ เมตร  ยาว ๑,๔๘๘ เมตร  หนา ๐.๐๔ เมตร  ไหล่ทางข้างละ ๑ เมตร  ทต.เวียงพางคำ อ.แม่สาย จ.เชียงรา", "min": "กระทรวงมหาดไทย", "agc": "กรมส่งเสริมการปกครองท้องถิ่น", "plan_name": "ส่งเสริมการกระจายอำนาจให้แก่องค์กรปกครองส่วนท้องถิ่น", "stg_name": "ยุทธศาสตร์การบริหารกิจการบ้านเมืองที่ดี", "objc_level1_name": "งบลงทุน", "compare": [{"bb_amount": 3864000, "bb_province": "เชียงราย"}], "gf_amount_sum": 0}
{"bb_code": "1500883002600K95", "bb_year": "2559", "amount": 3864000, "min_code": "15000", "agc_code": "15008", "name": "ซ่อมสร้างถนนลาดยางผิวปูแอสฟัลท์ติกคอนกรีต โดยวิธี RECYCLING สายทาง อบจ.๓๐๓๕ บ้านนาสีดา - บ้านนาคานหัก อำเภอเกษตรสมบูรณ์ กว้าง ๖ เมตร ยาว ๙๖๕ เมตร หนา ๐.๐๔ เมตร ไหล่ทางกว้างข้างละ ๑ เมตร อบจ.ชัยภูมิ อ.", "min": "กระทรวงมหาดไทย", "agc": "กรมส่งเสริมการปกครองท้องถิ่น", "plan_name": "ส่งเสริมการกระจายอำนาจให้แก่องค์กรปกครองส่วนท้องถิ่น", "stg_name": "ยุทธศาสตร์การบริหารกิจการบ้านเมืองที่ดี", "objc_level1_name": "งบลงทุน", "compare": [{"bb_amount": 3864000, "bb_province": "ชัยภูมิ"}], "gf_amount_sum": 0}
{"bb_code": "1500883002600P00", "bb_year": "2559", "amount": 3864000, "min_code": "15000", "agc_code": "15008", "name": "ซ่อมแซมถนนลาดยาง Asphaltic Concerte สายทางบ้านเกี๋ยงหนองข่วง - บ้านจำใคร้  กว้าง ๖ เมตร ยาว ๒,๐๐๐ เมตร  อบต.แม่ลอย อ.เทิง จ.เชียงราย", "min": "กระทรวงมหาดไทย", "agc": "กรมส่งเสริมการปกครองท้องถิ่น", "plan_name": "ส่งเสริมการกระจายอำนาจให้แก่องค์กรปกครองส่วนท้องถิ่น", "stg_name": "ยุทธศาสตร์การบริหารกิจการบ้านเมืองที่ดี", "objc_level1_name": "งบลงทุน", "compare": [{"bb_amount": 3864000, "bb_province": "เชียงราย"}], "gf_amount_sum": 0}
{"bb_code": "1500883002600O07", "bb_year": "2559", "amount": 3864000, "min_code": "15000", "agc_code": "15008", "name": "ซ่อมสร้างเสริมผิวทางแอสฟัลท์ติกคอนกรีต  สาย ชร.๒๐๖๑ บ้านหล่ายงาว - ทุ่งคำ  กว้าง ๖ เมตร  ยาว ๑,๖๒๐ เมตร  ทต.หล่ายงาว อ.เวียงแก่น จ.เชียงราย", "min": "กระทรวงมหาดไทย", "agc": "กรมส่งเสริมการปกครองท้องถิ่น", "plan_name": "ส่งเสริมการกระจายอำนาจให้แก่องค์กรปกครองส่วนท้องถิ่น", "stg_name": "ยุทธศาสตร์การบริหารกิจการบ้านเมืองที่ดี", "objc_level1_name": "งบลงทุน", "compare": [{"bb_amount": 3864000, "bb_province": "เชียงราย"}], "gf_amount_sum": 0}
{"bb_code": "1500883002600GK2", "bb_year": "2559", "amount": 3864000, "min_code": "15000", "agc_code": "15008", "name": "ปรับปรุงซ่อมสร้างถนนลาดยางแอลฟัลท์ติกคอนกรีตสายบ้านตาชู -บ้านตาจั่น (ตอนที่ ๑) ตำบลตาจั่น ขนาดผิวจราจรกว้าง ๖ เมตร ยาว ๑,๕๔๐ เมตร หนา ๐.๐๔ เมตร      อบต.ตาจั่น อ.คง จ.นครราชสีมา", "min": "กระทรวงมหาดไทย", "agc": "กรมส่งเสริมการปกครองท้องถิ่น", "plan_name": "ส่งเสริมการกระจายอำนาจให้แก่องค์กรปกครองส่วนท้องถิ่น", "stg_name": "ยุทธศาสตร์การบริหารกิจการบ้านเมืองที่ดี", "objc_level1_name": "งบลงทุน", "compare": [{"bb_amount": 3864000, "bb_province": "นครราชสีมา"}], "gf_amount_sum": 0}
{"bb_code": "1500883002600M22", "bb_year": "2559", "amount": 3864000, "min_code": "15000", "agc_code": "15008", "name": "ปรับปรุงซ่อมแซมถนนลาดยางแอสฟัลท์ติกคอนกรีต สาย ทล 4 (กม.ที่ 422.710) - บ้านโป่งเตย หมู่ที่ ๖ ตำบลช้างแรก  กว้าง ๘ เมตร ยาว ๑,๐๐๐ เมตร หนา ๐.๐๕ เมตร  อบจ.ประจวบคีรีขันธ์ อ.บางสะพานน้อย จ.ประจวบคีรีขันธ", "min": "กระทรวงมหาดไทย", "agc": "กรมส่งเสริมการปกครองท้องถิ่น", "plan_name": "ส่งเสริมการกระจายอำนาจให้แก่องค์กรปกครองส่วนท้องถิ่น", "stg_name": "ยุทธศาสตร์การบริหารกิจการบ้านเมืองที่ดี", "objc_level1_name": "งบลงทุน", "compare": [{"bb_amount": 3864000, "bb_province": "ประจวบคีรีขันธ์"}], "gf_amount_sum": 0}
{"bb_code": "1500883002600P24", "bb_year": "2559", "amount": 3864000, "min_code": "15000", "agc_code": "15008", "name": "ปรับปรุงผิวถนนลาดยาง Asphaltic Concrete (หมู่ที่ ๗ - หมู่ที่ ๑)  บ้านสันผักฮี้ หมู่ที่ ๗ กว้าง ๖ เมตร ยาว ๑,๙๐๐ เมตร หนา ๐.๐๔ เมตร  อบต.สันกลาง อ.พาน จ.เชียงราย", "min": "กระทรวงมหาดไทย", "agc": "กรมส่งเสริมการปกครองท้องถิ่น", "plan_name": "ส่งเสริมการกระจายอำนาจให้แก่องค์กรปกครองส่วนท้องถิ่น", "stg_name": "ยุทธศาสตร์การบริหารกิจการบ้านเมืองที่ดี", "objc_level1_name": "งบลงทุน", "compare": [{"bb_amount": 3864000, "bb_province": "เชียงราย"}], "gf_amount_sum": 0}
{"bb_code": "1500883002600O93", "bb_year": "2559", "amount": 3864000, "min_code": "15000", "agc_code": "15008", "name": "ปรับปรุงซ่อมสร้างถนนผิวแอสฟัลท์ติกคอนกรีต  สายทางบ้านห้วยส้านพลับพลา  หมู่ที่ ๕  กว้าง ๖ เมตร   ยาว  ๒,๐๐๐  เมตร  หนาเฉลี่ย ๐.๐๔ เมตร  อบต.โป่งแพร่ อ.แม่ลาว จ.เชียงราย", "min": "กระทรวงมหาดไทย", "agc": "กรมส่งเสริมการปกครองท้องถิ่น", "plan_name": "ส่งเสริมการกระจายอำนาจให้แก่องค์กรปกครองส่วนท้องถิ่น", "stg_name": "ยุทธศาสตร์การบริหารกิจการบ้านเมืองที่ดี", "objc_level1_name": "งบลงทุน", "compare": [{"bb_amount": 3864000, "bb_province": "เชียงราย"}], "gf_amount_sum": 0}
{"bb_code": "1500883002600O44", "bb_year": "2559", "amount": 3864000, "min_code": "15000", "agc_code": "15008", "name": "ซ่อมสร้างถนนลาดยางผิวทางเคพซีล (สายทางแยก ทล.๑๑๗๔ - บ้านเย้าแม่ต๋ำ) บ้านสันติชัย หมู่ที่ ๗ - บ้านใหม่โชคชัย หมู่ที่ ๒   กว้าง ๖ เมตร  ยาว ๒,๐๐๐ เมตร  ไหล่ทางข้างละ ๑ เมตร  อบต.ตาดควัน อ.พญาเม็งราย จ.เ", "min": "กระทรวงมหาดไทย", "agc": "กรมส่งเสริมการปกครองท้องถิ่น", "plan_name": "ส่งเสริมการกระจายอำนาจให้แก่องค์กรปกครองส่วนท้องถิ่น", "stg_name": "ยุทธศาสตร์การบริหารกิจการบ้านเมืองที่ดี", "objc_level1_name": "งบลงทุน", "compare": [{"bb_amount": 3864000, "bb_province": "เชียงราย"}], "gf_amount_sum": 0}
