{"bb_code": "1500822040600V16", "bb_year": "2559", "amount": 3847500, "min_code": "15000", "agc_code": "15008", "name": "ก่อสร้างระบบประปาหมู่บ้านแบบผิวดินขนาดใหญ่ บ้านนาห้วยยาง หมู่ที่ ๑ ตำบลโนนโพธิ์ ตามแบบแปลนกรมทรัพยากรน้ำ อบต.โนนโพธิ์ อ.เมือง จ.อำนาจเจริญ", "min": "กระทรวงมหาดไทย", "agc": "กรมส่งเสริมการปกครองท้องถิ่น", "plan_name": "บริหารจัดการทรัพยากรน้ำ", "stg_name": "ยุทธศาสตร์เร่งรัดวางรากฐานการพัฒนาที่ยั่งยืนของประเทศ", "objc_level1_name": "งบลงทุน", "compare": [{"bb_amount": 3847500, "bb_province": "อำนาจเจริญ"}], "gf_amount_sum": 0}
{"bb_code": "1500822040600D05", "bb_year": "2559", "amount": 3845500, "min_code": "15000", "agc_code": "15008", "name": "ก่อสร้างประปาหมู่บ้าน แบบผิวดินขนาดใหญ่มาก หมู่ที่ ๒ ตำบลชะรัด ตามแบบแปลนเทศบาลตำบลชะรัดกำหนด ทต.ชะรัด อ.กงหรา จ.พัทลุง", "min": "กระทรวงมหาดไทย", "agc": "กรมส่งเสริมการปกครองท้องถิ่น", "plan_name": "บริหารจัดการทรัพยากรน้ำ", "stg_name": "ยุทธศาสตร์เร่งรัดวางรากฐานการพัฒนาที่ยั่งยืนของประเทศ", "objc_level1_name": "งบลงทุน", "compare": [{"bb_amount": 3845500, "bb_province": "พัทลุง"}], "gf_amount_sum": 0}
{"bb_code": "1500883002600ET8", "bb_year": "2559", "amount": 3842700, "min_code": "15000", "agc_code": "15008", "name": "ซ่อมสร้างถนนลาดยางผิวจราจรแบบแอสฟัลท์ติกคอนกรีต สายทาง ลป. ๔๐๑๕ บ้านฮ่างวังแก้ว - น้ำตกวังแก้ว ช่วงระหว่างบ้านฮ่างวังแก้ว หมู่ที่ ๕ - น้ำตกวังแก้ว  ตำบลวังแก้ว กว้าง ๖ เมตร ยาว ๑,๕๘๐ เมตร หนา ๐.๐๕ เมต", "min": "กระทรวงมหาดไทย", "agc": "กรมส่งเสริมการปกครองท้องถิ่น", "plan_name": "ส่งเสริมการกระจายอำนาจให้แก่องค์กรปกครองส่วนท้องถิ่น", "stg_name": "ยุทธศาสตร์การบริหารกิจการบ้านเมืองที่ดี", "objc_level1_name": "งบลงทุน", "compare": [{"bb_amount": 3842700, "bb_province": "ลำปาง"}], "gf_amount_sum": 0}
{"bb_code": "1500822040600J49", "bb_year": "2559", "amount": 3841600, "min_code": "15000", "agc_code": "15008", "name": "ก่อสร้างประปาหมู่บ้านแบบผิวดินขนาดใหญ่มาก หมู่ที่ ๒ บ้านม้าลาย ตำบลทุ่งหลวง  ตามแบบมาตรฐานกรมทรัพยากรน้ำ อบต.คุ้งน้ำวน อ.เมืองราชบุรี จ.ราชบุรี", "min": "กระทรวงมหาดไทย", "agc": "กรมส่งเสริมการปกครองท้องถิ่น", "plan_name": "บริหารจัดการทรัพยากรน้ำ", "stg_name": "ยุทธศาสตร์เร่งรัดวางรากฐานการพัฒนาที่ยั่งยืนของประเทศ", "objc_level1_name": "งบลงทุน", "compare": [{"bb_amount": 3841600, "bb_province": "ราชบุรี"}], "gf_amount_sum": 0}
{"bb_code": "1500786007420369", "bb_year": "2559", "amount": 3837600, "min_code": "15000", "agc_code": "15007", "name": "เขื่อนป้องกันตลิ่งริมแม่น้ำชี บ้านบุ่งคล้า ม.11 และบ้านท่างาม ม.3 ต.ลาดพัฒนา อ.เมืองมหาสารคาม จ.มหาสารคาม (ตอนที่ 2) ความยาว 180 เมตร", "min": "กระทรวงมหาดไทย", "agc": "กรมโยธาธิการและผังเมือง", "plan_name": "ฟื้นฟู ป้องกัน และจัดการภัยพิบัติ ", "stg_name": "ยุทธศาสตร์การจัดการทรัพยากรธรรมชาติและสิ่งแวดล้อม", "objc_level1_name": "งบลงทุน", "compare": [{"bb_amount": 3837600, "bb_province": "มหาสารคาม", "gf_amount": 3837600, "gf_province": "มหาสารคาม"}], "gf_amount_sum": 3837600}
{"bb_code": "1500883002600BQ2", "bb_year": "2559", "amount": 3837000, "min_code": "15000", "agc_code": "15008", "name": "ซ่อมสร้างถนนลาดยางแอสฟัลท์ติกคอนกรีตสายบ้านบางสระ – บ้านเกาะรุ้ง ตำบลบ้านใหม่ ตำบลคลองกระบือ หนา ๐.๐๔ เมตร หรือมีพื้นที่ไม่น้อยกว่า ๘,๒๓๐ ตารางเมตร  อบจ.นครศรีธรรมราช อ.ปากพนัง จ.นครศรีธรรมราช", "min": "กระทรวงมหาดไทย", "agc": "กรมส่งเสริมการปกครองท้องถิ่น", "plan_name": "ส่งเสริมการกระจายอำนาจให้แก่องค์กรปกครองส่วนท้องถิ่น", "stg_name": "ยุทธศาสตร์การบริหารกิจการบ้านเมืองที่ดี", "objc_level1_name": "งบลงทุน", "compare": [{"bb_amount": 3837000, "bb_province": "นครศรีธรรมราช"}], "gf_amount_sum": 0}
{"bb_code": "1500822040600AE2", "bb_year": "2559", "amount": 3833700, "min_code": "15000", "agc_code": "15008", "name": "ก่อสร้างระบบประปาบาดาลขนาดใหญ่ หมู่ที่ ๙ ตำบลบึงบอน ตามแบบมาตรฐานกรมทรัพยากรน้ำกำหนด อบต.บึงบอน อ.หนองเสือ จ.ปทุมธานี", "min": "กระทรวงมหาดไทย", "agc": "กรมส่งเสริมการปกครองท้องถิ่น", "plan_name": "บริหารจัดการทรัพยากรน้ำ", "stg_name": "ยุทธศาสตร์เร่งรัดวางรากฐานการพัฒนาที่ยั่งยืนของประเทศ", "objc_level1_name": "งบลงทุน", "compare": [{"bb_amount": 3833700, "bb_province": "ปทุมธานี"}], "gf_amount_sum": 0}
{"bb_code": "1500883002600V00", "bb_year": "2559", "amount": 3832100, "min_code": "15000", "agc_code": "15008", "name": "ปรับปรุงซ่อมสร้างถนนแอสฟัลท์ติกคอนกรีต สายบ้านระหารใหญ่ - บ้านตำหรุ หมู่ที่ ๕ บ้านระหารใหญ่ - หมู่ที่ ๔  บ้านตำหรุใน กว้าง ๖ เมตร ยาว ๑,๓๔๐ เมตร หนา ๐.๐๕ เมตร ไหล่ทางข้างละ ๐.๕๐ เมตร อบต.ตำหรุ อ.บ้านล", "min": "กระทรวงมหาดไทย", "agc": "กรมส่งเสริมการปกครองท้องถิ่น", "plan_name": "ส่งเสริมการกระจายอำนาจให้แก่องค์กรปกครองส่วนท้องถิ่น", "stg_name": "ยุทธศาสตร์การบริหารกิจการบ้านเมืองที่ดี", "objc_level1_name": "งบลงทุน", "compare": [{"bb_amount": 3832100, "bb_province": "เพชรบุรี"}], "gf_amount_sum": 0}
{"bb_code": "1500883002600BN1", "bb_year": "2559", "amount": 3831200, "min_code": "15000", "agc_code": "15008", "name": "ปรับปรุงผิวจราจรถนนลาดยางแอสฟัลท์ติกคอนกรีตสายบ้านทางสาย - บ้านเขายวนเฒ่า ตำบลกลาย, ตำบลท่าขึ้น หนา ๐.๐๔ เมตร หรือมีพื้นที่ไม่น้อยกว่า ๑๑,๐๗๔ ตารางเมตร  อบจ.นครศรีธรรมราช อ.ท่าศาลา จ.นครศรีธรรมราช", "min": "กระทรวงมหาดไทย", "agc": "กรมส่งเสริมการปกครองท้องถิ่น", "plan_name": "ส่งเสริมการกระจายอำนาจให้แก่องค์กรปกครองส่วนท้องถิ่น", "stg_name": "ยุทธศาสตร์การบริหารกิจการบ้านเมืองที่ดี", "objc_level1_name": "งบลงทุน", "compare": [{"bb_amount": 3831200, "bb_province": "นครศรีธรรมราช"}], "gf_amount_sum": 0}
{"bb_code": "1500883002600AC4", "bb_year": "2559", "amount": 3831200, "min_code": "15000", "agc_code": "15008", "name": "ปรับปรุงถนนลาดยางแอสฟัลท์ติกคอนกรีตสายบ้านคลองไทร - บ้านควนรัชดา หมู่ที่ ๓  บ้านคลองไทร ตำบลคลองไทร กว้าง ๖ เมตร ยาว ๒,๘๙๐  เมตร หนา ๐.๐๓ เมตร หรือมีพื้นที่ไม่น้อยกว่า ๑๗,๓๔๐  ตารางเมตร  อบต.คลองไทร อ", "min": "กระทรวงมหาดไทย", "agc": "กรมส่งเสริมการปกครองท้องถิ่น", "plan_name": "ส่งเสริมการกระจายอำนาจให้แก่องค์กรปกครองส่วนท้องถิ่น", "stg_name": "ยุทธศาสตร์การบริหารกิจการบ้านเมืองที่ดี", "objc_level1_name": "งบลงทุน", "compare": [{"bb_amount": 3831200, "bb_province": "สุราษฎร์ธานี"}], "gf_amount_sum": 0}
{"bb_code": "1500883002600M08", "bb_year": "2559", "amount": 3830200, "min_code": "15000", "agc_code": "15008", "name": "ซ่อมสร้างถนนลาดยางแอสฟัลท์ติกคอนกรีต  นน. 5086 บ้านห้วยตึม หมู่ที่ 3 ตำบลน้ำพี้ กว้าง 6 เมตร ยาว 2,000 เมตร  อบต.บ้านพี้ อ.บ้านหลวง จ.น่าน", "min": "กระทรวงมหาดไทย", "agc": "กรมส่งเสริมการปกครองท้องถิ่น", "plan_name": "ส่งเสริมการกระจายอำนาจให้แก่องค์กรปกครองส่วนท้องถิ่น", "stg_name": "ยุทธศาสตร์การบริหารกิจการบ้านเมืองที่ดี", "objc_level1_name": "งบลงทุน", "compare": [{"bb_amount": 3830200, "bb_province": "น่าน"}], "gf_amount_sum": 0}
{"bb_code": "1500883002600Z47", "bb_year": "2559", "amount": 3825400, "min_code": "15000", "agc_code": "15008", "name": "ซ่อมสร้างถนนลาดยางแอสฟัลท์ติกคอนกรีต โดยวิธี Pavent In-Place Recycling สายฟ้าหยาด - บ้านขาม ตำบลคูเมือง จำนวน ๔ ช่วง รวมมีพื้นที่ไม่น้อยกว่า ๗,๔๔๐ ตารางเมตร อบต.คูเมือง อ.มหาชนะชัย จ.ยโสธร", "min": "กระทรวงมหาดไทย", "agc": "กรมส่งเสริมการปกครองท้องถิ่น", "plan_name": "ส่งเสริมการกระจายอำนาจให้แก่องค์กรปกครองส่วนท้องถิ่น", "stg_name": "ยุทธศาสตร์การบริหารกิจการบ้านเมืองที่ดี", "objc_level1_name": "งบลงทุน", "compare": [{"bb_amount": 3825400, "bb_province": "ยโสธร"}], "gf_amount_sum": 0}
{"bb_code": "1500822040600DY5", "bb_year": "2559", "amount": 3824000, "min_code": "15000", "agc_code": "15008", "name": "ปรับปรุงซ่อมแซมสถานีสูบน้ำด้วยไฟฟ้า บ้านม่อนหินขาว ม.๑๐ ทต.ผาจุก อ.เมือง จ.อุตรดิตถ์", "min": "กระทรวงมหาดไทย", "agc": "กรมส่งเสริมการปกครองท้องถิ่น", "plan_name": "บริหารจัดการทรัพยากรน้ำ", "stg_name": "ยุทธศาสตร์เร่งรัดวางรากฐานการพัฒนาที่ยั่งยืนของประเทศ", "objc_level1_name": "งบลงทุน", "compare": [{"bb_amount": 3824000, "bb_province": "อุตรดิตถ์"}], "gf_amount_sum": 0}
{"bb_code": "1500883002600T26", "bb_year": "2559", "amount": 3823700, "min_code": "15000", "agc_code": "15008", "name": "ปรับปรุงเสริมผิวจราจรแอสฟัลท์ติกคอนกรีตสาย ตง ๔๐๖๙ ถนนลาดยางภายในหมู่บ้านโคกหล่อ หมู่ที่ ๔ - ๕ ตำบลโคกหล่อ กว้าง ๓ - ๖ เมตร ยาว ๑,๗๒๑ เมตร หนา ๐.๐๔ เมตร หรือมีพื้นที่ไม่น้อยกว่า ๙,๗๖๗ ตารางเมตร  ทต.โค", "min": "กระทรวงมหาดไทย", "agc": "กรมส่งเสริมการปกครองท้องถิ่น", "plan_name": "ส่งเสริมการกระจายอำนาจให้แก่องค์กรปกครองส่วนท้องถิ่น", "stg_name": "ยุทธศาสตร์การบริหารกิจการบ้านเมืองที่ดี", "objc_level1_name": "งบลงทุน", "compare": [{"bb_amount": 3823700, "bb_province": "ตรัง"}], "gf_amount_sum": 0}
{"bb_code": "1500822040600J23", "bb_year": "2559", "amount": 3822900, "min_code": "15000", "agc_code": "15008", "name": "ก่อสร้างระบบประปาหมู่บ้านแบบผิวดินขนาดใหญ่ บ้านหนองหงษ์ หมู่ที่ ๑๐ ตำบลกะเฉด ตามแบบมาตรฐานกรมทรัพยากรน้ำ อบต.กะเฉด อ.เมืองระยอง จ.ระยอง", "min": "กระทรวงมหาดไทย", "agc": "กรมส่งเสริมการปกครองท้องถิ่น", "plan_name": "บริหารจัดการทรัพยากรน้ำ", "stg_name": "ยุทธศาสตร์เร่งรัดวางรากฐานการพัฒนาที่ยั่งยืนของประเทศ", "objc_level1_name": "งบลงทุน", "compare": [{"bb_amount": 3822900, "bb_province": "ระยอง"}], "gf_amount_sum": 0}
{"bb_code": "1500786007420311", "bb_year": "2559", "amount": 3822000, "min_code": "15000", "agc_code": "15007", "name": "เขื่อนป้องกันตลิ่งริมแม่น้ำปิง บริเวณบ้านท้องคุ้ง ม.7 ต.ท่าพุทรา อ.คลองขลุง จ.กำแพงเพชร ความยาว 280 เมตร", "min": "กระทรวงมหาดไทย", "agc": "กรมโยธาธิการและผังเมือง", "plan_name": "ฟื้นฟู ป้องกัน และจัดการภัยพิบัติ ", "stg_name": "ยุทธศาสตร์การจัดการทรัพยากรธรรมชาติและสิ่งแวดล้อม", "objc_level1_name": "งบลงทุน", "compare": [{"bb_amount": 3822000, "bb_province": "กำแพงเพชร", "gf_amount": 0, "gf_province": "กำแพงเพชร"}], "gf_amount_sum": 0}
{"bb_code": "1500822040600Y03", "bb_year": "2559", "amount": 3820000, "min_code": "15000", "agc_code": "15008", "name": "ก่อสร้างระบบประปาบาดาลขนาดใหญ่มาก หมู่ที่ ๑๐ บ้านหนองห้าง  ตำบลนาคำ ตามแบบมาตรฐานกรมทรัพยากรน้ำ อบต.นาคำ อ.ศรีเมืองใหม่ จ.อุบลราชธานี", "min": "กระทรวงมหาดไทย", "agc": "กรมส่งเสริมการปกครองท้องถิ่น", "plan_name": "บริหารจัดการทรัพยากรน้ำ", "stg_name": "ยุทธศาสตร์เร่งรัดวางรากฐานการพัฒนาที่ยั่งยืนของประเทศ", "objc_level1_name": "งบลงทุน", "compare": [{"bb_amount": 3820000, "bb_province": "อุบลราชธานี"}], "gf_amount_sum": 0}
{"bb_code": "1500883002600EB3", "bb_year": "2559", "amount": 3813800, "min_code": "15000", "agc_code": "15008", "name": "ซ่อมสร้างถนนลาดยางผิวจราจรแบบแอสฟัลท์ติกคอนกรีต สายทาง ลป.ถ. ๑-๐๐๒๘ พหลโยธิน - วัดม่อนพญาแช่ (ตอนสามแยกโยธาธิการ - วัดม่อนพญาแช่) ศาลากลางจังหวัดลำปาง กว้าง ๘ เมตร ยาว ๑,๒๐๐ เมตร หนา ๐.๐๕ เมตร  อบจ.ลำ", "min": "กระทรวงมหาดไทย", "agc": "กรมส่งเสริมการปกครองท้องถิ่น", "plan_name": "ส่งเสริมการกระจายอำนาจให้แก่องค์กรปกครองส่วนท้องถิ่น", "stg_name": "ยุทธศาสตร์การบริหารกิจการบ้านเมืองที่ดี", "objc_level1_name": "งบลงทุน", "compare": [{"bb_amount": 3813800, "bb_province": "ลำปาง"}], "gf_amount_sum": 0}
{"bb_code": "1500883002600AX5", "bb_year": "2559", "amount": 3811800, "min_code": "15000", "agc_code": "15008", "name": "ซ่อมสร้างถนนลาดยางผิวทางพาราแอสฟัลท์ติกคอนกรีตสายทาง  มค.ถ.๑-๐๐๐๔  บ้านหนองบัว  หมู่ที่ ๔  ตำบลบัวค้อ   - บ้านโนนสมบูรณ์  ตำบลหนองม่วง  กว้าง  ๖ เมตร ยาว  ๗๓๘  เมตร หนา  ๐.๐๕ เมตร   อบจ.มหาสารคาม อ.เม", "min": "กระทรวงมหาดไทย", "agc": "กรมส่งเสริมการปกครองท้องถิ่น", "plan_name": "ส่งเสริมการกระจายอำนาจให้แก่องค์กรปกครองส่วนท้องถิ่น", "stg_name": "ยุทธศาสตร์การบริหารกิจการบ้านเมืองที่ดี", "objc_level1_name": "งบลงทุน", "compare": [{"bb_amount": 3811800, "bb_province": "มหาสารคาม"}], "gf_amount_sum": 0}
{"bb_code": "1500883002600Q85", "bb_year": "2559", "amount": 3808400, "min_code": "15000", "agc_code": "15008", "name": "บูรณะผิวทางถนนแอสฟัลท์ติกคอนกรีต ถนนสายหนองคัน - ตะกาดเง้า หมู่ที่ ๔ - ๑ ตำบลตะกาดเง้า กว้าง ๖ เมตร ยาว ๑,๕๐๐ เมตร หนา ๐.๐๕ เมตร อบต.ตะกาดเง้า อ.ท่าใหม่ จ.จันทบุรี", "min": "กระทรวงมหาดไทย", "agc": "กรมส่งเสริมการปกครองท้องถิ่น", "plan_name": "ส่งเสริมการกระจายอำนาจให้แก่องค์กรปกครองส่วนท้องถิ่น", "stg_name": "ยุทธศาสตร์การบริหารกิจการบ้านเมืองที่ดี", "objc_level1_name": "งบลงทุน", "compare": [{"bb_amount": 3808400, "bb_province": "จันทบุรี"}], "gf_amount_sum": 0}
