{"bb_code": "1500740019500002", "bb_year": "2559", "amount": 627000000, "min_code": "15000", "agc_code": "15007", "name": "ค่าสิ่งก่อสร้างสนับสนุนโครงการพิเศษหลวง", "min": "กระทรวงมหาดไทย", "agc": "กรมโยธาธิการและผังเมือง", "plan_name": "เทิดทูน พิทักษ์ และรักษาสถาบันพระมหากษัตริย์", "stg_name": "ยุทธศาสตร์ความมั่นคงแห่งรัฐ", "objc_level1_name": "งบลงทุน", "compare": [{"bb_amount": 627000000, "bb_province": "กรุงเทพมหานคร"}], "gf_amount_sum": 0}
{"bb_code": "1500282003000000", "bb_year": "2559", "amount": 624342600, "min_code": "15000", "agc_code": "15002", "name": "วัสดุงานบ้านงานครัว", "min": "กระทรวงมหาดไทย", "agc": "สนง.ปลัดกระทรวงมหาดไทย", "plan_name": "พัฒนาประสิทธิภาพการบริหารราชการแผ่นดิน", "stg_name": "ยุทธศาสตร์การบริหารกิจการบ้านเมืองที่ดี", "objc_level1_name": "งบดำเนินงาน", "compare": [{"bb_amount": 301479400, "bb_province": "กรุงเทพมหานคร", "gf_amount": 264037301.7, "gf_province": "ส่วนกลาง"}, {"bb_amount": 8772300, "bb_province": "เชียงใหม่", "gf_amount": 11737107.82, "gf_province": "เชียงใหม่"}, {"bb_amount": 7610300, "bb_province": "ส่วนกลาง"}, {"bb_amount": 5515300, "bb_province": "สุราษฎร์ธานี", "gf_amount": 7255135.75, "gf_province": "สุราษฎร์ธานี"}, {"bb_amount": 5267000, "bb_province": "ปราจีนบุรี", "gf_amount": 6667161.88, "gf_province": "ปราจีนบุรี"}, {"bb_amount": 5191700, "bb_province": "นครศรีธรรมราช", "gf_amount": 5074681.72, "gf_province": "นครศรีธรรมราช"}, {"bb_amount": 5142500, "bb_province": "พระนครศรีอยุธยา", "gf_amount": 7445151.58, "gf_province": "พระนครศรีอยุธยา"}, {"bb_amount": 5103400, "bb_province": "นครปฐม", "gf_amount": 4695316.87, "gf_province": "นครปฐม"}, {"bb_amount": 4887500, "bb_province": "นครสวรรค์", "gf_amount": 6250484, "gf_province": "นครสวรรค์"}, {"bb_amount": 4861200, "bb_province": "กำแพงเพชร", "gf_amount": 6508238.74, "gf_province": "กำแพงเพชร"}, {"bb_amount": 4849100, "bb_province": "พิษณุโลก", "gf_amount": 6396658.5, "gf_province": "พิษณุโลก"}, {"bb_amount": 4840500, "bb_province": "เชียงราย", "gf_amount": 5579740.98, "gf_province": "เชียงราย"}, {"bb_amount": 4814700, "bb_province": "สงขลา", "gf_amount": 6073822.83, "gf_province": "สงขลา"}, {"bb_amount": 4806900, "bb_province": "บุรีรัมย์", "gf_amount": 6132411.46, "gf_province": "บุรีรัมย์"}, {"bb_amount": 4731200, "bb_province": "สุพรรณบุรี", "gf_amount": 7278509.89, "gf_province": "สุพรรณบุรี"}, {"bb_amount": 4614000, "bb_province": "พิจิตร", "gf_amount": 5474758.77, "gf_province": "พิจิตร"}, {"bb_amount": 4520900, "bb_province": "ชุมพร", "gf_amount": 7883279.79, "gf_province": "ชุมพร"}, {"bb_amount": 4515700, "bb_province": "ชลบุรี", "gf_amount": 4850045.22, "gf_province": "ชลบุรี"}, {"bb_amount": 4502400, "bb_province": "ขอนแก่น", "gf_amount": 6070136.47, "gf_province": "ขอนแก่น"}, {"bb_amount": 4495300, "bb_province": "อุบลราชธานี", "gf_amount": 5653278.21, "gf_province": "อุบลราชธานี"}, {"bb_amount": 4477300, "bb_province": "ฉะเชิงเทรา", "gf_amount": 4294675.65, "gf_province": "ฉะเชิงเทรา"}, {"bb_amount": 4431000, "bb_province": "อุดรธานี", "gf_amount": 6794114, "gf_province": "อุดรธานี"}, {"bb_amount": 4419000, "bb_province": "ลำปาง", "gf_amount": 4720425.77, "gf_province": "ลำปาง"}, {"bb_amount": 4405300, "bb_province": "เพชรบูรณ์", "gf_amount": 5687265.92, "gf_province": "เพชรบูรณ์"}, {"bb_amount": 4394200, "bb_province": "ปัตตานี", "gf_amount": 4940387.15, "gf_province": "ปัตตานี"}, {"bb_amount": 4349500, "bb_province": "ตาก", "gf_amount": 4437975.73, "gf_province": "ตาก"}, {"bb_amount": 4307200, "bb_province": "นครราชสีมา", "gf_amount": 5197890.93, "gf_province": "นครราชสีมา"}, {"bb_amount": 4256200, "bb_province": "อำนาจเจริญ", "gf_amount": 5845688.82, "gf_province": "อำนาจเจริญ"}, {"bb_amount": 4253000, "bb_province": "ปทุมธานี", "gf_amount": 4133119.05, "gf_province": "ปทุมธานี"}, {"bb_amount": 4246700, "bb_province": "หนองบัวลำภู", "gf_amount": 5383591.27, "gf_province": "หนองบัวลำภู"}, {"bb_amount": 4241100, "bb_province": "กาญจนบุรี", "gf_amount": 4242849, "gf_province": "กาญจนบุรี"}, {"bb_amount": 4182100, "bb_province": "สุโขทัย", "gf_amount": 5722549.35, "gf_province": "สุโขทัย"}, {"bb_amount": 4177200, "bb_province": "ระนอง", "gf_amount": 5508235.65, "gf_province": "ระนอง"}, {"bb_amount": 4134400, "bb_province": "พะเยา", "gf_amount": 4673586, "gf_province": "พะเยา"}, {"bb_amount": 4111400, "bb_province": "ศรีสะเกษ", "gf_amount": 5131660.21, "gf_province": "ศรีสะเกษ"}, {"bb_amount": 4091700, "bb_province": "ระยอง", "gf_amount": 4700866.44, "gf_province": "ระยอง"}, {"bb_amount": 4086700, "bb_province": "นครพนม", "gf_amount": 5804904, "gf_province": "นครพนม"}, {"bb_amount": 4047500, "bb_province": "สมุทรสาคร", "gf_amount": 3744514.77, "gf_province": "สมุทรสาคร"}, {"bb_amount": 4043000, "bb_province": "อุทัยธานี", "gf_amount": 3691518.62, "gf_province": "อุทัยธานี"}, {"bb_amount": 4019200, "bb_province": "เลย", "gf_amount": 3824490.53, "gf_province": "เลย"}, {"bb_amount": 4015100, "bb_province": "สระแก้ว", "gf_amount": 5635724.11, "gf_province": "สระแก้ว"}, {"bb_amount": 4010600, "bb_province": "แพร่", "gf_amount": 4740254.07, "gf_province": "แพร่"}, {"bb_amount": 4006800, "bb_province": "แม่ฮ่องสอน", "gf_amount": 3416132.83, "gf_province": "แม่ฮ่องสอน"}, {"bb_amount": 3980300, "bb_province": "สิงห์บุรี", "gf_amount": 3797102.84, "gf_province": "สิงห์บุรี"}, {"bb_amount": 3980000, "bb_province": "ร้อยเอ็ด", "gf_amount": 4015983.36, "gf_province": "ร้อยเอ็ด"}, {"bb_amount": 3971100, "bb_province": "จันทบุรี", "gf_amount": 4011351.26, "gf_province": "จันทบุรี"}, {"bb_amount": 3952700, "bb_province": "มหาสารคาม", "gf_amount": 4500037.82, "gf_province": "มหาสารคาม"}, {"bb_amount": 3952400, "bb_province": "หนองคาย", "gf_amount": 6896138.23, "gf_province": "หนองคาย"}, {"bb_amount": 3939600, "bb_province": "อุตรดิตถ์", "gf_amount": 3473101, "gf_province": "อุตรดิตถ์"}, {"bb_amount": 3937500, "bb_province": "พัทลุง", "gf_amount": 4799834.51, "gf_province": "พัทลุง"}, {"bb_amount": 3920400, "bb_province": "นนทบุรี", "gf_amount": 4844977, "gf_province": "นนทบุรี"}, {"bb_amount": 3910700, "bb_province": "อ่างทอง", "gf_amount": 4494325.49, "gf_province": "อ่างทอง"}, {"bb_amount": 3880900, "bb_province": "สกลนคร", "gf_amount": 4128312.51, "gf_province": "สกลนคร"}, {"bb_amount": 3874200, "bb_province": "นราธิวาส", "gf_amount": 5111791.06, "gf_province": "นราธิวาส"}, {"bb_amount": 3841000, "bb_province": "น่าน", "gf_amount": 4601350.73, "gf_province": "น่าน"}, {"bb_amount": 3813100, "bb_province": "ราชบุรี", "gf_amount": 3012700.97, "gf_province": "ราชบุรี"}, {"bb_amount": 3809400, "bb_province": "สมุทรปราการ", "gf_amount": 3270324.36, "gf_province": "สมุทรปราการ"}, {"bb_amount": 3793100, "bb_province": "สตูล", "gf_amount": 3512124, "gf_province": "สตูล"}, {"bb_amount": 3786100, "bb_province": "นครนายก", "gf_amount": 4601110.01, "gf_province": "นครนายก"}, {"bb_amount": 3778100, "bb_province": "ประจวบคีรีขันธ์", "gf_amount": 3352936.73, "gf_province": "ประจวบคีรีขันธ์"}, {"bb_amount": 3771700, "bb_province": "ลำพูน", "gf_amount": 3205471.34, "gf_province": "ลำพูน"}, {"bb_amount": 3765800, "bb_province": "ตราด", "gf_amount": 3297632.02, "gf_province": "ตราด"}, {"bb_amount": 3764400, "bb_province": "กระบี่", "gf_amount": 5264894, "gf_province": "กระบี่"}, {"bb_amount": 3704600, "bb_province": "กาฬสินธุ์", "gf_amount": 4215296, "gf_province": "กาฬสินธุ์"}, {"bb_amount": 3700000, "bb_province": "ยโสธร", "gf_amount": 4657256.37, "gf_province": "ยโสธร"}, {"bb_amount": 3687900, "bb_province": "ยะลา", "gf_amount": 5326402.62, "gf_province": "ยะลา"}, {"bb_amount": 3659600, "bb_province": "ลพบุรี", "gf_amount": 4279073.52, "gf_province": "ลพบุรี"}, {"bb_amount": 3651300, "bb_province": "ชัยภูมิ", "gf_amount": 3810617.95, "gf_province": "ชัยภูมิ"}, {"bb_amount": 3642800, "bb_province": "สมุทรสงคราม", "gf_amount": 4104927.25, "gf_province": "สมุทรสงคราม"}, {"bb_amount": 3520100, "bb_province": "มุกดาหาร", "gf_amount": 4866014.86, "gf_province": "มุกดาหาร"}, {"bb_amount": 3495000, "bb_province": "ตรัง", "gf_amount": 3669007.87, "gf_province": "ตรัง"}, {"bb_amount": 3484000, "bb_province": "สระบุรี", "gf_amount": 2726877.02, "gf_province": "สระบุรี"}, {"bb_amount": 3414700, "bb_province": "ชัยนาท", "gf_amount": 4011427.26, "gf_province": "ชัยนาท"}, {"bb_amount": 3311900, "bb_province": "เพชรบุรี", "gf_amount": 2983749.05, "gf_province": "เพชรบุรี"}, {"bb_amount": 3065400, "bb_province": "สุรินทร์", "gf_amount": 3015957.09, "gf_province": "สุรินทร์"}, {"bb_amount": 2893400, "bb_province": "พังงา", "gf_amount": 2736060.77, "gf_province": "พังงา"}, {"bb_amount": 2336700, "bb_province": "ภูเก็ต", "gf_amount": 3558584, "gf_province": "ภูเก็ต"}, {"bb_amount": 2125200, "bb_province": "บึงกาฬ", "gf_amount": 4615314.51, "gf_province": "บึงกาฬ"}], "gf_amount_sum": 636103707.43}
{"bb_code": "1500882005000000", "bb_year": "2559", "amount": 603502300, "min_code": "15000", "agc_code": "15008", "name": "วัสดุคอมพิวเตอร์", "min": "กระทรวงมหาดไทย", "agc": "กรมส่งเสริมการปกครองท้องถิ่น", "plan_name": "พัฒนาประสิทธิภาพการบริหารราชการแผ่นดิน", "stg_name": "ยุทธศาสตร์การบริหารกิจการบ้านเมืองที่ดี", "objc_level1_name": "งบดำเนินงาน", "compare": [{"bb_amount": 603502300, "bb_province": "กรุงเทพมหานคร", "gf_amount": 207725327.12, "gf_province": "ส่วนกลาง"}, {"gf_amount": 9354537.84, "gf_province": "นครราชสีมา", "bb_amount": null, "bb_province": "นครราชสีมา"}, {"gf_amount": 8115868.6, "gf_province": "ขอนแก่น", "bb_amount": null, "bb_province": "ขอนแก่น"}, {"gf_amount": 8095831, "gf_province": "อุบลราชธานี", "bb_amount": null, "bb_province": "อุบลราชธานี"}, {"gf_amount": 8060117, "gf_province": "เชียงใหม่", "bb_amount": null, "bb_province": "เชียงใหม่"}, {"gf_amount": 7450575.98, "gf_province": "บุรีรัมย์", "bb_amount": null, "bb_province": "บุรีรัมย์"}, {"gf_amount": 7243810.6, "gf_province": "ร้อยเอ็ด", "bb_amount": null, "bb_province": "ร้อยเอ็ด"}, {"gf_amount": 7180104.38, "gf_province": "นครศรีธรรมราช", "bb_amount": null, "bb_province": "นครศรีธรรมราช"}, {"gf_amount": 7124696.62, "gf_province": "อุดรธานี", "bb_amount": null, "bb_province": "อุดรธานี"}, {"gf_amount": 7070907.9, "gf_province": "ศรีสะเกษ", "bb_amount": null, "bb_province": "ศรีสะเกษ"}, {"gf_amount": 6260229.49, "gf_province": "กาฬสินธุ์", "bb_amount": null, "bb_province": "กาฬสินธุ์"}, {"gf_amount": 6143826.51, "gf_province": "เชียงราย", "bb_amount": null, "bb_province": "เชียงราย"}, {"gf_amount": 6102572.69, "gf_province": "สงขลา", "bb_amount": null, "bb_province": "สงขลา"}, {"gf_amount": 5738329.2, "gf_province": "สกลนคร", "bb_amount": null, "bb_province": "สกลนคร"}, {"gf_amount": 5694501, "gf_province": "สุรินทร์", "bb_amount": null, "bb_province": "สุรินทร์"}, {"gf_amount": 5559540.84, "gf_province": "สุราษฎร์ธานี", "bb_amount": null, "bb_province": "สุราษฎร์ธานี"}, {"gf_amount": 5528389.54, "gf_province": "นราธิวาส", "bb_amount": null, "bb_province": "นราธิวาส"}, {"gf_amount": 5407544.18, "gf_province": "พระนครศรีอยุธยา", "bb_amount": null, "bb_province": "พระนครศรีอยุธยา"}, {"gf_amount": 5295827.97, "gf_province": "ชัยภูมิ", "bb_amount": null, "bb_province": "ชัยภูมิ"}, {"gf_amount": 5261383.16, "gf_province": "เพชรบูรณ์", "bb_amount": null, "bb_province": "เพชรบูรณ์"}, {"gf_amount": 5127512.67, "gf_province": "สระบุรี", "bb_amount": null, "bb_province": "สระบุรี"}, {"gf_amount": 5097291.7, "gf_province": "ชลบุรี", "bb_amount": null, "bb_province": "ชลบุรี"}, {"gf_amount": 5065776.62, "gf_province": "มหาสารคาม", "bb_amount": null, "bb_province": "มหาสารคาม"}, {"gf_amount": 5031267.21, "gf_province": "นครสวรรค์", "bb_amount": null, "bb_province": "นครสวรรค์"}, {"gf_amount": 4913856, "gf_province": "ปัตตานี", "bb_amount": null, "bb_province": "ปัตตานี"}, {"gf_amount": 4867640.75, "gf_province": "ลพบุรี", "bb_amount": null, "bb_province": "ลพบุรี"}, {"gf_amount": 4795389.71, "gf_province": "ตรัง", "bb_amount": null, "bb_province": "ตรัง"}, {"gf_amount": 4775966.66, "gf_province": "กาญจนบุรี", "bb_amount": null, "bb_province": "กาญจนบุรี"}, {"gf_amount": 4753820, "gf_province": "พิจิตร", "bb_amount": null, "bb_province": "พิจิตร"}, {"gf_amount": 4741014.08, "gf_province": "พิษณุโลก", "bb_amount": null, "bb_province": "พิษณุโลก"}, {"gf_amount": 4720927.67, "gf_province": "เลย", "bb_amount": null, "bb_province": "เลย"}, {"gf_amount": 4689378.13, "gf_province": "ลำปาง", "bb_amount": null, "bb_province": "ลำปาง"}, {"gf_amount": 4674180.71, "gf_province": "น่าน", "bb_amount": null, "bb_province": "น่าน"}, {"gf_amount": 4649177.85, "gf_province": "นครพนม", "bb_amount": null, "bb_province": "นครพนม"}, {"gf_amount": 4489550, "gf_province": "ราชบุรี", "bb_amount": null, "bb_province": "ราชบุรี"}, {"gf_amount": 4390451.75, "gf_province": "สุพรรณบุรี", "bb_amount": null, "bb_province": "สุพรรณบุรี"}, {"gf_amount": 4259736.92, "gf_province": "ยะลา", "bb_amount": null, "bb_province": "ยะลา"}, {"gf_amount": 4169983.85, "gf_province": "พัทลุง", "bb_amount": null, "bb_province": "พัทลุง"}, {"gf_amount": 4148776, "gf_province": "ลำพูน", "bb_amount": null, "bb_province": "ลำพูน"}, {"gf_amount": 4114414.48, "gf_province": "อุตรดิตถ์", "bb_amount": null, "bb_province": "อุตรดิตถ์"}, {"gf_amount": 4041810.65, "gf_province": "พะเยา", "bb_amount": null, "bb_province": "พะเยา"}, {"gf_amount": 4004987.13, "gf_province": "นครปฐม", "bb_amount": null, "bb_province": "นครปฐม"}, {"gf_amount": 3996578.34, "gf_province": "แพร่", "bb_amount": null, "bb_province": "แพร่"}, {"gf_amount": 3990615, "gf_province": "สุโขทัย", "bb_amount": null, "bb_province": "สุโขทัย"}, {"gf_amount": 3985069.8, "gf_province": "ยโสธร", "bb_amount": null, "bb_province": "ยโสธร"}, {"gf_amount": 3883735.75, "gf_province": "กำแพงเพชร", "bb_amount": null, "bb_province": "กำแพงเพชร"}, {"gf_amount": 3834044.86, "gf_province": "อ่างทอง", "bb_amount": null, "bb_province": "อ่างทอง"}, {"gf_amount": 3805514.45, "gf_province": "ตาก", "bb_amount": null, "bb_province": "ตาก"}, {"gf_amount": 3800739.92, "gf_province": "หนองบัวลำภู", "bb_amount": null, "bb_province": "หนองบัวลำภู"}, {"gf_amount": 3789760, "gf_province": "ประจวบคีรีขันธ์", "bb_amount": null, "bb_province": "ประจวบคีรีขันธ์"}, {"gf_amount": 3751743.19, "gf_province": "อุทัยธานี", "bb_amount": null, "bb_province": "อุทัยธานี"}, {"gf_amount": 3748681.73, "gf_province": "อำนาจเจริญ", "bb_amount": null, "bb_province": "อำนาจเจริญ"}, {"gf_amount": 3741683.53, "gf_province": "ชุมพร", "bb_amount": null, "bb_province": "ชุมพร"}, {"gf_amount": 3708342.61, "gf_province": "มุกดาหาร", "bb_amount": null, "bb_province": "มุกดาหาร"}, {"gf_amount": 3628170.6, "gf_province": "หนองคาย", "bb_amount": null, "bb_province": "หนองคาย"}, {"gf_amount": 3572651.73, "gf_province": "จันทบุรี", "bb_amount": null, "bb_province": "จันทบุรี"}, {"gf_amount": 3491391.54, "gf_province": "กระบี่", "bb_amount": null, "bb_province": "กระบี่"}, {"gf_amount": 3490779.95, "gf_province": "ระยอง", "bb_amount": null, "bb_province": "ระยอง"}, {"gf_amount": 3486938.91, "gf_province": "สิงห์บุรี", "bb_amount": null, "bb_province": "สิงห์บุรี"}, {"gf_amount": 3410807.68, "gf_province": "บึงกาฬ", "bb_amount": null, "bb_province": "บึงกาฬ"}, {"gf_amount": 3388807.79, "gf_province": "สระแก้ว", "bb_amount": null, "bb_province": "สระแก้ว"}, {"gf_amount": 3383667.92, "gf_province": "ฉะเชิงเทรา", "bb_amount": null, "bb_province": "ฉะเชิงเทรา"}, {"gf_amount": 3361068.55, "gf_province": "ปราจีนบุรี", "bb_amount": null, "bb_province": "ปราจีนบุรี"}, {"gf_amount": 3354843.17, "gf_province": "ปทุมธานี", "bb_amount": null, "bb_province": "ปทุมธานี"}, {"gf_amount": 3346044.56, "gf_province": "ชัยนาท", "bb_amount": null, "bb_province": "ชัยนาท"}, {"gf_amount": 3291066.72, "gf_province": "แม่ฮ่องสอน", "bb_amount": null, "bb_province": "แม่ฮ่องสอน"}, {"gf_amount": 3277394.13, "gf_province": "สตูล", "bb_amount": null, "bb_province": "สตูล"}, {"gf_amount": 3132967, "gf_province": "พังงา", "bb_amount": null, "bb_province": "พังงา"}, {"gf_amount": 3072699.44, "gf_province": "ตราด", "bb_amount": null, "bb_province": "ตราด"}, {"gf_amount": 3067887.98, "gf_province": "เพชรบุรี", "bb_amount": null, "bb_province": "เพชรบุรี"}, {"gf_amount": 3045487, "gf_province": "ระนอง", "bb_amount": null, "bb_province": "ระนอง"}, {"gf_amount": 2912955.16, "gf_province": "สมุทรปราการ", "bb_amount": null, "bb_province": "สมุทรปราการ"}, {"gf_amount": 2910291.98, "gf_province": "นนทบุรี", "bb_amount": null, "bb_province": "นนทบุรี"}, {"gf_amount": 2718537.79, "gf_province": "ภูเก็ต", "bb_amount": null, "bb_province": "ภูเก็ต"}, {"gf_amount": 2635346.5, "gf_province": "นครนายก", "bb_amount": null, "bb_province": "นครนายก"}, {"gf_amount": 2605373, "gf_province": "สมุทรสาคร", "bb_amount": null, "bb_province": "สมุทรสาคร"}, {"gf_amount": 2519516.04, "gf_province": "สมุทรสงคราม", "bb_amount": null, "bb_province": "สมุทรสงคราม"}], "gf_amount_sum": 555078036.48}
{"bb_code": "1500686002120004", "bb_year": "2559", "amount": 537900000, "min_code": "15000", "agc_code": "15006", "name": "รถยนต์ดับเพลิงชนิดหอน้ำ ขนาดความสูงไม่น้อยกว่า 35 เมตร", "min": "กระทรวงมหาดไทย", "agc": "กรมป้องกันและบรรเทาสาธารณภัย", "plan_name": "ฟื้นฟู ป้องกัน และจัดการภัยพิบัติ ", "stg_name": "ยุทธศาสตร์การจัดการทรัพยากรธรรมชาติและสิ่งแวดล้อม", "objc_level1_name": "งบลงทุน", "compare": [{"bb_amount": 537900000, "bb_province": "กรุงเทพมหานคร", "gf_amount": 80685000, "gf_province": "ส่วนกลาง"}], "gf_amount_sum": 80685000}
{"bb_code": "1500382003000000", "bb_year": "2559", "amount": 525062200, "min_code": "15000", "agc_code": "15003", "name": "ค่าไฟฟ้า", "min": "กระทรวงมหาดไทย", "agc": "กรมการปกครอง", "plan_name": "พัฒนาประสิทธิภาพการบริหารราชการแผ่นดิน", "stg_name": "ยุทธศาสตร์การบริหารกิจการบ้านเมืองที่ดี", "objc_level1_name": "งบดำเนินงาน", "compare": [{"bb_amount": 470730800, "bb_province": "กรุงเทพมหานคร", "gf_amount": 366470836.63, "gf_province": "ส่วนกลาง"}, {"bb_amount": 1873660, "bb_province": "นครราชสีมา", "gf_amount": 3379475, "gf_province": "นครราชสีมา"}, {"bb_amount": 1567610, "bb_province": "เชียงใหม่", "gf_amount": 3014575, "gf_province": "เชียงใหม่"}, {"bb_amount": 1341110, "bb_province": "ขอนแก่น", "gf_amount": 2238389.19, "gf_province": "ขอนแก่น"}, {"bb_amount": 1333910, "bb_province": "อุดรธานี", "gf_amount": 2546202.55, "gf_province": "อุดรธานี"}, {"bb_amount": 1308010, "bb_province": "อุบลราชธานี", "gf_amount": 2025048.8, "gf_province": "อุบลราชธานี"}, {"bb_amount": 1280100, "bb_province": "สุราษฎร์ธานี", "gf_amount": 2353843.3, "gf_province": "สุราษฎร์ธานี"}, {"bb_amount": 1228110, "bb_province": "นครศรีธรรมราช", "gf_amount": 2221760, "gf_province": "นครศรีธรรมราช"}, {"bb_amount": 1200960, "bb_province": "บุรีรัมย์", "gf_amount": 2063145.58, "gf_province": "บุรีรัมย์"}, {"bb_amount": 1157160, "bb_province": "สงขลา", "gf_amount": 2429132.97, "gf_province": "สงขลา"}, {"bb_amount": 1154460, "bb_province": "ศรีสะเกษ", "gf_amount": 2053250.95, "gf_province": "ศรีสะเกษ"}, {"bb_amount": 1068960, "bb_province": "ร้อยเอ็ด", "gf_amount": 1656380, "gf_province": "ร้อยเอ็ด"}, {"bb_amount": 988610, "bb_province": "เชียงราย", "gf_amount": 1662977.36, "gf_province": "เชียงราย"}, {"bb_amount": 984460, "bb_province": "สกลนคร", "gf_amount": 1569760, "gf_province": "สกลนคร"}, {"bb_amount": 984360, "bb_province": "กาฬสินธุ์", "gf_amount": 1473500, "gf_province": "กาฬสินธุ์"}, {"bb_amount": 927510, "bb_province": "สุรินทร์", "gf_amount": 1514670, "gf_province": "สุรินทร์"}, {"bb_amount": 907260, "bb_province": "ชัยภูมิ", "gf_amount": 1644063, "gf_province": "ชัยภูมิ"}, {"bb_amount": 905010, "bb_province": "ชลบุรี", "gf_amount": 1955109.56, "gf_province": "ชลบุรี"}, {"bb_amount": 871860, "bb_province": "พระนครศรีอยุธยา", "gf_amount": 1410140, "gf_province": "พระนครศรีอยุธยา"}, {"bb_amount": 860260, "bb_province": "น่าน", "gf_amount": 1624164.75, "gf_province": "น่าน"}, {"bb_amount": 840510, "bb_province": "นครสวรรค์", "gf_amount": 1365239, "gf_province": "นครสวรรค์"}, {"bb_amount": 836310, "bb_province": "พิษณุโลก", "gf_amount": 2057520, "gf_province": "พิษณุโลก"}, {"bb_amount": 802410, "bb_province": "เลย", "gf_amount": 1400560, "gf_province": "เลย"}, {"bb_amount": 770910, "bb_province": "มหาสารคาม", "gf_amount": 1496390, "gf_province": "มหาสารคาม"}, {"bb_amount": 767760, "bb_province": "กาญจนบุรี", "gf_amount": 1450144.79, "gf_province": "กาญจนบุรี"}, {"bb_amount": 763510, "bb_province": "นราธิวาส", "gf_amount": 1878430, "gf_province": "นราธิวาส"}, {"bb_amount": 747160, "bb_province": "ลำปาง", "gf_amount": 1275407, "gf_province": "ลำปาง"}, {"bb_amount": 739260, "bb_province": "สระบุรี", "gf_amount": 1282260, "gf_province": "สระบุรี"}, {"bb_amount": 723210, "bb_province": "นครปฐม", "gf_amount": 1480531, "gf_province": "นครปฐม"}, {"bb_amount": 715560, "bb_province": "นครพนม", "gf_amount": 1338800, "gf_province": "นครพนม"}, {"bb_amount": 714460, "bb_province": "ปัตตานี", "gf_amount": 1809048.22, "gf_province": "ปัตตานี"}, {"bb_amount": 693360, "bb_province": "พิจิตร", "gf_amount": 1380119.86, "gf_province": "พิจิตร"}, {"bb_amount": 679410, "bb_province": "ลพบุรี", "gf_amount": 1230817.53, "gf_province": "ลพบุรี"}, {"bb_amount": 663610, "bb_province": "เพชรบูรณ์", "gf_amount": 1213079.76, "gf_province": "เพชรบูรณ์"}, {"bb_amount": 661310, "bb_province": "กำแพงเพชร", "gf_amount": 1203020, "gf_province": "กำแพงเพชร"}, {"bb_amount": 653960, "bb_province": "พัทลุง", "gf_amount": 1200751.29, "gf_province": "พัทลุง"}, {"bb_amount": 649710, "bb_province": "ฉะเชิงเทรา", "gf_amount": 1466244.5, "gf_province": "ฉะเชิงเทรา"}, {"bb_amount": 616260, "bb_province": "จันทบุรี", "gf_amount": 1136850, "gf_province": "จันทบุรี"}, {"bb_amount": 614010, "bb_province": "ตรัง", "gf_amount": 911981, "gf_province": "ตรัง"}, {"bb_amount": 609460, "bb_province": "สุพรรณบุรี", "gf_amount": 848326.98, "gf_province": "สุพรรณบุรี"}, {"bb_amount": 604860, "bb_province": "ราชบุรี", "gf_amount": 987269.82, "gf_province": "ราชบุรี"}, {"bb_amount": 594760, "bb_province": "พะเยา", "gf_amount": 1182810, "gf_province": "พะเยา"}, {"bb_amount": 581560, "bb_province": "ตาก", "gf_amount": 894173.09, "gf_province": "ตาก"}, {"bb_amount": 579460, "bb_province": "อุตรดิตถ์", "gf_amount": 1097170, "gf_province": "อุตรดิตถ์"}, {"bb_amount": 570510, "bb_province": "สระแก้ว", "gf_amount": 1121798.37, "gf_province": "สระแก้ว"}, {"bb_amount": 569110, "bb_province": "ยโสธร", "gf_amount": 983944.51, "gf_province": "ยโสธร"}, {"bb_amount": 566760, "bb_province": "หนองคาย", "gf_amount": 1070186, "gf_province": "หนองคาย"}, {"bb_amount": 557260, "bb_province": "สุโขทัย", "gf_amount": 1079600, "gf_province": "สุโขทัย"}, {"bb_amount": 540110, "bb_province": "ระยอง", "gf_amount": 1134355.92, "gf_province": "ระยอง"}, {"bb_amount": 534210, "bb_province": "ประจวบคีรีขันธ์", "gf_amount": 2143416.34, "gf_province": "ประจวบคีรีขันธ์"}, {"bb_amount": 533560, "bb_province": "ยะลา", "gf_amount": 1255227.04, "gf_province": "ยะลา"}, {"bb_amount": 529310, "bb_province": "ชุมพร", "gf_amount": 1035727.21, "gf_province": "ชุมพร"}, {"bb_amount": 528660, "bb_province": "กระบี่", "gf_amount": 1149411.86, "gf_province": "กระบี่"}, {"bb_amount": 527760, "bb_province": "บึงกาฬ", "gf_amount": 713658.85, "gf_province": "บึงกาฬ"}, {"bb_amount": 525960, "bb_province": "พังงา", "gf_amount": 940788.81, "gf_province": "พังงา"}, {"bb_amount": 522810, "bb_province": "ชัยนาท", "gf_amount": 771349.27, "gf_province": "ชัยนาท"}, {"bb_amount": 521210, "bb_province": "เพชรบุรี", "gf_amount": 1915972.22, "gf_province": "เพชรบุรี"}, {"bb_amount": 519660, "bb_province": "แพร่", "gf_amount": 847900.19, "gf_province": "แพร่"}, {"bb_amount": 517760, "bb_province": "ลำพูน", "gf_amount": 962511.05, "gf_province": "ลำพูน"}, {"bb_amount": 517310, "bb_province": "อุทัยธานี", "gf_amount": 816650, "gf_province": "อุทัยธานี"}, {"bb_amount": 505310, "bb_province": "แม่ฮ่องสอน", "gf_amount": 1082075, "gf_province": "แม่ฮ่องสอน"}, {"bb_amount": 485010, "bb_province": "มุกดาหาร", "gf_amount": 752129.1, "gf_province": "มุกดาหาร"}, {"bb_amount": 484210, "bb_province": "ตราด", "gf_amount": 1178276.81, "gf_province": "ตราด"}, {"bb_amount": 481310, "bb_province": "อำนาจเจริญ", "gf_amount": 1046500, "gf_province": "อำนาจเจริญ"}, {"bb_amount": 478860, "bb_province": "ปราจีนบุรี", "gf_amount": 1093520, "gf_province": "ปราจีนบุรี"}, {"bb_amount": 475810, "bb_province": "สตูล", "gf_amount": 1053309.9, "gf_province": "สตูล"}, {"bb_amount": 471360, "bb_province": "อ่างทอง", "gf_amount": 913257.67, "gf_province": "อ่างทอง"}, {"bb_amount": 470460, "bb_province": "ปทุมธานี", "gf_amount": 710380.25, "gf_province": "ปทุมธานี"}, {"bb_amount": 429210, "bb_province": "สิงห์บุรี", "gf_amount": 777571.06, "gf_province": "สิงห์บุรี"}, {"bb_amount": 424060, "bb_province": "นนทบุรี", "gf_amount": 667213.46, "gf_province": "นนทบุรี"}, {"bb_amount": 423810, "bb_province": "สมุทรปราการ", "gf_amount": 825189.29, "gf_province": "สมุทรปราการ"}, {"bb_amount": 419960, "bb_province": "หนองบัวลำภู", "gf_amount": 864758.63, "gf_province": "หนองบัวลำภู"}, {"bb_amount": 396210, "bb_province": "ระนอง", "gf_amount": 981547.36, "gf_province": "ระนอง"}, {"bb_amount": 342160, "bb_province": "นครนายก", "gf_amount": 773449.03, "gf_province": "นครนายก"}, {"bb_amount": 304960, "bb_province": "ภูเก็ต", "gf_amount": 454450, "gf_province": "ภูเก็ต"}, {"bb_amount": 298710, "bb_province": "สมุทรสาคร", "gf_amount": 425070.62, "gf_province": "สมุทรสาคร"}, {"bb_amount": 291860, "bb_province": "สมุทรสงคราม", "gf_amount": 574240, "gf_province": "สมุทรสงคราม"}], "gf_amount_sum": 469008804.3}
{"bb_code": "1500883002500021", "bb_year": "2559", "amount": 493404000, "min_code": "15000", "agc_code": "15008", "name": "เงินอุดหนุนสำหรับสนับสนุนการสงเคราะห์เบี้ยยังชีพผู้ป่วยเอดส์", "min": "กระทรวงมหาดไทย", "agc": "กรมส่งเสริมการปกครองท้องถิ่น", "plan_name": "ส่งเสริมการกระจายอำนาจให้แก่องค์กรปกครองส่วนท้องถิ่น", "stg_name": "ยุทธศาสตร์การบริหารกิจการบ้านเมืองที่ดี", "objc_level1_name": "งบอุดหนุน", "compare": [{"bb_amount": 42384000, "bb_province": "เชียงราย"}, {"bb_amount": 30294000, "bb_province": "เชียงใหม่"}, {"bb_amount": 21762000, "bb_province": "พะเยา"}, {"bb_amount": 15174000, "bb_province": "ขอนแก่น"}, {"bb_amount": 15114000, "bb_province": "นครศรีธรรมราช"}, {"bb_amount": 14580000, "bb_province": "ลำปาง"}, {"bb_amount": 14370000, "bb_province": "บุรีรัมย์"}, {"bb_amount": 13668000, "bb_province": "สุรินทร์"}, {"bb_amount": 13344000, "bb_province": "อุดรธานี"}, {"bb_amount": 12804000, "bb_province": "ศรีสะเกษ"}, {"bb_amount": 12732000, "bb_province": "นครราชสีมา"}, {"bb_amount": 12018000, "bb_province": "อุบลราชธานี"}, {"bb_amount": 11868000, "bb_province": "ร้อยเอ็ด"}, {"bb_amount": 11130000, "bb_province": "ชัยภูมิ"}, {"bb_amount": 10704000, "bb_province": "สกลนคร"}, {"bb_amount": 10122000, "bb_province": "กาฬสินธุ์"}, {"bb_amount": 9252000, "bb_province": "จันทบุรี"}, {"bb_amount": 8838000, "bb_province": "ระยอง"}, {"bb_amount": 8310000, "bb_province": "ลำพูน"}, {"bb_amount": 8052000, "bb_province": "เพชรบูรณ์"}, {"bb_amount": 7296000, "bb_province": "มหาสารคาม"}, {"bb_amount": 7242000, "bb_province": "ชลบุรี"}, {"bb_amount": 6726000, "bb_province": "สุพรรณบุรี"}, {"bb_amount": 6210000, "bb_province": "แพร่"}, {"bb_amount": 6132000, "bb_province": "นครสวรรค์"}, {"bb_amount": 5844000, "bb_province": "เพชรบุรี"}, {"bb_amount": 5460000, "bb_province": "สุราษฎร์ธานี"}, {"bb_amount": 5118000, "bb_province": "เลย"}, {"bb_amount": 5106000, "bb_province": "สงขลา"}, {"bb_amount": 4986000, "bb_province": "พิษณุโลก"}, {"bb_amount": 4764000, "bb_province": "สระแก้ว"}, {"bb_amount": 4722000, "bb_province": "ประจวบคีรีขันธ์"}, {"bb_amount": 4608000, "bb_province": "กาญจนบุรี"}, {"bb_amount": 4536000, "bb_province": "กำแพงเพชร"}, {"bb_amount": 4494000, "bb_province": "ลพบุรี"}, {"bb_amount": 4470000, "bb_province": "ราชบุรี"}, {"bb_amount": 4230000, "bb_province": "หนองบัวลำภู"}, {"bb_amount": 4206000, "bb_province": "สุโขทัย"}, {"bb_amount": 4104000, "bb_province": "สมุทรปราการ"}, {"bb_amount": 4056000, "bb_province": "พิจิตร"}, {"bb_amount": 4050000, "bb_province": "ตราด"}, {"bb_amount": 4044000, "bb_province": "ยโสธร"}, {"bb_amount": 3924000, "bb_province": "นครพนม"}, {"bb_amount": 3882000, "bb_province": "อุตรดิตถ์"}, {"bb_amount": 3780000, "bb_province": "พัทลุง"}, {"bb_amount": 3774000, "bb_province": "น่าน"}, {"bb_amount": 3654000, "bb_province": "หนองคาย"}, {"bb_amount": 3582000, "bb_province": "ปทุมธานี"}, {"bb_amount": 3534000, "bb_province": "อำนาจเจริญ"}, {"bb_amount": 3510000, "bb_province": "นนทบุรี"}, {"bb_amount": 3420000, "bb_province": "นครปฐม"}, {"bb_amount": 3390000, "bb_province": "ฉะเชิงเทรา"}, {"bb_amount": 3336000, "bb_province": "ตาก"}, {"bb_amount": 3270000, "bb_province": "ตรัง"}, {"bb_amount": 3036000, "bb_province": "ปราจีนบุรี"}, {"bb_amount": 2946000, "bb_province": "บึงกาฬ"}, {"bb_amount": 2778000, "bb_province": "ชุมพร"}, {"bb_amount": 2760000, "bb_province": "สตูล"}, {"bb_amount": 2754000, "bb_province": "นราธิวาส"}, {"bb_amount": 2382000, "bb_province": "มุกดาหาร"}, {"bb_amount": 2328000, "bb_province": "สมุทรสาคร"}, {"bb_amount": 2256000, "bb_province": "สระบุรี"}, {"bb_amount": 2136000, "bb_province": "แม่ฮ่องสอน"}, {"bb_amount": 1926000, "bb_province": "พระนครศรีอยุธยา"}, {"bb_amount": 1800000, "bb_province": "อุทัยธานี"}, {"bb_amount": 1656000, "bb_province": "นครนายก"}, {"bb_amount": 1614000, "bb_province": "ชัยนาท"}, {"bb_amount": 1584000, "bb_province": "กระบี่"}, {"bb_amount": 1392000, "bb_province": "สิงห์บุรี"}, {"bb_amount": 1308000, "bb_province": "ยะลา"}, {"bb_amount": 1290000, "bb_province": "ระนอง"}, {"bb_amount": 1170000, "bb_province": "พังงา"}, {"bb_amount": 1164000, "bb_province": "อ่างทอง"}, {"bb_amount": 1152000, "bb_province": "ปัตตานี"}, {"bb_amount": 1014000, "bb_province": "ภูเก็ต"}, {"bb_amount": 978000, "bb_province": "สมุทรสงคราม"}, {"gf_amount": 493404000, "gf_province": "ส่วนกลาง", "bb_amount": null, "bb_province": "กรุงเทพมหานคร"}], "gf_amount_sum": 493404000}
{"bb_code": "1500983006500001", "bb_year": "2559", "amount": 492492000, "min_code": "15000", "agc_code": "15009", "name": "เงินอุดหนุนเป็นค่าอาหารเสริม (นม)", "min": "กระทรวงมหาดไทย", "agc": "กรุงเทพมหานคร", "plan_name": "ส่งเสริมการกระจายอำนาจให้แก่องค์กรปกครองส่วนท้องถิ่น", "stg_name": "ยุทธศาสตร์การบริหารกิจการบ้านเมืองที่ดี", "objc_level1_name": "งบอุดหนุน", "compare": [{"bb_amount": 492492000, "bb_province": "กรุงเทพมหานคร", "gf_amount": 492492000, "gf_province": "ส่วนกลาง"}], "gf_amount_sum": 492492000}
{"bb_code": "1500983035500001", "bb_year": "2559", "amount": 488470200, "min_code": "15000", "agc_code": "15009", "name": "เงินอุดหนุนเป็นเงินเดือนและค่าจ้างประจำ", "min": "กระทรวงมหาดไทย", "agc": "กรุงเทพมหานคร", "plan_name": "ส่งเสริมการกระจายอำนาจให้แก่องค์กรปกครองส่วนท้องถิ่น", "stg_name": "ยุทธศาสตร์การบริหารกิจการบ้านเมืองที่ดี", "objc_level1_name": "งบอุดหนุน", "compare": [{"bb_amount": 488470200, "bb_province": "กรุงเทพมหานคร", "gf_amount": 488470200, "gf_province": "ส่วนกลาง"}], "gf_amount_sum": 488470200}
{"bb_code": "1500382009700005", "bb_year": "2559", "amount": 484650000, "min_code": "15000", "agc_code": "15003", "name": "ค่าตอบแทนพิเศษรายเดือนกำนัน ผู้ใหญ่บ้านฯที่ปฏิบัติงานในเขตพื้นที่พิเศษ(จังหวัดชายแดนภาคใต้)", "min": "กระทรวงมหาดไทย", "agc": "กรมการปกครอง", "plan_name": "พัฒนาประสิทธิภาพการบริหารราชการแผ่นดิน", "stg_name": "ยุทธศาสตร์การบริหารกิจการบ้านเมืองที่ดี", "objc_level1_name": "งบดำเนินงาน", "compare": [{"bb_amount": 160330500, "bb_province": "ปัตตานี"}, {"bb_amount": 143666700, "bb_province": "นราธิวาส"}, {"bb_amount": 93352800, "bb_province": "ยะลา"}, {"bb_amount": 87300000, "bb_province": "สงขลา"}], "gf_amount_sum": 0}
{"bb_code": "1500889014500003", "bb_year": "2559", "amount": 484330900, "min_code": "15000", "agc_code": "15008", "name": "ค่าหนังสือเรียน", "min": "กระทรวงมหาดไทย", "agc": "กรมส่งเสริมการปกครองท้องถิ่น", "plan_name": "สนับสนุนการจัดการศึกษาขั้นพื้นฐาน", "stg_name": "ยุทธศาสตร์การศึกษา สาธารณสุข คุณธรรม จริยธรรม และคุณภาพชีวิต", "objc_level1_name": "งบอุดหนุน", "compare": [{"bb_amount": 484330900, "bb_province": "กรุงเทพมหานคร", "gf_amount": 484311278, "gf_province": "ส่วนกลาง"}], "gf_amount_sum": 484311278}
{"bb_code": "1500720001000000", "bb_year": "2559", "amount": 473388000, "min_code": "15000", "agc_code": "15007", "name": "วัสดุแผนที่ภาพถ่ายออร์โธสี", "min": "กระทรวงมหาดไทย", "agc": "กรมโยธาธิการและผังเมือง", "plan_name": "รักษาความมั่นคงของฐานทรัพยากรธรรมชาติและแก้ปัญหาที่ดินทำกิน", "stg_name": "ยุทธศาสตร์การจัดการทรัพยากรธรรมชาติและสิ่งแวดล้อม", "objc_level1_name": "งบบุคลากร", "compare": [{"bb_amount": 473388000, "bb_province": "กรุงเทพมหานคร", "gf_amount": 406917151.86, "gf_province": "ส่วนกลาง"}, {"gf_amount": 1063320, "gf_province": "สมุทรสงคราม", "bb_amount": null, "bb_province": "สมุทรสงคราม"}, {"gf_amount": 1000560, "gf_province": "สุราษฎร์ธานี", "bb_amount": null, "bb_province": "สุราษฎร์ธานี"}, {"gf_amount": 996530, "gf_province": "หนองคาย", "bb_amount": null, "bb_province": "หนองคาย"}, {"gf_amount": 985300, "gf_province": "มหาสารคาม", "bb_amount": null, "bb_province": "มหาสารคาม"}, {"gf_amount": 981000, "gf_province": "หนองบัวลำภู", "bb_amount": null, "bb_province": "หนองบัวลำภู"}, {"gf_amount": 971726.14, "gf_province": "มุกดาหาร", "bb_amount": null, "bb_province": "มุกดาหาร"}, {"gf_amount": 960480, "gf_province": "สมุทรสาคร", "bb_amount": null, "bb_province": "สมุทรสาคร"}, {"gf_amount": 957607, "gf_province": "จันทบุรี", "bb_amount": null, "bb_province": "จันทบุรี"}, {"gf_amount": 947909.9, "gf_province": "นครปฐม", "bb_amount": null, "bb_province": "นครปฐม"}, {"gf_amount": 943320, "gf_province": "ลพบุรี", "bb_amount": null, "bb_province": "ลพบุรี"}, {"gf_amount": 943220, "gf_province": "เพชรบูรณ์", "bb_amount": null, "bb_province": "เพชรบูรณ์"}, {"gf_amount": 940800, "gf_province": "ปทุมธานี", "bb_amount": null, "bb_province": "ปทุมธานี"}, {"gf_amount": 929006.13, "gf_province": "ยโสธร", "bb_amount": null, "bb_province": "ยโสธร"}, {"gf_amount": 916200, "gf_province": "พระนครศรีอยุธยา", "bb_amount": null, "bb_province": "พระนครศรีอยุธยา"}, {"gf_amount": 916009.63, "gf_province": "บึงกาฬ", "bb_amount": null, "bb_province": "บึงกาฬ"}, {"gf_amount": 906549, "gf_province": "อำนาจเจริญ", "bb_amount": null, "bb_province": "อำนาจเจริญ"}, {"gf_amount": 872030.97, "gf_province": "สุพรรณบุรี", "bb_amount": null, "bb_province": "สุพรรณบุรี"}, {"gf_amount": 818674.84, "gf_province": "นครสวรรค์", "bb_amount": null, "bb_province": "นครสวรรค์"}, {"gf_amount": 802900, "gf_province": "สิงห์บุรี", "bb_amount": null, "bb_province": "สิงห์บุรี"}, {"gf_amount": 766440, "gf_province": "เชียงใหม่", "bb_amount": null, "bb_province": "เชียงใหม่"}, {"gf_amount": 765470, "gf_province": "อุดรธานี", "bb_amount": null, "bb_province": "อุดรธานี"}, {"gf_amount": 755640, "gf_province": "เลย", "bb_amount": null, "bb_province": "เลย"}, {"gf_amount": 752400, "gf_province": "อ่างทอง", "bb_amount": null, "bb_province": "อ่างทอง"}, {"gf_amount": 751680, "gf_province": "อุทัยธานี", "bb_amount": null, "bb_province": "อุทัยธานี"}, {"gf_amount": 747600, "gf_province": "อุตรดิตถ์", "bb_amount": null, "bb_province": "อุตรดิตถ์"}, {"gf_amount": 746160, "gf_province": "ชัยนาท", "bb_amount": null, "bb_province": "ชัยนาท"}, {"gf_amount": 744720, "gf_province": "ตรัง", "bb_amount": null, "bb_province": "ตรัง"}, {"gf_amount": 743640, "gf_province": "ชุมพร", "bb_amount": null, "bb_province": "ชุมพร"}, {"gf_amount": 743160, "gf_province": "สระบุรี", "bb_amount": null, "bb_province": "สระบุรี"}, {"gf_amount": 739800, "gf_province": "พังงา", "bb_amount": null, "bb_province": "พังงา"}, {"gf_amount": 737760, "gf_province": "นครราชสีมา", "bb_amount": null, "bb_province": "นครราชสีมา"}, {"gf_amount": 736920, "gf_province": "นครศรีธรรมราช", "bb_amount": null, "bb_province": "นครศรีธรรมราช"}, {"gf_amount": 735360, "gf_province": "กระบี่", "bb_amount": null, "bb_province": "กระบี่"}, {"gf_amount": 733200, "gf_province": "ระยอง", "bb_amount": null, "bb_province": "ระยอง"}, {"gf_amount": 732840, "gf_province": "แพร่", "bb_amount": null, "bb_province": "แพร่"}, {"gf_amount": 730200, "gf_province": "ขอนแก่น", "bb_amount": null, "bb_province": "ขอนแก่น"}, {"gf_amount": 729840, "gf_province": "เชียงราย", "bb_amount": null, "bb_province": "เชียงราย"}, {"gf_amount": 724320, "gf_province": "พิษณุโลก", "bb_amount": null, "bb_province": "พิษณุโลก"}, {"gf_amount": 723240, "gf_province": "ศรีสะเกษ", "bb_amount": null, "bb_province": "ศรีสะเกษ"}, {"gf_amount": 722970, "gf_province": "พะเยา", "bb_amount": null, "bb_province": "พะเยา"}, {"gf_amount": 722040, "gf_province": "ลำปาง", "bb_amount": null, "bb_province": "ลำปาง"}, {"gf_amount": 720480, "gf_province": "กาญจนบุรี", "bb_amount": null, "bb_province": "กาญจนบุรี"}, {"gf_amount": 718440, "gf_province": "นครนายก", "bb_amount": null, "bb_province": "นครนายก"}, {"gf_amount": 714720, "gf_province": "สุรินทร์", "bb_amount": null, "bb_province": "สุรินทร์"}, {"gf_amount": 713918.56, "gf_province": "นครพนม", "bb_amount": null, "bb_province": "นครพนม"}, {"gf_amount": 709200, "gf_province": "ยะลา", "bb_amount": null, "bb_province": "ยะลา"}, {"gf_amount": 708120, "gf_province": "สมุทรปราการ", "bb_amount": null, "bb_province": "สมุทรปราการ"}, {"gf_amount": 707760, "gf_province": "อุบลราชธานี", "bb_amount": null, "bb_province": "อุบลราชธานี"}, {"gf_amount": 706400, "gf_province": "นราธิวาส", "bb_amount": null, "bb_province": "นราธิวาส"}, {"gf_amount": 702236, "gf_province": "ปราจีนบุรี", "bb_amount": null, "bb_province": "ปราจีนบุรี"}, {"gf_amount": 701880, "gf_province": "สกลนคร", "bb_amount": null, "bb_province": "สกลนคร"}, {"gf_amount": 701280, "gf_province": "เพชรบุรี", "bb_amount": null, "bb_province": "เพชรบุรี"}, {"gf_amount": 700269.27, "gf_province": "ร้อยเอ็ด", "bb_amount": null, "bb_province": "ร้อยเอ็ด"}, {"gf_amount": 699600, "gf_province": "สุโขทัย", "bb_amount": null, "bb_province": "สุโขทัย"}, {"gf_amount": 699600, "gf_province": "สงขลา", "bb_amount": null, "bb_province": "สงขลา"}, {"gf_amount": 698760, "gf_province": "ระนอง", "bb_amount": null, "bb_province": "ระนอง"}, {"gf_amount": 698280, "gf_province": "ภูเก็ต", "bb_amount": null, "bb_province": "ภูเก็ต"}, {"gf_amount": 697320, "gf_province": "นนทบุรี", "bb_amount": null, "bb_province": "นนทบุรี"}, {"gf_amount": 687840, "gf_province": "พัทลุง", "bb_amount": null, "bb_province": "พัทลุง"}, {"gf_amount": 684840, "gf_province": "ตราด", "bb_amount": null, "bb_province": "ตราด"}, {"gf_amount": 679440, "gf_province": "ประจวบคีรีขันธ์", "bb_amount": null, "bb_province": "ประจวบคีรีขันธ์"}, {"gf_amount": 678360, "gf_province": "ฉะเชิงเทรา", "bb_amount": null, "bb_province": "ฉะเชิงเทรา"}, {"gf_amount": 677429.75, "gf_province": "พิจิตร", "bb_amount": null, "bb_province": "พิจิตร"}, {"gf_amount": 676080, "gf_province": "แม่ฮ่องสอน", "bb_amount": null, "bb_province": "แม่ฮ่องสอน"}, {"gf_amount": 675720, "gf_province": "ชัยภูมิ", "bb_amount": null, "bb_province": "ชัยภูมิ"}, {"gf_amount": 672360, "gf_province": "บุรีรัมย์", "bb_amount": null, "bb_province": "บุรีรัมย์"}, {"gf_amount": 667830, "gf_province": "ลำพูน", "bb_amount": null, "bb_province": "ลำพูน"}, {"gf_amount": 666596.13, "gf_province": "สตูล", "bb_amount": null, "bb_province": "สตูล"}, {"gf_amount": 663660, "gf_province": "ราชบุรี", "bb_amount": null, "bb_province": "ราชบุรี"}, {"gf_amount": 661915, "gf_province": "กาฬสินธุ์", "bb_amount": null, "bb_province": "กาฬสินธุ์"}, {"gf_amount": 660511.03, "gf_province": "กำแพงเพชร", "bb_amount": null, "bb_province": "กำแพงเพชร"}, {"gf_amount": 643831.61, "gf_province": "น่าน", "bb_amount": null, "bb_province": "น่าน"}, {"gf_amount": 641411.29, "gf_province": "ตาก", "bb_amount": null, "bb_province": "ตาก"}, {"gf_amount": 619100, "gf_province": "ปัตตานี", "bb_amount": null, "bb_province": "ปัตตานี"}, {"gf_amount": 562180, "gf_province": "ชลบุรี", "bb_amount": null, "bb_province": "ชลบุรี"}, {"gf_amount": 534120, "gf_province": "สระแก้ว", "bb_amount": null, "bb_province": "สระแก้ว"}], "gf_amount_sum": 464807184.11}
{"bb_code": "1500385008500001", "bb_year": "2559", "amount": 472560000, "min_code": "15000", "agc_code": "15003", "name": "เงินอุดหนุนโครงการเสริมสร้างความเข้มแข็งในการรักษาความสงบเรียบร้อยและป้องกันตนเองของประชาชนในหมู่บ้านจังหวัดชายแดนภาคใต้", "min": "กระทรวงมหาดไทย", "agc": "กรมการปกครอง", "plan_name": "แก้ไขปัญหาและพัฒนาจังหวัดชายแดนภาคใต้", "stg_name": "ยุทธศาสตร์เร่งรัดวางรากฐานการพัฒนาที่ยั่งยืนของประเทศ", "objc_level1_name": "งบอุดหนุน", "compare": [{"bb_amount": 153840000, "bb_province": "ปัตตานี", "gf_amount": 153830000, "gf_province": "ปัตตานี"}, {"bb_amount": 141360000, "bb_province": "นราธิวาส", "gf_amount": 141360000, "gf_province": "นราธิวาส"}, {"bb_amount": 90960000, "bb_province": "ยะลา", "gf_amount": 90960000, "gf_province": "ยะลา"}, {"bb_amount": 86400000, "bb_province": "สงขลา", "gf_amount": 86233000, "gf_province": "สงขลา"}], "gf_amount_sum": 472383000}
{"bb_code": "1500686002000000", "bb_year": "2559", "amount": 445448000, "min_code": "15000", "agc_code": "15006", "name": "วัสดุคอมพิวเตอร์", "min": "กระทรวงมหาดไทย", "agc": "กรมป้องกันและบรรเทาสาธารณภัย", "plan_name": "ฟื้นฟู ป้องกัน และจัดการภัยพิบัติ ", "stg_name": "ยุทธศาสตร์การจัดการทรัพยากรธรรมชาติและสิ่งแวดล้อม", "objc_level1_name": "งบบุคลากร", "compare": [{"bb_amount": 38354500, "bb_province": "กรุงเทพมหานคร", "gf_amount": 434495761.6, "gf_province": "ส่วนกลาง"}, {"bb_amount": 29189900, "bb_province": "ลำปาง"}, {"bb_amount": 28547000, "bb_province": "ขอนแก่น"}, {"bb_amount": 27290400, "bb_province": "นครราชสีมา"}, {"bb_amount": 25507500, "bb_province": "สกลนคร"}, {"bb_amount": 25110200, "bb_province": "สงขลา"}, {"bb_amount": 24949500, "bb_province": "สุราษฎร์ธานี"}, {"bb_amount": 24241900, "bb_province": "กำแพงเพชร"}, {"bb_amount": 20437900, "bb_province": "ปทุมธานี"}, {"bb_amount": 19947200, "bb_province": "ปราจีนบุรี"}, {"bb_amount": 18145600, "bb_province": "ประจวบคีรีขันธ์"}, {"bb_amount": 16537000, "bb_province": "พิษณุโลก"}, {"bb_amount": 16467100, "bb_province": "สุพรรณบุรี"}, {"bb_amount": 4431200, "bb_province": "เชียงใหม่"}, {"bb_amount": 3742900, "bb_province": "กาฬสินธุ์"}, {"bb_amount": 3344500, "bb_province": "ศรีสะเกษ"}, {"bb_amount": 3226000, "bb_province": "กาญจนบุรี"}, {"bb_amount": 3200300, "bb_province": "นครศรีธรรมราช"}, {"bb_amount": 3015800, "bb_province": "อุดรธานี"}, {"bb_amount": 2924700, "bb_province": "บึงกาฬ"}, {"bb_amount": 2898500, "bb_province": "น่าน"}, {"bb_amount": 2881500, "bb_province": "นราธิวาส"}, {"bb_amount": 2842500, "bb_province": "ตาก"}, {"bb_amount": 2805900, "bb_province": "จันทบุรี"}, {"bb_amount": 2798200, "bb_province": "เชียงราย"}, {"bb_amount": 2782100, "bb_province": "สุรินทร์"}, {"bb_amount": 2682200, "bb_province": "นครปฐม"}, {"bb_amount": 2639300, "bb_province": "มหาสารคาม"}, {"bb_amount": 2560100, "bb_province": "หนองคาย"}, {"bb_amount": 2447600, "bb_province": "อุทัยธานี"}, {"bb_amount": 2381000, "bb_province": "ภูเก็ต"}, {"bb_amount": 2344800, "bb_province": "บุรีรัมย์"}, {"bb_amount": 2307000, "bb_province": "สมุทรสาคร"}, {"bb_amount": 2305300, "bb_province": "สระบุรี"}, {"bb_amount": 2288700, "bb_province": "อุบลราชธานี"}, {"bb_amount": 2264100, "bb_province": "เพชรบุรี"}, {"bb_amount": 2226800, "bb_province": "ร้อยเอ็ด"}, {"bb_amount": 2147800, "bb_province": "อ่างทอง"}, {"bb_amount": 2140100, "bb_province": "นครพนม"}, {"bb_amount": 2113300, "bb_province": "ฉะเชิงเทรา"}, {"bb_amount": 2052400, "bb_province": "ชัยภูมิ"}, {"bb_amount": 2039500, "bb_province": "พระนครศรีอยุธยา"}, {"bb_amount": 2022700, "bb_province": "ปัตตานี"}, {"bb_amount": 2003400, "bb_province": "อุตรดิตถ์"}, {"bb_amount": 2002700, "bb_province": "นครสวรรค์"}, {"bb_amount": 1999200, "bb_province": "ชัยนาท"}, {"bb_amount": 1985400, "bb_province": "สุโขทัย"}, {"bb_amount": 1905600, "bb_province": "พิจิตร"}, {"bb_amount": 1868900, "bb_province": "ชุมพร"}, {"bb_amount": 1835100, "bb_province": "เพชรบูรณ์"}, {"bb_amount": 1832100, "bb_province": "ลพบุรี"}, {"bb_amount": 1821500, "bb_province": "ยโสธร"}, {"bb_amount": 1743400, "bb_province": "เลย"}, {"bb_amount": 1743100, "bb_province": "กระบี่"}, {"bb_amount": 1674100, "bb_province": "ระยอง"}, {"bb_amount": 1656700, "bb_province": "ตราด"}, {"bb_amount": 1594300, "bb_province": "สมุทรสงคราม"}, {"bb_amount": 1575900, "bb_province": "ลำพูน"}, {"bb_amount": 1524900, "bb_province": "พัทลุง"}, {"bb_amount": 1510200, "bb_province": "สิงห์บุรี"}, {"bb_amount": 1430200, "bb_province": "นนทบุรี"}, {"bb_amount": 1398200, "bb_province": "ยะลา"}, {"bb_amount": 1386600, "bb_province": "อำนาจเจริญ"}, {"bb_amount": 1352800, "bb_province": "สตูล"}, {"bb_amount": 1318300, "bb_province": "ราชบุรี"}, {"bb_amount": 1279000, "bb_province": "นครนายก"}, {"bb_amount": 1272700, "bb_province": "แม่ฮ่องสอน"}, {"bb_amount": 1251500, "bb_province": "สระแก้ว"}, {"bb_amount": 1225500, "bb_province": "สมุทรปราการ"}, {"bb_amount": 1224500, "bb_province": "ชลบุรี"}, {"bb_amount": 1202200, "bb_province": "แพร่"}, {"bb_amount": 1182200, "bb_province": "หนองบัวลำภู"}, {"bb_amount": 1161700, "bb_province": "ตรัง"}, {"bb_amount": 1058100, "bb_province": "มุกดาหาร"}, {"bb_amount": 1031700, "bb_province": "พะเยา"}, {"bb_amount": 1027600, "bb_province": "พังงา"}, {"bb_amount": 642200, "bb_province": "ระนอง"}, {"bb_amount": 144000, "bb_province": "ส่วนกลาง"}], "gf_amount_sum": 434495761.6}
{"bb_code": "1500889014500005", "bb_year": "2559", "amount": 436241700, "min_code": "15000", "agc_code": "15008", "name": "ค่ากิจกรรมพัฒนาคุณภาพผู้เรียน", "min": "กระทรวงมหาดไทย", "agc": "กรมส่งเสริมการปกครองท้องถิ่น", "plan_name": "สนับสนุนการจัดการศึกษาขั้นพื้นฐาน", "stg_name": "ยุทธศาสตร์การศึกษา สาธารณสุข คุณธรรม จริยธรรม และคุณภาพชีวิต", "objc_level1_name": "งบอุดหนุน", "compare": [{"bb_amount": 436241700, "bb_province": "กรุงเทพมหานคร", "gf_amount": 436241202, "gf_province": "ส่วนกลาง"}], "gf_amount_sum": 436241202}
{"bb_code": "1500294027000000", "bb_year": "2559", "amount": 377748700, "min_code": "15000", "agc_code": "15002", "name": "วัสดุคอมพิวเตอร์", "min": "กระทรวงมหาดไทย", "agc": "สนง.ปลัดกระทรวงมหาดไทย", "plan_name": "พัฒนาเศรษฐกิจดิจิทัล", "stg_name": "ยุทธศาสตร์เร่งรัดวางรากฐานการพัฒนาที่ยั่งยืนของประเทศ", "objc_level1_name": "งบดำเนินงาน", "compare": [{"bb_amount": 377364700, "bb_province": "กรุงเทพมหานคร", "gf_amount": 289993954.88, "gf_province": "ส่วนกลาง"}, {"bb_amount": 32000, "bb_province": "นครสวรรค์", "gf_amount": 28700, "gf_province": "นครสวรรค์"}, {"bb_amount": 32000, "bb_province": "เชียงใหม่", "gf_amount": 410900, "gf_province": "เชียงใหม่"}, {"bb_amount": 32000, "bb_province": "อุดรธานี", "gf_amount": 848300.9, "gf_province": "อุดรธานี"}, {"bb_amount": 32000, "bb_province": "สุราษฎร์ธานี", "gf_amount": 114586.75, "gf_province": "สุราษฎร์ธานี"}, {"bb_amount": 32000, "bb_province": "พระนครศรีอยุธยา", "gf_amount": 140861.19, "gf_province": "พระนครศรีอยุธยา"}, {"bb_amount": 32000, "bb_province": "ชลบุรี", "gf_amount": 879132, "gf_province": "ชลบุรี"}, {"bb_amount": 32000, "bb_province": "นครปฐม", "gf_amount": 21400, "gf_province": "นครปฐม"}, {"bb_amount": 32000, "bb_province": "พิษณุโลก", "gf_amount": 177600, "gf_province": "พิษณุโลก"}, {"bb_amount": 32000, "bb_province": "สงขลา", "gf_amount": 152452.99, "gf_province": "สงขลา"}, {"bb_amount": 32000, "bb_province": "นครราชสีมา", "gf_amount": 8560, "gf_province": "นครราชสีมา"}, {"bb_amount": 32000, "bb_province": "ขอนแก่น", "gf_amount": 939971.98, "gf_province": "ขอนแก่น"}, {"bb_amount": 32000, "bb_province": "นครศรีธรรมราช", "gf_amount": 438745.99, "gf_province": "นครศรีธรรมราช"}, {"gf_amount": 2129000, "gf_province": "น่าน", "bb_amount": null, "bb_province": "น่าน"}, {"gf_amount": 1981984.1, "gf_province": "หนองคาย", "bb_amount": null, "bb_province": "หนองคาย"}, {"gf_amount": 1757998.69, "gf_province": "ปราจีนบุรี", "bb_amount": null, "bb_province": "ปราจีนบุรี"}, {"gf_amount": 1610500.97, "gf_province": "หนองบัวลำภู", "bb_amount": null, "bb_province": "หนองบัวลำภู"}, {"gf_amount": 1515125.78, "gf_province": "สมุทรปราการ", "bb_amount": null, "bb_province": "สมุทรปราการ"}, {"gf_amount": 1028532.5, "gf_province": "อำนาจเจริญ", "bb_amount": null, "bb_province": "อำนาจเจริญ"}, {"gf_amount": 911834.35, "gf_province": "สระแก้ว", "bb_amount": null, "bb_province": "สระแก้ว"}, {"gf_amount": 902375.41, "gf_province": "อุบลราชธานี", "bb_amount": null, "bb_province": "อุบลราชธานี"}, {"gf_amount": 804921.28, "gf_province": "กาฬสินธุ์", "bb_amount": null, "bb_province": "กาฬสินธุ์"}, {"gf_amount": 751877.43, "gf_province": "ร้อยเอ็ด", "bb_amount": null, "bb_province": "ร้อยเอ็ด"}, {"gf_amount": 696000, "gf_province": "เชียงราย", "bb_amount": null, "bb_province": "เชียงราย"}, {"gf_amount": 690000, "gf_province": "สมุทรสาคร", "bb_amount": null, "bb_province": "สมุทรสาคร"}, {"gf_amount": 676689.72, "gf_province": "ศรีสะเกษ", "bb_amount": null, "bb_province": "ศรีสะเกษ"}, {"gf_amount": 662691.92, "gf_province": "บึงกาฬ", "bb_amount": null, "bb_province": "บึงกาฬ"}, {"gf_amount": 637475.17, "gf_province": "ระนอง", "bb_amount": null, "bb_province": "ระนอง"}, {"gf_amount": 633000, "gf_province": "มุกดาหาร", "bb_amount": null, "bb_province": "มุกดาหาร"}, {"gf_amount": 565000, "gf_province": "มหาสารคาม", "bb_amount": null, "bb_province": "มหาสารคาม"}, {"gf_amount": 469346.51, "gf_province": "ปทุมธานี", "bb_amount": null, "bb_province": "ปทุมธานี"}, {"gf_amount": 445591.53, "gf_province": "จันทบุรี", "bb_amount": null, "bb_province": "จันทบุรี"}, {"gf_amount": 422721.5, "gf_province": "แพร่", "bb_amount": null, "bb_province": "แพร่"}, {"gf_amount": 419999.36, "gf_province": "สุพรรณบุรี", "bb_amount": null, "bb_province": "สุพรรณบุรี"}, {"gf_amount": 380832.9, "gf_province": "ลพบุรี", "bb_amount": null, "bb_province": "ลพบุรี"}, {"gf_amount": 367930.17, "gf_province": "เพชรบูรณ์", "bb_amount": null, "bb_province": "เพชรบูรณ์"}, {"gf_amount": 354000, "gf_province": "บุรีรัมย์", "bb_amount": null, "bb_province": "บุรีรัมย์"}, {"gf_amount": 320000, "gf_province": "อุตรดิตถ์", "bb_amount": null, "bb_province": "อุตรดิตถ์"}, {"gf_amount": 296380.2, "gf_province": "นราธิวาส", "bb_amount": null, "bb_province": "นราธิวาส"}, {"gf_amount": 289029.1, "gf_province": "นครนายก", "bb_amount": null, "bb_province": "นครนายก"}, {"gf_amount": 282447.24, "gf_province": "สุรินทร์", "bb_amount": null, "bb_province": "สุรินทร์"}, {"gf_amount": 268976.87, "gf_province": "พิจิตร", "bb_amount": null, "bb_province": "พิจิตร"}, {"gf_amount": 259988.36, "gf_province": "กาญจนบุรี", "bb_amount": null, "bb_province": "กาญจนบุรี"}, {"gf_amount": 215000, "gf_province": "ลำพูน", "bb_amount": null, "bb_province": "ลำพูน"}, {"gf_amount": 207911.74, "gf_province": "เพชรบุรี", "bb_amount": null, "bb_province": "เพชรบุรี"}, {"gf_amount": 195397.34, "gf_province": "ตรัง", "bb_amount": null, "bb_province": "ตรัง"}, {"gf_amount": 183171.14, "gf_province": "เลย", "bb_amount": null, "bb_province": "เลย"}, {"gf_amount": 179910.78, "gf_province": "อ่างทอง", "bb_amount": null, "bb_province": "อ่างทอง"}, {"gf_amount": 174053.86, "gf_province": "พัทลุง", "bb_amount": null, "bb_province": "พัทลุง"}, {"gf_amount": 172252.84, "gf_province": "สระบุรี", "bb_amount": null, "bb_province": "สระบุรี"}, {"gf_amount": 144000, "gf_province": "กำแพงเพชร", "bb_amount": null, "bb_province": "กำแพงเพชร"}, {"gf_amount": 123480, "gf_province": "สตูล", "bb_amount": null, "bb_province": "สตูล"}, {"gf_amount": 75000, "gf_province": "นครพนม", "bb_amount": null, "bb_province": "นครพนม"}, {"gf_amount": 63000, "gf_province": "ชัยนาท", "bb_amount": null, "bb_province": "ชัยนาท"}, {"gf_amount": 36553.55, "gf_province": "ลำปาง", "bb_amount": null, "bb_province": "ลำปาง"}, {"gf_amount": 30028.67, "gf_province": "ฉะเชิงเทรา", "bb_amount": null, "bb_province": "ฉะเชิงเทรา"}, {"gf_amount": 28938, "gf_province": "สกลนคร", "bb_amount": null, "bb_province": "สกลนคร"}, {"gf_amount": 19720, "gf_province": "ตราด", "bb_amount": null, "bb_province": "ตราด"}, {"gf_amount": 14500, "gf_province": "พะเยา", "bb_amount": null, "bb_province": "พะเยา"}, {"gf_amount": 5328, "gf_province": "อุทัยธานี", "bb_amount": null, "bb_province": "อุทัยธานี"}], "gf_amount_sum": 318555663.66}
{"bb_code": "1500883002500011", "bb_year": "2559", "amount": 368370000, "min_code": "15000", "agc_code": "15008", "name": "เงินอุดหนุนสำหรับค่าตอบแทนพิเศษรายเดือนให้แก่เจ้าหน้าที่ผู้ปฏิบัติงานขององค์กรปกครองส่วนท้องถิ่นในพื้นที่จังหวัดชายแดนภาคใต้", "min": "กระทรวงมหาดไทย", "agc": "กรมส่งเสริมการปกครองท้องถิ่น", "plan_name": "ส่งเสริมการกระจายอำนาจให้แก่องค์กรปกครองส่วนท้องถิ่น", "stg_name": "ยุทธศาสตร์การบริหารกิจการบ้านเมืองที่ดี", "objc_level1_name": "งบอุดหนุน", "compare": [{"bb_amount": 121650000, "bb_province": "ยะลา"}, {"bb_amount": 112680000, "bb_province": "นราธิวาส"}, {"bb_amount": 92520000, "bb_province": "ปัตตานี"}, {"bb_amount": 41520000, "bb_province": "สงขลา"}, {"gf_amount": 362511621.61, "gf_province": "ส่วนกลาง", "bb_amount": null, "bb_province": "กรุงเทพมหานคร"}], "gf_amount_sum": 362511621.61}
{"bb_code": "1500520002000000", "bb_year": "2559", "amount": 344054500, "min_code": "15000", "agc_code": "15005", "name": "วัสดุก่อสร้าง", "min": "กระทรวงมหาดไทย", "agc": "กรมที่ดิน", "plan_name": "รักษาความมั่นคงของฐานทรัพยากรธรรมชาติและแก้ปัญหาที่ดินทำกิน", "stg_name": "ยุทธศาสตร์การจัดการทรัพยากรธรรมชาติและสิ่งแวดล้อม", "objc_level1_name": "งบบุคลากร", "compare": [{"bb_amount": 344054500, "bb_province": "กรุงเทพมหานคร", "gf_amount": 312929522.2, "gf_province": "ส่วนกลาง"}], "gf_amount_sum": 312929522.2}
{"bb_code": "1500282003420006", "bb_year": "2559", "amount": 340460400, "min_code": "15000", "agc_code": "15002", "name": "ค่าก่อสร้างศูนย์ราชการจังหวัดน่านพร้อมสิ่งก่อสร้างประกอบ", "min": "กระทรวงมหาดไทย", "agc": "สนง.ปลัดกระทรวงมหาดไทย", "plan_name": "พัฒนาประสิทธิภาพการบริหารราชการแผ่นดิน", "stg_name": "ยุทธศาสตร์การบริหารกิจการบ้านเมืองที่ดี", "objc_level1_name": "งบลงทุน", "compare": [{"bb_amount": 340460400, "bb_province": "น่าน", "gf_amount": 171249600, "gf_province": "น่าน"}], "gf_amount_sum": 171249600}
{"bb_code": "1500686002120003", "bb_year": "2559", "amount": 323064000, "min_code": "15000", "agc_code": "15006", "name": "รถยนต์บรรทุกชุดเครื่องสูบน้ำท่วม/ขังระยะไกลอัตราการสูบ ไม่น้อยกว่า 50,000 ลิตร/นาที พร้อมอุปกรณ์", "min": "กระทรวงมหาดไทย", "agc": "กรมป้องกันและบรรเทาสาธารณภัย", "plan_name": "ฟื้นฟู ป้องกัน และจัดการภัยพิบัติ ", "stg_name": "ยุทธศาสตร์การจัดการทรัพยากรธรรมชาติและสิ่งแวดล้อม", "objc_level1_name": "งบลงทุน", "compare": [{"bb_amount": 323064000, "bb_province": "กรุงเทพมหานคร", "gf_amount": 48459600, "gf_province": "ส่วนกลาง"}], "gf_amount_sum": 48459600}
{"bb_code": "1500974055500001", "bb_year": "2559", "amount": 318604800, "min_code": "15000", "agc_code": "15009", "name": "สนับสนุนสงเคราะห์เบี้ยยังชีพผู้พิการ", "min": "กระทรวงมหาดไทย", "agc": "กรุงเทพมหานคร", "plan_name": "เสริมสร้างสวัสดิการสังคมและยกระดับคุณภาพชีวิต", "stg_name": "ยุทธศาสตร์การศึกษา สาธารณสุข คุณธรรม จริยธรรม และคุณภาพชีวิต", "objc_level1_name": "งบอุดหนุน", "compare": [{"bb_amount": 318604800, "bb_province": "กรุงเทพมหานคร", "gf_amount": 318604800, "gf_province": "ส่วนกลาง"}], "gf_amount_sum": 318604800}
