{"bb_code": "1500883002600BF7", "bb_year": "2559", "amount": 3696900, "min_code": "15000", "agc_code": "15008", "name": "บำรุงรักษาซ่อมแซมถนน รบ ๔๐๔๐ สายบ้านหัวรอ - บ้านท่าชุมพล ตำบลนางแก้ว ตำบลท่าชุมพล อำเภอโพธาราม ด้วยวิธี PAVEMENT IN PLACE RECYCLING  กว้าง ๖ เมตร ยาว ๑,๒๕๐ เมตร อบจ.ราชบุรี อ.โพธาราม จ.ราชบุรี", "min": "กระทรวงมหาดไทย", "agc": "กรมส่งเสริมการปกครองท้องถิ่น", "plan_name": "ส่งเสริมการกระจายอำนาจให้แก่องค์กรปกครองส่วนท้องถิ่น", "stg_name": "ยุทธศาสตร์การบริหารกิจการบ้านเมืองที่ดี", "objc_level1_name": "งบลงทุน", "compare": [{"bb_amount": 3696900, "bb_province": "ราชบุรี"}], "gf_amount_sum": 0}
{"bb_code": "1500883002600HT3", "bb_year": "2559", "amount": 3696400, "min_code": "15000", "agc_code": "15008", "name": "ซ่อมสร้างถนนคอนกรีตเสริมเหล็ก สายบ้านสนามบิน - บ้านงิ้วใหญ่ กว้าง ๖ เมตร ยาว ๑,๒๔๐ เมตร หนา ๐.๑๕ เมตร ไหล่ทางกว้างเฉลี่ยข้างละ ๐.๕๐ เมตร อบต.อุ่มจาน อ.กุสุมาลย์ จ.สกลนคร", "min": "กระทรวงมหาดไทย", "agc": "กรมส่งเสริมการปกครองท้องถิ่น", "plan_name": "ส่งเสริมการกระจายอำนาจให้แก่องค์กรปกครองส่วนท้องถิ่น", "stg_name": "ยุทธศาสตร์การบริหารกิจการบ้านเมืองที่ดี", "objc_level1_name": "งบลงทุน", "compare": [{"bb_amount": 3696400, "bb_province": "สกลนคร"}], "gf_amount_sum": 0}
{"bb_code": "1500883002600R88", "bb_year": "2559", "amount": 3686300, "min_code": "15000", "agc_code": "15008", "name": "ปรับปรุงผิวจราจรลาดยาง Asphaltic Concrete สายบ้านวังน้ำเย็น - บ้านดอนไข่เต่า ตำบลวังน้ำเย็น, วัดโบสถ์ กว้าง ๖ เมตร ยาว ๑,๘๕๐ เมตร หนา ๐.๐๓ เมตร ไหล่ทาง Asphaltic Concrete กว้างข้างละ ๑ เมตร พื้นที่ไม่", "min": "กระทรวงมหาดไทย", "agc": "กรมส่งเสริมการปกครองท้องถิ่น", "plan_name": "ส่งเสริมการกระจายอำนาจให้แก่องค์กรปกครองส่วนท้องถิ่น", "stg_name": "ยุทธศาสตร์การบริหารกิจการบ้านเมืองที่ดี", "objc_level1_name": "งบลงทุน", "compare": [{"bb_amount": 3686300, "bb_province": "สุพรรณบุรี"}], "gf_amount_sum": 0}
{"bb_code": "1500786007420402", "bb_year": "2559", "amount": 3685500, "min_code": "15000", "agc_code": "15007", "name": "เขื่อนป้องกันตลิ่งริมคลองสุนัขหอน บริเวณบ้านบางน้ำวน ม.4 ต.บางโทรัด อ.เมือง จ.สมุทรสาคร ความยาว 210 เมตร", "min": "กระทรวงมหาดไทย", "agc": "กรมโยธาธิการและผังเมือง", "plan_name": "ฟื้นฟู ป้องกัน และจัดการภัยพิบัติ ", "stg_name": "ยุทธศาสตร์การจัดการทรัพยากรธรรมชาติและสิ่งแวดล้อม", "objc_level1_name": "งบลงทุน", "compare": [{"bb_amount": 3685500, "bb_province": "สมุทรสาคร", "gf_amount": 3685500, "gf_province": "สมุทรสาคร"}], "gf_amount_sum": 3685500}
{"bb_code": "1500822040600AU1", "bb_year": "2559", "amount": 3684000, "min_code": "15000", "agc_code": "15008", "name": "ก่อสร้างระบบประปาหมู่บ้าน แบบผิวดินขนาดใหญ่ บ้านหัวเหว่ หมู่ที่ ๑๑  ตำบลโขงเจียม ตามแบบมาตรฐานกรมทรัพยากรน้ำ อบต.โขงเจียม อ.โขงเจียม จ.อุบลราชธานี", "min": "กระทรวงมหาดไทย", "agc": "กรมส่งเสริมการปกครองท้องถิ่น", "plan_name": "บริหารจัดการทรัพยากรน้ำ", "stg_name": "ยุทธศาสตร์เร่งรัดวางรากฐานการพัฒนาที่ยั่งยืนของประเทศ", "objc_level1_name": "งบลงทุน", "compare": [{"bb_amount": 3684000, "bb_province": "อุบลราชธานี"}], "gf_amount_sum": 0}
{"bb_code": "1500883002600L71", "bb_year": "2559", "amount": 3683400, "min_code": "15000", "agc_code": "15008", "name": "ซ่อมสร้างถนนแอสฟัลท์ติกคอนกรีต สายบ้านนาขามป้อม  - บ้านสองคน กว้าง  ๖ เมตร  ยาว ๙๓๐ เมตร  พร้อมไหล่ทางกว้างข้างละ ๑ เมตร  อบต.ป่งขามดงหมู อ.หว้านใหญ่ จ.มุกดาหาร", "min": "กระทรวงมหาดไทย", "agc": "กรมส่งเสริมการปกครองท้องถิ่น", "plan_name": "ส่งเสริมการกระจายอำนาจให้แก่องค์กรปกครองส่วนท้องถิ่น", "stg_name": "ยุทธศาสตร์การบริหารกิจการบ้านเมืองที่ดี", "objc_level1_name": "งบลงทุน", "compare": [{"bb_amount": 3683400, "bb_province": "มุกดาหาร"}], "gf_amount_sum": 0}
{"bb_code": "1500883002600BC5", "bb_year": "2559", "amount": 3682900, "min_code": "15000", "agc_code": "15008", "name": "ปรับปรุงถนนแอสฟัลท์ติกคอนกรีต สาย อท. ๒๐๒๕ บ้านม่วงคัน - บ้านท่าตะโก กว้าง ๖ เมตร ยาว ๑,๘๔๐ เมตร หนา ๐.๐๓ เมตร ไหล่ทางแอสฟัลท์ติกคอนกรีตกว้างข้างละ ๑.๐๐ เมตร พื้นที่ไม่น้อยกว่า ๑๔,๗๒๐ ตารางเมตร อบจ.อ่", "min": "กระทรวงมหาดไทย", "agc": "กรมส่งเสริมการปกครองท้องถิ่น", "plan_name": "ส่งเสริมการกระจายอำนาจให้แก่องค์กรปกครองส่วนท้องถิ่น", "stg_name": "ยุทธศาสตร์การบริหารกิจการบ้านเมืองที่ดี", "objc_level1_name": "งบลงทุน", "compare": [{"bb_amount": 3682900, "bb_province": "อ่างทอง"}], "gf_amount_sum": 0}
{"bb_code": "1500822040600Q11", "bb_year": "2559", "amount": 3681300, "min_code": "15000", "agc_code": "15008", "name": "ก่อสร้างประปาหมู่บ้าน แบบผิวดินขนาดกลาง หมู่ที่ ๑๐ บ้านสาคลี่ ตำบลพนม รายละเอียดตามปริมาณงานและแบบแปลนที่องค์การบริหารส่วนตำบลพนมกำหนด อบต.พนม อ.พนม จ.สุราษฎร์ธานี", "min": "กระทรวงมหาดไทย", "agc": "กรมส่งเสริมการปกครองท้องถิ่น", "plan_name": "บริหารจัดการทรัพยากรน้ำ", "stg_name": "ยุทธศาสตร์เร่งรัดวางรากฐานการพัฒนาที่ยั่งยืนของประเทศ", "objc_level1_name": "งบลงทุน", "compare": [{"bb_amount": 3681300, "bb_province": "สุราษฎร์ธานี"}], "gf_amount_sum": 0}
{"bb_code": "1500883002600O32", "bb_year": "2559", "amount": 3680500, "min_code": "15000", "agc_code": "15008", "name": "ปรับปรุงซ่อมแซมถนนลาดยางแอสฟัลท์ติกคอนกรีต สายบ้านหมู่ที่ ๓,๖ -วัดโพธิ์มุตาราม ตำบลคลองเขื่อน  กว้าง ๖ เมตร ยาว ๑,๓๒๐ เมตร หนา ๐.๐๕ เมตร  อบต.คลองเขื่อน อ.คลองเขื่อน จ.ฉะเชิงเทรา", "min": "กระทรวงมหาดไทย", "agc": "กรมส่งเสริมการปกครองท้องถิ่น", "plan_name": "ส่งเสริมการกระจายอำนาจให้แก่องค์กรปกครองส่วนท้องถิ่น", "stg_name": "ยุทธศาสตร์การบริหารกิจการบ้านเมืองที่ดี", "objc_level1_name": "งบลงทุน", "compare": [{"bb_amount": 3680500, "bb_province": "ฉะเชิงเทรา"}], "gf_amount_sum": 0}
{"bb_code": "1500883002600R99", "bb_year": "2559", "amount": 3679900, "min_code": "15000", "agc_code": "15008", "name": "ปรับปรุงผิวจราจรลาดยาง Asphaltic Concrete สายบ้านหนองโพธิ์ - บ้านวังตะกู ตำบลศรีสำราญ กว้าง ๖ เมตร ยาว ๑,๘๕๐ เมตร หนา ๐.๐๓ เมตร ไหล่ทาง Asphaltic Concrete กว้างข้างละ ๑ เมตร พื้นที่ไม่น้อยกว่า ๑๔,๘๐๐", "min": "กระทรวงมหาดไทย", "agc": "กรมส่งเสริมการปกครองท้องถิ่น", "plan_name": "ส่งเสริมการกระจายอำนาจให้แก่องค์กรปกครองส่วนท้องถิ่น", "stg_name": "ยุทธศาสตร์การบริหารกิจการบ้านเมืองที่ดี", "objc_level1_name": "งบลงทุน", "compare": [{"bb_amount": 3679900, "bb_province": "สุพรรณบุรี"}], "gf_amount_sum": 0}
{"bb_code": "1500822040600D15", "bb_year": "2559", "amount": 3676400, "min_code": "15000", "agc_code": "15008", "name": "ก่อสร้างประปาหมู่บ้านแบบบาดาลขนาดใหญ่มากบ้านแหลมจองถนน หมู่ที่ ๑ ตำบลจองถนน ตามแบบมาตรฐานกรมทรัพยากรน้ำ ทต.จองถนน อ.เขาชัยสน จ.พัทลุง", "min": "กระทรวงมหาดไทย", "agc": "กรมส่งเสริมการปกครองท้องถิ่น", "plan_name": "บริหารจัดการทรัพยากรน้ำ", "stg_name": "ยุทธศาสตร์เร่งรัดวางรากฐานการพัฒนาที่ยั่งยืนของประเทศ", "objc_level1_name": "งบลงทุน", "compare": [{"bb_amount": 3676400, "bb_province": "พัทลุง"}], "gf_amount_sum": 0}
{"bb_code": "1500883002600R27", "bb_year": "2559", "amount": 3670800, "min_code": "15000", "agc_code": "15008", "name": "ซ่อมแซมถนนลาดยางสายบางกรักกลาง - บางกรักเหนือ (ต่อโครงการเดิม) หมู่ที่ ๙ บ้านบางกรักใน ตำบลโคกเคียน เชื่อมกับถนนลูกรังสายอ่าวป้าเผียน หมู่ที่ ๖ ตำบลบางนายสี มีพื้นที่ไม่น้อยกว่า ๑๐,๑๓๒ ตารางเมตร  อบต.", "min": "กระทรวงมหาดไทย", "agc": "กรมส่งเสริมการปกครองท้องถิ่น", "plan_name": "ส่งเสริมการกระจายอำนาจให้แก่องค์กรปกครองส่วนท้องถิ่น", "stg_name": "ยุทธศาสตร์การบริหารกิจการบ้านเมืองที่ดี", "objc_level1_name": "งบลงทุน", "compare": [{"bb_amount": 3670800, "bb_province": "พังงา"}], "gf_amount_sum": 0}
{"bb_code": "1500883002600R28", "bb_year": "2559", "amount": 3670800, "min_code": "15000", "agc_code": "15008", "name": "ซ่อมสร้างถนนลาดยางสายทางแยกทางหลวงหมายเลข ๔ - บ้านสวนพลู ตำบลโคกเจริญ โดยซ่อมสร้างถนนลาดยางผิวจราจรแอสฟัลท์ติกคอนกรีต จาก กม. ๐+๐๐๐ ถึง กม. ๖+๑๑๕ กว้าง ๖ เมตร ยาว ๖,๑๑๕ เมตร ไหล่ทางแอสฟัลท์ติกคอนกรีตก", "min": "กระทรวงมหาดไทย", "agc": "กรมส่งเสริมการปกครองท้องถิ่น", "plan_name": "ส่งเสริมการกระจายอำนาจให้แก่องค์กรปกครองส่วนท้องถิ่น", "stg_name": "ยุทธศาสตร์การบริหารกิจการบ้านเมืองที่ดี", "objc_level1_name": "งบลงทุน", "compare": [{"bb_amount": 3670800, "bb_province": "พังงา"}], "gf_amount_sum": 0}
{"bb_code": "1500883002600O06", "bb_year": "2559", "amount": 3670800, "min_code": "15000", "agc_code": "15008", "name": "ซ่อมสร้างผิวทางแอสฟัลท์ติกคอนกรีต บ้านเอียน หมู่ที่ ๑๔ ถึง บ้านหัวดง หมู่ที่ ๑๒ กว้าง ๖ เมตร  ยาว ๑,๘๓๐ เมตร   ทต.หงาว อ.เทิง จ.เชียงราย", "min": "กระทรวงมหาดไทย", "agc": "กรมส่งเสริมการปกครองท้องถิ่น", "plan_name": "ส่งเสริมการกระจายอำนาจให้แก่องค์กรปกครองส่วนท้องถิ่น", "stg_name": "ยุทธศาสตร์การบริหารกิจการบ้านเมืองที่ดี", "objc_level1_name": "งบลงทุน", "compare": [{"bb_amount": 3670800, "bb_province": "เชียงราย"}], "gf_amount_sum": 0}
{"bb_code": "1500883002600R33", "bb_year": "2559", "amount": 3670800, "min_code": "15000", "agc_code": "15008", "name": "ซ่อมสร้างผิวจราจรแอสฟัลท์ติกคอนกรีต สายบ้านบางเหรียงเหนือ - บ้านบางเหรียงใน หมู่ที่ ๑,๔ ตำบลบางเหรียง กว้าง ๘ เมตร รวมไหล่ทางยาว ๑,๐๐๐ เมตร หนา ๐.๐๔ เมตร หรือมีพื้นที่ไม่น้อยกว่า ๘,๐๐๐ ตารางเมตร  อบต.", "min": "กระทรวงมหาดไทย", "agc": "กรมส่งเสริมการปกครองท้องถิ่น", "plan_name": "ส่งเสริมการกระจายอำนาจให้แก่องค์กรปกครองส่วนท้องถิ่น", "stg_name": "ยุทธศาสตร์การบริหารกิจการบ้านเมืองที่ดี", "objc_level1_name": "งบลงทุน", "compare": [{"bb_amount": 3670800, "bb_province": "พังงา"}], "gf_amount_sum": 0}
{"bb_code": "1500822040600Y12", "bb_year": "2559", "amount": 3670000, "min_code": "15000", "agc_code": "15008", "name": "ก่อสร้างระบบประปาหมู่บ้าน แบบบาดาลขนาดใหญ่ บ้านคำมันปลา หมู่ที่ ๘ ตำบลคำเขื่อนแก้ว ตามแบบมาตรฐานกรมทรัพยากรน้ำ อบต.คำเขื่อนแก้ว อ.สิรินธร จ.อุบลราชธานี", "min": "กระทรวงมหาดไทย", "agc": "กรมส่งเสริมการปกครองท้องถิ่น", "plan_name": "บริหารจัดการทรัพยากรน้ำ", "stg_name": "ยุทธศาสตร์เร่งรัดวางรากฐานการพัฒนาที่ยั่งยืนของประเทศ", "objc_level1_name": "งบลงทุน", "compare": [{"bb_amount": 3670000, "bb_province": "อุบลราชธานี"}], "gf_amount_sum": 0}
{"bb_code": "1500822040600Y13", "bb_year": "2559", "amount": 3670000, "min_code": "15000", "agc_code": "15008", "name": "ก่อสร้างระบบประปาหมู่บ้าน แบบบาดาลขนาดใหญ่ บ้านคีรีเขต หมู่ที่ ๙  ตำบลคำเขื่อนแก้ว ตามแบบมาตรฐานกรมทรัพยากรน้ำ อบต.คำเขื่อนแก้ว อ.สิรินธร จ.อุบลราชธานี", "min": "กระทรวงมหาดไทย", "agc": "กรมส่งเสริมการปกครองท้องถิ่น", "plan_name": "บริหารจัดการทรัพยากรน้ำ", "stg_name": "ยุทธศาสตร์เร่งรัดวางรากฐานการพัฒนาที่ยั่งยืนของประเทศ", "objc_level1_name": "งบลงทุน", "compare": [{"bb_amount": 3670000, "bb_province": "อุบลราชธานี"}], "gf_amount_sum": 0}
{"bb_code": "1500883002600Y23", "bb_year": "2559", "amount": 3666900, "min_code": "15000", "agc_code": "15008", "name": "ก่อสร้างถนนลาดยางเคพซีล (โดยวิธี Pavement In-Place Recycling) แยกทางหลวงชนบทหมายเลข ๒๑๔ - บ้านโนนม่วง หมู่ที่ ๓ ตำบลโนนตาล มีพื้นที่ไม่น้อยกว่า ๘,๘๗๔ ตารางเมตร ทต.โนนตาล อ.เมืองร้อยเอ็ด จ.ร้อยเอ็ด", "min": "กระทรวงมหาดไทย", "agc": "กรมส่งเสริมการปกครองท้องถิ่น", "plan_name": "ส่งเสริมการกระจายอำนาจให้แก่องค์กรปกครองส่วนท้องถิ่น", "stg_name": "ยุทธศาสตร์การบริหารกิจการบ้านเมืองที่ดี", "objc_level1_name": "งบลงทุน", "compare": [{"bb_amount": 3666900, "bb_province": "ร้อยเอ็ด"}], "gf_amount_sum": 0}
{"bb_code": "1500720001700051", "bb_year": "2559", "amount": 3665900, "min_code": "15000", "agc_code": "15007", "name": "การวางผังเมืองรวมจังหวัดลพบุรี หนองคาย บึงกาฬ", "min": "กระทรวงมหาดไทย", "agc": "กรมโยธาธิการและผังเมือง", "plan_name": "รักษาความมั่นคงของฐานทรัพยากรธรรมชาติและแก้ปัญหาที่ดินทำกิน", "stg_name": "ยุทธศาสตร์การจัดการทรัพยากรธรรมชาติและสิ่งแวดล้อม", "objc_level1_name": "งบลงทุน", "compare": [{"bb_amount": 3665900, "bb_province": "ลพบุรี"}], "gf_amount_sum": 0}
{"bb_code": "1500883002600R14", "bb_year": "2559", "amount": 3663100, "min_code": "15000", "agc_code": "15008", "name": " ปรับปรุงถนนแอสฟัลท์ติกคอนกรีตสายบ้านห้วยน้ำขาว - บ้านท่าประดู่ หมู่ที่ ๗,๘,๔ กว้าง ๖ เมตร ยาว  ๑,๓๘๐ เมตร  หนา  ๐.๐๔ เมตร พื้นที่ไม่น้อยกว่า ๑๑,๐๔๐ ตารางเมตร  ไหล่ทางช้างละ ๑ เมตร  อบต.ห้วยน้ำขาว อ.ค", "min": "กระทรวงมหาดไทย", "agc": "กรมส่งเสริมการปกครองท้องถิ่น", "plan_name": "ส่งเสริมการกระจายอำนาจให้แก่องค์กรปกครองส่วนท้องถิ่น", "stg_name": "ยุทธศาสตร์การบริหารกิจการบ้านเมืองที่ดี", "objc_level1_name": "งบลงทุน", "compare": [{"bb_amount": 3663100, "bb_province": "กระบี่"}], "gf_amount_sum": 0}
