{"bb_code": "1500822040600DH6", "bb_year": "2559", "amount": 3663000, "min_code": "15000", "agc_code": "15008", "name": "ปรับปรุงซ่อมแซมสถานีสูบน้ำด้วยไฟฟ้า บ้านท่าข่อย ม.8 อบต.คูเมือง อ.หนองบัวแดง จ.ชัยภูมิ", "min": "กระทรวงมหาดไทย", "agc": "กรมส่งเสริมการปกครองท้องถิ่น", "plan_name": "บริหารจัดการทรัพยากรน้ำ", "stg_name": "ยุทธศาสตร์เร่งรัดวางรากฐานการพัฒนาที่ยั่งยืนของประเทศ", "objc_level1_name": "งบลงทุน", "compare": [{"bb_amount": 3663000, "bb_province": "ชัยภูมิ"}], "gf_amount_sum": 0}
{"bb_code": "1500822040600B40", "bb_year": "2559", "amount": 3662600, "min_code": "15000", "agc_code": "15008", "name": "ก่อสร้างระบบประปาหมู่บ้านแบบประปาบาดาลขนาดกลาง หมู่ที่ ๑,๒,๓,๔,๕ ตำบลวังพัฒนา ตามแบบองค์การบริหารส่วนตำบลวังพัฒนา อบต.วังพัฒนา อ.บางซ้าย จ.พระนครศรีอยุธยา", "min": "กระทรวงมหาดไทย", "agc": "กรมส่งเสริมการปกครองท้องถิ่น", "plan_name": "บริหารจัดการทรัพยากรน้ำ", "stg_name": "ยุทธศาสตร์เร่งรัดวางรากฐานการพัฒนาที่ยั่งยืนของประเทศ", "objc_level1_name": "งบลงทุน", "compare": [{"bb_amount": 3662600, "bb_province": "พระนครศรีอยุธยา"}], "gf_amount_sum": 0}
{"bb_code": "1500883002600EW1", "bb_year": "2559", "amount": 3656400, "min_code": "15000", "agc_code": "15008", "name": "ซ่อมสร้างถนนคอนกรีตเสริมเหล็ก สายทาง ลป.ถ. ๑-๐๐๐๔ บ้านสบต๋ำ - บ้านแม่กึ๊ด ช่วงบ้านแม่กึ๊ด หมู่ที่ ๑ ตำบลทุ่งงาม กว้าง ๕ เมตร ยาว ๑,๓๒๐ เมตร หนา ๐.๑๕ เมตร  อบจ.ลำปาง อ.เสริมงาม จ.ลำปาง", "min": "กระทรวงมหาดไทย", "agc": "กรมส่งเสริมการปกครองท้องถิ่น", "plan_name": "ส่งเสริมการกระจายอำนาจให้แก่องค์กรปกครองส่วนท้องถิ่น", "stg_name": "ยุทธศาสตร์การบริหารกิจการบ้านเมืองที่ดี", "objc_level1_name": "งบลงทุน", "compare": [{"bb_amount": 3656400, "bb_province": "ลำปาง"}], "gf_amount_sum": 0}
{"bb_code": "1500822040600F07", "bb_year": "2559", "amount": 3655800, "min_code": "15000", "agc_code": "15008", "name": "ก่อสร้างระบบประปาหมู่บ้าน แบบผิวดินขนาดใหญ่ บ้านท่าแดง หมู่ที่ ๓ ตำบลสัมฤทธิ์ ตามแบบมาตรฐานกรมทรัพยากรน้ำ อบต.สัมฤทธิ์ อ.พิมาย จ.นครราชสีมา", "min": "กระทรวงมหาดไทย", "agc": "กรมส่งเสริมการปกครองท้องถิ่น", "plan_name": "บริหารจัดการทรัพยากรน้ำ", "stg_name": "ยุทธศาสตร์เร่งรัดวางรากฐานการพัฒนาที่ยั่งยืนของประเทศ", "objc_level1_name": "งบลงทุน", "compare": [{"bb_amount": 3655800, "bb_province": "นครราชสีมา"}], "gf_amount_sum": 0}
{"bb_code": "1500720001700052", "bb_year": "2559", "amount": 3654000, "min_code": "15000", "agc_code": "15007", "name": "โครงการเสริมสร้างภาคีเครือข่ายความร่วมมือในระดับพื้นที่จังหวัด กลุ่มจังหวัด และระหว่างประเทศ", "min": "กระทรวงมหาดไทย", "agc": "กรมโยธาธิการและผังเมือง", "plan_name": "รักษาความมั่นคงของฐานทรัพยากรธรรมชาติและแก้ปัญหาที่ดินทำกิน", "stg_name": "ยุทธศาสตร์การจัดการทรัพยากรธรรมชาติและสิ่งแวดล้อม", "objc_level1_name": "งบลงทุน", "compare": [{"bb_amount": 3654000, "bb_province": "กรุงเทพมหานคร"}], "gf_amount_sum": 0}
{"bb_code": "1500785013410053", "bb_year": "2559", "amount": 3653300, "min_code": "15000", "agc_code": "15007", "name": "โครงการปรับปรุงถนนในชุมชน สายซอย 8 เชื่อม 9 หมู่ที่ 7 ตำบลควนกาหลง อำเภอควนกาหลง จังหวัดสตูล กว้าง 4 เมตร ระยะทาง 1.400 กิโลเมตร", "min": "กระทรวงมหาดไทย", "agc": "กรมโยธาธิการและผังเมือง", "plan_name": "แก้ไขปัญหาและพัฒนาจังหวัดชายแดนภาคใต้", "stg_name": "ยุทธศาสตร์เร่งรัดวางรากฐานการพัฒนาที่ยั่งยืนของประเทศ", "objc_level1_name": "งบลงทุน", "compare": [{"bb_amount": 3653300, "bb_province": "สตูล", "gf_amount": 3652000, "gf_province": "สตูล"}], "gf_amount_sum": 3652000}
{"bb_code": "1500822040600F67", "bb_year": "2559", "amount": 3652800, "min_code": "15000", "agc_code": "15008", "name": "ก่อสร้างระบบประปาหมู่บ้าน แบบผิวดินขนาดใหญ่ บ้านพุกระโดน หมู่ที่ ๑ ตำบลไทรย้อย ตามแบบมาตรฐานกรมทรัพยากรน้ำ ทต.ไทรย้อย อ.เนินมะปราง จ.พิษณุโลก", "min": "กระทรวงมหาดไทย", "agc": "กรมส่งเสริมการปกครองท้องถิ่น", "plan_name": "บริหารจัดการทรัพยากรน้ำ", "stg_name": "ยุทธศาสตร์เร่งรัดวางรากฐานการพัฒนาที่ยั่งยืนของประเทศ", "objc_level1_name": "งบลงทุน", "compare": [{"bb_amount": 3652800, "bb_province": "พิษณุโลก"}], "gf_amount_sum": 0}
{"bb_code": "1500883002600BV6", "bb_year": "2559", "amount": 3651500, "min_code": "15000", "agc_code": "15008", "name": "ซ่อมสร้างถนนสายแยก ทล.๔๑๕๑ (กม.ที่ ๑๓.๙๙๐)- บ้านเสม็ดจวน จำนวน ๒ ช่วง คือ ช่วงที่ ๑ กม.๔+๖๗๐ - กม. ๕+๐๑๗ และช่วงที่ ๒ กม.๕+๒๔๗ - กม.๖+๓๐๐ กว้าง ๕ เมตร ยาวรวม ๑,๔๐๐ เมตร หนา ๐.๐๕ เมตร หรือมีพื้นที่ไม่น", "min": "กระทรวงมหาดไทย", "agc": "กรมส่งเสริมการปกครองท้องถิ่น", "plan_name": "ส่งเสริมการกระจายอำนาจให้แก่องค์กรปกครองส่วนท้องถิ่น", "stg_name": "ยุทธศาสตร์การบริหารกิจการบ้านเมืองที่ดี", "objc_level1_name": "งบลงทุน", "compare": [{"bb_amount": 3651500, "bb_province": "นครศรีธรรมราช"}], "gf_amount_sum": 0}
{"bb_code": "1500883002600DZ7", "bb_year": "2559", "amount": 3651500, "min_code": "15000", "agc_code": "15008", "name": "ซ่อมสร้างถนนลาดยางแอสฟัลท์ติกคอนกรีต ( สาย อบจ.นม.๑๒๒๐๒ ) บ้านดอนคนทา - บ้านหนองหว้า ขนาดกว้าง ๘ เมตร ยาว ๙๗๐ เมตร หนา ๐.๐๔ เมตร  อบจ.นครราชสีมา อ.บัวใหญ่ จ.นครราชสีมา", "min": "กระทรวงมหาดไทย", "agc": "กรมส่งเสริมการปกครองท้องถิ่น", "plan_name": "ส่งเสริมการกระจายอำนาจให้แก่องค์กรปกครองส่วนท้องถิ่น", "stg_name": "ยุทธศาสตร์การบริหารกิจการบ้านเมืองที่ดี", "objc_level1_name": "งบลงทุน", "compare": [{"bb_amount": 3651500, "bb_province": "นครราชสีมา"}], "gf_amount_sum": 0}
{"bb_code": "1500883002600EC2", "bb_year": "2559", "amount": 3651500, "min_code": "15000", "agc_code": "15008", "name": "ซ่อมสร้างถนนลาดยางผิวจราจรแบบแอสฟัลท์ติกคอนกรีต สายทาง ลป.ถ. ๑-๐๐๒๖ บ้านท่าโทก - บ้านท่าส้มป่อย ช่วงระหว่างบ้านท่าโทก หมู่ที่ ๔ - บ้านทุ่งฝาย หมู่ที่ ๒  ตำบลทุ่งฝาย กว้าง ๖ เมตร ยาว ๑,๕๕๐ เมตร หนา ๐.๐", "min": "กระทรวงมหาดไทย", "agc": "กรมส่งเสริมการปกครองท้องถิ่น", "plan_name": "ส่งเสริมการกระจายอำนาจให้แก่องค์กรปกครองส่วนท้องถิ่น", "stg_name": "ยุทธศาสตร์การบริหารกิจการบ้านเมืองที่ดี", "objc_level1_name": "งบลงทุน", "compare": [{"bb_amount": 3651500, "bb_province": "ลำปาง"}], "gf_amount_sum": 0}
{"bb_code": "1500786007420158", "bb_year": "2559", "amount": 3646500, "min_code": "15000", "agc_code": "15007", "name": "เขื่อนป้องกันตลิ่งริมแม่น้ำสงคราม บ้านท่าศรีชมชื่น ม. 2 ต.หนองหัวช้าง อ.พรเจริญ จ.บึงกาฬ ความยาว 170 เมตร", "min": "กระทรวงมหาดไทย", "agc": "กรมโยธาธิการและผังเมือง", "plan_name": "ฟื้นฟู ป้องกัน และจัดการภัยพิบัติ ", "stg_name": "ยุทธศาสตร์การจัดการทรัพยากรธรรมชาติและสิ่งแวดล้อม", "objc_level1_name": "งบลงทุน", "compare": [{"bb_amount": 3646500, "bb_province": "บึงกาฬ", "gf_amount": 2173500, "gf_province": "บึงกาฬ"}], "gf_amount_sum": 2173500}
{"bb_code": "1500883002600FR2", "bb_year": "2559", "amount": 3641800, "min_code": "15000", "agc_code": "15008", "name": "ปรับปรุงซ่อมแซมถนนแอลฟัลท์ติกคอนกรีตสายคันคลองชลประทานฝั่งซ้าย หมู่ที่ 2 -หนองงูเห่า(คันคลองชลประทาน-หนองอ้ายกล่อม) ตำบลวังกระโจม จำนวน 3 ช่วง รวมมีพื้นที่ไม่น้อยกว่า 11,448 ตารางเมตร อบต.วังกระโจม อ.", "min": "กระทรวงมหาดไทย", "agc": "กรมส่งเสริมการปกครองท้องถิ่น", "plan_name": "ส่งเสริมการกระจายอำนาจให้แก่องค์กรปกครองส่วนท้องถิ่น", "stg_name": "ยุทธศาสตร์การบริหารกิจการบ้านเมืองที่ดี", "objc_level1_name": "งบลงทุน", "compare": [{"bb_amount": 3641800, "bb_province": "นครนายก"}], "gf_amount_sum": 0}
{"bb_code": "1500883002600BD8", "bb_year": "2559", "amount": 3640800, "min_code": "15000", "agc_code": "15008", "name": "ซ่อมสร้างถนนแอสฟัลท์ติกคอนกรีต สาย อท.ถ.๐๑-๐๐๓ บ้านแก - วัดจันทร์มณี กว้าง ๖ เมตร ยาว ๑,๑๔๐ เมตร หนา ๐.๐๕ เมตร ไหล่ทางแอสฟัลท์ติกคอนกรีตกว้างข้างละ ๐.๕๐ เมตร พื้นที่ไม่น้อยกว่า ๗,๙๘๐ ตารางเมตร อบจ.อ่า", "min": "กระทรวงมหาดไทย", "agc": "กรมส่งเสริมการปกครองท้องถิ่น", "plan_name": "ส่งเสริมการกระจายอำนาจให้แก่องค์กรปกครองส่วนท้องถิ่น", "stg_name": "ยุทธศาสตร์การบริหารกิจการบ้านเมืองที่ดี", "objc_level1_name": "งบลงทุน", "compare": [{"bb_amount": 3640800, "bb_province": "อ่างทอง"}], "gf_amount_sum": 0}
{"bb_code": "1500883002600EI7", "bb_year": "2559", "amount": 3639900, "min_code": "15000", "agc_code": "15008", "name": "ปรับปรุงถนนลาดยางแอสฟัลท์ติกคอนกรีต แยกทางหลวงหมายเลข ๓๓๑-บ้านป่าแดง หมู่ที่ ๒,๖,๑๑ บ้านโรงงานน้ำตาลอ่างเวียน, บ้านป่าแดง, บ้านบึงไม่แก่น ตำบลหนองอิรุณ กว้าง ๖ เมตร ยาว ๗๒๔  เมตร หนา ๐.๐๕ เมตร ไหล่ทาง", "min": "กระทรวงมหาดไทย", "agc": "กรมส่งเสริมการปกครองท้องถิ่น", "plan_name": "ส่งเสริมการกระจายอำนาจให้แก่องค์กรปกครองส่วนท้องถิ่น", "stg_name": "ยุทธศาสตร์การบริหารกิจการบ้านเมืองที่ดี", "objc_level1_name": "งบลงทุน", "compare": [{"bb_amount": 3639900, "bb_province": "ชลบุรี"}], "gf_amount_sum": 0}
{"bb_code": "1500720002410059", "bb_year": "2559", "amount": 3637100, "min_code": "15000", "agc_code": "15007", "name": "ค่าปรับปรุงและก่อสร้างอาคารสำนักงาน และโรงเก็บพัสดุ บ้านพักข้าราชการ โรงจอดรถ ก่อสร้างรั้ว คสล.และถมดิน ฯลฯ ของสำนักงานโยธาธิการและผังเมืองจังหวัดสตูล ตำบลคลองขุด อำเภอเมืองสตูล จังหวัดสตูล", "min": "กระทรวงมหาดไทย", "agc": "กรมโยธาธิการและผังเมือง", "plan_name": "รักษาความมั่นคงของฐานทรัพยากรธรรมชาติและแก้ปัญหาที่ดินทำกิน", "stg_name": "ยุทธศาสตร์การจัดการทรัพยากรธรรมชาติและสิ่งแวดล้อม", "objc_level1_name": "งบลงทุน", "compare": [{"bb_amount": 3637100, "bb_province": "สตูล", "gf_amount": 3631000, "gf_province": "สตูล"}], "gf_amount_sum": 3631000}
{"bb_code": "1500822040600004", "bb_year": "2559", "amount": 3637100, "min_code": "15000", "agc_code": "15008", "name": "ก่อสร้างระบบประปาหมู่บ้าน แบบผิวดินขนาดใหญ่ หมู่ที่ ๑ บ้านกอตง ตำบลเขาดิน ตามแบบแปลนกรมทรัพยากรน้ำ อบต.เขาดิน อ.เขาพนม จ.กระบี่", "min": "กระทรวงมหาดไทย", "agc": "กรมส่งเสริมการปกครองท้องถิ่น", "plan_name": "บริหารจัดการทรัพยากรน้ำ", "stg_name": "ยุทธศาสตร์เร่งรัดวางรากฐานการพัฒนาที่ยั่งยืนของประเทศ", "objc_level1_name": "งบลงทุน", "compare": [{"bb_amount": 3637100, "bb_province": "กระบี่"}], "gf_amount_sum": 0}
{"bb_code": "1500822040600075", "bb_year": "2559", "amount": 3637100, "min_code": "15000", "agc_code": "15008", "name": "ก่อสร้างระบบประปาบาดาลขนาดใหญ่ บ้านเขาดิน หมู่ที่ ๓ ตำบลท่าล้อ รายละเอียดตามปริมาณงานและแบบแปลนที่กำหนด ทต.ท่าล้อ อ.ท่าม่วง จ.กาญจนบุรี", "min": "กระทรวงมหาดไทย", "agc": "กรมส่งเสริมการปกครองท้องถิ่น", "plan_name": "บริหารจัดการทรัพยากรน้ำ", "stg_name": "ยุทธศาสตร์เร่งรัดวางรากฐานการพัฒนาที่ยั่งยืนของประเทศ", "objc_level1_name": "งบลงทุน", "compare": [{"bb_amount": 3637100, "bb_province": "กาญจนบุรี"}], "gf_amount_sum": 0}
{"bb_code": "1500822040600R70", "bb_year": "2559", "amount": 3636600, "min_code": "15000", "agc_code": "15008", "name": "ก่อสร้างระบบประปาผิวดินขนาดใหญ่มากแบบหัวฉีดดูดหมุนเวียนตะตอน หมู่ที่ ๙ บ้านหลักเมตร ตำบลสระแก้ว รายละเอียดตามปริมาณงานและแบบแปลนที่เทศบาลตำบลท่าเสด็จกำหนด ทต.ท่าเสด็จ อ.เมืองสุพรรณบุรี จ.สุพรรณบุรี", "min": "กระทรวงมหาดไทย", "agc": "กรมส่งเสริมการปกครองท้องถิ่น", "plan_name": "บริหารจัดการทรัพยากรน้ำ", "stg_name": "ยุทธศาสตร์เร่งรัดวางรากฐานการพัฒนาที่ยั่งยืนของประเทศ", "objc_level1_name": "งบลงทุน", "compare": [{"bb_amount": 3636600, "bb_province": "สุพรรณบุรี"}], "gf_amount_sum": 0}
{"bb_code": "1500822040600R69", "bb_year": "2559", "amount": 3636600, "min_code": "15000", "agc_code": "15008", "name": "ก่อสร้างระบบประปาผิวดินขนาดใหญ่มากแบบหัวฉีดดูดหมุนเวียนตะตอน หมู่ที่ ๘ บ้านหนองบอน ตำบลสระแก้ว รายละเอียดตามปริมาณงานและแบบแปลนที่เทศบาลตำบลท่าเสด็จกำหนด ทต.ท่าเสด็จ อ.เมืองสุพรรณบุรี จ.สุพรรณบุรี", "min": "กระทรวงมหาดไทย", "agc": "กรมส่งเสริมการปกครองท้องถิ่น", "plan_name": "บริหารจัดการทรัพยากรน้ำ", "stg_name": "ยุทธศาสตร์เร่งรัดวางรากฐานการพัฒนาที่ยั่งยืนของประเทศ", "objc_level1_name": "งบลงทุน", "compare": [{"bb_amount": 3636600, "bb_province": "สุพรรณบุรี"}], "gf_amount_sum": 0}
{"bb_code": "1500822040600L58", "bb_year": "2559", "amount": 3634200, "min_code": "15000", "agc_code": "15008", "name": "ก่อสร้างประปาหมู่บ้านแบบผิวดินขนาดใหญ่ บ้านกิ่วพัฒนา หมู่ที่ ๑๐ ตำบลบ้านกิ่ว ตามแบบมาตรฐานกรมทรัพยากรน้ำ อบต.บ้านกิ่ว อ.แม่ทะ จ.ลำปาง", "min": "กระทรวงมหาดไทย", "agc": "กรมส่งเสริมการปกครองท้องถิ่น", "plan_name": "บริหารจัดการทรัพยากรน้ำ", "stg_name": "ยุทธศาสตร์เร่งรัดวางรากฐานการพัฒนาที่ยั่งยืนของประเทศ", "objc_level1_name": "งบลงทุน", "compare": [{"bb_amount": 3634200, "bb_province": "ลำปาง"}], "gf_amount_sum": 0}
