{"bb_code": "1500883002600BD6", "bb_year": "2559", "amount": 3631900, "min_code": "15000", "agc_code": "15008", "name": "ซ่อมสร้างถนนอคนกรีตเสริมเหล็ก บ้านหนองกุง หมู่ที่ ๑๐ - บ้านพัฒนา หมู่ที่ ๑๒ ตำบลนาโพธิ์ กว้าง ๖ เมตร ยาว ๑,๑๘๔ เมตร หนา ๐.๑๕ เมตร ไหล่ทางลูกรังข้างละ ๐.๐๕ เมตร  อบต.นาโพธิ์ อ.กุดรัง จ.มหาสารคาม", "min": "กระทรวงมหาดไทย", "agc": "กรมส่งเสริมการปกครองท้องถิ่น", "plan_name": "ส่งเสริมการกระจายอำนาจให้แก่องค์กรปกครองส่วนท้องถิ่น", "stg_name": "ยุทธศาสตร์การบริหารกิจการบ้านเมืองที่ดี", "objc_level1_name": "งบลงทุน", "compare": [{"bb_amount": 3631900, "bb_province": "มหาสารคาม"}], "gf_amount_sum": 0}
{"bb_code": "1500282003700002", "bb_year": "2559", "amount": 3630000, "min_code": "15000", "agc_code": "15002", "name": "ค่าใช้จ่ายในการพัฒนาและขยายเครือข่ายประชาชนด้านการข่าว", "min": "กระทรวงมหาดไทย", "agc": "สนง.ปลัดกระทรวงมหาดไทย", "plan_name": "พัฒนาประสิทธิภาพการบริหารราชการแผ่นดิน", "stg_name": "ยุทธศาสตร์การบริหารกิจการบ้านเมืองที่ดี", "objc_level1_name": "รายจ่ายอื่น", "compare": [{"bb_amount": 590000, "bb_province": "กรุงเทพมหานคร", "gf_amount": 110390, "gf_province": "ส่วนกลาง"}, {"bb_amount": 40000, "bb_province": "นนทบุรี", "gf_amount": 40000, "gf_province": "นนทบุรี"}, {"bb_amount": 40000, "bb_province": "ตรัง", "gf_amount": 40000, "gf_province": "ตรัง"}, {"bb_amount": 40000, "bb_province": "เลย", "gf_amount": 40000, "gf_province": "เลย"}, {"bb_amount": 40000, "bb_province": "สุโขทัย", "gf_amount": 40000, "gf_province": "สุโขทัย"}, {"bb_amount": 40000, "bb_province": "เชียงใหม่", "gf_amount": 40000, "gf_province": "เชียงใหม่"}, {"bb_amount": 40000, "bb_province": "เพชรบุรี", "gf_amount": 40000, "gf_province": "เพชรบุรี"}, {"bb_amount": 40000, "bb_province": "พิษณุโลก", "gf_amount": 40000, "gf_province": "พิษณุโลก"}, {"bb_amount": 40000, "bb_province": "จันทบุรี", "gf_amount": 40000, "gf_province": "จันทบุรี"}, {"bb_amount": 40000, "bb_province": "บุรีรัมย์", "gf_amount": 40000, "gf_province": "บุรีรัมย์"}, {"bb_amount": 40000, "bb_province": "พังงา", "gf_amount": 40000, "gf_province": "พังงา"}, {"bb_amount": 40000, "bb_province": "อุตรดิตถ์", "gf_amount": 40000, "gf_province": "อุตรดิตถ์"}, {"bb_amount": 40000, "bb_province": "ตราด", "gf_amount": 40000, "gf_province": "ตราด"}, {"bb_amount": 40000, "bb_province": "สมุทรสาคร", "gf_amount": 40000, "gf_province": "สมุทรสาคร"}, {"bb_amount": 40000, "bb_province": "สิงห์บุรี", "gf_amount": 40000, "gf_province": "สิงห์บุรี"}, {"bb_amount": 40000, "bb_province": "ปราจีนบุรี", "gf_amount": 40000, "gf_province": "ปราจีนบุรี"}, {"bb_amount": 40000, "bb_province": "ลำปาง", "gf_amount": 40000, "gf_province": "ลำปาง"}, {"bb_amount": 40000, "bb_province": "แม่ฮ่องสอน", "gf_amount": 40000, "gf_province": "แม่ฮ่องสอน"}, {"bb_amount": 40000, "bb_province": "เพชรบูรณ์", "gf_amount": 40000, "gf_province": "เพชรบูรณ์"}, {"bb_amount": 40000, "bb_province": "ศรีสะเกษ", "gf_amount": 40000, "gf_province": "ศรีสะเกษ"}, {"bb_amount": 40000, "bb_province": "ปัตตานี", "gf_amount": 40000, "gf_province": "ปัตตานี"}, {"bb_amount": 40000, "bb_province": "หนองคาย", "gf_amount": 40000, "gf_province": "หนองคาย"}, {"bb_amount": 40000, "bb_province": "สมุทรสงคราม", "gf_amount": 40000, "gf_province": "สมุทรสงคราม"}, {"bb_amount": 40000, "bb_province": "นครปฐม", "gf_amount": 40000, "gf_province": "นครปฐม"}, {"bb_amount": 40000, "bb_province": "ยะลา", "gf_amount": 40000, "gf_province": "ยะลา"}, {"bb_amount": 40000, "bb_province": "ขอนแก่น", "gf_amount": 40000, "gf_province": "ขอนแก่น"}, {"bb_amount": 40000, "bb_province": "ประจวบคีรีขันธ์", "gf_amount": 40000, "gf_province": "ประจวบคีรีขันธ์"}, {"bb_amount": 40000, "bb_province": "มุกดาหาร", "gf_amount": 40000, "gf_province": "มุกดาหาร"}, {"bb_amount": 40000, "bb_province": "ราชบุรี", "gf_amount": 40000, "gf_province": "ราชบุรี"}, {"bb_amount": 40000, "bb_province": "บึงกาฬ", "gf_amount": 40000, "gf_province": "บึงกาฬ"}, {"bb_amount": 40000, "bb_province": "ลำพูน", "gf_amount": 40000, "gf_province": "ลำพูน"}, {"bb_amount": 40000, "bb_province": "สุราษฎร์ธานี", "gf_amount": 40000, "gf_province": "สุราษฎร์ธานี"}, {"bb_amount": 40000, "bb_province": "พะเยา", "gf_amount": 40000, "gf_province": "พะเยา"}, {"bb_amount": 40000, "bb_province": "ร้อยเอ็ด", "gf_amount": 40000, "gf_province": "ร้อยเอ็ด"}, {"bb_amount": 40000, "bb_province": "กาญจนบุรี", "gf_amount": 40000, "gf_province": "กาญจนบุรี"}, {"bb_amount": 40000, "bb_province": "ระยอง", "gf_amount": 40000, "gf_province": "ระยอง"}, {"bb_amount": 40000, "bb_province": "สกลนคร", "gf_amount": 40000, "gf_province": "สกลนคร"}, {"bb_amount": 40000, "bb_province": "สระบุรี", "gf_amount": 40000, "gf_province": "สระบุรี"}, {"bb_amount": 40000, "bb_province": "กำแพงเพชร", "gf_amount": 40000, "gf_province": "กำแพงเพชร"}, {"bb_amount": 40000, "bb_province": "สระแก้ว", "gf_amount": 40000, "gf_province": "สระแก้ว"}, {"bb_amount": 40000, "bb_province": "ยโสธร", "gf_amount": 40000, "gf_province": "ยโสธร"}, {"bb_amount": 40000, "bb_province": "ระนอง", "gf_amount": 40000, "gf_province": "ระนอง"}, {"bb_amount": 40000, "bb_province": "อุดรธานี", "gf_amount": 40000, "gf_province": "อุดรธานี"}, {"bb_amount": 40000, "bb_province": "นครนายก", "gf_amount": 40000, "gf_province": "นครนายก"}, {"bb_amount": 40000, "bb_province": "สมุทรปราการ", "gf_amount": 40000, "gf_province": "สมุทรปราการ"}, {"bb_amount": 40000, "bb_province": "กระบี่", "gf_amount": 40000, "gf_province": "กระบี่"}, {"bb_amount": 40000, "bb_province": "ภูเก็ต", "gf_amount": 40000, "gf_province": "ภูเก็ต"}, {"bb_amount": 40000, "bb_province": "พัทลุง", "gf_amount": 40000, "gf_province": "พัทลุง"}, {"bb_amount": 40000, "bb_province": "ลพบุรี", "gf_amount": 40000, "gf_province": "ลพบุรี"}, {"bb_amount": 40000, "bb_province": "ตาก", "gf_amount": 40000, "gf_province": "ตาก"}, {"bb_amount": 40000, "bb_province": "พิจิตร", "gf_amount": 40000, "gf_province": "พิจิตร"}, {"bb_amount": 40000, "bb_province": "อุทัยธานี", "gf_amount": 40000, "gf_province": "อุทัยธานี"}, {"bb_amount": 40000, "bb_province": "สตูล", "gf_amount": 40000, "gf_province": "สตูล"}, {"bb_amount": 40000, "bb_province": "สุพรรณบุรี", "gf_amount": 40000, "gf_province": "สุพรรณบุรี"}, {"bb_amount": 40000, "bb_province": "กาฬสินธุ์", "gf_amount": 40000, "gf_province": "กาฬสินธุ์"}, {"bb_amount": 40000, "bb_province": "นครพนม", "gf_amount": 40000, "gf_province": "นครพนม"}, {"bb_amount": 40000, "bb_province": "สุรินทร์", "gf_amount": 40000, "gf_province": "สุรินทร์"}, {"bb_amount": 40000, "bb_province": "ปทุมธานี", "gf_amount": 40000, "gf_province": "ปทุมธานี"}, {"bb_amount": 40000, "bb_province": "เชียงราย", "gf_amount": 40000, "gf_province": "เชียงราย"}, {"bb_amount": 40000, "bb_province": "อุบลราชธานี", "gf_amount": 40000, "gf_province": "อุบลราชธานี"}, {"bb_amount": 40000, "bb_province": "อ่างทอง", "gf_amount": 39850, "gf_province": "อ่างทอง"}, {"bb_amount": 40000, "bb_province": "แพร่", "gf_amount": 40000, "gf_province": "แพร่"}, {"bb_amount": 40000, "bb_province": "ชัยภูมิ", "gf_amount": 40000, "gf_province": "ชัยภูมิ"}, {"bb_amount": 40000, "bb_province": "นราธิวาส", "gf_amount": 40000, "gf_province": "นราธิวาส"}, {"bb_amount": 40000, "bb_province": "ฉะเชิงเทรา", "gf_amount": 40000, "gf_province": "ฉะเชิงเทรา"}, {"bb_amount": 40000, "bb_province": "นครศรีธรรมราช", "gf_amount": 40000, "gf_province": "นครศรีธรรมราช"}, {"bb_amount": 40000, "bb_province": "มหาสารคาม", "gf_amount": 40000, "gf_province": "มหาสารคาม"}, {"bb_amount": 40000, "bb_province": "สงขลา", "gf_amount": 40000, "gf_province": "สงขลา"}, {"bb_amount": 40000, "bb_province": "นครราชสีมา", "gf_amount": 40000, "gf_province": "นครราชสีมา"}, {"bb_amount": 40000, "bb_province": "หนองบัวลำภู", "gf_amount": 40000, "gf_province": "หนองบัวลำภู"}, {"bb_amount": 40000, "bb_province": "น่าน", "gf_amount": 40000, "gf_province": "น่าน"}, {"bb_amount": 40000, "bb_province": "ชัยนาท", "gf_amount": 40000, "gf_province": "ชัยนาท"}, {"bb_amount": 40000, "bb_province": "พระนครศรีอยุธยา", "gf_amount": 38000, "gf_province": "พระนครศรีอยุธยา"}, {"bb_amount": 40000, "bb_province": "ชลบุรี", "gf_amount": 40000, "gf_province": "ชลบุรี"}, {"bb_amount": 40000, "bb_province": "อำนาจเจริญ", "gf_amount": 40000, "gf_province": "อำนาจเจริญ"}, {"bb_amount": 40000, "bb_province": "นครสวรรค์", "gf_amount": 40000, "gf_province": "นครสวรรค์"}, {"bb_amount": 40000, "bb_province": "ชุมพร", "gf_amount": 40000, "gf_province": "ชุมพร"}], "gf_amount_sum": 3148240}
{"bb_code": "1500883002600AZ9", "bb_year": "2559", "amount": 3628300, "min_code": "15000", "agc_code": "15008", "name": "ปรับปรุงซ่อมแซมถนนลาดยางผิวทางพาราแอสฟัลท์ติกคอนกรีต สายทาง มค.ถ.๑-๐๐๓๐  บ้านหนองโน หมู่ที่ ๘ ตำบลหนองแสง  - บ้านประแหย่ง หมู่ที่ ๒ ตำบลประชาพัฒนา  กว้าง  ๖ เมตร ยาว  ๙๓๘  เมตร  หนา  ๐.๐๕ เมตร  อบจ.มห", "min": "กระทรวงมหาดไทย", "agc": "กรมส่งเสริมการปกครองท้องถิ่น", "plan_name": "ส่งเสริมการกระจายอำนาจให้แก่องค์กรปกครองส่วนท้องถิ่น", "stg_name": "ยุทธศาสตร์การบริหารกิจการบ้านเมืองที่ดี", "objc_level1_name": "งบลงทุน", "compare": [{"bb_amount": 3628300, "bb_province": "มหาสารคาม"}], "gf_amount_sum": 0}
{"bb_code": "1500822040600DY9", "bb_year": "2559", "amount": 3628000, "min_code": "15000", "agc_code": "15008", "name": "ปรับปรุงซ่อมแซมสถานีสูบน้ำด้วยไฟฟ้า บ้านแสนตอ ม.๑ อบต.แสนตอ อ.เมือง จ.อุตรดิตถ์", "min": "กระทรวงมหาดไทย", "agc": "กรมส่งเสริมการปกครองท้องถิ่น", "plan_name": "บริหารจัดการทรัพยากรน้ำ", "stg_name": "ยุทธศาสตร์เร่งรัดวางรากฐานการพัฒนาที่ยั่งยืนของประเทศ", "objc_level1_name": "งบลงทุน", "compare": [{"bb_amount": 3628000, "bb_province": "อุตรดิตถ์"}], "gf_amount_sum": 0}
{"bb_code": "1500883002600FB0", "bb_year": "2559", "amount": 3627700, "min_code": "15000", "agc_code": "15008", "name": "เสริมผิวจราจรลาดยางแอสฟัลท์ติกคอนกรีตถนนรหัสสายทาง สข.ถ. ๑-๐๐๘๓ สายสบ้านฉลุง  ตำบลฉลุง  - บ้านนาแสน ตำบลทุ่งตำเสา  อำเภอหาดใหญ่ กว้าง ๘   เมตร  ยาว ๑,๐๐๐ เมตร หนา ๐.๐๕ เมตร ไหล่ทางข้างละ ๑ เมตร  อบจ.ส", "min": "กระทรวงมหาดไทย", "agc": "กรมส่งเสริมการปกครองท้องถิ่น", "plan_name": "ส่งเสริมการกระจายอำนาจให้แก่องค์กรปกครองส่วนท้องถิ่น", "stg_name": "ยุทธศาสตร์การบริหารกิจการบ้านเมืองที่ดี", "objc_level1_name": "งบลงทุน", "compare": [{"bb_amount": 3627700, "bb_province": "สงขลา"}], "gf_amount_sum": 0}
{"bb_code": "1500883002600Z48", "bb_year": "2559", "amount": 3627300, "min_code": "15000", "agc_code": "15008", "name": "ปรับปรุงซ่อมแซมถนนลาดยางผิวทางพาราแอสฟัลท์ติกคอนกรีต สายทาง  มค.ถ.๑-๐๐๓๔  บ้านดอนกลอย  หมู่ที่ ๖,๑๗, ๒๐ ตำบลหัวขวาง - บ้านเหล่าโพธิ์ชัย  หมู่ที่ ๔  ตำบลหนองกุงสวรรค์  กว้าง   ๖ เมตร ยาว  ๗๔๐ เมตร หนา", "min": "กระทรวงมหาดไทย", "agc": "กรมส่งเสริมการปกครองท้องถิ่น", "plan_name": "ส่งเสริมการกระจายอำนาจให้แก่องค์กรปกครองส่วนท้องถิ่น", "stg_name": "ยุทธศาสตร์การบริหารกิจการบ้านเมืองที่ดี", "objc_level1_name": "งบลงทุน", "compare": [{"bb_amount": 3627300, "bb_province": "มหาสารคาม"}], "gf_amount_sum": 0}
{"bb_code": "1500822040600DW1", "bb_year": "2559", "amount": 3623000, "min_code": "15000", "agc_code": "15008", "name": "ปรับปรุงซ่อมแซมสถานีสูบน้ำด้วยไฟฟ้า บ้านนายูง ทต.นายูง อ.นายูง จ.อุดรธานี", "min": "กระทรวงมหาดไทย", "agc": "กรมส่งเสริมการปกครองท้องถิ่น", "plan_name": "บริหารจัดการทรัพยากรน้ำ", "stg_name": "ยุทธศาสตร์เร่งรัดวางรากฐานการพัฒนาที่ยั่งยืนของประเทศ", "objc_level1_name": "งบลงทุน", "compare": [{"bb_amount": 3623000, "bb_province": "อุดรธานี"}], "gf_amount_sum": 0}
{"bb_code": "1500883002600U16", "bb_year": "2559", "amount": 3622500, "min_code": "15000", "agc_code": "15008", "name": "ซ่อมสร้างแอสฟัลติกคอนกรีต ถนนในหมู่บ้านทุ่งพล้อ หมู่ที่ ๓,๖ บ้านทุ่งพล้อ กว้าง ๕ เมตร ยาว ๑,๓๕๐ เมตร หนา ๐.๐๕ เมตร หรือมีพื้นที่ไม่น้อยกว่า ๖,๗๕๐ ตารางเมตร อบต.ป่างิ้ว อ.ศรีสัชนาลัย จ.สุโขทัย", "min": "กระทรวงมหาดไทย", "agc": "กรมส่งเสริมการปกครองท้องถิ่น", "plan_name": "ส่งเสริมการกระจายอำนาจให้แก่องค์กรปกครองส่วนท้องถิ่น", "stg_name": "ยุทธศาสตร์การบริหารกิจการบ้านเมืองที่ดี", "objc_level1_name": "งบลงทุน", "compare": [{"bb_amount": 3622500, "bb_province": "สุโขทัย"}], "gf_amount_sum": 0}
{"bb_code": "1500822040600X28", "bb_year": "2559", "amount": 3621400, "min_code": "15000", "agc_code": "15008", "name": "ก่อสร้างประปาหมู่บ้านแบบบาดาลขนาดใหญ่ หมู่ที่ ๗ ตำบลคูเต่า ตามแบบมาตรฐานกรมทรัพยากรน้ำ ทต.คูเต่า อ.หาดใหญ่ จ.สงขลา", "min": "กระทรวงมหาดไทย", "agc": "กรมส่งเสริมการปกครองท้องถิ่น", "plan_name": "บริหารจัดการทรัพยากรน้ำ", "stg_name": "ยุทธศาสตร์เร่งรัดวางรากฐานการพัฒนาที่ยั่งยืนของประเทศ", "objc_level1_name": "งบลงทุน", "compare": [{"bb_amount": 3621400, "bb_province": "สงขลา"}], "gf_amount_sum": 0}
{"bb_code": "1500883002600JF4", "bb_year": "2559", "amount": 3620000, "min_code": "15000", "agc_code": "15008", "name": "ก่อสร้างอาคารเอนกประสงค์ ของสถานีอนามัยบ้านหนองหว้า เทศบาลตำบลหนองแวง อำเภอละหานทราย จังหวัดบุรีรัมย์", "min": "กระทรวงมหาดไทย", "agc": "กรมส่งเสริมการปกครองท้องถิ่น", "plan_name": "ส่งเสริมการกระจายอำนาจให้แก่องค์กรปกครองส่วนท้องถิ่น", "stg_name": "ยุทธศาสตร์การบริหารกิจการบ้านเมืองที่ดี", "objc_level1_name": "งบลงทุน", "compare": [{"bb_amount": 3620000, "bb_province": "บุรีรัมย์"}], "gf_amount_sum": 0}
{"bb_code": "1500883002600Z65", "bb_year": "2559", "amount": 3619600, "min_code": "15000", "agc_code": "15008", "name": "ปรับปรุงซ่อมแซมถนนลาดยาง สายทาง  มค.ถ.๑-๐๐๕๖ บ้านหนองงู  หมู่ที่ ๓  ตำบลสันป่าตอง  - บ้านโคกยาว  หมู่ที่ ๕,๙  ตำบลดงดวน  กว้าง   ๖  เมตร (ช่วง กม.๐+๐๐๐-กม.๕+๗๐๐) งาน Deep Patch ๑,๘๕๐ ตารางเมตร งาน Ski", "min": "กระทรวงมหาดไทย", "agc": "กรมส่งเสริมการปกครองท้องถิ่น", "plan_name": "ส่งเสริมการกระจายอำนาจให้แก่องค์กรปกครองส่วนท้องถิ่น", "stg_name": "ยุทธศาสตร์การบริหารกิจการบ้านเมืองที่ดี", "objc_level1_name": "งบลงทุน", "compare": [{"bb_amount": 3619600, "bb_province": "มหาสารคาม"}], "gf_amount_sum": 0}
{"bb_code": "1500883002600T42", "bb_year": "2559", "amount": 3616600, "min_code": "15000", "agc_code": "15008", "name": "ซ่อมสร้างถนนลาดยางแอสฟัลท์ติกคอนกรีตสายบ้านหัวโพธิ์ - บ้านบางบอน พื้นที่ไม่น้อยกว่า ๗,๕๐๐ ตารางเมตร   อบต.หัวโพธิ์ อ.สองพี่น้อง จ.สุพรรณบุรี", "min": "กระทรวงมหาดไทย", "agc": "กรมส่งเสริมการปกครองท้องถิ่น", "plan_name": "ส่งเสริมการกระจายอำนาจให้แก่องค์กรปกครองส่วนท้องถิ่น", "stg_name": "ยุทธศาสตร์การบริหารกิจการบ้านเมืองที่ดี", "objc_level1_name": "งบลงทุน", "compare": [{"bb_amount": 3616600, "bb_province": "สุพรรณบุรี"}], "gf_amount_sum": 0}
{"bb_code": "1500822040600Y46", "bb_year": "2559", "amount": 3612500, "min_code": "15000", "agc_code": "15008", "name": "ก่อสร้างประปาหมู่บ้านแบบผิวดินขนาดใหญ่ หมู่ที่ ๑๐ บ้านเมืองจังใหม่พัฒนา ตำบลเมืองจัง ตามแบบมาตรฐานกรมทรัพยากรน้ำ อบต.เมืองจัง อ.ภูเพียง จ.น่าน", "min": "กระทรวงมหาดไทย", "agc": "กรมส่งเสริมการปกครองท้องถิ่น", "plan_name": "บริหารจัดการทรัพยากรน้ำ", "stg_name": "ยุทธศาสตร์เร่งรัดวางรากฐานการพัฒนาที่ยั่งยืนของประเทศ", "objc_level1_name": "งบลงทุน", "compare": [{"bb_amount": 3612500, "bb_province": "น่าน"}], "gf_amount_sum": 0}
{"bb_code": "1500822040600116", "bb_year": "2559", "amount": 3611500, "min_code": "15000", "agc_code": "15008", "name": "ก่อสร้างประปาหมู่บ้านแบบผิวดินขนาดใหญ่ หมู่ที่ ๖ บ้านอกหนัก ตำบลอ่างคีรี ตามแบบมาตรฐานกรมทรัพยากรน้ำ ทต.อ่างคีรี อ.มะขาม จ.จันทบุรี", "min": "กระทรวงมหาดไทย", "agc": "กรมส่งเสริมการปกครองท้องถิ่น", "plan_name": "บริหารจัดการทรัพยากรน้ำ", "stg_name": "ยุทธศาสตร์เร่งรัดวางรากฐานการพัฒนาที่ยั่งยืนของประเทศ", "objc_level1_name": "งบลงทุน", "compare": [{"bb_amount": 3611500, "bb_province": "จันทบุรี"}], "gf_amount_sum": 0}
{"bb_code": "1500822040600I17", "bb_year": "2559", "amount": 3611500, "min_code": "15000", "agc_code": "15008", "name": "ก่อสร้างระบบประปาหมู่บ้าน แบบผิวดินขนาดใหญ่ บ้านใหม่จัดสรร หมู่ที่ ๕ ตำบลร้องเข็ม ตามแบบมาตรฐานกรมทรัพยากรน้ำ ทต.ร้องกวาง อ.ร้องกวาง จ.แพร่", "min": "กระทรวงมหาดไทย", "agc": "กรมส่งเสริมการปกครองท้องถิ่น", "plan_name": "บริหารจัดการทรัพยากรน้ำ", "stg_name": "ยุทธศาสตร์เร่งรัดวางรากฐานการพัฒนาที่ยั่งยืนของประเทศ", "objc_level1_name": "งบลงทุน", "compare": [{"bb_amount": 3611500, "bb_province": "แพร่"}], "gf_amount_sum": 0}
{"bb_code": "1500822040600K42", "bb_year": "2559", "amount": 3611500, "min_code": "15000", "agc_code": "15008", "name": "ก่อสร้างระบบประปาหมู่บ้าน แบบผิวดินขนาดใหญ่ หมู่ที่ ๑ บ้านยาวี ตำบลวังชมภู ตามแบบมาตรฐานกรมทรัพยากรน้ำ อบต.วังชมภู อ.เมืองเพชรบูรณ์ จ.เพชรบูรณ์", "min": "กระทรวงมหาดไทย", "agc": "กรมส่งเสริมการปกครองท้องถิ่น", "plan_name": "บริหารจัดการทรัพยากรน้ำ", "stg_name": "ยุทธศาสตร์เร่งรัดวางรากฐานการพัฒนาที่ยั่งยืนของประเทศ", "objc_level1_name": "งบลงทุน", "compare": [{"bb_amount": 3611500, "bb_province": "เพชรบูรณ์"}], "gf_amount_sum": 0}
{"bb_code": "1500785013410114", "bb_year": "2559", "amount": 3608100, "min_code": "15000", "agc_code": "15007", "name": "โครงการปรับปรุงถนนในชุมชน สายบ้านท่าโต๊ะยา หมู่ที่ 4 ตำบลคอกกระบือ อำเภอปะนาเระ จังหวัดปัตตานี กว้าง 5 ม. ระยะทาง 1.000 กม. หมู่บ้านพื้นที่ระดับ 3", "min": "กระทรวงมหาดไทย", "agc": "กรมโยธาธิการและผังเมือง", "plan_name": "แก้ไขปัญหาและพัฒนาจังหวัดชายแดนภาคใต้", "stg_name": "ยุทธศาสตร์เร่งรัดวางรากฐานการพัฒนาที่ยั่งยืนของประเทศ", "objc_level1_name": "งบลงทุน", "compare": [{"bb_amount": 3608100, "bb_province": "ปัตตานี", "gf_amount": 3608100, "gf_province": "ปัตตานี"}], "gf_amount_sum": 3608100}
{"bb_code": "1500785013410117", "bb_year": "2559", "amount": 3608100, "min_code": "15000", "agc_code": "15007", "name": "โครงการปรับปรุงถนนในชุมชน สายม่วงหมัง - ลานควาย หมู่ที่ 5 ตำบลกอลำ อำเภอยะรัง จังหวัดปัตตานี กว้าง 5 ม. ระยะทาง 1.000 กม. หมู่บ้านพื้นที่ระดับ3", "min": "กระทรวงมหาดไทย", "agc": "กรมโยธาธิการและผังเมือง", "plan_name": "แก้ไขปัญหาและพัฒนาจังหวัดชายแดนภาคใต้", "stg_name": "ยุทธศาสตร์เร่งรัดวางรากฐานการพัฒนาที่ยั่งยืนของประเทศ", "objc_level1_name": "งบลงทุน", "compare": [{"bb_amount": 3608100, "bb_province": "ปัตตานี", "gf_amount": 3608100, "gf_province": "ปัตตานี"}], "gf_amount_sum": 3608100}
{"bb_code": "1500822040600M50", "bb_year": "2559", "amount": 3607600, "min_code": "15000", "agc_code": "15008", "name": "ก่อสร้างประปาหมู่บ้าน แบบผิวดินขนาดใหญ่ หมู่ที่ ๕ บ้านหาดจิก ตำบลปากจั่น ตามแบบแปลนกรมทรัพยากรน้ำ อบต.ปากจั่น อ.กระบุรี จ.ระนอง", "min": "กระทรวงมหาดไทย", "agc": "กรมส่งเสริมการปกครองท้องถิ่น", "plan_name": "บริหารจัดการทรัพยากรน้ำ", "stg_name": "ยุทธศาสตร์เร่งรัดวางรากฐานการพัฒนาที่ยั่งยืนของประเทศ", "objc_level1_name": "งบลงทุน", "compare": [{"bb_amount": 3607600, "bb_province": "ระนอง"}], "gf_amount_sum": 0}
{"bb_code": "1500822040600481", "bb_year": "2559", "amount": 3607600, "min_code": "15000", "agc_code": "15008", "name": "ก่อสร้างระบบประปาหมู่บ้านแบบผิวดินขนาดใหญ่ บ้านห้วยคอก หมู่ที่ ๓ ตำบลสะเมิงใต้ ตามแบบมาตรฐานกรมทรัพยากรน้ำ ทต.สะเมิงใต้ อ.สะเมิง จ.เชียงใหม่", "min": "กระทรวงมหาดไทย", "agc": "กรมส่งเสริมการปกครองท้องถิ่น", "plan_name": "บริหารจัดการทรัพยากรน้ำ", "stg_name": "ยุทธศาสตร์เร่งรัดวางรากฐานการพัฒนาที่ยั่งยืนของประเทศ", "objc_level1_name": "งบลงทุน", "compare": [{"bb_amount": 3607600, "bb_province": "เชียงใหม่"}], "gf_amount_sum": 0}
