{"bb_code": "1500720001700014", "bb_year": "2559", "amount": 25000000, "min_code": "15000", "agc_code": "15007", "name": "การวางและจัดทำผังเมืองรวมเมืองลำพูน จังหวัดลำพูน", "min": "กระทรวงมหาดไทย", "agc": "กรมโยธาธิการและผังเมือง", "plan_name": "รักษาความมั่นคงของฐานทรัพยากรธรรมชาติและแก้ปัญหาที่ดินทำกิน", "stg_name": "ยุทธศาสตร์การจัดการทรัพยากรธรรมชาติและสิ่งแวดล้อม", "objc_level1_name": "งบลงทุน", "compare": [{"bb_amount": 25000000, "bb_province": "ลำพูน"}], "gf_amount_sum": 0}
{"bb_code": "1500282003420011", "bb_year": "2559", "amount": 24882500, "min_code": "15000", "agc_code": "15002", "name": "ค่าก่อสร้างอาคารหอประชุมจังหวัดลำปาง ตำบลพระบาท  อำเภอเมืองลำปาง จังหวัดลำปาง", "min": "กระทรวงมหาดไทย", "agc": "สนง.ปลัดกระทรวงมหาดไทย", "plan_name": "พัฒนาประสิทธิภาพการบริหารราชการแผ่นดิน", "stg_name": "ยุทธศาสตร์การบริหารกิจการบ้านเมืองที่ดี", "objc_level1_name": "งบลงทุน", "compare": [{"bb_amount": 24882500, "bb_province": "ลำปาง", "gf_amount": 24050313, "gf_province": "ลำปาง"}], "gf_amount_sum": 24050313}
{"bb_code": "1500382009420001", "bb_year": "2559", "amount": 24832000, "min_code": "15000", "agc_code": "15003", "name": "ค่าก่อสร้างอาคารศูนย์พัฒนาบุคลากรฝ่ายปกครอง", "min": "กระทรวงมหาดไทย", "agc": "กรมการปกครอง", "plan_name": "พัฒนาประสิทธิภาพการบริหารราชการแผ่นดิน", "stg_name": "ยุทธศาสตร์การบริหารกิจการบ้านเมืองที่ดี", "objc_level1_name": "งบลงทุน", "compare": [{"bb_amount": 24832000, "bb_province": "ปทุมธานี"}], "gf_amount_sum": 0}
{"bb_code": "1500425014420010", "bb_year": "2559", "amount": 24575000, "min_code": "15000", "agc_code": "15004", "name": "ก่อสร้างอาคารหอพัก 2 ชั้น ขนาด 32 ห้อง ณ ศูนย์ศึกษาและพัฒนาชุมชนสระบุรี ตำบลทับกวาง อำเภอแก่งคอย จังหวัดสระบุรี", "min": "กระทรวงมหาดไทย", "agc": "กรมการพัฒนาชุมชน", "plan_name": "พัฒนาเศรษฐกิจระดับฐานราก ", "stg_name": "ยุทธศาสตร์การสร้างความเจริญเติบโตทางเศรษฐกิจอย่างยั่งยืนและเป็นธรรม", "objc_level1_name": "งบลงทุน", "compare": [{"bb_amount": 24575000, "bb_province": "สระบุรี"}, {"gf_amount": 12457335, "gf_province": "ส่วนกลาง", "bb_amount": null, "bb_province": "กรุงเทพมหานคร"}], "gf_amount_sum": 12457335}
{"bb_code": "1500425014420001", "bb_year": "2559", "amount": 24575000, "min_code": "15000", "agc_code": "15004", "name": "ก่อสร้างอาคารหอพัก 2 ชั้น ขนาด 32 ห้อง ณ ศูนย์ศึกษาและพัฒนาชุมชนยะลา ตำบลสะเตง อำเภอเมืองยะลา จังหวัดยะลา", "min": "กระทรวงมหาดไทย", "agc": "กรมการพัฒนาชุมชน", "plan_name": "พัฒนาเศรษฐกิจระดับฐานราก ", "stg_name": "ยุทธศาสตร์การสร้างความเจริญเติบโตทางเศรษฐกิจอย่างยั่งยืนและเป็นธรรม", "objc_level1_name": "งบลงทุน", "compare": [{"bb_amount": 24575000, "bb_province": "ยะลา"}, {"gf_amount": 20397250, "gf_province": "ส่วนกลาง", "bb_amount": null, "bb_province": "กรุงเทพมหานคร"}], "gf_amount_sum": 20397250}
{"bb_code": "1500282003420003", "bb_year": "2559", "amount": 24575000, "min_code": "15000", "agc_code": "15002", "name": "ค่าปรับปรุงซ่อมแซมศาลากลางและภูมิทัศน์ศาลากลาง จังหวัดปัตตานี ตำบลสะบารัง อำเภอเมืองปัตตานี จังหวัดปัตตานี", "min": "กระทรวงมหาดไทย", "agc": "สนง.ปลัดกระทรวงมหาดไทย", "plan_name": "พัฒนาประสิทธิภาพการบริหารราชการแผ่นดิน", "stg_name": "ยุทธศาสตร์การบริหารกิจการบ้านเมืองที่ดี", "objc_level1_name": "งบลงทุน", "compare": [{"bb_amount": 24575000, "bb_province": "ปัตตานี", "gf_amount": 3410400, "gf_province": "ปัตตานี"}], "gf_amount_sum": 3410400}
{"bb_code": "1500425014420002", "bb_year": "2559", "amount": 24575000, "min_code": "15000", "agc_code": "15004", "name": "ก่อสร้างอาคารหอพัก 2 ชั้น ขนาด 32 ห้อง ณ ศูนย์ศึกษาและพัฒนาชุมชนอุบลราชธานี ตำบลแจระเเม อำเภอเมืองอุบลราชธานี จังหวัดอุบลราชธานี", "min": "กระทรวงมหาดไทย", "agc": "กรมการพัฒนาชุมชน", "plan_name": "พัฒนาเศรษฐกิจระดับฐานราก ", "stg_name": "ยุทธศาสตร์การสร้างความเจริญเติบโตทางเศรษฐกิจอย่างยั่งยืนและเป็นธรรม", "objc_level1_name": "งบลงทุน", "compare": [{"bb_amount": 24575000, "bb_province": "อุบลราชธานี"}, {"gf_amount": 8981307.6, "gf_province": "ส่วนกลาง", "bb_amount": null, "bb_province": "กรุงเทพมหานคร"}], "gf_amount_sum": 8981307.6}
{"bb_code": "1500425014420004", "bb_year": "2559", "amount": 24575000, "min_code": "15000", "agc_code": "15004", "name": "ก่อสร้างอาคารหอพัก 2 ชั้น ขนาด 32 ห้อง ณ ศูนย์ศึกษาและพัฒนาชุมชนพิษณุโลก ตำบลวังทอง อำเภอวังทอง จังหวัดพิษณุโลก", "min": "กระทรวงมหาดไทย", "agc": "กรมการพัฒนาชุมชน", "plan_name": "พัฒนาเศรษฐกิจระดับฐานราก ", "stg_name": "ยุทธศาสตร์การสร้างความเจริญเติบโตทางเศรษฐกิจอย่างยั่งยืนและเป็นธรรม", "objc_level1_name": "งบลงทุน", "compare": [{"bb_amount": 24575000, "bb_province": "พิษณุโลก"}, {"gf_amount": 9386972, "gf_province": "ส่วนกลาง", "bb_amount": null, "bb_province": "กรุงเทพมหานคร"}], "gf_amount_sum": 9386972}
{"bb_code": "1500425014420003", "bb_year": "2559", "amount": 24575000, "min_code": "15000", "agc_code": "15004", "name": "ก่อสร้างอาคารหอพัก 2 ชั้น ขนาด 32 ห้อง ณ ศูนย์ศึกษาและพัฒนาชุมชนลำปาง ตำบลปงแสนทอง อำเภอเมืองลำปาง จังหวัดลำปาง", "min": "กระทรวงมหาดไทย", "agc": "กรมการพัฒนาชุมชน", "plan_name": "พัฒนาเศรษฐกิจระดับฐานราก ", "stg_name": "ยุทธศาสตร์การสร้างความเจริญเติบโตทางเศรษฐกิจอย่างยั่งยืนและเป็นธรรม", "objc_level1_name": "งบลงทุน", "compare": [{"bb_amount": 24575000, "bb_province": "ลำปาง"}, {"gf_amount": 13294055.5, "gf_province": "ส่วนกลาง", "bb_amount": null, "bb_province": "กรุงเทพมหานคร"}], "gf_amount_sum": 13294055.5}
{"bb_code": "1500720002410042", "bb_year": "2559", "amount": 24575000, "min_code": "15000", "agc_code": "15007", "name": "ค่าบำรุงรักษาและปรับปรุงซ่อมแซมเขื่อนป้องกันตลิ่ง สำนักงานโยธาธิการและผังเมืองจังหวัดเชียงราย ตำบลริมกก อำเภอเมืองเชียงราย จังหวัดเชียงราย", "min": "กระทรวงมหาดไทย", "agc": "กรมโยธาธิการและผังเมือง", "plan_name": "รักษาความมั่นคงของฐานทรัพยากรธรรมชาติและแก้ปัญหาที่ดินทำกิน", "stg_name": "ยุทธศาสตร์การจัดการทรัพยากรธรรมชาติและสิ่งแวดล้อม", "objc_level1_name": "งบลงทุน", "compare": [{"bb_amount": 24575000, "bb_province": "เชียงราย", "gf_amount": 14577600, "gf_province": "เชียงราย"}], "gf_amount_sum": 14577600}
{"bb_code": "1500720004420016", "bb_year": "2559", "amount": 24552000, "min_code": "15000", "agc_code": "15007", "name": "โครงการจัดรูปที่ดินเพื่อพัฒนาพื้นที่ จังหวัดเพชรบูรณ์ ระยะที่ 2", "min": "กระทรวงมหาดไทย", "agc": "กรมโยธาธิการและผังเมือง", "plan_name": "รักษาความมั่นคงของฐานทรัพยากรธรรมชาติและแก้ปัญหาที่ดินทำกิน", "stg_name": "ยุทธศาสตร์การจัดการทรัพยากรธรรมชาติและสิ่งแวดล้อม", "objc_level1_name": "งบลงทุน", "compare": [{"bb_amount": 24552000, "bb_province": "เพชรบูรณ์", "gf_amount": 24552000, "gf_province": "เพชรบูรณ์"}], "gf_amount_sum": 24552000}
{"bb_code": "1500785013420042", "bb_year": "2559", "amount": 24525000, "min_code": "15000", "agc_code": "15007", "name": "โครงการก่อสร้างเขื่อนป้องกันตลิ่งริมคลองละงู บริเวณฌาปนสถานจีน - อิสลาม ตำบลละงู อำเภอละงู จังหวัดสตูล ความยาว 300 เมตร", "min": "กระทรวงมหาดไทย", "agc": "กรมโยธาธิการและผังเมือง", "plan_name": "แก้ไขปัญหาและพัฒนาจังหวัดชายแดนภาคใต้", "stg_name": "ยุทธศาสตร์เร่งรัดวางรากฐานการพัฒนาที่ยั่งยืนของประเทศ", "objc_level1_name": "งบลงทุน", "compare": [{"bb_amount": 24525000, "bb_province": "สตูล", "gf_amount": 24515000, "gf_province": "สตูล"}], "gf_amount_sum": 24515000}
{"bb_code": "1500786007420185", "bb_year": "2559", "amount": 24300000, "min_code": "15000", "agc_code": "15007", "name": "เขื่อนป้องกันตลิ่งริมแม่น้ำชี บ้านท่าวารี อ.เขื่องใน จ.อุบลราชธานี ความยาว 1,000 เมตร", "min": "กระทรวงมหาดไทย", "agc": "กรมโยธาธิการและผังเมือง", "plan_name": "ฟื้นฟู ป้องกัน และจัดการภัยพิบัติ ", "stg_name": "ยุทธศาสตร์การจัดการทรัพยากรธรรมชาติและสิ่งแวดล้อม", "objc_level1_name": "งบลงทุน", "compare": [{"bb_amount": 24300000, "bb_province": "อุบลราชธานี"}, {"gf_amount": 34538400, "gf_province": "ส่วนกลาง", "bb_amount": null, "bb_province": "กรุงเทพมหานคร"}], "gf_amount_sum": 34538400}
{"bb_code": "1500786020420038", "bb_year": "2559", "amount": 24241700, "min_code": "15000", "agc_code": "15007", "name": "เขื่อนป้องกันตลิ่งริมแม่น้ำโขง บ้านปากอิง หมู่ที่ 2 (ตอน 3) ต.ศรีดอนชัย อ.เชียงของ จ.เชียงราย ความยาว 430 เมตร", "min": "กระทรวงมหาดไทย", "agc": "กรมโยธาธิการและผังเมือง", "plan_name": "ฟื้นฟู ป้องกัน และจัดการภัยพิบัติ ", "stg_name": "ยุทธศาสตร์การจัดการทรัพยากรธรรมชาติและสิ่งแวดล้อม", "objc_level1_name": "งบลงทุน", "compare": [{"bb_amount": 24241700, "bb_province": "เชียงราย"}, {"gf_amount": 6112500, "gf_province": "ส่วนกลาง", "bb_amount": null, "bb_province": "กรุงเทพมหานคร"}], "gf_amount_sum": 6112500}
{"bb_code": "1500786007420052", "bb_year": "2559", "amount": 24021300, "min_code": "15000", "agc_code": "15007", "name": "เขื่อนป้องกันตลิ่งและปรับปรุงภูมิทัศน์แม่น้ำชี บริเวณวัดอัมพวันวนาราม บ้านท่าศาลา หมู่ที่ 4 ต.ชีทวน อ.เขื่องใน จ.อุบลราชธานี ความยาว 550 เมตร", "min": "กระทรวงมหาดไทย", "agc": "กรมโยธาธิการและผังเมือง", "plan_name": "ฟื้นฟู ป้องกัน และจัดการภัยพิบัติ ", "stg_name": "ยุทธศาสตร์การจัดการทรัพยากรธรรมชาติและสิ่งแวดล้อม", "objc_level1_name": "งบลงทุน", "compare": [{"bb_amount": 24021300, "bb_province": "อุบลราชธานี"}, {"gf_amount": 33720000, "gf_province": "ส่วนกลาง", "bb_amount": null, "bb_province": "กรุงเทพมหานคร"}], "gf_amount_sum": 33720000}
{"bb_code": "1500785013420019", "bb_year": "2559", "amount": 24000000, "min_code": "15000", "agc_code": "15007", "name": "โครงการปรับปรุงภูมิทัศน์ มัสยิดกลางประจำจังหวัดสงขลา ระยะที่ 2 อำเภอหาดใหญ่ จังหวัดสงขลา", "min": "กระทรวงมหาดไทย", "agc": "กรมโยธาธิการและผังเมือง", "plan_name": "แก้ไขปัญหาและพัฒนาจังหวัดชายแดนภาคใต้", "stg_name": "ยุทธศาสตร์เร่งรัดวางรากฐานการพัฒนาที่ยั่งยืนของประเทศ", "objc_level1_name": "งบลงทุน", "compare": [{"bb_amount": 24000000, "bb_province": "สงขลา", "gf_amount": 1262203.2, "gf_province": "สงขลา"}], "gf_amount_sum": 1262203.2}
{"bb_code": "1500786007420251", "bb_year": "2559", "amount": 24000000, "min_code": "15000", "agc_code": "15007", "name": "เขื่อนป้องกันตลิ่งริมแม่น้ำท่าจีนและริมคลองสองพี่น้อง บริเวณบางสาม ต.บางเลน อ.สองพี่น้อง จ.สุพรรณบุรี ความยาว 630 เมตร", "min": "กระทรวงมหาดไทย", "agc": "กรมโยธาธิการและผังเมือง", "plan_name": "ฟื้นฟู ป้องกัน และจัดการภัยพิบัติ ", "stg_name": "ยุทธศาสตร์การจัดการทรัพยากรธรรมชาติและสิ่งแวดล้อม", "objc_level1_name": "งบลงทุน", "compare": [{"bb_amount": 24000000, "bb_province": "สุพรรณบุรี"}, {"gf_amount": 40484100, "gf_province": "ส่วนกลาง", "bb_amount": null, "bb_province": "กรุงเทพมหานคร"}], "gf_amount_sum": 40484100}
{"bb_code": "1500785013420033", "bb_year": "2559", "amount": 24000000, "min_code": "15000", "agc_code": "15007", "name": "โครงการปรับปรุงภูมิทัศน์ศูนย์ราชการจังหวัดนราธิวาส (สวนนราเปี่ยมสุข) อำเภอเมืองนราธิวาส จังหวัดนราธิวาส ระยะที่ 2", "min": "กระทรวงมหาดไทย", "agc": "กรมโยธาธิการและผังเมือง", "plan_name": "แก้ไขปัญหาและพัฒนาจังหวัดชายแดนภาคใต้", "stg_name": "ยุทธศาสตร์เร่งรัดวางรากฐานการพัฒนาที่ยั่งยืนของประเทศ", "objc_level1_name": "งบลงทุน", "compare": [{"bb_amount": 24000000, "bb_province": "นราธิวาส", "gf_amount": 0, "gf_province": "นราธิวาส"}], "gf_amount_sum": 0}
{"bb_code": "1500786007420268", "bb_year": "2559", "amount": 24000000, "min_code": "15000", "agc_code": "15007", "name": "เขื่อนป้องกันตลิ่งริมแม่น้ำมูล บริเวณปากมูลน้อย(ต่อเนื่องเขื่อนเดิม) อ.เมือง จ.อุบลราชธานี ความยาว 1,000 เมตร", "min": "กระทรวงมหาดไทย", "agc": "กรมโยธาธิการและผังเมือง", "plan_name": "ฟื้นฟู ป้องกัน และจัดการภัยพิบัติ ", "stg_name": "ยุทธศาสตร์การจัดการทรัพยากรธรรมชาติและสิ่งแวดล้อม", "objc_level1_name": "งบลงทุน", "compare": [{"bb_amount": 24000000, "bb_province": "อุบลราชธานี"}, {"gf_amount": 61263000, "gf_province": "ส่วนกลาง", "bb_amount": null, "bb_province": "กรุงเทพมหานคร"}], "gf_amount_sum": 61263000}
{"bb_code": "1500786007420270", "bb_year": "2559", "amount": 24000000, "min_code": "15000", "agc_code": "15007", "name": "เขื่อนป้องกันตลิ่งริมห้วยขะยุง บ้านท่าเมืองใหม่ ม.9 - บ้านห้วยขะยุงเหนือ ม.6 อ.วารินชำราบ จ.อุบลราชธานี ความยาว 1,000 เมตร", "min": "กระทรวงมหาดไทย", "agc": "กรมโยธาธิการและผังเมือง", "plan_name": "ฟื้นฟู ป้องกัน และจัดการภัยพิบัติ ", "stg_name": "ยุทธศาสตร์การจัดการทรัพยากรธรรมชาติและสิ่งแวดล้อม", "objc_level1_name": "งบลงทุน", "compare": [{"bb_amount": 24000000, "bb_province": "อุบลราชธานี"}, {"gf_amount": 60617000, "gf_province": "ส่วนกลาง", "bb_amount": null, "bb_province": "กรุงเทพมหานคร"}], "gf_amount_sum": 60617000}
