{"bb_code": "1500822040600232", "bb_year": "2559", "amount": 3585000, "min_code": "15000", "agc_code": "15008", "name": "ก่อสร้างประปาหมู่บ้าน แบบบาดาลขนาดใหญ่ หมู่ที่ ๖ ตำบลหมอนทอง ตามแบบกรมทรัพยากรน้ำ อบต.หมอนทอง อ.บางน้ำเปรี้ยว จ.ฉะเชิงเทรา", "min": "กระทรวงมหาดไทย", "agc": "กรมส่งเสริมการปกครองท้องถิ่น", "plan_name": "บริหารจัดการทรัพยากรน้ำ", "stg_name": "ยุทธศาสตร์เร่งรัดวางรากฐานการพัฒนาที่ยั่งยืนของประเทศ", "objc_level1_name": "งบลงทุน", "compare": [{"bb_amount": 3585000, "bb_province": "ฉะเชิงเทรา"}], "gf_amount_sum": 0}
{"bb_code": "1500822040600O18", "bb_year": "2559", "amount": 3585000, "min_code": "15000", "agc_code": "15008", "name": "ก่อสร้างระบบประปาหมู่บ้าน แบบผิวดินขนาดใหญ่ หมู่ที่ ๑๕ บ้านทุ่งโพธิ์ ตามแบบมาตรฐานกรมทรัพยากรน้ำ อบต.ปวนพุ อ.หนองหิน จ.เลย", "min": "กระทรวงมหาดไทย", "agc": "กรมส่งเสริมการปกครองท้องถิ่น", "plan_name": "บริหารจัดการทรัพยากรน้ำ", "stg_name": "ยุทธศาสตร์เร่งรัดวางรากฐานการพัฒนาที่ยั่งยืนของประเทศ", "objc_level1_name": "งบลงทุน", "compare": [{"bb_amount": 3585000, "bb_province": "เลย"}], "gf_amount_sum": 0}
{"bb_code": "1500822040600815", "bb_year": "2559", "amount": 3585000, "min_code": "15000", "agc_code": "15008", "name": "ก่อสร้างประปาหมู่บ้าน แบบผิวดินขนาดใหญ่ บ้านเสรีราษฎร์ หมู่ที่ ๖ ตำบลช่องแคบ ตามแบบแปลนของกรมทรัพยากรน้ำและรายละเอียดตามปริมาณงานและแบบแปลนที่องค์การบริหารส่วนตำบลช่องแคบกำหนด อบต.ช่องแคบ อ.พบพระ จ.ตา", "min": "กระทรวงมหาดไทย", "agc": "กรมส่งเสริมการปกครองท้องถิ่น", "plan_name": "บริหารจัดการทรัพยากรน้ำ", "stg_name": "ยุทธศาสตร์เร่งรัดวางรากฐานการพัฒนาที่ยั่งยืนของประเทศ", "objc_level1_name": "งบลงทุน", "compare": [{"bb_amount": 3585000, "bb_province": "ตาก"}], "gf_amount_sum": 0}
{"bb_code": "1500822040600Q60", "bb_year": "2559", "amount": 3585000, "min_code": "15000", "agc_code": "15008", "name": "ก่อสร้างระบบประปาหมู่บ้าน แบบผิวดินขนาดใหญ่ บ้านโนนนกหอ หมู่ที่ ๗ และบ้านโนนสุวรรณ หมู่ที่ ๙ ตำบลยางน้อย ตามแบบกรมทรัพยากรน้ำ อบต.ยางน้อย อ.โกสุมพิสัย จ.มหาสารคาม", "min": "กระทรวงมหาดไทย", "agc": "กรมส่งเสริมการปกครองท้องถิ่น", "plan_name": "บริหารจัดการทรัพยากรน้ำ", "stg_name": "ยุทธศาสตร์เร่งรัดวางรากฐานการพัฒนาที่ยั่งยืนของประเทศ", "objc_level1_name": "งบลงทุน", "compare": [{"bb_amount": 3585000, "bb_province": "มหาสารคาม"}], "gf_amount_sum": 0}
{"bb_code": "1500822040600243", "bb_year": "2559", "amount": 3585000, "min_code": "15000", "agc_code": "15008", "name": "ก่อสร้างประปาผิวดินขนาดใหญ่ บ้านโคกสี หมู่ที่ ๕ ตามแบบมาตรฐานกรมทรัพยากรน้ำ ทต.แก่นฝาง  อ.บ้านฝาง จ.ขอนแก่น", "min": "กระทรวงมหาดไทย", "agc": "กรมส่งเสริมการปกครองท้องถิ่น", "plan_name": "บริหารจัดการทรัพยากรน้ำ", "stg_name": "ยุทธศาสตร์เร่งรัดวางรากฐานการพัฒนาที่ยั่งยืนของประเทศ", "objc_level1_name": "งบลงทุน", "compare": [{"bb_amount": 3585000, "bb_province": "ขอนแก่น"}], "gf_amount_sum": 0}
{"bb_code": "1500822040600U18", "bb_year": "2559", "amount": 3585000, "min_code": "15000", "agc_code": "15008", "name": "ก่อสร้างระบบประปาหมู่บ้านแบบผิวดินขนาดใหญ่ บ้านเปรียง หมู่ที่ ๔ ตำบลจารพัต ตามแบบมาตรฐานกรมทรัพยากรน้ำ อบต.จารพัต อ.ศีขรภูมิ จ.สุรินทร์", "min": "กระทรวงมหาดไทย", "agc": "กรมส่งเสริมการปกครองท้องถิ่น", "plan_name": "บริหารจัดการทรัพยากรน้ำ", "stg_name": "ยุทธศาสตร์เร่งรัดวางรากฐานการพัฒนาที่ยั่งยืนของประเทศ", "objc_level1_name": "งบลงทุน", "compare": [{"bb_amount": 3585000, "bb_province": "สุรินทร์"}], "gf_amount_sum": 0}
{"bb_code": "1500822040600495", "bb_year": "2559", "amount": 3585000, "min_code": "15000", "agc_code": "15008", "name": "ก่อสร้างระบบประปาหมู่บ้าน แบบผิวดินขนาดใหญ่  หมู่ที่ ๑๖  บ้านโป่งป่าแขม ตามแบบมาตรฐานกรมทรัพยากรน้ำ ทต.เวียงสรวย อ.แม่สรวย จ.เชียงราย", "min": "กระทรวงมหาดไทย", "agc": "กรมส่งเสริมการปกครองท้องถิ่น", "plan_name": "บริหารจัดการทรัพยากรน้ำ", "stg_name": "ยุทธศาสตร์เร่งรัดวางรากฐานการพัฒนาที่ยั่งยืนของประเทศ", "objc_level1_name": "งบลงทุน", "compare": [{"bb_amount": 3585000, "bb_province": "เชียงราย"}], "gf_amount_sum": 0}
{"bb_code": "1500822040600L87", "bb_year": "2559", "amount": 3585000, "min_code": "15000", "agc_code": "15008", "name": "ก่อสร้างประปาหมู่บ้านแบบผิวดินขนาดใหญ่ บ้านใหม่ศรีบุญเรือง หมู่ที่ ๑๔ ตำบลป่าพลู  ตามแบบมาตรฐานกรมทรัพยากรน้ำ อบต.ป่าพลู อ.บ้านโฮ่ง จ.ลำพูน", "min": "กระทรวงมหาดไทย", "agc": "กรมส่งเสริมการปกครองท้องถิ่น", "plan_name": "บริหารจัดการทรัพยากรน้ำ", "stg_name": "ยุทธศาสตร์เร่งรัดวางรากฐานการพัฒนาที่ยั่งยืนของประเทศ", "objc_level1_name": "งบลงทุน", "compare": [{"bb_amount": 3585000, "bb_province": "ลำพูน"}], "gf_amount_sum": 0}
{"bb_code": "1500822040600244", "bb_year": "2559", "amount": 3585000, "min_code": "15000", "agc_code": "15008", "name": "ก่อสร้างประปาผิวดินขนาดใหญ่ บ้านโคกงาม หมู่ที่ ๔,๘  ตามแบบมาตรฐานกรมทรัพยากรน้ำ ทต.โคกงาม อ.บ้านฝาง จ.ขอนแก่น", "min": "กระทรวงมหาดไทย", "agc": "กรมส่งเสริมการปกครองท้องถิ่น", "plan_name": "บริหารจัดการทรัพยากรน้ำ", "stg_name": "ยุทธศาสตร์เร่งรัดวางรากฐานการพัฒนาที่ยั่งยืนของประเทศ", "objc_level1_name": "งบลงทุน", "compare": [{"bb_amount": 3585000, "bb_province": "ขอนแก่น"}], "gf_amount_sum": 0}
{"bb_code": "1500822040600G12", "bb_year": "2559", "amount": 3585000, "min_code": "15000", "agc_code": "15008", "name": "ก่อสร้างประปาหมู่บ้านแบบผิวดินขนาดใหญ่ หมู่ที่ ๑ บ้านกู่สวนแตง ตำบลกู่สวนแตง ตามแบบแปลนมาตรฐานกรมทรัพยากรน้ำ อบต.กู่สวนแตง อ.บ้านใหม่ไชยพจน์ จ.บุรีรัมย์", "min": "กระทรวงมหาดไทย", "agc": "กรมส่งเสริมการปกครองท้องถิ่น", "plan_name": "บริหารจัดการทรัพยากรน้ำ", "stg_name": "ยุทธศาสตร์เร่งรัดวางรากฐานการพัฒนาที่ยั่งยืนของประเทศ", "objc_level1_name": "งบลงทุน", "compare": [{"bb_amount": 3585000, "bb_province": "บุรีรัมย์"}], "gf_amount_sum": 0}
{"bb_code": "1500822040600814", "bb_year": "2559", "amount": 3585000, "min_code": "15000", "agc_code": "15008", "name": "ก่อสร้างประปาหมู่บ้าน แบบผิวดินขนาดใหญ่ บ้านเสรีราษฎร์ใหม่ หมู่ที่ ๘ ตำบลช่องแคบ ตามแบบแปลนของกรมทรัพยากรน้ำและรายละเอียดตามปริมาณงานและแบบแปลนที่องค์การบริหารส่วนตำบลช่องแคบกำหนด อบต.ช่องแคบ อ.พบพระ", "min": "กระทรวงมหาดไทย", "agc": "กรมส่งเสริมการปกครองท้องถิ่น", "plan_name": "บริหารจัดการทรัพยากรน้ำ", "stg_name": "ยุทธศาสตร์เร่งรัดวางรากฐานการพัฒนาที่ยั่งยืนของประเทศ", "objc_level1_name": "งบลงทุน", "compare": [{"bb_amount": 3585000, "bb_province": "ตาก"}], "gf_amount_sum": 0}
{"bb_code": "1500822040600T83", "bb_year": "2559", "amount": 3585000, "min_code": "15000", "agc_code": "15008", "name": "ก่อสร้างประปาหมู่บ้านแบบผิวดินขนาดใหญ่ บ้านหนองตลาด หมู่ที่ ๙ ตำบลบึงมะลู ตามแบบมาตรฐานกรมทรัพยากรน้ำ อบต.บึงมะลู อ.กันทรลักษ์ จ.ศรีสะเกษ", "min": "กระทรวงมหาดไทย", "agc": "กรมส่งเสริมการปกครองท้องถิ่น", "plan_name": "บริหารจัดการทรัพยากรน้ำ", "stg_name": "ยุทธศาสตร์เร่งรัดวางรากฐานการพัฒนาที่ยั่งยืนของประเทศ", "objc_level1_name": "งบลงทุน", "compare": [{"bb_amount": 3585000, "bb_province": "ศรีสะเกษ"}], "gf_amount_sum": 0}
{"bb_code": "1500822040600246", "bb_year": "2559", "amount": 3585000, "min_code": "15000", "agc_code": "15008", "name": "ก่อสร้างประปาผิวดินขนาดใหญ่ บ้านวังหว้า หมู่ที่ ๘ ตามแบบมาตรฐานกรมทรัพยากรน้ำ ทต.วังสวรรค์ อ.บ้านแฮด จ.ขอนแก่น", "min": "กระทรวงมหาดไทย", "agc": "กรมส่งเสริมการปกครองท้องถิ่น", "plan_name": "บริหารจัดการทรัพยากรน้ำ", "stg_name": "ยุทธศาสตร์เร่งรัดวางรากฐานการพัฒนาที่ยั่งยืนของประเทศ", "objc_level1_name": "งบลงทุน", "compare": [{"bb_amount": 3585000, "bb_province": "ขอนแก่น"}], "gf_amount_sum": 0}
{"bb_code": "1500822040600L84", "bb_year": "2559", "amount": 3585000, "min_code": "15000", "agc_code": "15008", "name": "ก่อสร้างประปาหมู่บ้านแบบผิวดินขนาดใหญ่ บ้านทุ่งม่าน หมู่ที่ ๔ ตำบลป่าพลู ตามแบบมาตรฐานกรมทรัพยากรน้ำ อบต.ป่าพลู อ.บ้านโฮ่ง จ.ลำพูน", "min": "กระทรวงมหาดไทย", "agc": "กรมส่งเสริมการปกครองท้องถิ่น", "plan_name": "บริหารจัดการทรัพยากรน้ำ", "stg_name": "ยุทธศาสตร์เร่งรัดวางรากฐานการพัฒนาที่ยั่งยืนของประเทศ", "objc_level1_name": "งบลงทุน", "compare": [{"bb_amount": 3585000, "bb_province": "ลำพูน"}], "gf_amount_sum": 0}
{"bb_code": "1500822040600259", "bb_year": "2559", "amount": 3585000, "min_code": "15000", "agc_code": "15008", "name": "ก่อสร้างประปาผิวดินขนาดใหญ่ บ้านโนนคุต หมู่ที่ ๘  ตามแบบมาตรฐานกรมทรัพยากรน้ำ อบต.โพนเพ็ก อ.มัญจาคีรี จ.ขอนแก่น", "min": "กระทรวงมหาดไทย", "agc": "กรมส่งเสริมการปกครองท้องถิ่น", "plan_name": "บริหารจัดการทรัพยากรน้ำ", "stg_name": "ยุทธศาสตร์เร่งรัดวางรากฐานการพัฒนาที่ยั่งยืนของประเทศ", "objc_level1_name": "งบลงทุน", "compare": [{"bb_amount": 3585000, "bb_province": "ขอนแก่น"}], "gf_amount_sum": 0}
{"bb_code": "1500822040600U21", "bb_year": "2559", "amount": 3585000, "min_code": "15000", "agc_code": "15008", "name": "ก่อสร้างระบบประปาหมู่บ้านแบบผิวดินขนาดใหญ่ บ้านตามอ หมู่ที่ ๖ บ้านยะหาญ หมู่ที่ ๗  ตำบลตรมไพร ตามแบบมาตรฐานกรมทรัพยากรน้ำ อบต.ตรมไพร อ.ศีขรภูมิ จ.สุรินทร์", "min": "กระทรวงมหาดไทย", "agc": "กรมส่งเสริมการปกครองท้องถิ่น", "plan_name": "บริหารจัดการทรัพยากรน้ำ", "stg_name": "ยุทธศาสตร์เร่งรัดวางรากฐานการพัฒนาที่ยั่งยืนของประเทศ", "objc_level1_name": "งบลงทุน", "compare": [{"bb_amount": 3585000, "bb_province": "สุรินทร์"}], "gf_amount_sum": 0}
{"bb_code": "1500822040600C68", "bb_year": "2559", "amount": 3585000, "min_code": "15000", "agc_code": "15008", "name": "ก่อสร้างประปาหมู่บ้านแบบผิวดินขนาดใหญ่ หมู่ที่ ๖ บ้านระกาเสม็ด ตำบลกันทรารมย์ ตามแบบแปลนมาตรฐานกรมทรัพยากรน้ำ อบต.กันทรารมย์ อ.กระสัง จ.บุรีรัมย์", "min": "กระทรวงมหาดไทย", "agc": "กรมส่งเสริมการปกครองท้องถิ่น", "plan_name": "บริหารจัดการทรัพยากรน้ำ", "stg_name": "ยุทธศาสตร์เร่งรัดวางรากฐานการพัฒนาที่ยั่งยืนของประเทศ", "objc_level1_name": "งบลงทุน", "compare": [{"bb_amount": 3585000, "bb_province": "บุรีรัมย์"}], "gf_amount_sum": 0}
{"bb_code": "1500822040600N18", "bb_year": "2559", "amount": 3585000, "min_code": "15000", "agc_code": "15008", "name": "ก่อสร้างระบบประปาหมู่บ้านแบบผิวดินขนาดใหญ่ บ้านหัวดอน หมู่ที่ ๖ ตำบลหน่อม ตามแบบมาตรฐานกรมทรัพยากรน้ำ อบต.หน่อม อ.อาจสามารถ จ.ร้อยเอ็ด", "min": "กระทรวงมหาดไทย", "agc": "กรมส่งเสริมการปกครองท้องถิ่น", "plan_name": "บริหารจัดการทรัพยากรน้ำ", "stg_name": "ยุทธศาสตร์เร่งรัดวางรากฐานการพัฒนาที่ยั่งยืนของประเทศ", "objc_level1_name": "งบลงทุน", "compare": [{"bb_amount": 3585000, "bb_province": "ร้อยเอ็ด"}], "gf_amount_sum": 0}
{"bb_code": "1500822040600972", "bb_year": "2559", "amount": 3585000, "min_code": "15000", "agc_code": "15008", "name": "ก่อสร้างระบบประปาแบบผิวดินขนาดใหญ่มาก หมู่ที่ ๖ บ้านวิเชียร ตำบลธรรมามูล ตามแบบมาตรฐานกรมทรัพยากรน้ำกำหนด ทต.ธรรมามูล อ.เมืองชัยนาท จ.ชัยนาท", "min": "กระทรวงมหาดไทย", "agc": "กรมส่งเสริมการปกครองท้องถิ่น", "plan_name": "บริหารจัดการทรัพยากรน้ำ", "stg_name": "ยุทธศาสตร์เร่งรัดวางรากฐานการพัฒนาที่ยั่งยืนของประเทศ", "objc_level1_name": "งบลงทุน", "compare": [{"bb_amount": 3585000, "bb_province": "ชัยนาท"}], "gf_amount_sum": 0}
{"bb_code": "1500822040600V11", "bb_year": "2559", "amount": 3585000, "min_code": "15000", "agc_code": "15008", "name": "ก่อสร้างระบบประปาหมู่บ้าน ผิวดินขนาดใหญ่ บ้านแก้งเกลี้ยง หมู่ที่ ๔ ตำบลเขมราฐ ตามแบบมาตรฐานกรมทรัพยากรน้ำ ทต.เทพวงศา อ.เขมราฐ จ.อุบลราชธานี", "min": "กระทรวงมหาดไทย", "agc": "กรมส่งเสริมการปกครองท้องถิ่น", "plan_name": "บริหารจัดการทรัพยากรน้ำ", "stg_name": "ยุทธศาสตร์เร่งรัดวางรากฐานการพัฒนาที่ยั่งยืนของประเทศ", "objc_level1_name": "งบลงทุน", "compare": [{"bb_amount": 3585000, "bb_province": "อุบลราชธานี"}], "gf_amount_sum": 0}
