{"bb_code": "1500822040600604", "bb_year": "2559", "amount": 3585000, "min_code": "15000", "agc_code": "15008", "name": "ก่อสร้างประปาหมู่บ้านแบบผิวดินขนาดใหญ่ หมู่ที่ ๑๗  บ้านห้วยตาสิงห์ ตามแบบมาตรตฐานกรมทรัพยากรน้ำ อบต.บ้านควน อ.หลังสวน จ.ชุมพร", "min": "กระทรวงมหาดไทย", "agc": "กรมส่งเสริมการปกครองท้องถิ่น", "plan_name": "บริหารจัดการทรัพยากรน้ำ", "stg_name": "ยุทธศาสตร์เร่งรัดวางรากฐานการพัฒนาที่ยั่งยืนของประเทศ", "objc_level1_name": "งบลงทุน", "compare": [{"bb_amount": 3585000, "bb_province": "ชุมพร"}], "gf_amount_sum": 0}
{"bb_code": "1500822040600J09", "bb_year": "2559", "amount": 3585000, "min_code": "15000", "agc_code": "15008", "name": "ก่อสร้างระบบประปาหมู่บ้านประเภทผิวดินขนาดใหญ่ บ้านชากตะไคร้ หมู่ที่ ๗ ตำบลวังหว้า ตามแบบมาตรฐานกรมทรัพยากรน้ำ อบต.วังหว้า อ.แกลง จ.ระยอง", "min": "กระทรวงมหาดไทย", "agc": "กรมส่งเสริมการปกครองท้องถิ่น", "plan_name": "บริหารจัดการทรัพยากรน้ำ", "stg_name": "ยุทธศาสตร์เร่งรัดวางรากฐานการพัฒนาที่ยั่งยืนของประเทศ", "objc_level1_name": "งบลงทุน", "compare": [{"bb_amount": 3585000, "bb_province": "ระยอง"}], "gf_amount_sum": 0}
{"bb_code": "1500822040600642", "bb_year": "2559", "amount": 3585000, "min_code": "15000", "agc_code": "15008", "name": "ก่อสร้างระบบประปาหมู่บ้าน แบบผิวดินขนาดใหญ่ บ้านส้มกบ หมู่ที่ ๑๐ ตำบลสระโพนทอง ตามแบบมาตรฐานกรมทรัพยากรน้ำ  อบต.สระโพนทอง อ.เกษตรสมบูรณ์ จ.ชัยภูมิ", "min": "กระทรวงมหาดไทย", "agc": "กรมส่งเสริมการปกครองท้องถิ่น", "plan_name": "บริหารจัดการทรัพยากรน้ำ", "stg_name": "ยุทธศาสตร์เร่งรัดวางรากฐานการพัฒนาที่ยั่งยืนของประเทศ", "objc_level1_name": "งบลงทุน", "compare": [{"bb_amount": 3585000, "bb_province": "ชัยภูมิ"}], "gf_amount_sum": 0}
{"bb_code": "1500822040600L66", "bb_year": "2559", "amount": 3585000, "min_code": "15000", "agc_code": "15008", "name": "ก่อสร้างประปาหมู่บ้านแบบผิวดินขนาดใหญ่ หมู่ที่ ๗ บ้านแม่กัวะพัฒนา ตำบลแม่กัวะ  ตามแบบมาตรฐานกรมทรัพยากรน้ำ อบต.แม่กัวะ อ.สบปราบ จ.ลำปาง", "min": "กระทรวงมหาดไทย", "agc": "กรมส่งเสริมการปกครองท้องถิ่น", "plan_name": "บริหารจัดการทรัพยากรน้ำ", "stg_name": "ยุทธศาสตร์เร่งรัดวางรากฐานการพัฒนาที่ยั่งยืนของประเทศ", "objc_level1_name": "งบลงทุน", "compare": [{"bb_amount": 3585000, "bb_province": "ลำปาง"}], "gf_amount_sum": 0}
{"bb_code": "1500822040600651", "bb_year": "2559", "amount": 3585000, "min_code": "15000", "agc_code": "15008", "name": "ก่อสร้างระบบประปาหมู่บ้าน แบบผิวดินขนาดใหญ่ บ้านเลิงทุ่ม หมู่ที่ ๓ ตำบลหลุบคา ตามแบบมาตรฐานกรมทรัพยากรน้ำ อบต.หลุบคา อ.แก้งคร้อ จ.ชัยภูมิ", "min": "กระทรวงมหาดไทย", "agc": "กรมส่งเสริมการปกครองท้องถิ่น", "plan_name": "บริหารจัดการทรัพยากรน้ำ", "stg_name": "ยุทธศาสตร์เร่งรัดวางรากฐานการพัฒนาที่ยั่งยืนของประเทศ", "objc_level1_name": "งบลงทุน", "compare": [{"bb_amount": 3585000, "bb_province": "ชัยภูมิ"}], "gf_amount_sum": 0}
{"bb_code": "1500822040600J12", "bb_year": "2559", "amount": 3585000, "min_code": "15000", "agc_code": "15008", "name": "ก่อสร้างระบบประปาหมู่บ้านผิวดินขนาดใหญ่ บ้านหนองปลาไหล หมู่ที่ ๘ ตำบลชำฆ้อ ตามแบบมาตรฐานกรมทรัพยากรน้ำ ทต.ชำฆ้อ อ.เขาชะเมา จ.ระยอง", "min": "กระทรวงมหาดไทย", "agc": "กรมส่งเสริมการปกครองท้องถิ่น", "plan_name": "บริหารจัดการทรัพยากรน้ำ", "stg_name": "ยุทธศาสตร์เร่งรัดวางรากฐานการพัฒนาที่ยั่งยืนของประเทศ", "objc_level1_name": "งบลงทุน", "compare": [{"bb_amount": 3585000, "bb_province": "ระยอง"}], "gf_amount_sum": 0}
{"bb_code": "1500822040600652", "bb_year": "2559", "amount": 3585000, "min_code": "15000", "agc_code": "15008", "name": "ก่อสร้างระบบประปาหมู่บ้าน แบบผิวดินขนาดใหญ่ บ้านหนองโน หมู่ที่ ๑๒ ตำบลโคกมั่งงอย ตามแบบมาตรฐานกรมทรัพยากรน้ำ  อบต.โคกมั่งงอย อ.คอนสวรรค์ จ.ชัยภูมิ", "min": "กระทรวงมหาดไทย", "agc": "กรมส่งเสริมการปกครองท้องถิ่น", "plan_name": "บริหารจัดการทรัพยากรน้ำ", "stg_name": "ยุทธศาสตร์เร่งรัดวางรากฐานการพัฒนาที่ยั่งยืนของประเทศ", "objc_level1_name": "งบลงทุน", "compare": [{"bb_amount": 3585000, "bb_province": "ชัยภูมิ"}], "gf_amount_sum": 0}
{"bb_code": "1500822040600L39", "bb_year": "2559", "amount": 3585000, "min_code": "15000", "agc_code": "15008", "name": "ก่อสร้างประปาหมู่บ้านแบบผิวดินขนาดใหญ่ หมู่ที่ ๘ บ้านห้วยเกาะหลวง ตำบลแม่มอก ตามแบบมาตรฐานกรมทรัพยากรน้ำ ทต.แม่มอก อ.เถิน จ.ลำปาง", "min": "กระทรวงมหาดไทย", "agc": "กรมส่งเสริมการปกครองท้องถิ่น", "plan_name": "บริหารจัดการทรัพยากรน้ำ", "stg_name": "ยุทธศาสตร์เร่งรัดวางรากฐานการพัฒนาที่ยั่งยืนของประเทศ", "objc_level1_name": "งบลงทุน", "compare": [{"bb_amount": 3585000, "bb_province": "ลำปาง"}], "gf_amount_sum": 0}
{"bb_code": "1500822040600657", "bb_year": "2559", "amount": 3585000, "min_code": "15000", "agc_code": "15008", "name": "ก่อสร้างระบบประปาหมู่บ้าน แบบผิวดินขนาดใหญ่ บ้านโนนจำปา หมู่ที่ ๓ ตำบลห้วยยาง ตามแบบมาตรฐานกรมทรัพยากรน้ำ ทต.ห้วยยาง อ.คอนสาร จ.ชัยภูมิ", "min": "กระทรวงมหาดไทย", "agc": "กรมส่งเสริมการปกครองท้องถิ่น", "plan_name": "บริหารจัดการทรัพยากรน้ำ", "stg_name": "ยุทธศาสตร์เร่งรัดวางรากฐานการพัฒนาที่ยั่งยืนของประเทศ", "objc_level1_name": "งบลงทุน", "compare": [{"bb_amount": 3585000, "bb_province": "ชัยภูมิ"}], "gf_amount_sum": 0}
{"bb_code": "1500822040600L38", "bb_year": "2559", "amount": 3585000, "min_code": "15000", "agc_code": "15008", "name": "ก่อสร้างประปาหมู่บ้านแบบผิวดินขนาดใหญ่ บ้านวังสัก หมู่ที่ ๑๐ ตำบลแจ้ห่ม ตามแบบมาตรฐานกรมทรัพยากรน้ำ อบต.แจ้ห่ม อ.แจ้ห่ม จ.ลำปาง", "min": "กระทรวงมหาดไทย", "agc": "กรมส่งเสริมการปกครองท้องถิ่น", "plan_name": "บริหารจัดการทรัพยากรน้ำ", "stg_name": "ยุทธศาสตร์เร่งรัดวางรากฐานการพัฒนาที่ยั่งยืนของประเทศ", "objc_level1_name": "งบลงทุน", "compare": [{"bb_amount": 3585000, "bb_province": "ลำปาง"}], "gf_amount_sum": 0}
{"bb_code": "1500822040600659", "bb_year": "2559", "amount": 3585000, "min_code": "15000", "agc_code": "15008", "name": "ก่อสร้างระบบประปาหมู่บ้าน แบบผิวดินขนาดใหญ่ บ้านดอนอุดม หมู่ที่ ๗ ตำบลห้วยยาง ตามแบบมาตรฐานกรมทรัพยากรน้ำ ทต.ห้วยยาง อ.คอนสาร จ.ชัยภูมิ", "min": "กระทรวงมหาดไทย", "agc": "กรมส่งเสริมการปกครองท้องถิ่น", "plan_name": "บริหารจัดการทรัพยากรน้ำ", "stg_name": "ยุทธศาสตร์เร่งรัดวางรากฐานการพัฒนาที่ยั่งยืนของประเทศ", "objc_level1_name": "งบลงทุน", "compare": [{"bb_amount": 3585000, "bb_province": "ชัยภูมิ"}], "gf_amount_sum": 0}
{"bb_code": "1500822040600M66", "bb_year": "2559", "amount": 3585000, "min_code": "15000", "agc_code": "15008", "name": "ก่อสร้างระบบประปาหมู่บ้านแบบผิวดินขนาดใหญ่ บ้านอ้น หมู่ที่ ๖,๑๕ ตำบลหัวช้าง ตามแบบมาตรฐานกรมทรัพยากรน้ำ ทต.หัวช้าง อ.จตุรพักตรพิมาน จ.ร้อยเอ็ด", "min": "กระทรวงมหาดไทย", "agc": "กรมส่งเสริมการปกครองท้องถิ่น", "plan_name": "บริหารจัดการทรัพยากรน้ำ", "stg_name": "ยุทธศาสตร์เร่งรัดวางรากฐานการพัฒนาที่ยั่งยืนของประเทศ", "objc_level1_name": "งบลงทุน", "compare": [{"bb_amount": 3585000, "bb_province": "ร้อยเอ็ด"}], "gf_amount_sum": 0}
{"bb_code": "1500822040600674", "bb_year": "2559", "amount": 3585000, "min_code": "15000", "agc_code": "15008", "name": "ก่อสร้างประปาหมู่บ้าน แบบผิวดินขนาดใหญ่ บ้านดอน หมู่ที่ ๑๖ ตำบลห้วยกระเจา ตามแบบมาตรฐานกรมทรัพยากรน้ำ ทต.ห้วยกระเจา อ.ห้วยกระเจา จ.กาญจนบุรี", "min": "กระทรวงมหาดไทย", "agc": "กรมส่งเสริมการปกครองท้องถิ่น", "plan_name": "บริหารจัดการทรัพยากรน้ำ", "stg_name": "ยุทธศาสตร์เร่งรัดวางรากฐานการพัฒนาที่ยั่งยืนของประเทศ", "objc_level1_name": "งบลงทุน", "compare": [{"bb_amount": 3585000, "bb_province": "กาญจนบุรี"}], "gf_amount_sum": 0}
{"bb_code": "1500822040600V44", "bb_year": "2559", "amount": 3585000, "min_code": "15000", "agc_code": "15008", "name": "ก่อสร้างระบบประปาหมู่บ้านแบบผิวดินขนาดใหญ่ หมู่ที่ ๒ ตำบล ตามแบบมาตรฐานกรมทรัพยากรน้ำ อบต.ไร่ขี อ.ลืออำนาจ จ.อำนาจเจริญ", "min": "กระทรวงมหาดไทย", "agc": "กรมส่งเสริมการปกครองท้องถิ่น", "plan_name": "บริหารจัดการทรัพยากรน้ำ", "stg_name": "ยุทธศาสตร์เร่งรัดวางรากฐานการพัฒนาที่ยั่งยืนของประเทศ", "objc_level1_name": "งบลงทุน", "compare": [{"bb_amount": 3585000, "bb_province": "อำนาจเจริญ"}], "gf_amount_sum": 0}
{"bb_code": "1500822040600635", "bb_year": "2559", "amount": 3585000, "min_code": "15000", "agc_code": "15008", "name": "ก่อสร้างระบบประปาผิวดินขนาดใหญ่ บ้านหนองไม้หัก หมู่ที่ ๑๑ ตำบลหนองโสน ตามแบบมาตรฐานกรมทรัพยากรน้ำ อบต.หนองโสน อ.เลาขวัญ จ.กาญจนบุรี", "min": "กระทรวงมหาดไทย", "agc": "กรมส่งเสริมการปกครองท้องถิ่น", "plan_name": "บริหารจัดการทรัพยากรน้ำ", "stg_name": "ยุทธศาสตร์เร่งรัดวางรากฐานการพัฒนาที่ยั่งยืนของประเทศ", "objc_level1_name": "งบลงทุน", "compare": [{"bb_amount": 3585000, "bb_province": "กาญจนบุรี"}], "gf_amount_sum": 0}
{"bb_code": "1500822040600S66", "bb_year": "2559", "amount": 3585000, "min_code": "15000", "agc_code": "15008", "name": "ก่อสร้างระบบประปาหมู่บ้านแบบผิวดินขนาดใหญ่ บ้านยางบ่ออี หมู่ที่ ๑๐ ตำบลเมืองบัว ตามแบบมาตรฐานกรมทรัพยากรน้ำ อบต.เมืองบัว อ.ชุมพลบุรี จ.สุรินทร์", "min": "กระทรวงมหาดไทย", "agc": "กรมส่งเสริมการปกครองท้องถิ่น", "plan_name": "บริหารจัดการทรัพยากรน้ำ", "stg_name": "ยุทธศาสตร์เร่งรัดวางรากฐานการพัฒนาที่ยั่งยืนของประเทศ", "objc_level1_name": "งบลงทุน", "compare": [{"bb_amount": 3585000, "bb_province": "สุรินทร์"}], "gf_amount_sum": 0}
{"bb_code": "1500822040600BK2", "bb_year": "2559", "amount": 3585000, "min_code": "15000", "agc_code": "15008", "name": "ก่อสร้างประปาหมู่บ้าน แบบผิวดินขนาดใหญ่ บ้านหนองอ่าง หมู่ที่ ๑๒ ตำบลขุนทะเล ตามแบบแปลนกรมทรัพยากรน้ำ ทต.ขุนทะเล อ.ลานสกา จ.นครศรีธรรมราช", "min": "กระทรวงมหาดไทย", "agc": "กรมส่งเสริมการปกครองท้องถิ่น", "plan_name": "บริหารจัดการทรัพยากรน้ำ", "stg_name": "ยุทธศาสตร์เร่งรัดวางรากฐานการพัฒนาที่ยั่งยืนของประเทศ", "objc_level1_name": "งบลงทุน", "compare": [{"bb_amount": 3585000, "bb_province": "นครศรีธรรมราช"}], "gf_amount_sum": 0}
{"bb_code": "1500822040600H66", "bb_year": "2559", "amount": 3585000, "min_code": "15000", "agc_code": "15008", "name": "ก่อสร้างระบบประปาหมู่บ้านแบบผิวดินขนาดใหญ่ บ้านบุ่งช้าง หมู่ ๘ ตำบลสระทอง  ตามแบบมาตรฐานกรมทรัพยากรน้ำ  อบต.สระทอง อ.หนองหงส์ จ.บุรีรัมย์", "min": "กระทรวงมหาดไทย", "agc": "กรมส่งเสริมการปกครองท้องถิ่น", "plan_name": "บริหารจัดการทรัพยากรน้ำ", "stg_name": "ยุทธศาสตร์เร่งรัดวางรากฐานการพัฒนาที่ยั่งยืนของประเทศ", "objc_level1_name": "งบลงทุน", "compare": [{"bb_amount": 3585000, "bb_province": "บุรีรัมย์"}], "gf_amount_sum": 0}
{"bb_code": "1500822040600D75", "bb_year": "2559", "amount": 3585000, "min_code": "15000", "agc_code": "15008", "name": "ก่อสร้างระบบประปาหมู่บ้านแบบผิวดินขนาดใหญ่ บ้านพลจลก หมู่ที่ ๘ ตำบลมะค่า ตามแบบมาตรฐานกรมทรัพยากรน้ำ อบต.มะค่า อ.โนนสูง จ.นครราชสีมา", "min": "กระทรวงมหาดไทย", "agc": "กรมส่งเสริมการปกครองท้องถิ่น", "plan_name": "บริหารจัดการทรัพยากรน้ำ", "stg_name": "ยุทธศาสตร์เร่งรัดวางรากฐานการพัฒนาที่ยั่งยืนของประเทศ", "objc_level1_name": "งบลงทุน", "compare": [{"bb_amount": 3585000, "bb_province": "นครราชสีมา"}], "gf_amount_sum": 0}
{"bb_code": "1500822040600H65", "bb_year": "2559", "amount": 3585000, "min_code": "15000", "agc_code": "15008", "name": "ก่อสร้างระบบประปาหมู่บ้านแบบผิวดินขนาดใหญ่ บ้านบุ่งเจริญ หมู่ ๗ ตำบลสระทอง ตามแบบมาตรฐานกรมทรัพยากรน้ำ  อบต.สระทอง อ.หนองหงส์ จ.บุรีรัมย์", "min": "กระทรวงมหาดไทย", "agc": "กรมส่งเสริมการปกครองท้องถิ่น", "plan_name": "บริหารจัดการทรัพยากรน้ำ", "stg_name": "ยุทธศาสตร์เร่งรัดวางรากฐานการพัฒนาที่ยั่งยืนของประเทศ", "objc_level1_name": "งบลงทุน", "compare": [{"bb_amount": 3585000, "bb_province": "บุรีรัมย์"}], "gf_amount_sum": 0}
