{"bb_code": "1500822040600846", "bb_year": "2559", "amount": 3585000, "min_code": "15000", "agc_code": "15008", "name": "ก่อสร้างระบบประปาหมู่บ้าน แบบผิวดินขนาดใหญ่ บ้านนาขาม หมู่ที่ ๒ ตำบลนาขาม ตามแบบมาตรฐานกรมทรัพยากรน้ำ ทต.นาขาม อ.กุฉินารายณ์ จ.กาฬสินธุ์", "min": "กระทรวงมหาดไทย", "agc": "กรมส่งเสริมการปกครองท้องถิ่น", "plan_name": "บริหารจัดการทรัพยากรน้ำ", "stg_name": "ยุทธศาสตร์เร่งรัดวางรากฐานการพัฒนาที่ยั่งยืนของประเทศ", "objc_level1_name": "งบลงทุน", "compare": [{"bb_amount": 3585000, "bb_province": "กาฬสินธุ์"}], "gf_amount_sum": 0}
{"bb_code": "1500822040600J68", "bb_year": "2559", "amount": 3585000, "min_code": "15000", "agc_code": "15008", "name": "ก่อสร้างประปาหมู่บ้าน แบบผิวดินขนาดใหญ่ บ้านไฮ่ หมู่ที่ ๕ ตามแบบแปลนมาตรฐานกรมทรัพยากรน้ำ ทต.ปลาโหล อ.วาริชภูมิ จ.สกลนคร", "min": "กระทรวงมหาดไทย", "agc": "กรมส่งเสริมการปกครองท้องถิ่น", "plan_name": "บริหารจัดการทรัพยากรน้ำ", "stg_name": "ยุทธศาสตร์เร่งรัดวางรากฐานการพัฒนาที่ยั่งยืนของประเทศ", "objc_level1_name": "งบลงทุน", "compare": [{"bb_amount": 3585000, "bb_province": "สกลนคร"}], "gf_amount_sum": 0}
{"bb_code": "1500822040600867", "bb_year": "2559", "amount": 3585000, "min_code": "15000", "agc_code": "15008", "name": "ก่อสร้างระบบประปาหมู่บ้าน แบบผิวดินขนาดใหญ่ บ้านโนนสะอาด หมู่ที่ ๒ ตามแบบมาตรฐานกรมทรัพยากรน้ำ อบต.ทุ่งคลอง อ.คำม่วง จ.กาฬสินธุ์", "min": "กระทรวงมหาดไทย", "agc": "กรมส่งเสริมการปกครองท้องถิ่น", "plan_name": "บริหารจัดการทรัพยากรน้ำ", "stg_name": "ยุทธศาสตร์เร่งรัดวางรากฐานการพัฒนาที่ยั่งยืนของประเทศ", "objc_level1_name": "งบลงทุน", "compare": [{"bb_amount": 3585000, "bb_province": "กาฬสินธุ์"}], "gf_amount_sum": 0}
{"bb_code": "1500822040600X11", "bb_year": "2559", "amount": 3585000, "min_code": "15000", "agc_code": "15008", "name": "ก่อสร้างประปาหมู่บ้านแบบผิวดินขนาดใหญ่ บ้านปะอาว หมู่ที่ ๑ ตำบลปะอาว ตามแบบมาตรฐานกรมทรัพยากรน้ำ อบต.ปะอาว อ.อุทุมพรพิสัย จ.ศรีสะเกษ", "min": "กระทรวงมหาดไทย", "agc": "กรมส่งเสริมการปกครองท้องถิ่น", "plan_name": "บริหารจัดการทรัพยากรน้ำ", "stg_name": "ยุทธศาสตร์เร่งรัดวางรากฐานการพัฒนาที่ยั่งยืนของประเทศ", "objc_level1_name": "งบลงทุน", "compare": [{"bb_amount": 3585000, "bb_province": "ศรีสะเกษ"}], "gf_amount_sum": 0}
{"bb_code": "1500822040600868", "bb_year": "2559", "amount": 3585000, "min_code": "15000", "agc_code": "15008", "name": "ก่อสร้างระบบประปาหมู่บ้าน แบบผิวดินขนาดใหญ่ บ้านนาบอน หมู่ที่ ๑ ตำบลนาบอน ตามแบบมาตรฐานกรมทรัพยากรน้ำ อบต.นาบอน อ.คำม่วง จ.กาฬสินธุ์", "min": "กระทรวงมหาดไทย", "agc": "กรมส่งเสริมการปกครองท้องถิ่น", "plan_name": "บริหารจัดการทรัพยากรน้ำ", "stg_name": "ยุทธศาสตร์เร่งรัดวางรากฐานการพัฒนาที่ยั่งยืนของประเทศ", "objc_level1_name": "งบลงทุน", "compare": [{"bb_amount": 3585000, "bb_province": "กาฬสินธุ์"}], "gf_amount_sum": 0}
{"bb_code": "1500822040600J67", "bb_year": "2559", "amount": 3585000, "min_code": "15000", "agc_code": "15008", "name": "ก่อสร้างประปาหมู่บ้าน แบบผิวดินขนาดใหญ่  บ้านหนองกุงกลาง หมู่ที่ ๑๗ ตามแบบกรมทรัพยากรน้ำ ทต.คำบ่อ อ.วาริชภูมิ จ.สกลนคร", "min": "กระทรวงมหาดไทย", "agc": "กรมส่งเสริมการปกครองท้องถิ่น", "plan_name": "บริหารจัดการทรัพยากรน้ำ", "stg_name": "ยุทธศาสตร์เร่งรัดวางรากฐานการพัฒนาที่ยั่งยืนของประเทศ", "objc_level1_name": "งบลงทุน", "compare": [{"bb_amount": 3585000, "bb_province": "สกลนคร"}], "gf_amount_sum": 0}
{"bb_code": "1500822040600906", "bb_year": "2559", "amount": 3585000, "min_code": "15000", "agc_code": "15008", "name": "ก่อสร้างระบบประปาหมู่บ้าน แบบผิวดินขนาดใหญ่ บ้านฝายแตก หมู่ที่ ๓ ตำบลลำพาน ตามแบบมาตรฐานกรมทรัพยากรน้ำ ทต.ลำพาน อ.เมืองกาฬสินธุ์ จ.กาฬสินธุ์", "min": "กระทรวงมหาดไทย", "agc": "กรมส่งเสริมการปกครองท้องถิ่น", "plan_name": "บริหารจัดการทรัพยากรน้ำ", "stg_name": "ยุทธศาสตร์เร่งรัดวางรากฐานการพัฒนาที่ยั่งยืนของประเทศ", "objc_level1_name": "งบลงทุน", "compare": [{"bb_amount": 3585000, "bb_province": "กาฬสินธุ์"}], "gf_amount_sum": 0}
{"bb_code": "1500822040600K43", "bb_year": "2559", "amount": 3585000, "min_code": "15000", "agc_code": "15008", "name": "ก่อสร้างระบบประปาหมู่บ้าน แบบผิวดินขนาดใหญ่ หมู่ที่ ๑๐ บ้านยาวีใต้ ตามแบบมาตรฐานกรมทรัพยากรน้ำ อบต.วังชมภู อ.เมืองเพชรบูรณ์ จ.เพชรบูรณ์", "min": "กระทรวงมหาดไทย", "agc": "กรมส่งเสริมการปกครองท้องถิ่น", "plan_name": "บริหารจัดการทรัพยากรน้ำ", "stg_name": "ยุทธศาสตร์เร่งรัดวางรากฐานการพัฒนาที่ยั่งยืนของประเทศ", "objc_level1_name": "งบลงทุน", "compare": [{"bb_amount": 3585000, "bb_province": "เพชรบูรณ์"}], "gf_amount_sum": 0}
{"bb_code": "1500822040600907", "bb_year": "2559", "amount": 3585000, "min_code": "15000", "agc_code": "15008", "name": "ก่อสร้างระบบประปาหมู่บ้าน แบบผิวดินขนาดใหญ่ บ้านท่าสินธุ์ หมู่ที่ ๘ บ้านท่าสีดา หมู่ที่ ๙ ตำบลลำพาน ตามแบบมาตรฐานกรมทรัพยากรน้ำ ทต.ลำพาน อ.เมืองกาฬสินธุ์ จ.กาฬสินธุ์", "min": "กระทรวงมหาดไทย", "agc": "กรมส่งเสริมการปกครองท้องถิ่น", "plan_name": "บริหารจัดการทรัพยากรน้ำ", "stg_name": "ยุทธศาสตร์เร่งรัดวางรากฐานการพัฒนาที่ยั่งยืนของประเทศ", "objc_level1_name": "งบลงทุน", "compare": [{"bb_amount": 3585000, "bb_province": "กาฬสินธุ์"}], "gf_amount_sum": 0}
{"bb_code": "1500822040600G24", "bb_year": "2559", "amount": 3585000, "min_code": "15000", "agc_code": "15008", "name": "ก่อสร้างระบบประปาหมู่บ้าน แบบผิวดินขนาดใหญ่ บ้านกระทุ่มแท่น หมู่ที่ ๘ ตำบลหลุ่งตะเคียน ตามแบบมาตรฐานกรมทรัพยากรน้ำ อบต.หลุ่งตะเคียน อ.ห้วยแถลง จ.นครราชสีมา", "min": "กระทรวงมหาดไทย", "agc": "กรมส่งเสริมการปกครองท้องถิ่น", "plan_name": "บริหารจัดการทรัพยากรน้ำ", "stg_name": "ยุทธศาสตร์เร่งรัดวางรากฐานการพัฒนาที่ยั่งยืนของประเทศ", "objc_level1_name": "งบลงทุน", "compare": [{"bb_amount": 3585000, "bb_province": "นครราชสีมา"}], "gf_amount_sum": 0}
{"bb_code": "1500822040600905", "bb_year": "2559", "amount": 3585000, "min_code": "15000", "agc_code": "15008", "name": "ก่อสร้างระบบประปาหมู่บ้าน แบบผิวดินขนาดใหญ่ บ้านปลาเค้าน้อย หมู่ที่ ๖ ตำบลลำคลอง ตามแบบมาตรฐานกรมทรัพยากรน้ำ ทต.ลำคลอง อ.เมืองกาฬสินธุ์ จ.กาฬสินธุ์", "min": "กระทรวงมหาดไทย", "agc": "กรมส่งเสริมการปกครองท้องถิ่น", "plan_name": "บริหารจัดการทรัพยากรน้ำ", "stg_name": "ยุทธศาสตร์เร่งรัดวางรากฐานการพัฒนาที่ยั่งยืนของประเทศ", "objc_level1_name": "งบลงทุน", "compare": [{"bb_amount": 3585000, "bb_province": "กาฬสินธุ์"}], "gf_amount_sum": 0}
{"bb_code": "1500822040600G16", "bb_year": "2559", "amount": 3585000, "min_code": "15000", "agc_code": "15008", "name": "ก่อสร้างประปาหมู่บ้านแบบผิวดินขนาดใหญ่ หมู่ที่ ๖ บ้านหนองสองห้อง ตำบลกู่สวนแตง ตามแบบแปลนมาตรฐานกรมทรัพยากรน้ำ อบต.กู่สวนแตง อ.บ้านใหม่ไชยพจน์ จ.บุรีรัมย์", "min": "กระทรวงมหาดไทย", "agc": "กรมส่งเสริมการปกครองท้องถิ่น", "plan_name": "บริหารจัดการทรัพยากรน้ำ", "stg_name": "ยุทธศาสตร์เร่งรัดวางรากฐานการพัฒนาที่ยั่งยืนของประเทศ", "objc_level1_name": "งบลงทุน", "compare": [{"bb_amount": 3585000, "bb_province": "บุรีรัมย์"}], "gf_amount_sum": 0}
{"bb_code": "1500822040600919", "bb_year": "2559", "amount": 3585000, "min_code": "15000", "agc_code": "15008", "name": "ก่อสร้างระบบประปาหมู่บ้าน แบบผิวดินขนาดใหญ่ บ้านสร้างหิน หมู่ที่ ๕ ตำบลหัวนาคำ ตามแบบมาตรฐานกรมทรัพยากรน้ำ ทต.หัวนาคำ อ.ยางตลาด จ.กาฬสินธุ์", "min": "กระทรวงมหาดไทย", "agc": "กรมส่งเสริมการปกครองท้องถิ่น", "plan_name": "บริหารจัดการทรัพยากรน้ำ", "stg_name": "ยุทธศาสตร์เร่งรัดวางรากฐานการพัฒนาที่ยั่งยืนของประเทศ", "objc_level1_name": "งบลงทุน", "compare": [{"bb_amount": 3585000, "bb_province": "กาฬสินธุ์"}], "gf_amount_sum": 0}
{"bb_code": "1500822040600J69", "bb_year": "2559", "amount": 3585000, "min_code": "15000", "agc_code": "15008", "name": "ก่อสร้างประปาหมู่บ้าน แบบผิวดินขนาดใหญ่       บ้านดงสีชมพู หมู่ที่ ๑๓ ตามแบบแปลนมาตรฐานกรมทรัพยากรน้ำ อบต.วาริชภูมิ อ.วาริชภูมิ จ.สกลนคร", "min": "กระทรวงมหาดไทย", "agc": "กรมส่งเสริมการปกครองท้องถิ่น", "plan_name": "บริหารจัดการทรัพยากรน้ำ", "stg_name": "ยุทธศาสตร์เร่งรัดวางรากฐานการพัฒนาที่ยั่งยืนของประเทศ", "objc_level1_name": "งบลงทุน", "compare": [{"bb_amount": 3585000, "bb_province": "สกลนคร"}], "gf_amount_sum": 0}
{"bb_code": "1500822040600921", "bb_year": "2559", "amount": 3585000, "min_code": "15000", "agc_code": "15008", "name": "ก่อสร้างระบบประปาหมู่บ้าน แบบผิวดินขนาดใหญ่ บ้านโคกสี หมู่ที่ ๑๘ ตำบลคลองขาม ตามแบบมาตรฐานกรมทรัพยากรน้ำ อบต.คลองขาม อ.ยางตลาด จ.กาฬสินธุ์", "min": "กระทรวงมหาดไทย", "agc": "กรมส่งเสริมการปกครองท้องถิ่น", "plan_name": "บริหารจัดการทรัพยากรน้ำ", "stg_name": "ยุทธศาสตร์เร่งรัดวางรากฐานการพัฒนาที่ยั่งยืนของประเทศ", "objc_level1_name": "งบลงทุน", "compare": [{"bb_amount": 3585000, "bb_province": "กาฬสินธุ์"}], "gf_amount_sum": 0}
{"bb_code": "1500822040600L56", "bb_year": "2559", "amount": 3585000, "min_code": "15000", "agc_code": "15008", "name": "ก่อสร้างประปาหมู่บ้านแบบผิวดินขนาดใหญ่ หมู่ที่ ๕ บ้านจว้าก ตำบลแม่ทะ ตามแบบมาตรฐานกรมทรัพยากรน้ำ ทต.แม่ทะ อ.แม่ทะ จ.ลำปาง", "min": "กระทรวงมหาดไทย", "agc": "กรมส่งเสริมการปกครองท้องถิ่น", "plan_name": "บริหารจัดการทรัพยากรน้ำ", "stg_name": "ยุทธศาสตร์เร่งรัดวางรากฐานการพัฒนาที่ยั่งยืนของประเทศ", "objc_level1_name": "งบลงทุน", "compare": [{"bb_amount": 3585000, "bb_province": "ลำปาง"}], "gf_amount_sum": 0}
{"bb_code": "1500822040600924", "bb_year": "2559", "amount": 3585000, "min_code": "15000", "agc_code": "15008", "name": "ก่อสร้างระบบประปาหมู่บ้าน แบบผิวดินขนาดใหญ่ บ้านแซงบาดาล หมู่ที่ ๑ ตำบลแซงบาดาล ตามแบบมาตรฐานกรมทรัพยากรน้ำ ทต.แซงบาดาล อ.สมเด็จ จ.กาฬสินธุ์", "min": "กระทรวงมหาดไทย", "agc": "กรมส่งเสริมการปกครองท้องถิ่น", "plan_name": "บริหารจัดการทรัพยากรน้ำ", "stg_name": "ยุทธศาสตร์เร่งรัดวางรากฐานการพัฒนาที่ยั่งยืนของประเทศ", "objc_level1_name": "งบลงทุน", "compare": [{"bb_amount": 3585000, "bb_province": "กาฬสินธุ์"}], "gf_amount_sum": 0}
{"bb_code": "1500822040600F21", "bb_year": "2559", "amount": 3585000, "min_code": "15000", "agc_code": "15008", "name": "ก่อสร้างระบบประปาหมู่บ้านแบบผิวดินขนาดใหญ่ หมู่ ๑๐ บ้านโคกยาง ตำบลทรัพย์พระยา  ตามแบบมาตรฐานกรมทรัพยากรน้ำ อบต.ทรัพย์พระยา อ.นางรอง จ.บุรีรัมย์", "min": "กระทรวงมหาดไทย", "agc": "กรมส่งเสริมการปกครองท้องถิ่น", "plan_name": "บริหารจัดการทรัพยากรน้ำ", "stg_name": "ยุทธศาสตร์เร่งรัดวางรากฐานการพัฒนาที่ยั่งยืนของประเทศ", "objc_level1_name": "งบลงทุน", "compare": [{"bb_amount": 3585000, "bb_province": "บุรีรัมย์"}], "gf_amount_sum": 0}
{"bb_code": "1500822040600925", "bb_year": "2559", "amount": 3585000, "min_code": "15000", "agc_code": "15008", "name": "ก่อสร้างระบบประปาหมู่บ้าน แบบผิวดินขนาดใหญ่ บ้านบึงบาดาล หมู่ที่ ๓ ตำบลแซงบาดาล ตามแบบมาตรฐานกรมทรัพยากรน้ำ ทต.แซงบาดาล อ.สมเด็จ จ.กาฬสินธุ์", "min": "กระทรวงมหาดไทย", "agc": "กรมส่งเสริมการปกครองท้องถิ่น", "plan_name": "บริหารจัดการทรัพยากรน้ำ", "stg_name": "ยุทธศาสตร์เร่งรัดวางรากฐานการพัฒนาที่ยั่งยืนของประเทศ", "objc_level1_name": "งบลงทุน", "compare": [{"bb_amount": 3585000, "bb_province": "กาฬสินธุ์"}], "gf_amount_sum": 0}
{"bb_code": "1500822040600Q71", "bb_year": "2559", "amount": 3585000, "min_code": "15000", "agc_code": "15008", "name": "ก่อสร้างระบบประปาหมู่บ้าน แบบบาดาลขนาดใหญ่ บ้านท่างาม หมู่ที่ ๑๔ ตำบลหัวขวาง ตามแบบกรมทรัพยากรน้ำ อบต.หัวขวาง อ.โกสุมพิสัย จ.มหาสารคาม", "min": "กระทรวงมหาดไทย", "agc": "กรมส่งเสริมการปกครองท้องถิ่น", "plan_name": "บริหารจัดการทรัพยากรน้ำ", "stg_name": "ยุทธศาสตร์เร่งรัดวางรากฐานการพัฒนาที่ยั่งยืนของประเทศ", "objc_level1_name": "งบลงทุน", "compare": [{"bb_amount": 3585000, "bb_province": "มหาสารคาม"}], "gf_amount_sum": 0}
