{"bb_code": "1500822040600926", "bb_year": "2559", "amount": 3585000, "min_code": "15000", "agc_code": "15008", "name": "ก่อสร้างระบบประปาหมู่บ้าน แบบผิวดินขนาดใหญ่ บ้านเหล่าภูพาน หมู่ที่ ๔ ตำบลแซงบาดาล ตามแบบมาตรฐานกรมทรัพยากรน้ำ ทต.แซงบาดาล อ.สมเด็จ จ.กาฬสินธุ์", "min": "กระทรวงมหาดไทย", "agc": "กรมส่งเสริมการปกครองท้องถิ่น", "plan_name": "บริหารจัดการทรัพยากรน้ำ", "stg_name": "ยุทธศาสตร์เร่งรัดวางรากฐานการพัฒนาที่ยั่งยืนของประเทศ", "objc_level1_name": "งบลงทุน", "compare": [{"bb_amount": 3585000, "bb_province": "กาฬสินธุ์"}], "gf_amount_sum": 0}
{"bb_code": "1500822040600X60", "bb_year": "2559", "amount": 3585000, "min_code": "15000", "agc_code": "15008", "name": "ก่อสร้างระบบประปาหมู่บ้าน แบบผิวดินขนาดใหญ่ บ้านโนนสูง หมู่ที่ ๕ ตำบลเก่าขาม ตามแบบมาตรฐานกรมทรัพยากรน้ำ อบต.เก่าขาม อ.น้ำยืน จ.อุบลราชธานี", "min": "กระทรวงมหาดไทย", "agc": "กรมส่งเสริมการปกครองท้องถิ่น", "plan_name": "บริหารจัดการทรัพยากรน้ำ", "stg_name": "ยุทธศาสตร์เร่งรัดวางรากฐานการพัฒนาที่ยั่งยืนของประเทศ", "objc_level1_name": "งบลงทุน", "compare": [{"bb_amount": 3585000, "bb_province": "อุบลราชธานี"}], "gf_amount_sum": 0}
{"bb_code": "1500822040600AA7", "bb_year": "2559", "amount": 3585000, "min_code": "15000", "agc_code": "15008", "name": "ก่อสร้างระบบประปาแบบผิวดินขนาดใหญ่ หมู่ที่ ๙ บ้านชำหว้า ตำบลโคกปีบ ตามแบบมาตรฐานกรมทรัพยากรน้ำกำหนด อบต.โคกปีบ อ.ศรีมโหสถ จ.ปราจีนบุรี", "min": "กระทรวงมหาดไทย", "agc": "กรมส่งเสริมการปกครองท้องถิ่น", "plan_name": "บริหารจัดการทรัพยากรน้ำ", "stg_name": "ยุทธศาสตร์เร่งรัดวางรากฐานการพัฒนาที่ยั่งยืนของประเทศ", "objc_level1_name": "งบลงทุน", "compare": [{"bb_amount": 3585000, "bb_province": "ปราจีนบุรี"}], "gf_amount_sum": 0}
{"bb_code": "1500822040600X58", "bb_year": "2559", "amount": 3585000, "min_code": "15000", "agc_code": "15008", "name": "ก่อสร้างระบบประปาหมู่บ้าน แบบประปาผิวดินขนาดใหญ่ บ้านดวน หมู่ที่ ๒ ตำบลโซง ตามแบบมาตรฐานกรมทรัพยากรน้ำ ทต.โซง อ.น้ำยืน จ.อุบลราชธานี", "min": "กระทรวงมหาดไทย", "agc": "กรมส่งเสริมการปกครองท้องถิ่น", "plan_name": "บริหารจัดการทรัพยากรน้ำ", "stg_name": "ยุทธศาสตร์เร่งรัดวางรากฐานการพัฒนาที่ยั่งยืนของประเทศ", "objc_level1_name": "งบลงทุน", "compare": [{"bb_amount": 3585000, "bb_province": "อุบลราชธานี"}], "gf_amount_sum": 0}
{"bb_code": "1500822040600939", "bb_year": "2559", "amount": 3585000, "min_code": "15000", "agc_code": "15008", "name": "ก่อสร้างระบบประปาหมู่บ้าน แบบผิวดินขนาดใหญ่ บ้านม่วงคำ หมู่ที่ ๒ ตำบลโนนศิลา อำเภอสหัสขันธ์ ตามแบบมาตรฐานกรมทรัพยากรน้ำ ทต.โนนศิลา อ.สหัสขันธ์ จ.กาฬสินธุ์", "min": "กระทรวงมหาดไทย", "agc": "กรมส่งเสริมการปกครองท้องถิ่น", "plan_name": "บริหารจัดการทรัพยากรน้ำ", "stg_name": "ยุทธศาสตร์เร่งรัดวางรากฐานการพัฒนาที่ยั่งยืนของประเทศ", "objc_level1_name": "งบลงทุน", "compare": [{"bb_amount": 3585000, "bb_province": "กาฬสินธุ์"}], "gf_amount_sum": 0}
{"bb_code": "1500822040600X59", "bb_year": "2559", "amount": 3585000, "min_code": "15000", "agc_code": "15008", "name": "ก่อสร้างระบบประปาหมู่บ้าน แบบผิวดินขนาดใหญ่ บ้านซำหวายพัฒนา หมู่ที่ ๑๖ ตำบลสีวิเชียร ตามแบบมาตรฐานกรมทรัพยากรน้ำ ทต.สีวิเชียร อ.น้ำยืน จ.อุบลราชธานี", "min": "กระทรวงมหาดไทย", "agc": "กรมส่งเสริมการปกครองท้องถิ่น", "plan_name": "บริหารจัดการทรัพยากรน้ำ", "stg_name": "ยุทธศาสตร์เร่งรัดวางรากฐานการพัฒนาที่ยั่งยืนของประเทศ", "objc_level1_name": "งบลงทุน", "compare": [{"bb_amount": 3585000, "bb_province": "อุบลราชธานี"}], "gf_amount_sum": 0}
{"bb_code": "1500822040600947", "bb_year": "2559", "amount": 3585000, "min_code": "15000", "agc_code": "15008", "name": "ก่อสร้างระบบประปาหมู่บ้าน แบบผิวดินขนาดใหญ่ บ้านหนองแสง หมู่ที่ ๓ ตำบลสำราญใต้ ตามแบบมาตรฐานกรมทรัพยากรน้ำ อบต.สำราญใต้ อ.สามชัย จ.กาฬสินธุ์", "min": "กระทรวงมหาดไทย", "agc": "กรมส่งเสริมการปกครองท้องถิ่น", "plan_name": "บริหารจัดการทรัพยากรน้ำ", "stg_name": "ยุทธศาสตร์เร่งรัดวางรากฐานการพัฒนาที่ยั่งยืนของประเทศ", "objc_level1_name": "งบลงทุน", "compare": [{"bb_amount": 3585000, "bb_province": "กาฬสินธุ์"}], "gf_amount_sum": 0}
{"bb_code": "1500822040600Z73", "bb_year": "2559", "amount": 3585000, "min_code": "15000", "agc_code": "15008", "name": "ก่อสร้างระบบประปาหมู่บ้าน แบบผิวดินขนาดใหญ่ หมู่ที่ ๑๑ บ้านใหม่ชัยพร ตำบลชัยพร ตามแบบมาตรฐานกรมทรัพยากรน้ำ อบต.ชัยพร อ.เมืองบึงกาฬ จ.บึงกาฬ", "min": "กระทรวงมหาดไทย", "agc": "กรมส่งเสริมการปกครองท้องถิ่น", "plan_name": "บริหารจัดการทรัพยากรน้ำ", "stg_name": "ยุทธศาสตร์เร่งรัดวางรากฐานการพัฒนาที่ยั่งยืนของประเทศ", "objc_level1_name": "งบลงทุน", "compare": [{"bb_amount": 3585000, "bb_province": "บึงกาฬ"}], "gf_amount_sum": 0}
{"bb_code": "1500822040600948", "bb_year": "2559", "amount": 3585000, "min_code": "15000", "agc_code": "15008", "name": "ก่อสร้างระบบประปาหมู่บ้าน แบบผิวดินขนาดใหญ่ บ้านหนองแสง หมู่ที่ ๑๕ ตำบลสำราญใต้ ตามแบบมาตรฐานกรมทรัพยากรน้ำ อบต.สำราญใต้ อ.สามชัย จ.กาฬสินธุ์", "min": "กระทรวงมหาดไทย", "agc": "กรมส่งเสริมการปกครองท้องถิ่น", "plan_name": "บริหารจัดการทรัพยากรน้ำ", "stg_name": "ยุทธศาสตร์เร่งรัดวางรากฐานการพัฒนาที่ยั่งยืนของประเทศ", "objc_level1_name": "งบลงทุน", "compare": [{"bb_amount": 3585000, "bb_province": "กาฬสินธุ์"}], "gf_amount_sum": 0}
{"bb_code": "1500822040600S04", "bb_year": "2559", "amount": 3585000, "min_code": "15000", "agc_code": "15008", "name": "ก่อสร้างระบบประปาหมู่บ้านแบบผิวดินขนาดใหญ่ หมู่ที่ ๑๐ บ้านดอนต้นกุ่ม ตำบลหัวโพธิ์ ตามแบบมาตรฐานกรมทรัพยากรน้ำ อบต.หัวโพธิ์ อ.สองพี่น้อง จ.สุพรรณบุรี", "min": "กระทรวงมหาดไทย", "agc": "กรมส่งเสริมการปกครองท้องถิ่น", "plan_name": "บริหารจัดการทรัพยากรน้ำ", "stg_name": "ยุทธศาสตร์เร่งรัดวางรากฐานการพัฒนาที่ยั่งยืนของประเทศ", "objc_level1_name": "งบลงทุน", "compare": [{"bb_amount": 3585000, "bb_province": "สุพรรณบุรี"}], "gf_amount_sum": 0}
{"bb_code": "1500822040600949", "bb_year": "2559", "amount": 3585000, "min_code": "15000", "agc_code": "15008", "name": "ก่อสร้างระบบประปาหมู่บ้าน แบบผิวดินขนาดใหญ่ บ้านหนองแสง หมู่ที่ ๑๗ ตำบลสำราญใต้ ตามแบบมาตรฐานกรมทรัพยากรน้ำ อบต.สำราญใต้ อ.สามชัย จ.กาฬสินธุ์", "min": "กระทรวงมหาดไทย", "agc": "กรมส่งเสริมการปกครองท้องถิ่น", "plan_name": "บริหารจัดการทรัพยากรน้ำ", "stg_name": "ยุทธศาสตร์เร่งรัดวางรากฐานการพัฒนาที่ยั่งยืนของประเทศ", "objc_level1_name": "งบลงทุน", "compare": [{"bb_amount": 3585000, "bb_province": "กาฬสินธุ์"}], "gf_amount_sum": 0}
{"bb_code": "1500822040600T88", "bb_year": "2559", "amount": 3585000, "min_code": "15000", "agc_code": "15008", "name": "ก่อสร้างระบบประปาหมู่บ้านแบบผิวดินขนาดใหญ่ บ้านโคกอรุณ หมู่ที่ ๑๖ ตำบลนาดี ตามแบบมาตรฐานกรมทรัพยากรน้ำ อบต.นาดี อ.เมืองสุรินทร์ จ.สุรินทร์", "min": "กระทรวงมหาดไทย", "agc": "กรมส่งเสริมการปกครองท้องถิ่น", "plan_name": "บริหารจัดการทรัพยากรน้ำ", "stg_name": "ยุทธศาสตร์เร่งรัดวางรากฐานการพัฒนาที่ยั่งยืนของประเทศ", "objc_level1_name": "งบลงทุน", "compare": [{"bb_amount": 3585000, "bb_province": "สุรินทร์"}], "gf_amount_sum": 0}
{"bb_code": "1500822040600950", "bb_year": "2559", "amount": 3585000, "min_code": "15000", "agc_code": "15008", "name": "ก่อสร้างระบบประปาหมู่บ้าน แบบผิวดินขนาดใหญ่ บ้านหนองกุงน้อย หมู่ที่ ๙ ตำบลสำราญใต้ ตามแบบมาตรฐานกรมทรัพยากรน้ำ อบต.สำราญใต้ อ.สามชัย จ.กาฬสินธุ์", "min": "กระทรวงมหาดไทย", "agc": "กรมส่งเสริมการปกครองท้องถิ่น", "plan_name": "บริหารจัดการทรัพยากรน้ำ", "stg_name": "ยุทธศาสตร์เร่งรัดวางรากฐานการพัฒนาที่ยั่งยืนของประเทศ", "objc_level1_name": "งบลงทุน", "compare": [{"bb_amount": 3585000, "bb_province": "กาฬสินธุ์"}], "gf_amount_sum": 0}
{"bb_code": "1500822040600M53", "bb_year": "2559", "amount": 3585000, "min_code": "15000", "agc_code": "15008", "name": "ก่อสร้างประปาหมู่บ้าน แบบผิวดินขนาดใหญ่ หมู่ที่ ๘ บ้านบางพรวด ตำบลลำเลียง ตามแบบแปลนกรมทรัพยากรน้ำ อบต.ลำเลียง อ.กระบุรี จ.ระนอง", "min": "กระทรวงมหาดไทย", "agc": "กรมส่งเสริมการปกครองท้องถิ่น", "plan_name": "บริหารจัดการทรัพยากรน้ำ", "stg_name": "ยุทธศาสตร์เร่งรัดวางรากฐานการพัฒนาที่ยั่งยืนของประเทศ", "objc_level1_name": "งบลงทุน", "compare": [{"bb_amount": 3585000, "bb_province": "ระนอง"}], "gf_amount_sum": 0}
{"bb_code": "1500822040600D71", "bb_year": "2559", "amount": 3585000, "min_code": "15000", "agc_code": "15008", "name": "ก่อสร้างระบบประปาหมู่บ้าน แบบผิวดินขนาดใหญ่ บ้านโคกเปราะหอม หมู่ที่ ๓ ตำบลพลสงคราม ตามแบบมาตรฐานกรมทรัพยากรน้ำ อบต.พลสงคราม อ.โนนสูง จ.นครราชสีมา", "min": "กระทรวงมหาดไทย", "agc": "กรมส่งเสริมการปกครองท้องถิ่น", "plan_name": "บริหารจัดการทรัพยากรน้ำ", "stg_name": "ยุทธศาสตร์เร่งรัดวางรากฐานการพัฒนาที่ยั่งยืนของประเทศ", "objc_level1_name": "งบลงทุน", "compare": [{"bb_amount": 3585000, "bb_province": "นครราชสีมา"}], "gf_amount_sum": 0}
{"bb_code": "1500822040600M41", "bb_year": "2559", "amount": 3585000, "min_code": "15000", "agc_code": "15008", "name": "ก่อสร้างประปาหมู่บ้าน แบบผิวดินขนาดใหญ่ หมู่ที่ ๑ บ้านสวนส้ม ตำบลบาโร๊ะ ตามแบบมาตรฐานกรมทรัพยากรน้ำ อบต.บาโร๊ะ อ.ยะหา จ.ยะลา", "min": "กระทรวงมหาดไทย", "agc": "กรมส่งเสริมการปกครองท้องถิ่น", "plan_name": "บริหารจัดการทรัพยากรน้ำ", "stg_name": "ยุทธศาสตร์เร่งรัดวางรากฐานการพัฒนาที่ยั่งยืนของประเทศ", "objc_level1_name": "งบลงทุน", "compare": [{"bb_amount": 3585000, "bb_province": "ยะลา"}], "gf_amount_sum": 0}
{"bb_code": "1500822040600C15", "bb_year": "2559", "amount": 3585000, "min_code": "15000", "agc_code": "15008", "name": "ก่อสร้างระบบประปาหมู่บ้าน แบบผิวดินขนาดใหญ่ บ้านทุ่งเจริญ หมู่ที่ ๑๑ ตำบลบ้านมาง ตามแบบมาตรฐานกรมทรัพยากรน้ำ อบต.บ้านมาง อ.เชียงม่วน จ.พะเยา", "min": "กระทรวงมหาดไทย", "agc": "กรมส่งเสริมการปกครองท้องถิ่น", "plan_name": "บริหารจัดการทรัพยากรน้ำ", "stg_name": "ยุทธศาสตร์เร่งรัดวางรากฐานการพัฒนาที่ยั่งยืนของประเทศ", "objc_level1_name": "งบลงทุน", "compare": [{"bb_amount": 3585000, "bb_province": "พะเยา"}], "gf_amount_sum": 0}
{"bb_code": "1500822040600K00", "bb_year": "2559", "amount": 3585000, "min_code": "15000", "agc_code": "15008", "name": "ก่อสร้างระบบประปาหมู่บ้าน แบบผิวดินขนาดใหญ่ หมู่ที่ ๑ บ้านเขาย่า ตำบลสะเดาะพง ตามแบบมาตรฐานกรมทรัพยากรน้ำ อบต.เขาค้อ อ.เขาค้อ จ.เพชรบูรณ์", "min": "กระทรวงมหาดไทย", "agc": "กรมส่งเสริมการปกครองท้องถิ่น", "plan_name": "บริหารจัดการทรัพยากรน้ำ", "stg_name": "ยุทธศาสตร์เร่งรัดวางรากฐานการพัฒนาที่ยั่งยืนของประเทศ", "objc_level1_name": "งบลงทุน", "compare": [{"bb_amount": 3585000, "bb_province": "เพชรบูรณ์"}], "gf_amount_sum": 0}
{"bb_code": "1500822040600967", "bb_year": "2559", "amount": 3585000, "min_code": "15000", "agc_code": "15008", "name": "ก่อสร้างระบบประปาหมู่บ้าน แบบผิวดินขนาดใหญ่ บ้านห้วยมะทอ หมู่ที่ ๒ ตำบลหัวหิน ตามแบบมาตรฐานกรมทรัพยากรน้ำ อบต.หัวหิน อ.ห้วยเม็ก จ.กาฬสินธุ์", "min": "กระทรวงมหาดไทย", "agc": "กรมส่งเสริมการปกครองท้องถิ่น", "plan_name": "บริหารจัดการทรัพยากรน้ำ", "stg_name": "ยุทธศาสตร์เร่งรัดวางรากฐานการพัฒนาที่ยั่งยืนของประเทศ", "objc_level1_name": "งบลงทุน", "compare": [{"bb_amount": 3585000, "bb_province": "กาฬสินธุ์"}], "gf_amount_sum": 0}
{"bb_code": "1500822040600G80", "bb_year": "2559", "amount": 3585000, "min_code": "15000", "agc_code": "15008", "name": "ก่อสร้างระบบประปาหมู่บ้านแบบผิวดินขนาดใหญ่ หมู่ ๘ บ้านหนองโจรง ตำบลหนองบอน รายละเอียดตามปริมาณงานและแบบแปลนที่องค์การบริหารส่วนตำบลหนองบอนกำหนด อบต.หนองบอน อ.ประโคนชัย จ.บุรีรัมย์", "min": "กระทรวงมหาดไทย", "agc": "กรมส่งเสริมการปกครองท้องถิ่น", "plan_name": "บริหารจัดการทรัพยากรน้ำ", "stg_name": "ยุทธศาสตร์เร่งรัดวางรากฐานการพัฒนาที่ยั่งยืนของประเทศ", "objc_level1_name": "งบลงทุน", "compare": [{"bb_amount": 3585000, "bb_province": "บุรีรัมย์"}], "gf_amount_sum": 0}
