{"bb_code": "1500822040600993", "bb_year": "2559", "amount": 3585000, "min_code": "15000", "agc_code": "15008", "name": "ก่อสร้างระบบประปาแบบผิวดินขนาดใหญ่ หมู่ที่ ๒ บ้านทุ่งโป่ง ตำบลหนองมะโมง ตามแบบมาตรฐานกรมทรัพยากรน้ำกำหนด ทต.หนองมะโมง อ.หนองมะโมง จ.ชัยนาท", "min": "กระทรวงมหาดไทย", "agc": "กรมส่งเสริมการปกครองท้องถิ่น", "plan_name": "บริหารจัดการทรัพยากรน้ำ", "stg_name": "ยุทธศาสตร์เร่งรัดวางรากฐานการพัฒนาที่ยั่งยืนของประเทศ", "objc_level1_name": "งบลงทุน", "compare": [{"bb_amount": 3585000, "bb_province": "ชัยนาท"}], "gf_amount_sum": 0}
{"bb_code": "1500822040600K01", "bb_year": "2559", "amount": 3585000, "min_code": "15000", "agc_code": "15008", "name": "ก่อสร้างระบบประปาหมู่บ้าน แบบผิวดินขนาดใหญ่ หมู่ที่ ๓ บ้านเสลียงแห้ง ๑ ตำบลสะเดาะพง ตามแบบมาตรฐานกรมทรัพยากรน้ำ อบต.เขาค้อ อ.เขาค้อ จ.เพชรบูรณ์", "min": "กระทรวงมหาดไทย", "agc": "กรมส่งเสริมการปกครองท้องถิ่น", "plan_name": "บริหารจัดการทรัพยากรน้ำ", "stg_name": "ยุทธศาสตร์เร่งรัดวางรากฐานการพัฒนาที่ยั่งยืนของประเทศ", "objc_level1_name": "งบลงทุน", "compare": [{"bb_amount": 3585000, "bb_province": "เพชรบูรณ์"}], "gf_amount_sum": 0}
{"bb_code": "1500822040600997", "bb_year": "2559", "amount": 3585000, "min_code": "15000", "agc_code": "15008", "name": "ก่อสร้างระบบประปาแบบผิวดินขนาดใหญ่ หมู่ที่ ๙ บ้านโคกหมู ตำบลห้วยงู ตามแบบมาตรฐานกรมทรัพยากรน้ำกำหนด ทต.ห้วยงู อ.หันคา จ.ชัยนาท", "min": "กระทรวงมหาดไทย", "agc": "กรมส่งเสริมการปกครองท้องถิ่น", "plan_name": "บริหารจัดการทรัพยากรน้ำ", "stg_name": "ยุทธศาสตร์เร่งรัดวางรากฐานการพัฒนาที่ยั่งยืนของประเทศ", "objc_level1_name": "งบลงทุน", "compare": [{"bb_amount": 3585000, "bb_province": "ชัยนาท"}], "gf_amount_sum": 0}
{"bb_code": "1500822040600K05", "bb_year": "2559", "amount": 3585000, "min_code": "15000", "agc_code": "15008", "name": "ก่อสร้างระบบประปาหมู่บ้าน แบบผิวดินขนาดใหญ่ หมู่ที่ ๑๓ บ้านอุทโยภาส ตำบลเขาค้อ ตามแบบมาตรฐานกรมทรัพยากรน้ำ อบต.เขาค้อ อ.เขาค้อ จ.เพชรบูรณ์", "min": "กระทรวงมหาดไทย", "agc": "กรมส่งเสริมการปกครองท้องถิ่น", "plan_name": "บริหารจัดการทรัพยากรน้ำ", "stg_name": "ยุทธศาสตร์เร่งรัดวางรากฐานการพัฒนาที่ยั่งยืนของประเทศ", "objc_level1_name": "งบลงทุน", "compare": [{"bb_amount": 3585000, "bb_province": "เพชรบูรณ์"}], "gf_amount_sum": 0}
{"bb_code": "1500822040600A00", "bb_year": "2559", "amount": 3585000, "min_code": "15000", "agc_code": "15008", "name": "ก่อสร้างระบบประปาแบบผิวดินขนาดใหญ่ หมู่ที่ ๓ บ้านหันคาเหนือ ตำบลหันคา ตามแบบมาตรฐานกรมทรัพยากรน้ำกำหนด อบต.หันคา อ.หันคา จ.ชัยนาท", "min": "กระทรวงมหาดไทย", "agc": "กรมส่งเสริมการปกครองท้องถิ่น", "plan_name": "บริหารจัดการทรัพยากรน้ำ", "stg_name": "ยุทธศาสตร์เร่งรัดวางรากฐานการพัฒนาที่ยั่งยืนของประเทศ", "objc_level1_name": "งบลงทุน", "compare": [{"bb_amount": 3585000, "bb_province": "ชัยนาท"}], "gf_amount_sum": 0}
{"bb_code": "1500822040600M91", "bb_year": "2559", "amount": 3585000, "min_code": "15000", "agc_code": "15008", "name": "ก่อสร้างประปาหมู่บ้านแบบผิวดินขนาดใหญ่ บ้านทุ่งแสงทอง หมู่ที่ ๑๒ ตำบลแวง ตามแบบมาตรฐานกรมทรัพยากรน้ำ ทต.แวง อ.โพนทอง จ.ร้อยเอ็ด", "min": "กระทรวงมหาดไทย", "agc": "กรมส่งเสริมการปกครองท้องถิ่น", "plan_name": "บริหารจัดการทรัพยากรน้ำ", "stg_name": "ยุทธศาสตร์เร่งรัดวางรากฐานการพัฒนาที่ยั่งยืนของประเทศ", "objc_level1_name": "งบลงทุน", "compare": [{"bb_amount": 3585000, "bb_province": "ร้อยเอ็ด"}], "gf_amount_sum": 0}
{"bb_code": "1500822040600D04", "bb_year": "2559", "amount": 3585000, "min_code": "15000", "agc_code": "15008", "name": "ก่อสร้างระบบประปาหมู่บ้าน แบบผิวดินขนาดใหญ่ บ้านขาม หมู่ที่ ๗  ตำบลสีสุก ตามแบบมาตรฐานกรมทรัพยากรน้ำ อบต.สีสุก อ.จักราช จ.นครราชสีมา", "min": "กระทรวงมหาดไทย", "agc": "กรมส่งเสริมการปกครองท้องถิ่น", "plan_name": "บริหารจัดการทรัพยากรน้ำ", "stg_name": "ยุทธศาสตร์เร่งรัดวางรากฐานการพัฒนาที่ยั่งยืนของประเทศ", "objc_level1_name": "งบลงทุน", "compare": [{"bb_amount": 3585000, "bb_province": "นครราชสีมา"}], "gf_amount_sum": 0}
{"bb_code": "1500822040600E67", "bb_year": "2559", "amount": 3585000, "min_code": "15000", "agc_code": "15008", "name": "ก่อสร้างประปาหมู่บ้านแบบผิวดินขนาดใหญ่ หมู่ที่ ๘ บ้านหนองบอน ตำบลพิกุล ตามแบบแปลนที่อบต.พิกุลกำหนด อบต.พิกุล อ.ชุมแสง จ.นครสวรรค์", "min": "กระทรวงมหาดไทย", "agc": "กรมส่งเสริมการปกครองท้องถิ่น", "plan_name": "บริหารจัดการทรัพยากรน้ำ", "stg_name": "ยุทธศาสตร์เร่งรัดวางรากฐานการพัฒนาที่ยั่งยืนของประเทศ", "objc_level1_name": "งบลงทุน", "compare": [{"bb_amount": 3585000, "bb_province": "นครสวรรค์"}], "gf_amount_sum": 0}
{"bb_code": "1500822040600D36", "bb_year": "2559", "amount": 3585000, "min_code": "15000", "agc_code": "15008", "name": "ก่อสร้างประปาหมู่บ้านแบบผิวขนาดใหญ่ บ้านยางแค หมู่ที่ ๑๑ ตำบลโตนดด้วน ตามแบบมาตราฐานกรมทรัพยากรน้ำ ทต.โตนดด้วน อ.ควนขนุน จ.พัทลุง", "min": "กระทรวงมหาดไทย", "agc": "กรมส่งเสริมการปกครองท้องถิ่น", "plan_name": "บริหารจัดการทรัพยากรน้ำ", "stg_name": "ยุทธศาสตร์เร่งรัดวางรากฐานการพัฒนาที่ยั่งยืนของประเทศ", "objc_level1_name": "งบลงทุน", "compare": [{"bb_amount": 3585000, "bb_province": "พัทลุง"}], "gf_amount_sum": 0}
{"bb_code": "1500822040600X78", "bb_year": "2559", "amount": 3585000, "min_code": "15000", "agc_code": "15008", "name": "ก่อสร้างระบบผลิตน้ำประปาผิวดินขนาดใหญ่ บ้านท่าเสียว หมู่ที่ ๔ ตำบลทรายมูล ตามแบบมาตรฐานกรมทรัพยากรน้ำ อบต.ทรายมูล อ.พิบูลมังสาหาร จ.อุบลราชธานี", "min": "กระทรวงมหาดไทย", "agc": "กรมส่งเสริมการปกครองท้องถิ่น", "plan_name": "บริหารจัดการทรัพยากรน้ำ", "stg_name": "ยุทธศาสตร์เร่งรัดวางรากฐานการพัฒนาที่ยั่งยืนของประเทศ", "objc_level1_name": "งบลงทุน", "compare": [{"bb_amount": 3585000, "bb_province": "อุบลราชธานี"}], "gf_amount_sum": 0}
{"bb_code": "1500822040600A63", "bb_year": "2559", "amount": 3585000, "min_code": "15000", "agc_code": "15008", "name": "ก่อสร้างประปาหมู่บ้านแบบผิวดินขนาดใหญ่ หมู่ที่ ๕ บ้านป่าแก ตำบลลำเหย ตามแบบมาตรฐานกรมทรัพยากรน้ำกำหนด อบต.ลำเหย อ.ดอนตูม จ.นครปฐม", "min": "กระทรวงมหาดไทย", "agc": "กรมส่งเสริมการปกครองท้องถิ่น", "plan_name": "บริหารจัดการทรัพยากรน้ำ", "stg_name": "ยุทธศาสตร์เร่งรัดวางรากฐานการพัฒนาที่ยั่งยืนของประเทศ", "objc_level1_name": "งบลงทุน", "compare": [{"bb_amount": 3585000, "bb_province": "นครปฐม"}], "gf_amount_sum": 0}
{"bb_code": "1500822040600K03", "bb_year": "2559", "amount": 3585000, "min_code": "15000", "agc_code": "15008", "name": "ก่อสร้างระบบประปาหมู่บ้าน แบบผิวดินขนาดใหญ่ หมู่ที่ ๕ บ้านปัญญาดี ตำบลเขาค้อ ตามแบบมาตรฐานกรมทรัพยากรน้ำ อบต.เขาค้อ อ.เขาค้อ จ.เพชรบูรณ์", "min": "กระทรวงมหาดไทย", "agc": "กรมส่งเสริมการปกครองท้องถิ่น", "plan_name": "บริหารจัดการทรัพยากรน้ำ", "stg_name": "ยุทธศาสตร์เร่งรัดวางรากฐานการพัฒนาที่ยั่งยืนของประเทศ", "objc_level1_name": "งบลงทุน", "compare": [{"bb_amount": 3585000, "bb_province": "เพชรบูรณ์"}], "gf_amount_sum": 0}
{"bb_code": "1500822040600C57", "bb_year": "2559", "amount": 3585000, "min_code": "15000", "agc_code": "15008", "name": "ก่อสร้างประปาหมู่บ้าน แบบผิวดินขนาดใหญ่ บ้านหัวนอนวัด หมู่ที่ ๑ ตำบลโคกเจริญ ตามแบบแปลนกรมทรัพยากรน้ำ อบต.โคกเจริญ อ.ทับปุด จ.พังงา", "min": "กระทรวงมหาดไทย", "agc": "กรมส่งเสริมการปกครองท้องถิ่น", "plan_name": "บริหารจัดการทรัพยากรน้ำ", "stg_name": "ยุทธศาสตร์เร่งรัดวางรากฐานการพัฒนาที่ยั่งยืนของประเทศ", "objc_level1_name": "งบลงทุน", "compare": [{"bb_amount": 3585000, "bb_province": "พังงา"}], "gf_amount_sum": 0}
{"bb_code": "1500822040600T55", "bb_year": "2559", "amount": 3585000, "min_code": "15000", "agc_code": "15008", "name": "ก่อสร้างระบบประปาหมู่บ้านแบบผิวดินขนาดใหญ่ บ้านหนองเหล็ก หมู่ที่ ๙ ตำบลตาวัง ตามแบบมาตรฐานกรมทรัพยากรน้ำ อบต.ตาวัง อ.บัวเชด จ.สุรินทร์", "min": "กระทรวงมหาดไทย", "agc": "กรมส่งเสริมการปกครองท้องถิ่น", "plan_name": "บริหารจัดการทรัพยากรน้ำ", "stg_name": "ยุทธศาสตร์เร่งรัดวางรากฐานการพัฒนาที่ยั่งยืนของประเทศ", "objc_level1_name": "งบลงทุน", "compare": [{"bb_amount": 3585000, "bb_province": "สุรินทร์"}], "gf_amount_sum": 0}
{"bb_code": "1500822040600D02", "bb_year": "2559", "amount": 3585000, "min_code": "15000", "agc_code": "15008", "name": "ก่อสร้างระบบประปาหมู่บ้าน แบบผิวดินขนาดใหญ่ บ้านเหมสูง หมู่ที่ ๑ ตำบลทองหลาง  ตามแบบมาตรฐานกรมทรัพยากรน้ำ อบต.ทองหลาง อ.จักราช จ.นครราชสีมา", "min": "กระทรวงมหาดไทย", "agc": "กรมส่งเสริมการปกครองท้องถิ่น", "plan_name": "บริหารจัดการทรัพยากรน้ำ", "stg_name": "ยุทธศาสตร์เร่งรัดวางรากฐานการพัฒนาที่ยั่งยืนของประเทศ", "objc_level1_name": "งบลงทุน", "compare": [{"bb_amount": 3585000, "bb_province": "นครราชสีมา"}], "gf_amount_sum": 0}
{"bb_code": "1500822040600M22", "bb_year": "2559", "amount": 3585000, "min_code": "15000", "agc_code": "15008", "name": "ก่อสร้างประปาหมู่บ้านแบบผิวดินขนาดใหญ่ บ้านสันป่าสัก หมู่ที่ ๕ ตำบลแม่ตืน ตามแบบมาตรฐานกรมทรัพยากรน้ำ อบต.เวียงแก้ว อ.ลี้ จ.ลำพูน", "min": "กระทรวงมหาดไทย", "agc": "กรมส่งเสริมการปกครองท้องถิ่น", "plan_name": "บริหารจัดการทรัพยากรน้ำ", "stg_name": "ยุทธศาสตร์เร่งรัดวางรากฐานการพัฒนาที่ยั่งยืนของประเทศ", "objc_level1_name": "งบลงทุน", "compare": [{"bb_amount": 3585000, "bb_province": "ลำพูน"}], "gf_amount_sum": 0}
{"bb_code": "1500822040600AA6", "bb_year": "2559", "amount": 3585000, "min_code": "15000", "agc_code": "15008", "name": "ก่อสร้างระบบประปาแบบผิวดินขนาดใหญ่ หมู่ที่ ๔ บ้านหนองเกตุ ตำบลโคกไทย ตามแบบมาตรฐานกรมทรัพยากรน้ำกำหนด อบต.โคกไทย อ.ศรีมโหสถ จ.ปราจีนบุรี", "min": "กระทรวงมหาดไทย", "agc": "กรมส่งเสริมการปกครองท้องถิ่น", "plan_name": "บริหารจัดการทรัพยากรน้ำ", "stg_name": "ยุทธศาสตร์เร่งรัดวางรากฐานการพัฒนาที่ยั่งยืนของประเทศ", "objc_level1_name": "งบลงทุน", "compare": [{"bb_amount": 3585000, "bb_province": "ปราจีนบุรี"}], "gf_amount_sum": 0}
{"bb_code": "1500822040600T66", "bb_year": "2559", "amount": 3585000, "min_code": "15000", "agc_code": "15008", "name": "ก่อสร้างระบบประปาหมู่บ้านแบบผิวดินขนาดใหญ่ หมู่ที่ ๔ บ้านปากห้วยฉลอง ตำบลผาเลือด ตามแบบมาตรฐานกรมทรัพยากรน้ำ อบต.ผาเลือด อ.ท่าปลา จ.อุตรดิตถ์", "min": "กระทรวงมหาดไทย", "agc": "กรมส่งเสริมการปกครองท้องถิ่น", "plan_name": "บริหารจัดการทรัพยากรน้ำ", "stg_name": "ยุทธศาสตร์เร่งรัดวางรากฐานการพัฒนาที่ยั่งยืนของประเทศ", "objc_level1_name": "งบลงทุน", "compare": [{"bb_amount": 3585000, "bb_province": "อุตรดิตถ์"}], "gf_amount_sum": 0}
{"bb_code": "1500822040600AQ2", "bb_year": "2559", "amount": 3585000, "min_code": "15000", "agc_code": "15008", "name": "ก่อสร้างระบบประปาหมู่บ้านแบบผิวดินขนาดใหญ่ หมู่ที่ ๘ บ้านปรือเกียน ตำบลร่อนทอง ตามแบบแปลนมาตรฐานกรมทรัพยากรน้ำ อบต.ร่อนทอง อ.สตึก จ.บุรีรัมย์", "min": "กระทรวงมหาดไทย", "agc": "กรมส่งเสริมการปกครองท้องถิ่น", "plan_name": "บริหารจัดการทรัพยากรน้ำ", "stg_name": "ยุทธศาสตร์เร่งรัดวางรากฐานการพัฒนาที่ยั่งยืนของประเทศ", "objc_level1_name": "งบลงทุน", "compare": [{"bb_amount": 3585000, "bb_province": "บุรีรัมย์"}], "gf_amount_sum": 0}
{"bb_code": "1500822040600U45", "bb_year": "2559", "amount": 3585000, "min_code": "15000", "agc_code": "15008", "name": "ก่อสร้างระบบประปาหมู่บ้านแบบผิวดินขนาดใหญ่ บ้านขาม หมู่ที่ ๕ ตำบลไม้กลอน ตามแบบมาตรฐานกรมทรัพยากรน้ำ อบต.ไม้กลอน อ.พนา จ.อำนาจเจริญ", "min": "กระทรวงมหาดไทย", "agc": "กรมส่งเสริมการปกครองท้องถิ่น", "plan_name": "บริหารจัดการทรัพยากรน้ำ", "stg_name": "ยุทธศาสตร์เร่งรัดวางรากฐานการพัฒนาที่ยั่งยืนของประเทศ", "objc_level1_name": "งบลงทุน", "compare": [{"bb_amount": 3585000, "bb_province": "อำนาจเจริญ"}], "gf_amount_sum": 0}
