{"bb_code": "1500822040600C85", "bb_year": "2559", "amount": 3570300, "min_code": "15000", "agc_code": "15008", "name": "ก่อสร้างระบบประปาหมู่บ้าน แบบผิวดินขนาดใหญ่ บ้านมะเกลือ หมู่ที่ ๖ ตำบลพะงาด ตามแบบมาตรฐานกรมทรัพยากรน้ำ อบต.พะงาด อ.ขามสะแกแสง จ.นครราชสีมา", "min": "กระทรวงมหาดไทย", "agc": "กรมส่งเสริมการปกครองท้องถิ่น", "plan_name": "บริหารจัดการทรัพยากรน้ำ", "stg_name": "ยุทธศาสตร์เร่งรัดวางรากฐานการพัฒนาที่ยั่งยืนของประเทศ", "objc_level1_name": "งบลงทุน", "compare": [{"bb_amount": 3570300, "bb_province": "นครราชสีมา"}], "gf_amount_sum": 0}
{"bb_code": "1500822040600H74", "bb_year": "2559", "amount": 3570300, "min_code": "15000", "agc_code": "15008", "name": "ก่อสร้างระบบประปาหมู่บ้านแบบผิวดินขนาดใหญ่ หมู่ที่ ๗ บ้านห้วยกะสังข์ ตำบลสองพี่น้อง ตามแบบมาตรฐานกรมทรัพยากรน้ำ อบต.สองพี่น้อง อ.แก่งกระจาน จ.เพชรบุรี", "min": "กระทรวงมหาดไทย", "agc": "กรมส่งเสริมการปกครองท้องถิ่น", "plan_name": "บริหารจัดการทรัพยากรน้ำ", "stg_name": "ยุทธศาสตร์เร่งรัดวางรากฐานการพัฒนาที่ยั่งยืนของประเทศ", "objc_level1_name": "งบลงทุน", "compare": [{"bb_amount": 3570300, "bb_province": "เพชรบุรี"}], "gf_amount_sum": 0}
{"bb_code": "1500822040600C82", "bb_year": "2559", "amount": 3570300, "min_code": "15000", "agc_code": "15008", "name": "ก่อสร้างระบบประปาหมู่บ้าน แบบผิวดินขนาดใหญ่ บ้านดอนทะยิง หมู่ที่ ๓ ตำบลหนองหัวฟาน ตามแบบมาตรฐานกรมทรัพยากรน้ำ ทต.หนองหัวฟาน อ.ขามสะแกแสง จ.นครราชสีมา", "min": "กระทรวงมหาดไทย", "agc": "กรมส่งเสริมการปกครองท้องถิ่น", "plan_name": "บริหารจัดการทรัพยากรน้ำ", "stg_name": "ยุทธศาสตร์เร่งรัดวางรากฐานการพัฒนาที่ยั่งยืนของประเทศ", "objc_level1_name": "งบลงทุน", "compare": [{"bb_amount": 3570300, "bb_province": "นครราชสีมา"}], "gf_amount_sum": 0}
{"bb_code": "1500883002600DS8", "bb_year": "2559", "amount": 3570300, "min_code": "15000", "agc_code": "15008", "name": "ซ่อมแซมถนนแอสฟัลท์ติกคอนกรีตสายบ้านขุนชำนาญ-บ้านคลองโค หมู่ที่ ๒ และ หมู่ที่ ๖ ตำบลเกษตรสุวรรณ กว้าง ๖ เมตร ยาว ๒,๗๕๐ เมตร ไหล่ทางข้างละ ๑ เมตร พื้นที่ไม่น้อยกว่า ๒๒,๐๐๐ ตารางเมตร อบต.เกษตรสุวรรณ อ.บ่", "min": "กระทรวงมหาดไทย", "agc": "กรมส่งเสริมการปกครองท้องถิ่น", "plan_name": "ส่งเสริมการกระจายอำนาจให้แก่องค์กรปกครองส่วนท้องถิ่น", "stg_name": "ยุทธศาสตร์การบริหารกิจการบ้านเมืองที่ดี", "objc_level1_name": "งบลงทุน", "compare": [{"bb_amount": 3570300, "bb_province": "ชลบุรี"}], "gf_amount_sum": 0}
{"bb_code": "1500822040600C84", "bb_year": "2559", "amount": 3570300, "min_code": "15000", "agc_code": "15008", "name": "ก่อสร้างระบบประปาหมู่บ้าน แบบผิวดินขนาดใหญ่ บ้านหนองบอน หมู่ที่ ๙ ตำบลพะงาด ตามแบบมาตรฐานกรมทรัพยากรน้ำ อบต.พะงาด อ.ขามสะแกแสง จ.นครราชสีมา", "min": "กระทรวงมหาดไทย", "agc": "กรมส่งเสริมการปกครองท้องถิ่น", "plan_name": "บริหารจัดการทรัพยากรน้ำ", "stg_name": "ยุทธศาสตร์เร่งรัดวางรากฐานการพัฒนาที่ยั่งยืนของประเทศ", "objc_level1_name": "งบลงทุน", "compare": [{"bb_amount": 3570300, "bb_province": "นครราชสีมา"}], "gf_amount_sum": 0}
{"bb_code": "1500822040600J22", "bb_year": "2559", "amount": 3568300, "min_code": "15000", "agc_code": "15008", "name": "ก่อสร้างระบบประปาหมู่บ้านแบบผิวดินขนาดใหญ่ หมู่ที่ ๓ บ้านพงลำดวน ตำบลละหาร ตามแบบมาตรฐานกรมทรัพยากรน้ำ อบต.ละหาร อ.ปลวกแดง จ.ระยอง", "min": "กระทรวงมหาดไทย", "agc": "กรมส่งเสริมการปกครองท้องถิ่น", "plan_name": "บริหารจัดการทรัพยากรน้ำ", "stg_name": "ยุทธศาสตร์เร่งรัดวางรากฐานการพัฒนาที่ยั่งยืนของประเทศ", "objc_level1_name": "งบลงทุน", "compare": [{"bb_amount": 3568300, "bb_province": "ระยอง"}], "gf_amount_sum": 0}
{"bb_code": "1500822040600BA8", "bb_year": "2559", "amount": 3568300, "min_code": "15000", "agc_code": "15008", "name": "ก่อสร้างประปาหมู่บ้าน แบบผิวดินขนาดใหญ่มาก หมู่ที่ ๘ บ้านสะกา ตำบลสวนหลวง ตามแบบกรมทรัพยากรน้ำ อบต.สวนหลวง อ.เฉลิมพระเกียรติ จ.นครศรีธรรมราช", "min": "กระทรวงมหาดไทย", "agc": "กรมส่งเสริมการปกครองท้องถิ่น", "plan_name": "บริหารจัดการทรัพยากรน้ำ", "stg_name": "ยุทธศาสตร์เร่งรัดวางรากฐานการพัฒนาที่ยั่งยืนของประเทศ", "objc_level1_name": "งบลงทุน", "compare": [{"bb_amount": 3568300, "bb_province": "นครศรีธรรมราช"}], "gf_amount_sum": 0}
{"bb_code": "1500822040600H89", "bb_year": "2559", "amount": 3567300, "min_code": "15000", "agc_code": "15008", "name": "ก่อสร้างระบบประปาหมู่บ้าน แบบผิวดินขนาดใหญ่ หมู่ที่ ๔ บ้านหนองเกตุ ต.หนองจอก รายละเอียดตามปริมาณงานและแบบแปลนที่กำหนด อบต.หนองจอก อ.ท่ายาง จ.เพชรบุรี", "min": "กระทรวงมหาดไทย", "agc": "กรมส่งเสริมการปกครองท้องถิ่น", "plan_name": "บริหารจัดการทรัพยากรน้ำ", "stg_name": "ยุทธศาสตร์เร่งรัดวางรากฐานการพัฒนาที่ยั่งยืนของประเทศ", "objc_level1_name": "งบลงทุน", "compare": [{"bb_amount": 3567300, "bb_province": "เพชรบุรี"}], "gf_amount_sum": 0}
{"bb_code": "1500822040600446", "bb_year": "2559", "amount": 3565300, "min_code": "15000", "agc_code": "15008", "name": "ก่อสร้างระบบประปาหมู่บ้านแบบผิวดินขนาดใหญ่ บ้านผึ้ง หมู่ที่ ๓ ตามแบบมาตรฐานกรมทรัพยากรน้ำ  ทต.แม่หอพระ อ.แม่แตง จ.เชียงใหม่", "min": "กระทรวงมหาดไทย", "agc": "กรมส่งเสริมการปกครองท้องถิ่น", "plan_name": "บริหารจัดการทรัพยากรน้ำ", "stg_name": "ยุทธศาสตร์เร่งรัดวางรากฐานการพัฒนาที่ยั่งยืนของประเทศ", "objc_level1_name": "งบลงทุน", "compare": [{"bb_amount": 3565300, "bb_province": "เชียงใหม่"}], "gf_amount_sum": 0}
{"bb_code": "1500883002600EH4", "bb_year": "2559", "amount": 3564500, "min_code": "15000", "agc_code": "15008", "name": "ซ่อมสร้างถนนลาดยางแอสฟัลท์ติกคอนกรีต ( สาย อบจ.นม.๑๔๒๐๓ ) บ้านโคกศิลา - บ้านหัน ขนาดกว้าง ๖ เมตร ยาว ๑,๔๑๐ เมตร หนา ๐.๐๔ เมตร  อบจ.นครราชสีมา อ.ปักธงชัย จ.นครราชสีมา", "min": "กระทรวงมหาดไทย", "agc": "กรมส่งเสริมการปกครองท้องถิ่น", "plan_name": "ส่งเสริมการกระจายอำนาจให้แก่องค์กรปกครองส่วนท้องถิ่น", "stg_name": "ยุทธศาสตร์การบริหารกิจการบ้านเมืองที่ดี", "objc_level1_name": "งบลงทุน", "compare": [{"bb_amount": 3564500, "bb_province": "นครราชสีมา"}], "gf_amount_sum": 0}
{"bb_code": "1500883002600ET7", "bb_year": "2559", "amount": 3564500, "min_code": "15000", "agc_code": "15008", "name": "เสริมผิวจราจรลาดยางแอสฟัลท์ติกคอนกรีตสายบ้านเกาะใหญ่ - บ้านปากบาง ตำบลบางเหรียง  อำเภอควนเนียง กว้าง ๖.๐๐ - ๘.๐๐ เมตร  ยาว ๑,๑๒๕ เมตร หนา ๐.๐๕ เมตร ไหล่ทางข้างละ ๑.๐๐ เมตร อบจ.สงขลา อ.เมืองสงขลา จ.สงข", "min": "กระทรวงมหาดไทย", "agc": "กรมส่งเสริมการปกครองท้องถิ่น", "plan_name": "ส่งเสริมการกระจายอำนาจให้แก่องค์กรปกครองส่วนท้องถิ่น", "stg_name": "ยุทธศาสตร์การบริหารกิจการบ้านเมืองที่ดี", "objc_level1_name": "งบลงทุน", "compare": [{"bb_amount": 3564500, "bb_province": "สงขลา"}], "gf_amount_sum": 0}
{"bb_code": "1500883002600T81", "bb_year": "2559", "amount": 3564500, "min_code": "15000", "agc_code": "15008", "name": "ซ่อมแซมงานเสริมผิวแอสฟัลท์ติกคอนกรีตสายบ้านบางปรุล่าง  -  บ้านบางปรุเหนือ กว้าง ๖ เมตร ยาว ๑,๑๙๗ เมตร หนา ๐.๐๔ เมตร ไหล่ทางข้างละ  ๑  เมตร อบต.กะเปอร์ อ.กะเปอร์ จ.ระนอง", "min": "กระทรวงมหาดไทย", "agc": "กรมส่งเสริมการปกครองท้องถิ่น", "plan_name": "ส่งเสริมการกระจายอำนาจให้แก่องค์กรปกครองส่วนท้องถิ่น", "stg_name": "ยุทธศาสตร์การบริหารกิจการบ้านเมืองที่ดี", "objc_level1_name": "งบลงทุน", "compare": [{"bb_amount": 3564500, "bb_province": "ระนอง"}], "gf_amount_sum": 0}
{"bb_code": "1500883002600U72", "bb_year": "2559", "amount": 3564500, "min_code": "15000", "agc_code": "15008", "name": "ซ่อมสร้างถนนลาดยางผิวทางพาราแอสฟัลท์ติกคอนกรีต (โดยวิธี Pavement In - Place Recycling) สายบ้านนากระเซ็ง หมู่ที่ ๒ ตำบลอาฮี อำเภอท่าลี่  กว้าง ๖ เมตร ยาว ๑,๐๕๐ เมตร อบจ.เลย อ.ท่าลี่ จ.เลย", "min": "กระทรวงมหาดไทย", "agc": "กรมส่งเสริมการปกครองท้องถิ่น", "plan_name": "ส่งเสริมการกระจายอำนาจให้แก่องค์กรปกครองส่วนท้องถิ่น", "stg_name": "ยุทธศาสตร์การบริหารกิจการบ้านเมืองที่ดี", "objc_level1_name": "งบลงทุน", "compare": [{"bb_amount": 3564500, "bb_province": "เลย"}], "gf_amount_sum": 0}
{"bb_code": "1500822040600X10", "bb_year": "2559", "amount": 3563400, "min_code": "15000", "agc_code": "15008", "name": "ก่อสร้างประปาหมู่บ้านแบบผิวดินขนาดใหญ่ บ้านแข้  หมู่ที่ ๑ ตำบลแข้ ตามแบบมาตรฐานกรมทรัพยากรน้ำ อบต.แข้ อ.อุทุมพรพิสัย จ.ศรีสะเกษ", "min": "กระทรวงมหาดไทย", "agc": "กรมส่งเสริมการปกครองท้องถิ่น", "plan_name": "บริหารจัดการทรัพยากรน้ำ", "stg_name": "ยุทธศาสตร์เร่งรัดวางรากฐานการพัฒนาที่ยั่งยืนของประเทศ", "objc_level1_name": "งบลงทุน", "compare": [{"bb_amount": 3563400, "bb_province": "ศรีสะเกษ"}], "gf_amount_sum": 0}
{"bb_code": "1500822040600M49", "bb_year": "2559", "amount": 3562400, "min_code": "15000", "agc_code": "15008", "name": "ก่อสร้างประปาหมู่บ้าน แบบผิวดินขนาดใหญ่ หมู่ที่ ๓ บ้านหนองจิก ตำบลปากจั่น ตามแบบแปลนกรมทรัพยากรน้ำ อบต.ปากจั่น อ.กระบุรี จ.ระนอง", "min": "กระทรวงมหาดไทย", "agc": "กรมส่งเสริมการปกครองท้องถิ่น", "plan_name": "บริหารจัดการทรัพยากรน้ำ", "stg_name": "ยุทธศาสตร์เร่งรัดวางรากฐานการพัฒนาที่ยั่งยืนของประเทศ", "objc_level1_name": "งบลงทุน", "compare": [{"bb_amount": 3562400, "bb_province": "ระนอง"}], "gf_amount_sum": 0}
{"bb_code": "1500822040600M14", "bb_year": "2559", "amount": 3561400, "min_code": "15000", "agc_code": "15008", "name": "ก่อสร้างประปาหมู่บ้านแบบผิวดินขนาดใหญ่  บ้านทาป่าเปา หมู่ที่ ๖ ตำบลทาปลาดุก ตามแบบมาตรฐานกรมทรัพยากรน้ำ ทต.ทาปลาดุก อ.แม่ทา จ.ลำพูน", "min": "กระทรวงมหาดไทย", "agc": "กรมส่งเสริมการปกครองท้องถิ่น", "plan_name": "บริหารจัดการทรัพยากรน้ำ", "stg_name": "ยุทธศาสตร์เร่งรัดวางรากฐานการพัฒนาที่ยั่งยืนของประเทศ", "objc_level1_name": "งบลงทุน", "compare": [{"bb_amount": 3561400, "bb_province": "ลำพูน"}], "gf_amount_sum": 0}
{"bb_code": "1500822040600K25", "bb_year": "2559", "amount": 3559400, "min_code": "15000", "agc_code": "15008", "name": "ก่อสร้างระบบประปาหมู่บ้าน แบบผิวดินขนาดใหญ่ หมู่ที่ ๕ บ้านบึงสามพันล่าง ตำบลบึงสามพัน ตามแบบมาตรฐานกรมทรัพยากรน้ำ อบต.บึงสามพัน อ.บึงสามพัน จ.เพชรบูรณ์", "min": "กระทรวงมหาดไทย", "agc": "กรมส่งเสริมการปกครองท้องถิ่น", "plan_name": "บริหารจัดการทรัพยากรน้ำ", "stg_name": "ยุทธศาสตร์เร่งรัดวางรากฐานการพัฒนาที่ยั่งยืนของประเทศ", "objc_level1_name": "งบลงทุน", "compare": [{"bb_amount": 3559400, "bb_province": "เพชรบูรณ์"}], "gf_amount_sum": 0}
{"bb_code": "1500883002600O62", "bb_year": "2559", "amount": 3554900, "min_code": "15000", "agc_code": "15008", "name": "ปรับปรุงซ่อมสร้างถนนผิวทาง Cape Seal  สายทางบ้านแม่หม้อ - บ้านแม่คำน้อย  กว้าง ๕ เมตร  ยาว ๑,๔๖๘ เมตร  หนา ๐.๐๔ เมตร  ไหล่ทางข้างละ ๐.๕๐ เมตร  อบต.เทอดไทย อ.แม่ฟ้าหลวง จ.เชียงราย", "min": "กระทรวงมหาดไทย", "agc": "กรมส่งเสริมการปกครองท้องถิ่น", "plan_name": "ส่งเสริมการกระจายอำนาจให้แก่องค์กรปกครองส่วนท้องถิ่น", "stg_name": "ยุทธศาสตร์การบริหารกิจการบ้านเมืองที่ดี", "objc_level1_name": "งบลงทุน", "compare": [{"bb_amount": 3554900, "bb_province": "เชียงราย"}], "gf_amount_sum": 0}
{"bb_code": "1500883002600FM7", "bb_year": "2559", "amount": 3554900, "min_code": "15000", "agc_code": "15008", "name": "ปรับปรุงผิวทางแอสฟัลท์ติกคอนกรีตถนน สายเลียบคลองส่ง หมู่ที่ 6,8 ตำบลเขาเพิ่ม กว้าง 6 เมตร ยาว 1,600 เมตร หนา 0.04 เมตร  อบต.เขาเพิ่ม อ.บ้านนา จ.นครนายก", "min": "กระทรวงมหาดไทย", "agc": "กรมส่งเสริมการปกครองท้องถิ่น", "plan_name": "ส่งเสริมการกระจายอำนาจให้แก่องค์กรปกครองส่วนท้องถิ่น", "stg_name": "ยุทธศาสตร์การบริหารกิจการบ้านเมืองที่ดี", "objc_level1_name": "งบลงทุน", "compare": [{"bb_amount": 3554900, "bb_province": "นครนายก"}], "gf_amount_sum": 0}
{"bb_code": "1500822040600K22", "bb_year": "2559", "amount": 3553900, "min_code": "15000", "agc_code": "15008", "name": "ก่อสร้างระบบประปาหมู่บ้าน แบบผิวดินขนาดใหญ่ หมู่ที่ ๑๖ บ้านดงก้านตาล ตำบลกันจุ ตามแบบมาตรฐานกรมทรัพยากรน้ำ อบต.กันจุ อ.บึงสามพัน จ.เพชรบูรณ์", "min": "กระทรวงมหาดไทย", "agc": "กรมส่งเสริมการปกครองท้องถิ่น", "plan_name": "บริหารจัดการทรัพยากรน้ำ", "stg_name": "ยุทธศาสตร์เร่งรัดวางรากฐานการพัฒนาที่ยั่งยืนของประเทศ", "objc_level1_name": "งบลงทุน", "compare": [{"bb_amount": 3553900, "bb_province": "เพชรบูรณ์"}], "gf_amount_sum": 0}
