{"bb_code": "1500883002600W73", "bb_year": "2559", "amount": 3552900, "min_code": "15000", "agc_code": "15008", "name": "ปรับปรุงซ่อมแซมถนนแอสฟัลท์ติกคอนกรีต สายทาง ทล ๓๔๙๔ ลำภูราย - ท่าประดู่ หมู่ที่ ๓ บ้านลำภูราย ตำบลเขาสมิง กว้าง ๘ เมตร ยาว ๑,๑๘๕ หนา ๐.๐๕ เมตร   อบต.เขาสมิง อ.เขาสมิง จ.ตราด", "min": "กระทรวงมหาดไทย", "agc": "กรมส่งเสริมการปกครองท้องถิ่น", "plan_name": "ส่งเสริมการกระจายอำนาจให้แก่องค์กรปกครองส่วนท้องถิ่น", "stg_name": "ยุทธศาสตร์การบริหารกิจการบ้านเมืองที่ดี", "objc_level1_name": "งบลงทุน", "compare": [{"bb_amount": 3552900, "bb_province": "ตราด"}], "gf_amount_sum": 0}
{"bb_code": "1500883002600EE2", "bb_year": "2559", "amount": 3552900, "min_code": "15000", "agc_code": "15008", "name": "ปรับปรุงผิวจราจรถนนลาดยางแอสฟัลท์ติกคอนกรีต สายบ้านหนองสังข์-บ้านทุ่งศาลา หมู่ที่ ๑ บ้านซ่อง เชื่อมต่อ หมู่ที่ ๖ บ้านคลองหลวง ตำบลวัดสุวรรณ กว้าง ๖ เมตร ยาว ๑,๓๖๕ เมตร หนา ๐.๐๔ เมตร ไหล่ทางกว้างข้างละ", "min": "กระทรวงมหาดไทย", "agc": "กรมส่งเสริมการปกครองท้องถิ่น", "plan_name": "ส่งเสริมการกระจายอำนาจให้แก่องค์กรปกครองส่วนท้องถิ่น", "stg_name": "ยุทธศาสตร์การบริหารกิจการบ้านเมืองที่ดี", "objc_level1_name": "งบลงทุน", "compare": [{"bb_amount": 3552900, "bb_province": "ชลบุรี"}], "gf_amount_sum": 0}
{"bb_code": "1500883002600S09", "bb_year": "2559", "amount": 3552400, "min_code": "15000", "agc_code": "15008", "name": "ปรับปรุงผิวจราจรลาดยาง Asphaltic Concrete สายบ้านหนองหลุม - บ้านหนองกุฎีทอง ตำบลหนองโอ่ง, ตำบลดอนคา กว้าง ๖ เมตร  ยาว ๑,๗๓๐ เมตร หนา ๐.๐๓ เมตร ไหล่ทาง Asphaltic Concrete กว้างข้างละ ๑ เมตร พื้นที่ไม่น", "min": "กระทรวงมหาดไทย", "agc": "กรมส่งเสริมการปกครองท้องถิ่น", "plan_name": "ส่งเสริมการกระจายอำนาจให้แก่องค์กรปกครองส่วนท้องถิ่น", "stg_name": "ยุทธศาสตร์การบริหารกิจการบ้านเมืองที่ดี", "objc_level1_name": "งบลงทุน", "compare": [{"bb_amount": 3552400, "bb_province": "สุพรรณบุรี"}], "gf_amount_sum": 0}
{"bb_code": "1500822040600K23", "bb_year": "2559", "amount": 3551800, "min_code": "15000", "agc_code": "15008", "name": "ก่อสร้างระบบประปาหมู่บ้าน แบบผิวดินขนาดใหญ่ หมู่ที่ ๕ บ้านหนองตะเคียน ตำบลวังพิกุล ตามแบบมาตรฐานกรมทรัพยากรน้ำ อบต.กันจุ อ.บึงสามพัน จ.เพชรบูรณ์", "min": "กระทรวงมหาดไทย", "agc": "กรมส่งเสริมการปกครองท้องถิ่น", "plan_name": "บริหารจัดการทรัพยากรน้ำ", "stg_name": "ยุทธศาสตร์เร่งรัดวางรากฐานการพัฒนาที่ยั่งยืนของประเทศ", "objc_level1_name": "งบลงทุน", "compare": [{"bb_amount": 3551800, "bb_province": "เพชรบูรณ์"}], "gf_amount_sum": 0}
{"bb_code": "1500822040600809", "bb_year": "2559", "amount": 3550300, "min_code": "15000", "agc_code": "15008", "name": "ก่อสร้างระบบประปาหมู่บ้าน แบบผิวดินขนาดใหญ่ หมู่ที่ ๖ บ้านปูน ตำบลเกาะตะเภา ตามแบบแปลนของกรมทรัพยากรน้ำ อบต.เกาะตะเภา อ.บ้านตาก จ.ตาก", "min": "กระทรวงมหาดไทย", "agc": "กรมส่งเสริมการปกครองท้องถิ่น", "plan_name": "บริหารจัดการทรัพยากรน้ำ", "stg_name": "ยุทธศาสตร์เร่งรัดวางรากฐานการพัฒนาที่ยั่งยืนของประเทศ", "objc_level1_name": "งบลงทุน", "compare": [{"bb_amount": 3550300, "bb_province": "ตาก"}], "gf_amount_sum": 0}
{"bb_code": "1500883002600DW4", "bb_year": "2559", "amount": 3550000, "min_code": "15000", "agc_code": "15008", "name": "ซ่อมสร้างถนนลาดยางแอสฟัลท์ติกคอนกรีต สายแยก ทล.๒๐๑๓ - บ้านโคกคล้าย หมู่ที่ ๑๑ - ๗ จำนวน ๒ ช่วง มีพื้นที่รวมไม่น้อยกว่า ๙,๔๘๐ ตารางเมตร  อบต.บ่อโพธิ์ อ.นครไทย จ.พิษณุโลก", "min": "กระทรวงมหาดไทย", "agc": "กรมส่งเสริมการปกครองท้องถิ่น", "plan_name": "ส่งเสริมการกระจายอำนาจให้แก่องค์กรปกครองส่วนท้องถิ่น", "stg_name": "ยุทธศาสตร์การบริหารกิจการบ้านเมืองที่ดี", "objc_level1_name": "งบลงทุน", "compare": [{"bb_amount": 3550000, "bb_province": "พิษณุโลก"}], "gf_amount_sum": 0}
{"bb_code": "1500822040600O96", "bb_year": "2559", "amount": 3549600, "min_code": "15000", "agc_code": "15008", "name": "ก่อสร้างระบบประปาหมู่บ้าน แบบผิวดินขนาดใหญ่ บ้านผาตั้ง หมู่ที่ ๑ ตำบลผาตั้ง ตามแบบมาตรฐานกรมทรัพยากรน้ำ อบต.ผาตั้ง อ.สังคม จ.หนองคาย", "min": "กระทรวงมหาดไทย", "agc": "กรมส่งเสริมการปกครองท้องถิ่น", "plan_name": "บริหารจัดการทรัพยากรน้ำ", "stg_name": "ยุทธศาสตร์เร่งรัดวางรากฐานการพัฒนาที่ยั่งยืนของประเทศ", "objc_level1_name": "งบลงทุน", "compare": [{"bb_amount": 3549600, "bb_province": "หนองคาย"}], "gf_amount_sum": 0}
{"bb_code": "1500786007420400", "bb_year": "2559", "amount": 3549000, "min_code": "15000", "agc_code": "15007", "name": "เขื่อนป้องกันตลิ่งริมคลองดำเนินสะดวก หน้าวัดหลักสองราษฎร์บำรุง ม.2 ต.หลักสอง อ.บ้านแพ้ว จ.สมุทรสาคร ความยาว 178 เมตร", "min": "กระทรวงมหาดไทย", "agc": "กรมโยธาธิการและผังเมือง", "plan_name": "ฟื้นฟู ป้องกัน และจัดการภัยพิบัติ ", "stg_name": "ยุทธศาสตร์การจัดการทรัพยากรธรรมชาติและสิ่งแวดล้อม", "objc_level1_name": "งบลงทุน", "compare": [{"bb_amount": 3549000, "bb_province": "สมุทรสาคร", "gf_amount": 3549000, "gf_province": "สมุทรสาคร"}], "gf_amount_sum": 3549000}
{"bb_code": "1500883002600DP4", "bb_year": "2559", "amount": 3547200, "min_code": "15000", "agc_code": "15008", "name": "ซ่อมสร้างถนนลาดยางผิวจราจรแบบแอสฟัลท์ติกคอนกรีต สายทาง ลป. ถ. ๑ - ๐๐๔๒ บ้านร่องเห็ด - บ้านบ่อฮ้อ ช่วงระหว่างบ้านร่องเห็ด หมู่ที่ ๓ -บ้านแม่งอน หมู่ที่ ๕  ตำบลบ้านแหง กว้าง ๔.๕๐ เมตร ยาว ๑,๘๕๐ เมตร หนา", "min": "กระทรวงมหาดไทย", "agc": "กรมส่งเสริมการปกครองท้องถิ่น", "plan_name": "ส่งเสริมการกระจายอำนาจให้แก่องค์กรปกครองส่วนท้องถิ่น", "stg_name": "ยุทธศาสตร์การบริหารกิจการบ้านเมืองที่ดี", "objc_level1_name": "งบลงทุน", "compare": [{"bb_amount": 3547200, "bb_province": "ลำปาง"}], "gf_amount_sum": 0}
{"bb_code": "1500822040600AS7", "bb_year": "2559", "amount": 3545700, "min_code": "15000", "agc_code": "15008", "name": "ก่อสร้างระบบประปาหมู่บ้าน แบบผิวดินขนาดใหญ่ บ้านหนองพังค่า หมู่ที่ ๓ ตำบลหนองพังค่า-หมู่ที่ ๔ ตำบลโนนเหล็ก ตามแบบมาตรฐานกรมทรัพยากรน้ำ อบจ.อุทัยธานี อ.เมืองอุทัยธานี จ.อุทัยธานี", "min": "กระทรวงมหาดไทย", "agc": "กรมส่งเสริมการปกครองท้องถิ่น", "plan_name": "บริหารจัดการทรัพยากรน้ำ", "stg_name": "ยุทธศาสตร์เร่งรัดวางรากฐานการพัฒนาที่ยั่งยืนของประเทศ", "objc_level1_name": "งบลงทุน", "compare": [{"bb_amount": 3545700, "bb_province": "อุทัยธานี"}], "gf_amount_sum": 0}
{"bb_code": "1500822040600M51", "bb_year": "2559", "amount": 3544700, "min_code": "15000", "agc_code": "15008", "name": "ก่อสร้างประปาหมู่บ้าน แบบผิวดินขนาดใหญ่ หมู่ที่ ๑๐ บ้านหลุมพอล่าง ตำบลปากจั่น ตามแบบแปลนกรมทรัพยากรน้ำ อบต.ปากจั่น อ.กระบุรี จ.ระนอง", "min": "กระทรวงมหาดไทย", "agc": "กรมส่งเสริมการปกครองท้องถิ่น", "plan_name": "บริหารจัดการทรัพยากรน้ำ", "stg_name": "ยุทธศาสตร์เร่งรัดวางรากฐานการพัฒนาที่ยั่งยืนของประเทศ", "objc_level1_name": "งบลงทุน", "compare": [{"bb_amount": 3544700, "bb_province": "ระนอง"}], "gf_amount_sum": 0}
{"bb_code": "1500822040600763", "bb_year": "2559", "amount": 3542700, "min_code": "15000", "agc_code": "15008", "name": "ก่อสร้างระบบประปาหมู่บ้าน แบบผิวดินขนาดใหญ่ บ้านพรุหลุมพี หมู่ที่ ๑๑ ตำบลโคกสะบ้า ตามแบบแปลนกรมทรัพยากรน้ำ อบต.โคกสะบ้า อ.นาโยง จ.ตรัง", "min": "กระทรวงมหาดไทย", "agc": "กรมส่งเสริมการปกครองท้องถิ่น", "plan_name": "บริหารจัดการทรัพยากรน้ำ", "stg_name": "ยุทธศาสตร์เร่งรัดวางรากฐานการพัฒนาที่ยั่งยืนของประเทศ", "objc_level1_name": "งบลงทุน", "compare": [{"bb_amount": 3542700, "bb_province": "ตรัง"}], "gf_amount_sum": 0}
{"bb_code": "1500785013410012", "bb_year": "2559", "amount": 3541900, "min_code": "15000", "agc_code": "15007", "name": "โครงการปรับปรุงถนนในชุมชน สายพอเม็ง - พงมือซู หมู่ที่ 4 ต.กายูบอเกาะ อ.รามัน จ.ยะลา กว้าง 6.00 ม. ระยะทาง 0.725 กม.", "min": "กระทรวงมหาดไทย", "agc": "กรมโยธาธิการและผังเมือง", "plan_name": "แก้ไขปัญหาและพัฒนาจังหวัดชายแดนภาคใต้", "stg_name": "ยุทธศาสตร์เร่งรัดวางรากฐานการพัฒนาที่ยั่งยืนของประเทศ", "objc_level1_name": "งบลงทุน", "compare": [{"bb_amount": 3541900, "bb_province": "ยะลา", "gf_amount": 3541000, "gf_province": "ยะลา"}], "gf_amount_sum": 3541000}
{"bb_code": "1500822040600M75", "bb_year": "2559", "amount": 3541700, "min_code": "15000", "agc_code": "15008", "name": "ก่อสร้างระบบประปาหมู่บ้านแบบผิวดินขนาดใหญ่ บ้านมะอึ หมู่ที่ ๘ ตำบลมะอึ ตามแบบมาตรฐานกรมทรัพยากรน้ำ ทต.มะอึ อ.ธวัชบุรี จ.ร้อยเอ็ด", "min": "กระทรวงมหาดไทย", "agc": "กรมส่งเสริมการปกครองท้องถิ่น", "plan_name": "บริหารจัดการทรัพยากรน้ำ", "stg_name": "ยุทธศาสตร์เร่งรัดวางรากฐานการพัฒนาที่ยั่งยืนของประเทศ", "objc_level1_name": "งบลงทุน", "compare": [{"bb_amount": 3541700, "bb_province": "ร้อยเอ็ด"}], "gf_amount_sum": 0}
{"bb_code": "1500822040600392", "bb_year": "2559", "amount": 3538800, "min_code": "15000", "agc_code": "15008", "name": "ก่อสร้างประปาหมู่บ้านแบบผิวดินขนาดใหญ่ บ้านแม่สูนหลวง หมู่ที่ ๑ ตำบลแม่สูน ตามแบบมาตรฐานกรมทรัพยากรน้ำ  อบต.แม่สูน อ.ฝาง จ.เชียงใหม่", "min": "กระทรวงมหาดไทย", "agc": "กรมส่งเสริมการปกครองท้องถิ่น", "plan_name": "บริหารจัดการทรัพยากรน้ำ", "stg_name": "ยุทธศาสตร์เร่งรัดวางรากฐานการพัฒนาที่ยั่งยืนของประเทศ", "objc_level1_name": "งบลงทุน", "compare": [{"bb_amount": 3538800, "bb_province": "เชียงใหม่"}], "gf_amount_sum": 0}
{"bb_code": "1500822040600T69", "bb_year": "2559", "amount": 3538800, "min_code": "15000", "agc_code": "15008", "name": "ก่อสร้างระบบประปาหมู่บ้านแบบผิวดินขนาดใหญ่ หมู่ที่ ๒ บ้านสระแก้ว ตำบลร่วมจิต ตามแบบมาตรฐานกรมทรัพยากรน้ำ อบต.ร่วมจิต อ.ท่าปลา จ.อุตรดิตถ์", "min": "กระทรวงมหาดไทย", "agc": "กรมส่งเสริมการปกครองท้องถิ่น", "plan_name": "บริหารจัดการทรัพยากรน้ำ", "stg_name": "ยุทธศาสตร์เร่งรัดวางรากฐานการพัฒนาที่ยั่งยืนของประเทศ", "objc_level1_name": "งบลงทุน", "compare": [{"bb_amount": 3538800, "bb_province": "อุตรดิตถ์"}], "gf_amount_sum": 0}
{"bb_code": "1500822040600801", "bb_year": "2559", "amount": 3538800, "min_code": "15000", "agc_code": "15008", "name": "ก่อสร้างระบบประปาหมู่บ้าน แบบผิวดินขนาดใหญ่มาก บ้านไสบ่อ หมู่ที่ ๒ ตำบลนาวง รายละเอียดตามปริมาณงานและแบบแปลนที่กำหนด อบต.นาวง อ.ห้วยยอด จ.ตรัง", "min": "กระทรวงมหาดไทย", "agc": "กรมส่งเสริมการปกครองท้องถิ่น", "plan_name": "บริหารจัดการทรัพยากรน้ำ", "stg_name": "ยุทธศาสตร์เร่งรัดวางรากฐานการพัฒนาที่ยั่งยืนของประเทศ", "objc_level1_name": "งบลงทุน", "compare": [{"bb_amount": 3538800, "bb_province": "ตรัง"}], "gf_amount_sum": 0}
{"bb_code": "1500822040600Z92", "bb_year": "2559", "amount": 3538800, "min_code": "15000", "agc_code": "15008", "name": "ก่อสร้างระบบประปาผิวดินขนาดใหญ่มาก  หมู่ ๑๑    บ้านเขาเขียว  ตำบลหนองตาแต้ม อำเภอปราณบุรี จังหวัดประจวบคีรีขันธ์ ตามแบบกรมทรัพยากรน้ำ อบต.หนองตาแต้ม อ.ปราณบุรี จ.ประจวบคีรีขันธ์", "min": "กระทรวงมหาดไทย", "agc": "กรมส่งเสริมการปกครองท้องถิ่น", "plan_name": "บริหารจัดการทรัพยากรน้ำ", "stg_name": "ยุทธศาสตร์เร่งรัดวางรากฐานการพัฒนาที่ยั่งยืนของประเทศ", "objc_level1_name": "งบลงทุน", "compare": [{"bb_amount": 3538800, "bb_province": "ประจวบคีรีขันธ์"}], "gf_amount_sum": 0}
{"bb_code": "1500822040600AZ3", "bb_year": "2559", "amount": 3538800, "min_code": "15000", "agc_code": "15008", "name": "ก่อสร้างประปาหมู่บ้าน แบบผิวดินขนาดใหญ่มาก หมู่ที่ ๘ บ้านคอกช้าง ตำบลฉวาง ตามแบบแปลนการประปานครหลวง ทต.ปากน้ำฉวาง อ.ฉวาง จ.นครศรีธรรมราช", "min": "กระทรวงมหาดไทย", "agc": "กรมส่งเสริมการปกครองท้องถิ่น", "plan_name": "บริหารจัดการทรัพยากรน้ำ", "stg_name": "ยุทธศาสตร์เร่งรัดวางรากฐานการพัฒนาที่ยั่งยืนของประเทศ", "objc_level1_name": "งบลงทุน", "compare": [{"bb_amount": 3538800, "bb_province": "นครศรีธรรมราช"}], "gf_amount_sum": 0}
{"bb_code": "1500822040600M98", "bb_year": "2559", "amount": 3538800, "min_code": "15000", "agc_code": "15008", "name": "ก่อสร้างระบบประปาหมู่บ้านแบบผิวดินขนาดใหญ่ บ้านหนองไร่ หมู่ที่ ๑๑ ตำบลสวนจิก ตามแบบมาตรฐานกรมทรัพยากรน้ำ อบต.สวนจิก อ.ศรีสมเด็จ จ.ร้อยเอ็ด", "min": "กระทรวงมหาดไทย", "agc": "กรมส่งเสริมการปกครองท้องถิ่น", "plan_name": "บริหารจัดการทรัพยากรน้ำ", "stg_name": "ยุทธศาสตร์เร่งรัดวางรากฐานการพัฒนาที่ยั่งยืนของประเทศ", "objc_level1_name": "งบลงทุน", "compare": [{"bb_amount": 3538800, "bb_province": "ร้อยเอ็ด"}], "gf_amount_sum": 0}
