{"bb_code": "1500822040600Q76", "bb_year": "2559", "amount": 3428700, "min_code": "15000", "agc_code": "15008", "name": "ก่อสร้างระบบประปาหมู่บ้าน แบบประปาบาดาลขนาดใหญ่มาก ชุมชนบำรุงราษฎร์ บ้านเชียงยืน หมู่ที่ ๑๙ ตำบลเชียงยืน ตามแบบแปลนกรมทรัพยากรน้ำ ทต.เชียงยืน อ.เชียงยืน จ.มหาสารคาม", "min": "กระทรวงมหาดไทย", "agc": "กรมส่งเสริมการปกครองท้องถิ่น", "plan_name": "บริหารจัดการทรัพยากรน้ำ", "stg_name": "ยุทธศาสตร์เร่งรัดวางรากฐานการพัฒนาที่ยั่งยืนของประเทศ", "objc_level1_name": "งบลงทุน", "compare": [{"bb_amount": 3428700, "bb_province": "มหาสารคาม"}], "gf_amount_sum": 0}
{"bb_code": "1500822040600460", "bb_year": "2559", "amount": 3424800, "min_code": "15000", "agc_code": "15008", "name": "ก่อสร้างระบบประปาผิวดินขนาดใหญ่ หมู่ที่ ๙ บ้านสบสา-หนองฟาน ตำบลดอนแก้ว  ตามแบบมาตรฐานกรมทรัพยากรน้ำ อบต.ดอนแก้ว อ.แม่ริม จ.เชียงใหม่", "min": "กระทรวงมหาดไทย", "agc": "กรมส่งเสริมการปกครองท้องถิ่น", "plan_name": "บริหารจัดการทรัพยากรน้ำ", "stg_name": "ยุทธศาสตร์เร่งรัดวางรากฐานการพัฒนาที่ยั่งยืนของประเทศ", "objc_level1_name": "งบลงทุน", "compare": [{"bb_amount": 3424800, "bb_province": "เชียงใหม่"}], "gf_amount_sum": 0}
{"bb_code": "1500822040600AS1", "bb_year": "2559", "amount": 3420800, "min_code": "15000", "agc_code": "15008", "name": "ก่อสร้างประปาหมู่บ้าน แบบผิวดินขนาดใหญ่ หมู่ที่ ๒ บ้านค้อ ตำบลอีง่อง ตามแบบมาตรฐานกรมทรัพยากรน้ำ อบต.อีง่อง อ.จตุรพักตรพิมาน จ.ร้อยเอ็ด", "min": "กระทรวงมหาดไทย", "agc": "กรมส่งเสริมการปกครองท้องถิ่น", "plan_name": "บริหารจัดการทรัพยากรน้ำ", "stg_name": "ยุทธศาสตร์เร่งรัดวางรากฐานการพัฒนาที่ยั่งยืนของประเทศ", "objc_level1_name": "งบลงทุน", "compare": [{"bb_amount": 3420800, "bb_province": "ร้อยเอ็ด"}], "gf_amount_sum": 0}
{"bb_code": "1500883002600U26", "bb_year": "2559", "amount": 3419600, "min_code": "15000", "agc_code": "15008", "name": "ซ่อมสร้างถนนแอสฟัลท์ติกคอนกรีตสายบ้านสามหลุม หมู่ที่ ๘ บ้านสามหลุม กว้าง ๕ เมตร ยาว ๑,๑๘๐ เมตร หนา ๐.๐๕ เมตร หรือมีพื้นที่ไม่น้อยกว่า ๕,๙๐๐ ตารางเมตร อบต.สารจิตร อ.ศรีสัชนาลัย จ.สุโขทัย", "min": "กระทรวงมหาดไทย", "agc": "กรมส่งเสริมการปกครองท้องถิ่น", "plan_name": "ส่งเสริมการกระจายอำนาจให้แก่องค์กรปกครองส่วนท้องถิ่น", "stg_name": "ยุทธศาสตร์การบริหารกิจการบ้านเมืองที่ดี", "objc_level1_name": "งบลงทุน", "compare": [{"bb_amount": 3419600, "bb_province": "สุโขทัย"}], "gf_amount_sum": 0}
{"bb_code": "1500883002600EL6", "bb_year": "2559", "amount": 3419600, "min_code": "15000", "agc_code": "15008", "name": "ซ่อมสร้างถนนลาดยางแบบผิวเรียบ ( สาย อบจ.นม.๒๑๒๐๕ ) บ้านขนงพระกลาง - บ้านโป่งกระสัง ขนาดกว้าง ๘ เมตร ยาว ๑,๖๗๒ เมตร  อบจ.นครราชสีมา อ.ปากช่อง จ.นครราชสีมา", "min": "กระทรวงมหาดไทย", "agc": "กรมส่งเสริมการปกครองท้องถิ่น", "plan_name": "ส่งเสริมการกระจายอำนาจให้แก่องค์กรปกครองส่วนท้องถิ่น", "stg_name": "ยุทธศาสตร์การบริหารกิจการบ้านเมืองที่ดี", "objc_level1_name": "งบลงทุน", "compare": [{"bb_amount": 3419600, "bb_province": "นครราชสีมา"}], "gf_amount_sum": 0}
{"bb_code": "1500822040600C81", "bb_year": "2559", "amount": 3414000, "min_code": "15000", "agc_code": "15008", "name": "ก่อสร้างระบบประปาหมู่บ้าน แบบผิวดินขนาดใหญ่ บ้านสระแจง หมู่ที่ ๖ ตำบลโนนเมือง ตามแบบมาตรฐานกรมทรัพยากรน้ำ ทต.โนนเมือง อ.ขามสะแกแสง จ.นครราชสีมา", "min": "กระทรวงมหาดไทย", "agc": "กรมส่งเสริมการปกครองท้องถิ่น", "plan_name": "บริหารจัดการทรัพยากรน้ำ", "stg_name": "ยุทธศาสตร์เร่งรัดวางรากฐานการพัฒนาที่ยั่งยืนของประเทศ", "objc_level1_name": "งบลงทุน", "compare": [{"bb_amount": 3414000, "bb_province": "นครราชสีมา"}], "gf_amount_sum": 0}
{"bb_code": "1500822040600D54", "bb_year": "2559", "amount": 3412000, "min_code": "15000", "agc_code": "15008", "name": "ก่อสร้างระบบประปาหมู่บ้าน แบบผิวดินขนาดใหญ่ บ้านกะพี้ หมู่ที่ ๖ ตำบลค้างพลู ตามแบบมาตรฐานกรมทรัพยากรน้ำ อบต.ค้างพลู อ.โนนไทย จ.นครราชสีมา", "min": "กระทรวงมหาดไทย", "agc": "กรมส่งเสริมการปกครองท้องถิ่น", "plan_name": "บริหารจัดการทรัพยากรน้ำ", "stg_name": "ยุทธศาสตร์เร่งรัดวางรากฐานการพัฒนาที่ยั่งยืนของประเทศ", "objc_level1_name": "งบลงทุน", "compare": [{"bb_amount": 3412000, "bb_province": "นครราชสีมา"}], "gf_amount_sum": 0}
{"bb_code": "1500822040600D51", "bb_year": "2559", "amount": 3412000, "min_code": "15000", "agc_code": "15008", "name": "ก่อสร้างระบบประปาหมู่บ้าน แบบผิวดินขนาดใหญ่ บ้านหนองราง หมู่ที่ ๔  ตำบลค้างพลู  ตามแบบมาตรฐานกรมทรัพยากรน้ำ อบต.ค้างพลู อ.โนนไทย จ.นครราชสีมา", "min": "กระทรวงมหาดไทย", "agc": "กรมส่งเสริมการปกครองท้องถิ่น", "plan_name": "บริหารจัดการทรัพยากรน้ำ", "stg_name": "ยุทธศาสตร์เร่งรัดวางรากฐานการพัฒนาที่ยั่งยืนของประเทศ", "objc_level1_name": "งบลงทุน", "compare": [{"bb_amount": 3412000, "bb_province": "นครราชสีมา"}], "gf_amount_sum": 0}
{"bb_code": "1500883002600FY8", "bb_year": "2559", "amount": 3410000, "min_code": "15000", "agc_code": "15008", "name": "ปรับปรุงซ่อมแซมผิวทางแอสฟัลท์ติกคอนกรีต สาย พร ๓๐๗๕ บ้านแม่ยางโทน - บ้านแม่ยางเปี้ยว อำเภอร้องกวาง กว้าง ๕ - ๘ เมตร ยาว ๑,๔๗๕ เมตร หนา ๐.๐๔ เมตร อบจ.แพร่ อ.ร้องกวาง จ.แพร่", "min": "กระทรวงมหาดไทย", "agc": "กรมส่งเสริมการปกครองท้องถิ่น", "plan_name": "ส่งเสริมการกระจายอำนาจให้แก่องค์กรปกครองส่วนท้องถิ่น", "stg_name": "ยุทธศาสตร์การบริหารกิจการบ้านเมืองที่ดี", "objc_level1_name": "งบลงทุน", "compare": [{"bb_amount": 3410000, "bb_province": "แพร่"}], "gf_amount_sum": 0}
{"bb_code": "1500822040600CB6", "bb_year": "2559", "amount": 3407000, "min_code": "15000", "agc_code": "15008", "name": "ปรับปรุงซ่อมแซมสถานีสูบน้ำด้วยไฟฟ้า บ้านนาผา  ม.3 อบต.กองควาย อ.เมือง จ.น่าน", "min": "กระทรวงมหาดไทย", "agc": "กรมส่งเสริมการปกครองท้องถิ่น", "plan_name": "บริหารจัดการทรัพยากรน้ำ", "stg_name": "ยุทธศาสตร์เร่งรัดวางรากฐานการพัฒนาที่ยั่งยืนของประเทศ", "objc_level1_name": "งบลงทุน", "compare": [{"bb_amount": 3407000, "bb_province": "น่าน"}], "gf_amount_sum": 0}
{"bb_code": "1500822040600L37", "bb_year": "2559", "amount": 3405600, "min_code": "15000", "agc_code": "15008", "name": "ก่อสร้างประปาหมู่บ้านแบบผิวดินขนาดใหญ่ บ้านโป่งแก้ว หมู่ที่ ๑๒ ตำบลบ้านโป่ง ตามแบบมาตรฐานกรมทรัพยากรน้ำ อบต.บ้านโป่ง อ.งาว จ.ลำปาง", "min": "กระทรวงมหาดไทย", "agc": "กรมส่งเสริมการปกครองท้องถิ่น", "plan_name": "บริหารจัดการทรัพยากรน้ำ", "stg_name": "ยุทธศาสตร์เร่งรัดวางรากฐานการพัฒนาที่ยั่งยืนของประเทศ", "objc_level1_name": "งบลงทุน", "compare": [{"bb_amount": 3405600, "bb_province": "ลำปาง"}], "gf_amount_sum": 0}
{"bb_code": "1500883002600S26", "bb_year": "2559", "amount": 3405100, "min_code": "15000", "agc_code": "15008", "name": "เสริมผิวลาดยางแอสฟัลท์ติกคอนกรีตสายบ้านเกะรอ - หมู่ที่ ๗  กว้าง ๖ เมตร ยาว ๑,๔๑๒ เมตร หนา ๐.๐๔ เมตร หรือมีพื้นที่ไม่น้อยกว่า ๘,๔๗๒ ตารางเมตร   อบต.เกะรอ อ.รามัน จ.ยะลา", "min": "กระทรวงมหาดไทย", "agc": "กรมส่งเสริมการปกครองท้องถิ่น", "plan_name": "ส่งเสริมการกระจายอำนาจให้แก่องค์กรปกครองส่วนท้องถิ่น", "stg_name": "ยุทธศาสตร์การบริหารกิจการบ้านเมืองที่ดี", "objc_level1_name": "งบลงทุน", "compare": [{"bb_amount": 3405100, "bb_province": "ยะลา"}], "gf_amount_sum": 0}
{"bb_code": "1500883002600BR6", "bb_year": "2559", "amount": 3405100, "min_code": "15000", "agc_code": "15008", "name": "ซ่อมสร้างถนนลาดยางแอสฟัลท์ติกคอนกรีตสายปากนครใต้ – โรงเรียนบางหลวง – อนามัยท่าไร่ แบบ Pavement Recycling  ตำบลท่าไร่ ตำบลปากนคร หนา ๐.๐๔ เมตร หรือมีพื้นที่ไม่น้อยกว่า ๖,๖๐๐ ตารางเมตร  อบจ.นครศรีธรรมรา", "min": "กระทรวงมหาดไทย", "agc": "กรมส่งเสริมการปกครองท้องถิ่น", "plan_name": "ส่งเสริมการกระจายอำนาจให้แก่องค์กรปกครองส่วนท้องถิ่น", "stg_name": "ยุทธศาสตร์การบริหารกิจการบ้านเมืองที่ดี", "objc_level1_name": "งบลงทุน", "compare": [{"bb_amount": 3405100, "bb_province": "นครศรีธรรมราช"}], "gf_amount_sum": 0}
{"bb_code": "1500382009410150", "bb_year": "2559", "amount": 3403500, "min_code": "15000", "agc_code": "15003", "name": "ค่าปรับปรุงอาคารที่ทำการและสิ่งก่อสร้างประกอบ อำเภอพุทธมณฑล จังหวัดนครปฐม", "min": "กระทรวงมหาดไทย", "agc": "กรมการปกครอง", "plan_name": "พัฒนาประสิทธิภาพการบริหารราชการแผ่นดิน", "stg_name": "ยุทธศาสตร์การบริหารกิจการบ้านเมืองที่ดี", "objc_level1_name": "งบลงทุน", "compare": [{"bb_amount": 3403500, "bb_province": "นครปฐม", "gf_amount": 3402900, "gf_province": "นครปฐม"}], "gf_amount_sum": 3402900}
{"bb_code": "1500317020410001", "bb_year": "2559", "amount": 3403100, "min_code": "15000", "agc_code": "15003", "name": "ก่อสร้างอาคารอเนกประสงค์ สำหรับการบำบัดฟื้นฟูสมรรถภาพผู้ติดยาเสพติด กองร้อยอาสารักษาดินแดนจังหวัดประจวบคีรีขันธ์ อำเภอเมืองประจวบคีรีขันธ์ จังหวัดประจวบคีรีขันธ์", "min": "กระทรวงมหาดไทย", "agc": "กรมการปกครอง", "plan_name": "ป้องกัน ปราบปราม และบําบัดรักษาผู้ติดยาเสพติด ", "stg_name": "ยุทธศาสตร์การศึกษา สาธารณสุข คุณธรรม จริยธรรม และคุณภาพชีวิต", "objc_level1_name": "งบลงทุน", "compare": [{"bb_amount": 3403100, "bb_province": "ประจวบคีรีขันธ์", "gf_amount": 2890000, "gf_province": "ประจวบคีรีขันธ์"}], "gf_amount_sum": 2890000}
{"bb_code": "1500317020410002", "bb_year": "2559", "amount": 3403100, "min_code": "15000", "agc_code": "15003", "name": "ก่อสร้างอาคารอเนกประสงค์ สำหรับการบำบัดฟื้นฟูสมรรถภาพผู้ติดยาเสพติด กองร้อยอาสารักษาดินแดนจังหวัดสตูล อำเภอเมืองสตูล จังหวัดสตูล", "min": "กระทรวงมหาดไทย", "agc": "กรมการปกครอง", "plan_name": "ป้องกัน ปราบปราม และบําบัดรักษาผู้ติดยาเสพติด ", "stg_name": "ยุทธศาสตร์การศึกษา สาธารณสุข คุณธรรม จริยธรรม และคุณภาพชีวิต", "objc_level1_name": "งบลงทุน", "compare": [{"bb_amount": 3403100, "bb_province": "สตูล", "gf_amount": 3400000, "gf_province": "สตูล"}], "gf_amount_sum": 3400000}
{"bb_code": "1500883002600GW7", "bb_year": "2559", "amount": 3400300, "min_code": "15000", "agc_code": "15008", "name": "เสริมผิวทางแอสฟัลท์ติกคอนกรีตสายทาง ตง. ๒๐๔๒ เชื่อมสะพานนาข้าวเสีย ตำบลนาข้าวเสีย กว้าง ๖ เมตร ยาว ๑,๐๐๐ เมตร ไหล่ทางข้างละ ๑ เมตร  อบจ.ตรัง อ.นาโยง จ.ตรัง", "min": "กระทรวงมหาดไทย", "agc": "กรมส่งเสริมการปกครองท้องถิ่น", "plan_name": "ส่งเสริมการกระจายอำนาจให้แก่องค์กรปกครองส่วนท้องถิ่น", "stg_name": "ยุทธศาสตร์การบริหารกิจการบ้านเมืองที่ดี", "objc_level1_name": "งบลงทุน", "compare": [{"bb_amount": 3400300, "bb_province": "ตรัง"}], "gf_amount_sum": 0}
{"bb_code": "1500883002600S55", "bb_year": "2559", "amount": 3400300, "min_code": "15000", "agc_code": "15008", "name": "ซ่อมสร้างผิวทางแอสฟัลท์ติกคอนกรีตสายตาเป๊าะ - ปาโจ หมู่ที่ ๒ ตำบลละแอ กว้าง ๖ เมตร ยาว ๑,๔๓๕ เมตร หนา ๐.๐๔ เมตร หรือมีพื้นที่ไม่น้อยกว่า ๘,๖๑๐ ตารางเมตร   อบต.ละแอ อ.ยะหา จ.ยะลา", "min": "กระทรวงมหาดไทย", "agc": "กรมส่งเสริมการปกครองท้องถิ่น", "plan_name": "ส่งเสริมการกระจายอำนาจให้แก่องค์กรปกครองส่วนท้องถิ่น", "stg_name": "ยุทธศาสตร์การบริหารกิจการบ้านเมืองที่ดี", "objc_level1_name": "งบลงทุน", "compare": [{"bb_amount": 3400300, "bb_province": "ยะลา"}], "gf_amount_sum": 0}
{"bb_code": "1500822040600DZ1", "bb_year": "2559", "amount": 3400000, "min_code": "15000", "agc_code": "15008", "name": "ปรับปรุงซ่อมแซมสถานีสูบน้ำด้วยไฟฟ้า บ้านหาดงิ้ว ม.๘ อบต.หาดงิ้ว อ.เมือง จ.อุตรดิตถ์", "min": "กระทรวงมหาดไทย", "agc": "กรมส่งเสริมการปกครองท้องถิ่น", "plan_name": "บริหารจัดการทรัพยากรน้ำ", "stg_name": "ยุทธศาสตร์เร่งรัดวางรากฐานการพัฒนาที่ยั่งยืนของประเทศ", "objc_level1_name": "งบลงทุน", "compare": [{"bb_amount": 3400000, "bb_province": "อุตรดิตถ์"}], "gf_amount_sum": 0}
{"bb_code": "1500822040600CW6", "bb_year": "2559", "amount": 3400000, "min_code": "15000", "agc_code": "15008", "name": "ปรับปรุงซ่อมแซมสถานีสูบน้ำด้วยไฟฟ้า บ้านซ่อง  ม.3 อบต.ศรีภิรมย์ อ.พรหมพิราม จ.พิษณุโลก", "min": "กระทรวงมหาดไทย", "agc": "กรมส่งเสริมการปกครองท้องถิ่น", "plan_name": "บริหารจัดการทรัพยากรน้ำ", "stg_name": "ยุทธศาสตร์เร่งรัดวางรากฐานการพัฒนาที่ยั่งยืนของประเทศ", "objc_level1_name": "งบลงทุน", "compare": [{"bb_amount": 3400000, "bb_province": "พิษณุโลก"}], "gf_amount_sum": 0}
