{"bb_code": "1500883002600W69", "bb_year": "2559", "amount": 3381000, "min_code": "15000", "agc_code": "15008", "name": "ซ่อมแซมถนนลาดยาง Asphaltic concrete บ้านหัวบึง - บ้านโนนบ่อ  กว้าง ๖ เมตร  ยาว ๑,๙๗๒ เมตร   ทต.พระยืนมิ่งมงคล อ.พระยืน จ.ขอนแก่น", "min": "กระทรวงมหาดไทย", "agc": "กรมส่งเสริมการปกครองท้องถิ่น", "plan_name": "ส่งเสริมการกระจายอำนาจให้แก่องค์กรปกครองส่วนท้องถิ่น", "stg_name": "ยุทธศาสตร์การบริหารกิจการบ้านเมืองที่ดี", "objc_level1_name": "งบลงทุน", "compare": [{"bb_amount": 3381000, "bb_province": "ขอนแก่น"}], "gf_amount_sum": 0}
{"bb_code": "1500883002600X23", "bb_year": "2559", "amount": 3381000, "min_code": "15000", "agc_code": "15008", "name": "ซ่อมแซมถนนลาดยางแบบผิวเรียบ เคพซีลสาย ขก ๒๐๓๒  บ้านหนองสองห้อง - บ้านดงเค็ง  กว้าง ๖ เมตร  ยาว ๑,๓๒๘ เมตร  ไหล่ทางข้างละ ๑ เมตร  อบจ.ขอนแก่น อ.หนองสองห้อง จ.ขอนแก่น", "min": "กระทรวงมหาดไทย", "agc": "กรมส่งเสริมการปกครองท้องถิ่น", "plan_name": "ส่งเสริมการกระจายอำนาจให้แก่องค์กรปกครองส่วนท้องถิ่น", "stg_name": "ยุทธศาสตร์การบริหารกิจการบ้านเมืองที่ดี", "objc_level1_name": "งบลงทุน", "compare": [{"bb_amount": 3381000, "bb_province": "ขอนแก่น"}], "gf_amount_sum": 0}
{"bb_code": "1500883002600W82", "bb_year": "2559", "amount": 3381000, "min_code": "15000", "agc_code": "15008", "name": "ซ่อมสร้างถนนลาดยาง Para.ac recycling บ้านโคก หมู่ที่ ๙ (บ้านโคก หมู่ที่ ๙ - บ้านอัมพวัน หมู่ที่ ๘ - บ้านนาเพียง หมู่ที่ ๔)  กว้าง ๖ เมตร  ยาว ๑,๐๐๐ เมตร  ทต.สำราญ อ.เมืองขอนแก่น จ.ขอนแก่น", "min": "กระทรวงมหาดไทย", "agc": "กรมส่งเสริมการปกครองท้องถิ่น", "plan_name": "ส่งเสริมการกระจายอำนาจให้แก่องค์กรปกครองส่วนท้องถิ่น", "stg_name": "ยุทธศาสตร์การบริหารกิจการบ้านเมืองที่ดี", "objc_level1_name": "งบลงทุน", "compare": [{"bb_amount": 3381000, "bb_province": "ขอนแก่น"}], "gf_amount_sum": 0}
{"bb_code": "1500883002600X66", "bb_year": "2559", "amount": 3381000, "min_code": "15000", "agc_code": "15008", "name": "ซ่อมแซมถนนลาดยาง สายบ้านโสกอุดม - บ้านวังหินลาด  กว้าง ๘ เมตร  ยาว ๑,๕๙๐ เมตร  อบต.วังหินลาด อ.ชุมแพ จ.ขอนแก่น", "min": "กระทรวงมหาดไทย", "agc": "กรมส่งเสริมการปกครองท้องถิ่น", "plan_name": "ส่งเสริมการกระจายอำนาจให้แก่องค์กรปกครองส่วนท้องถิ่น", "stg_name": "ยุทธศาสตร์การบริหารกิจการบ้านเมืองที่ดี", "objc_level1_name": "งบลงทุน", "compare": [{"bb_amount": 3381000, "bb_province": "ขอนแก่น"}], "gf_amount_sum": 0}
{"bb_code": "1500883002600X69", "bb_year": "2559", "amount": 3381000, "min_code": "15000", "agc_code": "15008", "name": "ซ่อมแซมถนนลาดยาง สายบ้านฝายหิน - บ้านโนนศิลา  กว้าง ๘ เมตร ยาว ๒,๓๐๐ เมตร  อบต.วังหินลาด อ.ชุมแพ จ.ขอนแก่น", "min": "กระทรวงมหาดไทย", "agc": "กรมส่งเสริมการปกครองท้องถิ่น", "plan_name": "ส่งเสริมการกระจายอำนาจให้แก่องค์กรปกครองส่วนท้องถิ่น", "stg_name": "ยุทธศาสตร์การบริหารกิจการบ้านเมืองที่ดี", "objc_level1_name": "งบลงทุน", "compare": [{"bb_amount": 3381000, "bb_province": "ขอนแก่น"}], "gf_amount_sum": 0}
{"bb_code": "1500883002600X72", "bb_year": "2559", "amount": 3381000, "min_code": "15000", "agc_code": "15008", "name": "ซ่อมแซมถนนลาดยางสายทางแยก ทล.๒๒๘ - บ้านโสกก้อง  กว้าง ๘ เมตร  ยาว ๓,๑๕๐ เมตร   อบต.วังหินลาด อ.ชุมแพ จ.ขอนแก่น", "min": "กระทรวงมหาดไทย", "agc": "กรมส่งเสริมการปกครองท้องถิ่น", "plan_name": "ส่งเสริมการกระจายอำนาจให้แก่องค์กรปกครองส่วนท้องถิ่น", "stg_name": "ยุทธศาสตร์การบริหารกิจการบ้านเมืองที่ดี", "objc_level1_name": "งบลงทุน", "compare": [{"bb_amount": 3381000, "bb_province": "ขอนแก่น"}], "gf_amount_sum": 0}
{"bb_code": "1500883002600P28", "bb_year": "2559", "amount": 3381000, "min_code": "15000", "agc_code": "15008", "name": "ซ่อมสร้างผิวทาง Cape Seal สายบ้านหัวถนน - บ้านไดตามุ่ย หมู่ที่ ๓ บ้านไดตามุ่ย ตำบลหัวถนน กว้าง ๖ เมตร ยาว ๒,๐๐๐ เมตร พื้นที่ไม่น้อยกว่า ๑๒,๐๐๐ ตารางเมตร  อบต.หัวถนน อ.ท่าตะโก จ.นครสวรรค์", "min": "กระทรวงมหาดไทย", "agc": "กรมส่งเสริมการปกครองท้องถิ่น", "plan_name": "ส่งเสริมการกระจายอำนาจให้แก่องค์กรปกครองส่วนท้องถิ่น", "stg_name": "ยุทธศาสตร์การบริหารกิจการบ้านเมืองที่ดี", "objc_level1_name": "งบลงทุน", "compare": [{"bb_amount": 3381000, "bb_province": "นครสวรรค์"}], "gf_amount_sum": 0}
{"bb_code": "1500883002600X19", "bb_year": "2559", "amount": 3381000, "min_code": "15000", "agc_code": "15008", "name": "ซ่อมแซมถนนลาดยางแบบผิวเรียบ เคพซีลสาย ขก ๓๑๑๕ บ้านขามป้อม - บ้านคำแคน กว้าง ๖ เมตร  ยาว ๑,๔๖๕ เมตร ไหล่ทางข้างละ ๑ เมตร  อบจ.ขอนแก่น อ.มัญจาคีรี จ.ขอนแก่น", "min": "กระทรวงมหาดไทย", "agc": "กรมส่งเสริมการปกครองท้องถิ่น", "plan_name": "ส่งเสริมการกระจายอำนาจให้แก่องค์กรปกครองส่วนท้องถิ่น", "stg_name": "ยุทธศาสตร์การบริหารกิจการบ้านเมืองที่ดี", "objc_level1_name": "งบลงทุน", "compare": [{"bb_amount": 3381000, "bb_province": "ขอนแก่น"}], "gf_amount_sum": 0}
{"bb_code": "1500883002600X02", "bb_year": "2559", "amount": 3381000, "min_code": "15000", "agc_code": "15008", "name": "ซ่อมแซมถนนลาดยางแบบผิวเรียบ เคพซีลสาย ขก ๓๐๕๔  บ้านหนองผือ - บ้านหัวช้าง  กว้าง ๖ เมตร  ยาว ๑,๔๑๔ เมตร  ไหล่ทางกว้างข้างละ ๑ เมตร  อบจ.ขอนแก่น อ.บ้านไผ่ จ.ขอนแก่น", "min": "กระทรวงมหาดไทย", "agc": "กรมส่งเสริมการปกครองท้องถิ่น", "plan_name": "ส่งเสริมการกระจายอำนาจให้แก่องค์กรปกครองส่วนท้องถิ่น", "stg_name": "ยุทธศาสตร์การบริหารกิจการบ้านเมืองที่ดี", "objc_level1_name": "งบลงทุน", "compare": [{"bb_amount": 3381000, "bb_province": "ขอนแก่น"}], "gf_amount_sum": 0}
{"bb_code": "1500883002600W93", "bb_year": "2559", "amount": 3381000, "min_code": "15000", "agc_code": "15008", "name": "ซ่อมแซมถนนลาดยางแบบผิวเรียบ เคพซีล สาย ขก ๔๑๐๗  บ้านโนนงาม - โสกนาดี  กว้าง ๖ เมตร  ยาว ๑,๔๙๕ เมตร  ไหล่ทางข้างละ ๑ เมตร  อบจ.ขอนแก่น อ.โคกโพธิ์ไชย จ.ขอนแก่น", "min": "กระทรวงมหาดไทย", "agc": "กรมส่งเสริมการปกครองท้องถิ่น", "plan_name": "ส่งเสริมการกระจายอำนาจให้แก่องค์กรปกครองส่วนท้องถิ่น", "stg_name": "ยุทธศาสตร์การบริหารกิจการบ้านเมืองที่ดี", "objc_level1_name": "งบลงทุน", "compare": [{"bb_amount": 3381000, "bb_province": "ขอนแก่น"}], "gf_amount_sum": 0}
{"bb_code": "1500883002600X18", "bb_year": "2559", "amount": 3381000, "min_code": "15000", "agc_code": "15008", "name": "ซ่อมแซมถนนลาดยางแบบผิวเรียบ เคพซีลสาย ขก ๓๒๑๒  บ้านโคกสหกรณ์ - บ้านทุ่งชมพู  กว้าง ๖ เมตร  ยาว ๑,๕๖๗ เมตร  ไหล่ทางข้างละ ๑ เมตร  อบจ.ขอนแก่น อ.ภูเวียง จ.ขอนแก่น", "min": "กระทรวงมหาดไทย", "agc": "กรมส่งเสริมการปกครองท้องถิ่น", "plan_name": "ส่งเสริมการกระจายอำนาจให้แก่องค์กรปกครองส่วนท้องถิ่น", "stg_name": "ยุทธศาสตร์การบริหารกิจการบ้านเมืองที่ดี", "objc_level1_name": "งบลงทุน", "compare": [{"bb_amount": 3381000, "bb_province": "ขอนแก่น"}], "gf_amount_sum": 0}
{"bb_code": "1500883002600W70", "bb_year": "2559", "amount": 3381000, "min_code": "15000", "agc_code": "15008", "name": "ซ่อมแซมถนนลาดยาง Asphaltic concrete บ้านพระยืน - บ้านป่าหม้อ  กว้าง ๖ เมตร  ยาว ๑,๙๗๒ เมตร ทต.พระยืนมิ่งมงคล อ.พระยืน จ.ขอนแก่น", "min": "กระทรวงมหาดไทย", "agc": "กรมส่งเสริมการปกครองท้องถิ่น", "plan_name": "ส่งเสริมการกระจายอำนาจให้แก่องค์กรปกครองส่วนท้องถิ่น", "stg_name": "ยุทธศาสตร์การบริหารกิจการบ้านเมืองที่ดี", "objc_level1_name": "งบลงทุน", "compare": [{"bb_amount": 3381000, "bb_province": "ขอนแก่น"}], "gf_amount_sum": 0}
{"bb_code": "1500883002600X20", "bb_year": "2559", "amount": 3381000, "min_code": "15000", "agc_code": "15008", "name": "ซ่อมแซมถนนลาดยางแบบผิวเรียบ เคพซีลสาย ขก ๒๑๒๖  บ้านลาดนาเพียง - บ้านหนองเซียงซุย กว้าง ๖ เมตร  ยาว ๑,๔๗๗ เมตร  ไหล่ทางข้างละ ๑ เมตร  อบจ.ขอนแก่น อ.เมืองขอนแก่น จ.ขอนแก่น", "min": "กระทรวงมหาดไทย", "agc": "กรมส่งเสริมการปกครองท้องถิ่น", "plan_name": "ส่งเสริมการกระจายอำนาจให้แก่องค์กรปกครองส่วนท้องถิ่น", "stg_name": "ยุทธศาสตร์การบริหารกิจการบ้านเมืองที่ดี", "objc_level1_name": "งบลงทุน", "compare": [{"bb_amount": 3381000, "bb_province": "ขอนแก่น"}], "gf_amount_sum": 0}
{"bb_code": "1500883002600HW3", "bb_year": "2559", "amount": 3381000, "min_code": "15000", "agc_code": "15008", "name": "ซ่อมสร้างถนนลาดยาง บ้านโนนศิลา หมู่ที่ ๙ กว้าง ๖ เมตร ยาว ๑,๐๐๐ เมตร หรือมีพื้นที่ไม่น้อยกว่า ๖,๐๐๐ ตารางเมตร อบต.ขัวเรียง อ.ชุมแพ จ.ขอนแก่น", "min": "กระทรวงมหาดไทย", "agc": "กรมส่งเสริมการปกครองท้องถิ่น", "plan_name": "ส่งเสริมการกระจายอำนาจให้แก่องค์กรปกครองส่วนท้องถิ่น", "stg_name": "ยุทธศาสตร์การบริหารกิจการบ้านเมืองที่ดี", "objc_level1_name": "งบลงทุน", "compare": [{"bb_amount": 3381000, "bb_province": "ขอนแก่น"}], "gf_amount_sum": 0}
{"bb_code": "1500883002600HC6", "bb_year": "2559", "amount": 3381000, "min_code": "15000", "agc_code": "15008", "name": "ซ่อมสร้างถนนลาดยาง สายบ้านโคกไร่ - บ้านหนองกลาง กว้าง ๖ เมตร ยาว ๓,๖๖๐ เมตร หรือมีพื้นที่ไม่น้อยกว่า ๙,๙๖๐ ตารางเมตร อบต.สงเปือย อ.ภูเวียง จ.ขอนแก่น", "min": "กระทรวงมหาดไทย", "agc": "กรมส่งเสริมการปกครองท้องถิ่น", "plan_name": "ส่งเสริมการกระจายอำนาจให้แก่องค์กรปกครองส่วนท้องถิ่น", "stg_name": "ยุทธศาสตร์การบริหารกิจการบ้านเมืองที่ดี", "objc_level1_name": "งบลงทุน", "compare": [{"bb_amount": 3381000, "bb_province": "ขอนแก่น"}], "gf_amount_sum": 0}
{"bb_code": "1500883002600S13", "bb_year": "2559", "amount": 3381000, "min_code": "15000", "agc_code": "15008", "name": "เสริมผิวทางแอสฟัลติกท์คอนกรีต สายทางบ้านบูกาปาลัส กว้าง ๖ เมตร ยาว ๑,๓๖๕ เมตร หนา ๐.๐๔ เมตร หรือมีพื้นที่ไม่น้อยกว่า ๘,๑๙๐ ตารางเมตร  ทต.บุดี อ.เมืองยะลา จ.ยะลา", "min": "กระทรวงมหาดไทย", "agc": "กรมส่งเสริมการปกครองท้องถิ่น", "plan_name": "ส่งเสริมการกระจายอำนาจให้แก่องค์กรปกครองส่วนท้องถิ่น", "stg_name": "ยุทธศาสตร์การบริหารกิจการบ้านเมืองที่ดี", "objc_level1_name": "งบลงทุน", "compare": [{"bb_amount": 3381000, "bb_province": "ยะลา"}], "gf_amount_sum": 0}
{"bb_code": "1500883002600X28", "bb_year": "2559", "amount": 3381000, "min_code": "15000", "agc_code": "15008", "name": "ซ่อมสร้างถนนลาดยางพาราแอสฟัลท์ติกคอนกรีต บ้านคูขาด หมู่ที่ ๒ - บ้านโนนพริก หมู่ที่ ๗  กว้าง ๕ เมตร  ยาว ๑,๐๐๐ เมตร  อบต.โคกสง่า อ.พล จ.ขอนแก่น", "min": "กระทรวงมหาดไทย", "agc": "กรมส่งเสริมการปกครองท้องถิ่น", "plan_name": "ส่งเสริมการกระจายอำนาจให้แก่องค์กรปกครองส่วนท้องถิ่น", "stg_name": "ยุทธศาสตร์การบริหารกิจการบ้านเมืองที่ดี", "objc_level1_name": "งบลงทุน", "compare": [{"bb_amount": 3381000, "bb_province": "ขอนแก่น"}], "gf_amount_sum": 0}
{"bb_code": "1500883002600O16", "bb_year": "2559", "amount": 3381000, "min_code": "15000", "agc_code": "15008", "name": "ซ่อมสร้างถนนผิวจราจรหินคลุก ทางหลวงท้องถิ่น รหัสสายทาง  นว.ถ. ๑ - ๐๐๔๘ บ้านเขาใหญ่ - บ้านหนองสะแกยาว ตำบลนาขอม เชื่อมต่อ ตำบลวังข่อย อำเภอไพศาลี กว้าง ๖ เมตร ยาว ๔,๑๒๐ เมตร หนา ๐.๒๐ เมตร พื้นที่ไม่น้อ", "min": "กระทรวงมหาดไทย", "agc": "กรมส่งเสริมการปกครองท้องถิ่น", "plan_name": "ส่งเสริมการกระจายอำนาจให้แก่องค์กรปกครองส่วนท้องถิ่น", "stg_name": "ยุทธศาสตร์การบริหารกิจการบ้านเมืองที่ดี", "objc_level1_name": "งบลงทุน", "compare": [{"bb_amount": 3381000, "bb_province": "นครสวรรค์"}], "gf_amount_sum": 0}
{"bb_code": "1500883002600HW2", "bb_year": "2559", "amount": 3381000, "min_code": "15000", "agc_code": "15008", "name": "ซ่อมสร้างถนนลาดยาง บ้านขามป้อม หมู่ที่ ๔,๑๒ กว้าง ๖ เมตร ยาว ๑,๐๐๐ เมตร หรือมีพื้นที่ไม่น้อยกว่า ๖,๐๐๐ ตารางเมตร อบต.ขัวเรียง อ.ชุมแพ จ.ขอนแก่น", "min": "กระทรวงมหาดไทย", "agc": "กรมส่งเสริมการปกครองท้องถิ่น", "plan_name": "ส่งเสริมการกระจายอำนาจให้แก่องค์กรปกครองส่วนท้องถิ่น", "stg_name": "ยุทธศาสตร์การบริหารกิจการบ้านเมืองที่ดี", "objc_level1_name": "งบลงทุน", "compare": [{"bb_amount": 3381000, "bb_province": "ขอนแก่น"}], "gf_amount_sum": 0}
{"bb_code": "1500883002600HA4", "bb_year": "2559", "amount": 3381000, "min_code": "15000", "agc_code": "15008", "name": "ซ่อมแซมถนนลาดยาง Asphaltic concrete สายทางบ้านเมืองเพียไปบ้านหนองแปน บ้านเมืองเพีย หมู่ที่ ๑ กว้าง ๖ เมตร ยาว ๑,๐๐๐ เมตร พร้อมไหล่ทางข้างละ ๐.๕๐ เมตร   อบต.เมืองเพีย อ.บ้านไผ่ จ.ขอนแก่น", "min": "กระทรวงมหาดไทย", "agc": "กรมส่งเสริมการปกครองท้องถิ่น", "plan_name": "ส่งเสริมการกระจายอำนาจให้แก่องค์กรปกครองส่วนท้องถิ่น", "stg_name": "ยุทธศาสตร์การบริหารกิจการบ้านเมืองที่ดี", "objc_level1_name": "งบลงทุน", "compare": [{"bb_amount": 3381000, "bb_province": "ขอนแก่น"}], "gf_amount_sum": 0}
