{"bb_code": "1500822040600L96", "bb_year": "2559", "amount": 3362800, "min_code": "15000", "agc_code": "15008", "name": "ก่อสร้างประปาหมู่บ้านแบบบาดาลขนาดใหญ่ บ้านสันต้นธง หมู่ที่ ๒ ตำบลต้นธง ตามแบบมาตรฐานกรมทรัพยากรน้ำ ทต.ต้นธง อ.เมืองลำพูน จ.ลำพูน", "min": "กระทรวงมหาดไทย", "agc": "กรมส่งเสริมการปกครองท้องถิ่น", "plan_name": "บริหารจัดการทรัพยากรน้ำ", "stg_name": "ยุทธศาสตร์เร่งรัดวางรากฐานการพัฒนาที่ยั่งยืนของประเทศ", "objc_level1_name": "งบลงทุน", "compare": [{"bb_amount": 3362800, "bb_province": "ลำพูน"}], "gf_amount_sum": 0}
{"bb_code": "1500822040600L97", "bb_year": "2559", "amount": 3362800, "min_code": "15000", "agc_code": "15008", "name": "ก่อสร้างประปาหมู่บ้านแบบบาดาลขนาดใหญ่ บ้านจักรคำภิมุข หมู่ที่ ๗ ตำบลต้นธง ตามแบบมาตรฐานกรมทรัพยากรน้ำ ทต.ต้นธง อ.เมืองลำพูน จ.ลำพูน", "min": "กระทรวงมหาดไทย", "agc": "กรมส่งเสริมการปกครองท้องถิ่น", "plan_name": "บริหารจัดการทรัพยากรน้ำ", "stg_name": "ยุทธศาสตร์เร่งรัดวางรากฐานการพัฒนาที่ยั่งยืนของประเทศ", "objc_level1_name": "งบลงทุน", "compare": [{"bb_amount": 3362800, "bb_province": "ลำพูน"}], "gf_amount_sum": 0}
{"bb_code": "1500822040600V95", "bb_year": "2559", "amount": 3362000, "min_code": "15000", "agc_code": "15008", "name": "ก่อสร้างระบบประปาหมู่บ้าน แบบบาดาลขนาดใหญ่มาก บ้านบุคำ หมู่ที่ ๑๐ ตำบลพรสวรรค์ ตามแบบมาตรฐานกรมทรัพยากรน้ำ อบต.พรสวรรค์ อ.นาจะหลวย จ.อุบลราชธานี", "min": "กระทรวงมหาดไทย", "agc": "กรมส่งเสริมการปกครองท้องถิ่น", "plan_name": "บริหารจัดการทรัพยากรน้ำ", "stg_name": "ยุทธศาสตร์เร่งรัดวางรากฐานการพัฒนาที่ยั่งยืนของประเทศ", "objc_level1_name": "งบลงทุน", "compare": [{"bb_amount": 3362000, "bb_province": "อุบลราชธานี"}], "gf_amount_sum": 0}
{"bb_code": "1500883002600FB4", "bb_year": "2559", "amount": 3361700, "min_code": "15000", "agc_code": "15008", "name": "ซ่อมแซมถนนลาดยางแอสฟัลท์ติกคอนกรีต สายเขตเทศบาลควนลัง-บ้านไร่อ้อย  ตำบลฉลุง กว้าง ๖ เมตร ยาว ๑,๓๖๓ เมตร หนา ๐.๐๕ เมตร  อบต.ฉลุง อ.หาดใหญ่ จ.สงขลา", "min": "กระทรวงมหาดไทย", "agc": "กรมส่งเสริมการปกครองท้องถิ่น", "plan_name": "ส่งเสริมการกระจายอำนาจให้แก่องค์กรปกครองส่วนท้องถิ่น", "stg_name": "ยุทธศาสตร์การบริหารกิจการบ้านเมืองที่ดี", "objc_level1_name": "งบลงทุน", "compare": [{"bb_amount": 3361700, "bb_province": "สงขลา"}], "gf_amount_sum": 0}
{"bb_code": "1500883002600N45", "bb_year": "2559", "amount": 3361700, "min_code": "15000", "agc_code": "15008", "name": "ซ่อมสร้างผิวลาดยางแอสฟัลท์ติกคอนกรีตถนนสายลัดกะปิ – บางบ่อ - ปากมาบ หมู่ที่ ๔,๕,๘  ตำบลบางแก้ว อำเภอเมืองฯ จังหวัดสมุทรสงคราม กว้าง ๘ เมตร ยาว ๑,๒๘๕ เมตร หนา ๐.๐๔ เมตร  อบต.บางแก้ว อ.เมืองฯ จ.สมุทรสงค", "min": "กระทรวงมหาดไทย", "agc": "กรมส่งเสริมการปกครองท้องถิ่น", "plan_name": "ส่งเสริมการกระจายอำนาจให้แก่องค์กรปกครองส่วนท้องถิ่น", "stg_name": "ยุทธศาสตร์การบริหารกิจการบ้านเมืองที่ดี", "objc_level1_name": "งบลงทุน", "compare": [{"bb_amount": 3361700, "bb_province": "สมุทรสงคราม"}], "gf_amount_sum": 0}
{"bb_code": "1500720002410013", "bb_year": "2559", "amount": 3360000, "min_code": "15000", "agc_code": "15007", "name": "ควบคุมงานก่อสร้างโครงการพัฒนาเมืองในพื้นที่ชุมชนเมืองชัยภูมิ  จังหวัดชัยภูมิ", "min": "กระทรวงมหาดไทย", "agc": "กรมโยธาธิการและผังเมือง", "plan_name": "รักษาความมั่นคงของฐานทรัพยากรธรรมชาติและแก้ปัญหาที่ดินทำกิน", "stg_name": "ยุทธศาสตร์การจัดการทรัพยากรธรรมชาติและสิ่งแวดล้อม", "objc_level1_name": "งบลงทุน", "compare": [{"bb_amount": 3360000, "bb_province": "ชัยภูมิ"}], "gf_amount_sum": 0}
{"bb_code": "1500883002600DE2", "bb_year": "2559", "amount": 3359700, "min_code": "15000", "agc_code": "15008", "name": "ปรับปรุงเสริมผิวลาดยาง (ASPHALTIC CONCRETE) สายบ้านสบงาย - บ้านห้วยทรายขาว หมู่ที่ ๕ บ้านสบงาย ตำบลเมืองงาย กว้าง ๔ เมตร ยาว ๒,๐๐๐ เมตร หนา ๐.๐๕ เมตร ทต.พระธาตุปู่ก่ำ อ.เชียงดาว จ.เชียงใหม่", "min": "กระทรวงมหาดไทย", "agc": "กรมส่งเสริมการปกครองท้องถิ่น", "plan_name": "ส่งเสริมการกระจายอำนาจให้แก่องค์กรปกครองส่วนท้องถิ่น", "stg_name": "ยุทธศาสตร์การบริหารกิจการบ้านเมืองที่ดี", "objc_level1_name": "งบลงทุน", "compare": [{"bb_amount": 3359700, "bb_province": "เชียงใหม่"}], "gf_amount_sum": 0}
{"bb_code": "1500822040600727", "bb_year": "2559", "amount": 3356000, "min_code": "15000", "agc_code": "15008", "name": "ก่อสร้างประปาหมู่บ้านแบบบาดาลขนาดใหญ่ บ้านป่าสา หมู่ที่ ๒ ตำบลสันทราย ตามแบบมาตรฐานกรมทรัพยากรน้ำ ทต.สันทรายมหาวงศ์ อ.สารภี จ.เชียงใหม่", "min": "กระทรวงมหาดไทย", "agc": "กรมส่งเสริมการปกครองท้องถิ่น", "plan_name": "บริหารจัดการทรัพยากรน้ำ", "stg_name": "ยุทธศาสตร์เร่งรัดวางรากฐานการพัฒนาที่ยั่งยืนของประเทศ", "objc_level1_name": "งบลงทุน", "compare": [{"bb_amount": 3356000, "bb_province": "เชียงใหม่"}], "gf_amount_sum": 0}
{"bb_code": "1500883002600K44", "bb_year": "2559", "amount": 3355900, "min_code": "15000", "agc_code": "15008", "name": "ปรับปรุงซ่อมสร้างถนนลาดยางผิว Cape Seal สายบ้านกุดสิมคุ้มเก่า - บ้านดงหมู กว้าง ๖ เมตร ยาว ๑,๐๖๐ เมตร อบต.คุ้มเก่า อ.เขาวง จ.กาฬสินธุ์", "min": "กระทรวงมหาดไทย", "agc": "กรมส่งเสริมการปกครองท้องถิ่น", "plan_name": "ส่งเสริมการกระจายอำนาจให้แก่องค์กรปกครองส่วนท้องถิ่น", "stg_name": "ยุทธศาสตร์การบริหารกิจการบ้านเมืองที่ดี", "objc_level1_name": "งบลงทุน", "compare": [{"bb_amount": 3355900, "bb_province": "กาฬสินธุ์"}], "gf_amount_sum": 0}
{"bb_code": "1500883002600DJ1", "bb_year": "2559", "amount": 3355900, "min_code": "15000", "agc_code": "15008", "name": "ปรับปรุงผิวถนนจราจรลาดยางแบบ Cape Seal หมู่ที่ ๔ บ้านหนองมะคัง - บ้านศรีเจริญ กว้าง ๖ เมตร ยาว ๑,๔๓๐ เมตร ไหล่ทางกว้างข้างละ ๑ เมตร อบต.ทับยายเชียง อ.พรหมพิราม จ.พิษณุโลก", "min": "กระทรวงมหาดไทย", "agc": "กรมส่งเสริมการปกครองท้องถิ่น", "plan_name": "ส่งเสริมการกระจายอำนาจให้แก่องค์กรปกครองส่วนท้องถิ่น", "stg_name": "ยุทธศาสตร์การบริหารกิจการบ้านเมืองที่ดี", "objc_level1_name": "งบลงทุน", "compare": [{"bb_amount": 3355900, "bb_province": "พิษณุโลก"}], "gf_amount_sum": 0}
{"bb_code": "1500786007420314", "bb_year": "2559", "amount": 3354000, "min_code": "15000", "agc_code": "15007", "name": "เขื่อนป้องกันตลิ่งริมแม่น้ำสวีหนุ่ม บริเวณวัดพระบรมธาตุสวี ต.สวี อ.สวี จ.ชุมพร ความยาว 165 เมตร", "min": "กระทรวงมหาดไทย", "agc": "กรมโยธาธิการและผังเมือง", "plan_name": "ฟื้นฟู ป้องกัน และจัดการภัยพิบัติ ", "stg_name": "ยุทธศาสตร์การจัดการทรัพยากรธรรมชาติและสิ่งแวดล้อม", "objc_level1_name": "งบลงทุน", "compare": [{"bb_amount": 3354000, "bb_province": "ชุมพร", "gf_amount": 3354000, "gf_province": "ชุมพร"}], "gf_amount_sum": 3354000}
{"bb_code": "1500883002600S54", "bb_year": "2559", "amount": 3353000, "min_code": "15000", "agc_code": "15008", "name": "ปรับปรุงถนนผิวทางแอลฟัลท์ติกคอนกรีต สายวัดดอนโพธิ์ทอง - ดอนโก หมู่ที่ ๓ บ้านหัวไม้ซุง ตำบลดอนโพธิ์ทอง กว้าง ๘ เมตร ยาว ๑,๑๐๐ เมตร หนา ๐.๐๕ เมตร พื้นที่ไม่น้อยกว่า ๘,๘๐๐ ตารางเมตร  อบต.ดอนโพธิ์ทอง อ.เม", "min": "กระทรวงมหาดไทย", "agc": "กรมส่งเสริมการปกครองท้องถิ่น", "plan_name": "ส่งเสริมการกระจายอำนาจให้แก่องค์กรปกครองส่วนท้องถิ่น", "stg_name": "ยุทธศาสตร์การบริหารกิจการบ้านเมืองที่ดี", "objc_level1_name": "งบลงทุน", "compare": [{"bb_amount": 3353000, "bb_province": "สุพรรณบุรี"}], "gf_amount_sum": 0}
{"bb_code": "1500822040600A12", "bb_year": "2559", "amount": 3352000, "min_code": "15000", "agc_code": "15008", "name": "ก่อสร้างระบบประปาหมู่บ้านแบบผิวดินขนาดใหญ่มาก หมู่ที่ ๑ บ้านเกาะกา ตำบลท่าเรือ  รายละเอียดตามปริมาณงานและแบบแปลนที่กำหนด อบต.ท่าเรือ อ.ปากพลี จ.นครนายก", "min": "กระทรวงมหาดไทย", "agc": "กรมส่งเสริมการปกครองท้องถิ่น", "plan_name": "บริหารจัดการทรัพยากรน้ำ", "stg_name": "ยุทธศาสตร์เร่งรัดวางรากฐานการพัฒนาที่ยั่งยืนของประเทศ", "objc_level1_name": "งบลงทุน", "compare": [{"bb_amount": 3352000, "bb_province": "นครนายก"}], "gf_amount_sum": 0}
{"bb_code": "1500883002600BO3", "bb_year": "2559", "amount": 3350100, "min_code": "15000", "agc_code": "15008", "name": "ซ่อมสร้างถนนลาดยางแอสฟัลท์ติกคอนกรีตสายแยก ทล ๔๑ – บ้านสหกรณ์ แบบ Pavement Recycling ตำบลนาโพธิ์ หนา ๐.๐๔ เมตร หรือมีพื้นที่ไม่น้อยกว่า ๖,๖๘๐ ตารางเมตร  อบจ.นครศรีธรรมราช อ.ทุ่งสง จ.นครศรีธรรมราช", "min": "กระทรวงมหาดไทย", "agc": "กรมส่งเสริมการปกครองท้องถิ่น", "plan_name": "ส่งเสริมการกระจายอำนาจให้แก่องค์กรปกครองส่วนท้องถิ่น", "stg_name": "ยุทธศาสตร์การบริหารกิจการบ้านเมืองที่ดี", "objc_level1_name": "งบลงทุน", "compare": [{"bb_amount": 3350100, "bb_province": "นครศรีธรรมราช"}], "gf_amount_sum": 0}
{"bb_code": "1500822040600I13", "bb_year": "2559", "amount": 3349100, "min_code": "15000", "agc_code": "15008", "name": "ก่อสร้างระบบประปาหมู่บ้าน แบบรวมระบบผลิตอยู่ในชุดเดียวกัน บ้านหนองแขม หมู่ที่ ๑๐ ตำบลป่าแดง แบบมาตรฐานการประปานครหลวง อบต.ป่าแดง อ.เมืองแพร่ จ.แพร่", "min": "กระทรวงมหาดไทย", "agc": "กรมส่งเสริมการปกครองท้องถิ่น", "plan_name": "บริหารจัดการทรัพยากรน้ำ", "stg_name": "ยุทธศาสตร์เร่งรัดวางรากฐานการพัฒนาที่ยั่งยืนของประเทศ", "objc_level1_name": "งบลงทุน", "compare": [{"bb_amount": 3349100, "bb_province": "แพร่"}], "gf_amount_sum": 0}
{"bb_code": "1500822040600X29", "bb_year": "2559", "amount": 3347100, "min_code": "15000", "agc_code": "15008", "name": "ก่อสร้างประปาหมู่บ้านแบบบาดาลขนาดใหญ่ หมู่ที่ ๘ ตำบลคูเต่า ตามแบบมาตรฐานกรมทรัพยากรน้ำ ทต.คูเต่า อ.หาดใหญ่ จ.สงขลา", "min": "กระทรวงมหาดไทย", "agc": "กรมส่งเสริมการปกครองท้องถิ่น", "plan_name": "บริหารจัดการทรัพยากรน้ำ", "stg_name": "ยุทธศาสตร์เร่งรัดวางรากฐานการพัฒนาที่ยั่งยืนของประเทศ", "objc_level1_name": "งบลงทุน", "compare": [{"bb_amount": 3347100, "bb_province": "สงขลา"}], "gf_amount_sum": 0}
{"bb_code": "1500822040600BZ6", "bb_year": "2559", "amount": 3344000, "min_code": "15000", "agc_code": "15008", "name": "ปรับปรุงซ่อมแซมสถานีสูบน้ำด้วยไฟฟ้า บ้านขึ่งใต้-งิ้วงาม ทต.ขึ่ง อ.เวียงสา จ.น่าน", "min": "กระทรวงมหาดไทย", "agc": "กรมส่งเสริมการปกครองท้องถิ่น", "plan_name": "บริหารจัดการทรัพยากรน้ำ", "stg_name": "ยุทธศาสตร์เร่งรัดวางรากฐานการพัฒนาที่ยั่งยืนของประเทศ", "objc_level1_name": "งบลงทุน", "compare": [{"bb_amount": 3344000, "bb_province": "น่าน"}], "gf_amount_sum": 0}
{"bb_code": "1500883002600AP0", "bb_year": "2559", "amount": 3339900, "min_code": "15000", "agc_code": "15008", "name": "ปรับปรุงผิวจราจรแอสฟัลท์ติกคอนกรีตถนนสายเข้าวัดปลายคลองขุนศรี หมู่ที่ ๔ ตำบลไทรใหญ่ กว้าง ๖ เมตร ยาว ๗๐๐ เมตร หนา ๐.๐๕ เมตร พื้นที่ไม่น้อยกว่า ๔,๒๐๐ ตารางเมตร อบต.ไทรใหญ่ อ.ไทรน้อย จ.นนทบุรี", "min": "กระทรวงมหาดไทย", "agc": "กรมส่งเสริมการปกครองท้องถิ่น", "plan_name": "ส่งเสริมการกระจายอำนาจให้แก่องค์กรปกครองส่วนท้องถิ่น", "stg_name": "ยุทธศาสตร์การบริหารกิจการบ้านเมืองที่ดี", "objc_level1_name": "งบลงทุน", "compare": [{"bb_amount": 3339900, "bb_province": "นนทบุรี"}], "gf_amount_sum": 0}
{"bb_code": "1500822040600936", "bb_year": "2559", "amount": 3339300, "min_code": "15000", "agc_code": "15008", "name": "ก่อสร้างระบบประปาหมู่บ้าน แบบผิวดินขนาดใหญ่ บ้านโคกเจริญ หมู่ที่ ๒ ตำบลนามะเขือ อำเภอสหัสขันธ์ ตามแบบมาตรฐานกรมทรัพยากรน้ำ ทต.นามะเขือ อ.สหัสขันธ์ จ.กาฬสินธุ์", "min": "กระทรวงมหาดไทย", "agc": "กรมส่งเสริมการปกครองท้องถิ่น", "plan_name": "บริหารจัดการทรัพยากรน้ำ", "stg_name": "ยุทธศาสตร์เร่งรัดวางรากฐานการพัฒนาที่ยั่งยืนของประเทศ", "objc_level1_name": "งบลงทุน", "compare": [{"bb_amount": 3339300, "bb_province": "กาฬสินธุ์"}], "gf_amount_sum": 0}
{"bb_code": "1500883002600S01", "bb_year": "2559", "amount": 3339100, "min_code": "15000", "agc_code": "15008", "name": "ซ่อมสร้างผิวจราจรลาดยาง Asphaltic Concrete สายบ้านลาดบัว - บ้านหนองกระสา ตำบลบ้านช้าง, ตำบลบางตาเถร กว้าง ๖ เมตร ยาว ๑,๘๕๐ เมตร หนา ๐.๐๓ เมตร พื้นที่ไม่น้อยกว่า ๑๑,๑๐๐ ตารางเมตร อบจ.สุพรรณบุรี อ.สองพี", "min": "กระทรวงมหาดไทย", "agc": "กรมส่งเสริมการปกครองท้องถิ่น", "plan_name": "ส่งเสริมการกระจายอำนาจให้แก่องค์กรปกครองส่วนท้องถิ่น", "stg_name": "ยุทธศาสตร์การบริหารกิจการบ้านเมืองที่ดี", "objc_level1_name": "งบลงทุน", "compare": [{"bb_amount": 3339100, "bb_province": "สุพรรณบุรี"}], "gf_amount_sum": 0}
