{"bb_code": "1500883002600HV1", "bb_year": "2559", "amount": 3255400, "min_code": "15000", "agc_code": "15008", "name": "ซ่อมสร้างผิวทางแอสฟัลท์ติกคอนกรีต โดยวิธีปูบน Tack Coat สายทางบ้านหินโงมเหนือ - บ้านดงเจริญ กว้าง ๕ เมตร ยาว ๑,๖๖๑ เมตร หนา ๐.๐๕ เมตร อบต.หินโงม อ.เมืองหนองคาย จ.หนองคาย", "min": "กระทรวงมหาดไทย", "agc": "กรมส่งเสริมการปกครองท้องถิ่น", "plan_name": "ส่งเสริมการกระจายอำนาจให้แก่องค์กรปกครองส่วนท้องถิ่น", "stg_name": "ยุทธศาสตร์การบริหารกิจการบ้านเมืองที่ดี", "objc_level1_name": "งบลงทุน", "compare": [{"bb_amount": 3255400, "bb_province": "หนองคาย"}], "gf_amount_sum": 0}
{"bb_code": "1500883002600GJ9", "bb_year": "2559", "amount": 3255400, "min_code": "15000", "agc_code": "15008", "name": "ซ่อมสร้างถนนลาดยาง CAPE SEAL สายบ้านซาด หมู่ที่ ๖-บ้านดอนเขว้า หมู่ที่ ๒  ซ่อมผิวจราจร Slury Seal ๒๕,๙๐๐ ตารางเมตร Skin Patch ๑,๐๑๐ ตารางเมตร  Pime Coat ๓๕๑ ตารางเมตร Cape Seal ๓๕๑ ตารางเมตร Deep Patc", "min": "กระทรวงมหาดไทย", "agc": "กรมส่งเสริมการปกครองท้องถิ่น", "plan_name": "ส่งเสริมการกระจายอำนาจให้แก่องค์กรปกครองส่วนท้องถิ่น", "stg_name": "ยุทธศาสตร์การบริหารกิจการบ้านเมืองที่ดี", "objc_level1_name": "งบลงทุน", "compare": [{"bb_amount": 3255400, "bb_province": "นครราชสีมา"}], "gf_amount_sum": 0}
{"bb_code": "1500883002600EG9", "bb_year": "2559", "amount": 3255000, "min_code": "15000", "agc_code": "15008", "name": "ปรับปรุงถนนคอนกรีตเสริมเหล็กสายบ้านหนองบอนแดง-บ้านหนองพยอม หมู่ที่ ๒ บ้านหนองบอนแดง ตำบลหนองบอนแดง โดยเสริมผิว Asphaltic Concrete กว้าง ๘ เมตร หนา ๐.๐๔ เมตร ยาว ๑,๒๒๐ เมตร พื้นที่ไม่น้อยกว่า ๙,๗๖๐ ตาร", "min": "กระทรวงมหาดไทย", "agc": "กรมส่งเสริมการปกครองท้องถิ่น", "plan_name": "ส่งเสริมการกระจายอำนาจให้แก่องค์กรปกครองส่วนท้องถิ่น", "stg_name": "ยุทธศาสตร์การบริหารกิจการบ้านเมืองที่ดี", "objc_level1_name": "งบลงทุน", "compare": [{"bb_amount": 3255000, "bb_province": "ชลบุรี"}], "gf_amount_sum": 0}
{"bb_code": "1500582001410010", "bb_year": "2559", "amount": 3253700, "min_code": "15000", "agc_code": "15005", "name": "ค่าปรับปรุงอาคารที่ทำการและสิ่งก่อสร้างประกอบ ตำบลหนองอ้อ อำเภอบ้านโป่ง จังหวัดราชบุรี", "min": "กระทรวงมหาดไทย", "agc": "กรมที่ดิน", "plan_name": "พัฒนาประสิทธิภาพการบริหารราชการแผ่นดิน", "stg_name": "ยุทธศาสตร์การบริหารกิจการบ้านเมืองที่ดี", "objc_level1_name": "งบลงทุน", "compare": [{"bb_amount": 3253700, "bb_province": "ราชบุรี", "gf_amount": 2302603, "gf_province": "ราชบุรี"}], "gf_amount_sum": 2302603}
{"bb_code": "1500822040600BE5", "bb_year": "2559", "amount": 3245900, "min_code": "15000", "agc_code": "15008", "name": "ก่อสร้างระบบประปาหมู่บ้าน แบบประปาภูเขาหนานฝาหม้อ หมู่ที่ ๔ ตำบลพิปูน รายละเอียดตามปริมาณงานละแบบแปลนที่องค์การบริหารส่วนตำบลพิปูนกำหนด อบต.พิปูน อ.พิปูน จ.นครศรีธรรมราช", "min": "กระทรวงมหาดไทย", "agc": "กรมส่งเสริมการปกครองท้องถิ่น", "plan_name": "บริหารจัดการทรัพยากรน้ำ", "stg_name": "ยุทธศาสตร์เร่งรัดวางรากฐานการพัฒนาที่ยั่งยืนของประเทศ", "objc_level1_name": "งบลงทุน", "compare": [{"bb_amount": 3245900, "bb_province": "นครศรีธรรมราช"}], "gf_amount_sum": 0}
{"bb_code": "1500883002600EP3", "bb_year": "2559", "amount": 3245800, "min_code": "15000", "agc_code": "15008", "name": "ซ่อมสร้างถนนลาดยางแอสฟัลท์ติกคอนกรีต ( สาย อบจ.นม.๑๕๑๐๒ ) สายเมนที่ ๔ ขนาดกว้าง ๖ เมตร ยาว ๑,๑๖๕ เมตร หนา ๐.๐๔ เมตร  อบจ.นครราชสีมา อ.พิมาย จ.นครราชสีมา", "min": "กระทรวงมหาดไทย", "agc": "กรมส่งเสริมการปกครองท้องถิ่น", "plan_name": "ส่งเสริมการกระจายอำนาจให้แก่องค์กรปกครองส่วนท้องถิ่น", "stg_name": "ยุทธศาสตร์การบริหารกิจการบ้านเมืองที่ดี", "objc_level1_name": "งบลงทุน", "compare": [{"bb_amount": 3245800, "bb_province": "นครราชสีมา"}], "gf_amount_sum": 0}
{"bb_code": "1500883002600AY0", "bb_year": "2559", "amount": 3245800, "min_code": "15000", "agc_code": "15008", "name": "ซ่อมแซมถนนลาดยางแบบแอสฟัลท์ติกคอนกรีตสายบ้านการะเกด - บ้านท่าขนาน กว้าง ๖ เมตร ยาว ๑,๐๒๖ เมตร หรือมีพื้นที่ไม่น้อยกว่า ๖,๑๕๖ ตารางเมตร  ทต.การะเกด อ.เชียรใหญ่ จ.นครศรีธรรมราช", "min": "กระทรวงมหาดไทย", "agc": "กรมส่งเสริมการปกครองท้องถิ่น", "plan_name": "ส่งเสริมการกระจายอำนาจให้แก่องค์กรปกครองส่วนท้องถิ่น", "stg_name": "ยุทธศาสตร์การบริหารกิจการบ้านเมืองที่ดี", "objc_level1_name": "งบลงทุน", "compare": [{"bb_amount": 3245800, "bb_province": "นครศรีธรรมราช"}], "gf_amount_sum": 0}
{"bb_code": "1500883002600AV2", "bb_year": "2559", "amount": 3245800, "min_code": "15000", "agc_code": "15008", "name": "ปรับปรุงซ่อมแซมหรือบำรุงรักษาถนนลาดยาง บ้านทุ่งกระบ่ำ - โป่งคอม หมู่ที่ ๔ ตำบลทุ่งกระบ่ำ พื้นที่ไม่น้อยกว่า 3,531 ตารางเมตร อบต.ทุ่งกระบ่ำ อ.เลาขวัญ จ.กาญจนบุรี", "min": "กระทรวงมหาดไทย", "agc": "กรมส่งเสริมการปกครองท้องถิ่น", "plan_name": "ส่งเสริมการกระจายอำนาจให้แก่องค์กรปกครองส่วนท้องถิ่น", "stg_name": "ยุทธศาสตร์การบริหารกิจการบ้านเมืองที่ดี", "objc_level1_name": "งบลงทุน", "compare": [{"bb_amount": 3245800, "bb_province": "กาญจนบุรี"}], "gf_amount_sum": 0}
{"bb_code": "1500883002600W43", "bb_year": "2559", "amount": 3245800, "min_code": "15000", "agc_code": "15008", "name": "ปรับปรุงผิวถนนแอสฟัลท์ติกคอนกรีต สายคลองสน - มาบค้างคาว หมู่ที่ ๓ ตำบลเกาะช้าง กว้าง ๘ เมตร ยาว ๘๑๓ เมตร หนา ๐.๐๕ เมตร  ทต.เกาะช้าง อ.เกาะช้าง จ.ตราด", "min": "กระทรวงมหาดไทย", "agc": "กรมส่งเสริมการปกครองท้องถิ่น", "plan_name": "ส่งเสริมการกระจายอำนาจให้แก่องค์กรปกครองส่วนท้องถิ่น", "stg_name": "ยุทธศาสตร์การบริหารกิจการบ้านเมืองที่ดี", "objc_level1_name": "งบลงทุน", "compare": [{"bb_amount": 3245800, "bb_province": "ตราด"}], "gf_amount_sum": 0}
{"bb_code": "1500883002600K72", "bb_year": "2559", "amount": 3245800, "min_code": "15000", "agc_code": "15008", "name": "ปรับปรุงซ่อมสร้างถนนแอสฟัลท์ติกคอนกรีต บ้านโคกล่าม - บ้านโนนสมบูรณ์ กว้าง ๕ เมตร ยาว ๑,๗๙๒ เมตร หนา ๐.๐๕ เมตร อบต.หัวหิน อ.ห้วยเม็ก จ.กาฬสินธุ์", "min": "กระทรวงมหาดไทย", "agc": "กรมส่งเสริมการปกครองท้องถิ่น", "plan_name": "ส่งเสริมการกระจายอำนาจให้แก่องค์กรปกครองส่วนท้องถิ่น", "stg_name": "ยุทธศาสตร์การบริหารกิจการบ้านเมืองที่ดี", "objc_level1_name": "งบลงทุน", "compare": [{"bb_amount": 3245800, "bb_province": "กาฬสินธุ์"}], "gf_amount_sum": 0}
{"bb_code": "1500822040600H90", "bb_year": "2559", "amount": 3244900, "min_code": "15000", "agc_code": "15008", "name": "ก่อสร้างประปาหมู่บ้าน แบบบาดาลขนาดใหญ่ หมู่ที่ ๓ - ๔ บ้านไร่สะท้อน ต.ไร่สะท้อน ตามแบบมาตรฐานกรมทรัพยากรน้ำ อบต.ไร่สะท้อน อ.บ้านลาด จ.เพชรบุรี", "min": "กระทรวงมหาดไทย", "agc": "กรมส่งเสริมการปกครองท้องถิ่น", "plan_name": "บริหารจัดการทรัพยากรน้ำ", "stg_name": "ยุทธศาสตร์เร่งรัดวางรากฐานการพัฒนาที่ยั่งยืนของประเทศ", "objc_level1_name": "งบลงทุน", "compare": [{"bb_amount": 3244900, "bb_province": "เพชรบุรี"}], "gf_amount_sum": 0}
{"bb_code": "1500822040600S43", "bb_year": "2559", "amount": 3243900, "min_code": "15000", "agc_code": "15008", "name": "ก่อสร้างระบบประปาหมู่บ้านแบบผิวดินขนาดใหญ่ บ้านบึง หมู่ที่ ๑ ตำบลบึง ตามแบบมาตรฐานกรมทรัพยากรน้ำ อบต.บึง อ.เขวาสินรินทร์ จ.สุรินทร์", "min": "กระทรวงมหาดไทย", "agc": "กรมส่งเสริมการปกครองท้องถิ่น", "plan_name": "บริหารจัดการทรัพยากรน้ำ", "stg_name": "ยุทธศาสตร์เร่งรัดวางรากฐานการพัฒนาที่ยั่งยืนของประเทศ", "objc_level1_name": "งบลงทุน", "compare": [{"bb_amount": 3243900, "bb_province": "สุรินทร์"}], "gf_amount_sum": 0}
{"bb_code": "1500822040600I49", "bb_year": "2559", "amount": 3243900, "min_code": "15000", "agc_code": "15008", "name": "ก่อสร้างระบบประปาหมู่บ้าน แบบผิวดินขนาดใหญ่ หมู่ที่ ๑๒ บ้านศรีถาวรพัฒนา ตามแบบมาตรฐานกรมทรัพยากรน้ำ ทต.กกตูม อ.ดงหลวง จ.มุกดาหาร", "min": "กระทรวงมหาดไทย", "agc": "กรมส่งเสริมการปกครองท้องถิ่น", "plan_name": "บริหารจัดการทรัพยากรน้ำ", "stg_name": "ยุทธศาสตร์เร่งรัดวางรากฐานการพัฒนาที่ยั่งยืนของประเทศ", "objc_level1_name": "งบลงทุน", "compare": [{"bb_amount": 3243900, "bb_province": "มุกดาหาร"}], "gf_amount_sum": 0}
{"bb_code": "1500883002600GB9", "bb_year": "2559", "amount": 3241900, "min_code": "15000", "agc_code": "15008", "name": "ซ่อมสร้างผิวลาดยางแอสฟัลท์ติกคอนกรีต ถนนสายบ้านท่อสมาน - บ้านนาไร่เดียว กว้าง ๖ เมตร ยาว ๑,๕๖๐ เมตร หนา ๐.๐๔ เมตร อบต.เตาปูน อ.สอง จ.แพร่", "min": "กระทรวงมหาดไทย", "agc": "กรมส่งเสริมการปกครองท้องถิ่น", "plan_name": "ส่งเสริมการกระจายอำนาจให้แก่องค์กรปกครองส่วนท้องถิ่น", "stg_name": "ยุทธศาสตร์การบริหารกิจการบ้านเมืองที่ดี", "objc_level1_name": "งบลงทุน", "compare": [{"bb_amount": 3241900, "bb_province": "แพร่"}], "gf_amount_sum": 0}
{"bb_code": "1500883002600AU3", "bb_year": "2559", "amount": 3240000, "min_code": "15000", "agc_code": "15008", "name": "ปรับปรุงซ่อมสร้างถนนแอสฟัลท์ติกคอนกรีต สายห้วยแม่ละมุ่น - ดงเสลา บ้านดงเสลา หมู่ที่ ๖ ตำบลด่านแม่แฉลบ พื้นที่ไม่น้อยกว่า ๗,๙๖๘ ตารางเมตร  อบต.ด่านแม่แฉลบ อ.ศรีสวัสดิ์ จ.กาญจนบุรี", "min": "กระทรวงมหาดไทย", "agc": "กรมส่งเสริมการปกครองท้องถิ่น", "plan_name": "ส่งเสริมการกระจายอำนาจให้แก่องค์กรปกครองส่วนท้องถิ่น", "stg_name": "ยุทธศาสตร์การบริหารกิจการบ้านเมืองที่ดี", "objc_level1_name": "งบลงทุน", "compare": [{"bb_amount": 3240000, "bb_province": "กาญจนบุรี"}], "gf_amount_sum": 0}
{"bb_code": "1500686001700004", "bb_year": "2559", "amount": 3239600, "min_code": "15000", "agc_code": "15006", "name": "การเสริมสร้างชุดเผชิญสถานการณ์วิกฤต (Emergency Response Team : ERT)", "min": "กระทรวงมหาดไทย", "agc": "กรมป้องกันและบรรเทาสาธารณภัย", "plan_name": "ฟื้นฟู ป้องกัน และจัดการภัยพิบัติ ", "stg_name": "ยุทธศาสตร์การจัดการทรัพยากรธรรมชาติและสิ่งแวดล้อม", "objc_level1_name": "รายจ่ายอื่น", "compare": [{"bb_amount": 3239600, "bb_province": "ปทุมธานี", "gf_amount": 3239599.62, "gf_province": "ปทุมธานี"}], "gf_amount_sum": 3239599.62}
{"bb_code": "1500822040600V39", "bb_year": "2559", "amount": 3239000, "min_code": "15000", "agc_code": "15008", "name": " ก่อสร้างระบบประปาหมู่บ้านแบบบาดาลขนาดใหญ่ หมู่ที่ ๓ บ้านหนองแคน ตำบลดงมะยาง ตามแบบแปลนกรมทรัพยากรน้ำ ทต.ดงมะยาง อ.ลืออำนาจ จ.อำนาจเจริญ", "min": "กระทรวงมหาดไทย", "agc": "กรมส่งเสริมการปกครองท้องถิ่น", "plan_name": "บริหารจัดการทรัพยากรน้ำ", "stg_name": "ยุทธศาสตร์เร่งรัดวางรากฐานการพัฒนาที่ยั่งยืนของประเทศ", "objc_level1_name": "งบลงทุน", "compare": [{"bb_amount": 3239000, "bb_province": "อำนาจเจริญ"}], "gf_amount_sum": 0}
{"bb_code": "1500822040600041", "bb_year": "2559", "amount": 3236300, "min_code": "15000", "agc_code": "15008", "name": "ก่อสร้างประปาหมู่บ้าน แบบผิวดินขนาดใหญ่ บ้านเขากลม หมู่ที่ ๗ ตำบลหนองทะเล รายละเอียดตามปริมาณงานและแบบแปลนที่องค์การบริหารส่วนตำบลหนองทะเลกำหนด อบต.หนองทะเล อ.เมืองกระบี่ จ.กระบี่", "min": "กระทรวงมหาดไทย", "agc": "กรมส่งเสริมการปกครองท้องถิ่น", "plan_name": "บริหารจัดการทรัพยากรน้ำ", "stg_name": "ยุทธศาสตร์เร่งรัดวางรากฐานการพัฒนาที่ยั่งยืนของประเทศ", "objc_level1_name": "งบลงทุน", "compare": [{"bb_amount": 3236300, "bb_province": "กระบี่"}], "gf_amount_sum": 0}
{"bb_code": "1500883002600R31", "bb_year": "2559", "amount": 3236100, "min_code": "15000", "agc_code": "15008", "name": "ปรับปรุงผิวแอสฟัลท์ติกคอนกรีตสายบ้านบางจ๋วน - บ้านในปิ หมู่ที่ ๔,๗ ตำบลบางไทร กว้าง ๘ เมตร ยาว ๑,๑๒๐ เมตร หนา ๐.๐๔ เมตร หรือมีพื้นที่ไม่น้อยกว่า ๘,๙๖๐ ตารางเมตร  อบต.บางไทร อ.ตะกั่วป่า จ.พังงา", "min": "กระทรวงมหาดไทย", "agc": "กรมส่งเสริมการปกครองท้องถิ่น", "plan_name": "ส่งเสริมการกระจายอำนาจให้แก่องค์กรปกครองส่วนท้องถิ่น", "stg_name": "ยุทธศาสตร์การบริหารกิจการบ้านเมืองที่ดี", "objc_level1_name": "งบลงทุน", "compare": [{"bb_amount": 3236100, "bb_province": "พังงา"}], "gf_amount_sum": 0}
{"bb_code": "1500883002600R20", "bb_year": "2559", "amount": 3236100, "min_code": "15000", "agc_code": "15008", "name": "เสริมผิวจราจรถนนแอสฟัลท์ติกคอนกรีตสายบ้านลำรู - บ้านปลายวา หมู่ที่ ๑ บ้านลำรู ตำบลลำแก่น โดยซ่อมสร้างแบบ Deep Patch ขนาดผิวจราจรกว้าง ๘ เมตร ยาว ๒๐๖ เมตร และเสริมผิวจราจร ขนาดผิวจราจรกว้าง ๘ เมตร ยาว", "min": "กระทรวงมหาดไทย", "agc": "กรมส่งเสริมการปกครองท้องถิ่น", "plan_name": "ส่งเสริมการกระจายอำนาจให้แก่องค์กรปกครองส่วนท้องถิ่น", "stg_name": "ยุทธศาสตร์การบริหารกิจการบ้านเมืองที่ดี", "objc_level1_name": "งบลงทุน", "compare": [{"bb_amount": 3236100, "bb_province": "พังงา"}], "gf_amount_sum": 0}
