{"bb_code": "1500883002600R16", "bb_year": "2559", "amount": 3236100, "min_code": "15000", "agc_code": "15008", "name": "ซ่อมสร้างถนนแอสฟัลท์ติกคอนกรีต สายบ้านบางขยะ - บ้านแหลมปะการัง หมู่ที่ ๒ กว้าง ๗ เมตร ยาว ๔,๘๕๖ เมตร ไหล่ทางข้างละ ๐.๕๐ เมตร และทำการตีเส้นจราจรตลอดสาย ๓ เมตร เว้น ๙ เมตร รวม ๙๗๐ ตารางเมตร หรือมีพื้นท", "min": "กระทรวงมหาดไทย", "agc": "กรมส่งเสริมการปกครองท้องถิ่น", "plan_name": "ส่งเสริมการกระจายอำนาจให้แก่องค์กรปกครองส่วนท้องถิ่น", "stg_name": "ยุทธศาสตร์การบริหารกิจการบ้านเมืองที่ดี", "objc_level1_name": "งบลงทุน", "compare": [{"bb_amount": 3236100, "bb_province": "พังงา"}], "gf_amount_sum": 0}
{"bb_code": "1500883002600R29", "bb_year": "2559", "amount": 3236100, "min_code": "15000", "agc_code": "15008", "name": "ซ่อมสร้างผิวทางแอสฟัลท์ติกคอนกรีตถนนสายบ้านปากพู่ - บ่อน้ำพุร้อนปากพู่ หมู่ที่ ๔ ตำบลท่านา โดยซ่อมสร้างผิวทางแอสฟัลท์ติกคอนกรีต ยาวรวม ๕๒๙ เมตร และเสริมผิวทางแอสฟัลท์ติกคอนกรีต กว้าง ๖ เมตร ยาว ๕๒๑ เม", "min": "กระทรวงมหาดไทย", "agc": "กรมส่งเสริมการปกครองท้องถิ่น", "plan_name": "ส่งเสริมการกระจายอำนาจให้แก่องค์กรปกครองส่วนท้องถิ่น", "stg_name": "ยุทธศาสตร์การบริหารกิจการบ้านเมืองที่ดี", "objc_level1_name": "งบลงทุน", "compare": [{"bb_amount": 3236100, "bb_province": "พังงา"}], "gf_amount_sum": 0}
{"bb_code": "1500883002600FY5", "bb_year": "2559", "amount": 3236100, "min_code": "15000", "agc_code": "15008", "name": "ปรับปรุงซ่อมแซมผิวทางแอสฟัลท์ติกคอนกรีต สาย พร ๓๑๖๘ บ้านโป่งศรี - บ้านถิ่น อำเภอเมืองแพร่ กว้าง ๗ เมตร ยาว ๑,๓๖๐ เมตร หนา ๐.๐๔ เมตร อบจ.แพร่ อ.เมืองแพร่ จ.แพร่", "min": "กระทรวงมหาดไทย", "agc": "กรมส่งเสริมการปกครองท้องถิ่น", "plan_name": "ส่งเสริมการกระจายอำนาจให้แก่องค์กรปกครองส่วนท้องถิ่น", "stg_name": "ยุทธศาสตร์การบริหารกิจการบ้านเมืองที่ดี", "objc_level1_name": "งบลงทุน", "compare": [{"bb_amount": 3236100, "bb_province": "แพร่"}], "gf_amount_sum": 0}
{"bb_code": "1500883002600R18", "bb_year": "2559", "amount": 3236100, "min_code": "15000", "agc_code": "15008", "name": "ปรับปรุงถนนแอสฟัลท์ติกคอนกรีตสายแยกทางหลวงหมายเลข ๔ - บ้านทับกำ กว้าง ๘ เมตร ยาว ๑,๑๙๐ เมตร หนา ๐.๐๔ เมตร หรือมีพื้นที่ไม่น้อยกว่า ๙,๕๒๐ ตารางเมตร  ทต.บางนายสี อ.ตะกั่วป่า จ.พังงา", "min": "กระทรวงมหาดไทย", "agc": "กรมส่งเสริมการปกครองท้องถิ่น", "plan_name": "ส่งเสริมการกระจายอำนาจให้แก่องค์กรปกครองส่วนท้องถิ่น", "stg_name": "ยุทธศาสตร์การบริหารกิจการบ้านเมืองที่ดี", "objc_level1_name": "งบลงทุน", "compare": [{"bb_amount": 3236100, "bb_province": "พังงา"}], "gf_amount_sum": 0}
{"bb_code": "1500883002600R17", "bb_year": "2559", "amount": 3236100, "min_code": "15000", "agc_code": "15008", "name": "เสริมผิวถนนแอสฟัลท์ติกคอนกรีตสายบ้านเขาเฒ่า - บ้านบางเตยเหนือ กว้าง ๖ เมตร ยาว ๑,๐๐๐ เมตร ไหล่ทางแอสฟัลท์ติกคอนกรีตกว้างข้างละ ๑ เมตร  ทต.บางเตย อ.เมืองพังงา จ.พังงา", "min": "กระทรวงมหาดไทย", "agc": "กรมส่งเสริมการปกครองท้องถิ่น", "plan_name": "ส่งเสริมการกระจายอำนาจให้แก่องค์กรปกครองส่วนท้องถิ่น", "stg_name": "ยุทธศาสตร์การบริหารกิจการบ้านเมืองที่ดี", "objc_level1_name": "งบลงทุน", "compare": [{"bb_amount": 3236100, "bb_province": "พังงา"}], "gf_amount_sum": 0}
{"bb_code": "1500883002600DO3", "bb_year": "2559", "amount": 3236100, "min_code": "15000", "agc_code": "15008", "name": "ซ่อมสร้างผิวจราจรแอสฟัลท์ติกคอนกรีต สายบ้านหนองเหรียง หมู่ที่ ๗ ตำบลบ้านนา กว้าง ๕ เมตร ยาว ๑,๓๐๐ เมตร หนา ๐.๐๔ เมตร ทต.บ้านนา อ.ศรีครินทร์ จ.พัทลุง", "min": "กระทรวงมหาดไทย", "agc": "กรมส่งเสริมการปกครองท้องถิ่น", "plan_name": "ส่งเสริมการกระจายอำนาจให้แก่องค์กรปกครองส่วนท้องถิ่น", "stg_name": "ยุทธศาสตร์การบริหารกิจการบ้านเมืองที่ดี", "objc_level1_name": "งบลงทุน", "compare": [{"bb_amount": 3236100, "bb_province": "พัทลุง"}], "gf_amount_sum": 0}
{"bb_code": "1500883002600GD0", "bb_year": "2559", "amount": 3234200, "min_code": "15000", "agc_code": "15008", "name": "ซ่อมสร้างถนนแอสฟัลท์ติกคอนกรีต สายฝั่งขวาลำน้ำแม่คำปอง หมู่ที่ ๑ - บ้านบุญแจ่ม หมู่ที่ ๑ กว้าง ๖ เมตร ยาว ๑,๒๓๐ เมตร หนา ๐.๐๕ เมตร พร้อมท่อลอดเหลี่ยม คสล. อบต.น้ำเลา อ.ร้องกวาง จ.แพร่", "min": "กระทรวงมหาดไทย", "agc": "กรมส่งเสริมการปกครองท้องถิ่น", "plan_name": "ส่งเสริมการกระจายอำนาจให้แก่องค์กรปกครองส่วนท้องถิ่น", "stg_name": "ยุทธศาสตร์การบริหารกิจการบ้านเมืองที่ดี", "objc_level1_name": "งบลงทุน", "compare": [{"bb_amount": 3234200, "bb_province": "แพร่"}], "gf_amount_sum": 0}
{"bb_code": "1500883002600CV1", "bb_year": "2559", "amount": 3234200, "min_code": "15000", "agc_code": "15008", "name": "ปรับปรุงผิวจราจรโดยเสริมผิวทาง Asphaltic Concrete ถนนสายบ้านกุงแกง - บ้านตีนธาตุ ตำบลทุ่งยาว จำนวน ๓ จุด มีพื้นที่ไม่น้อยกว่า ๖,๘๖๐ ตารางเมตร อบต.ทุ่งยาว อ.ปาย จ.แม่ฮ่องสอน", "min": "กระทรวงมหาดไทย", "agc": "กรมส่งเสริมการปกครองท้องถิ่น", "plan_name": "ส่งเสริมการกระจายอำนาจให้แก่องค์กรปกครองส่วนท้องถิ่น", "stg_name": "ยุทธศาสตร์การบริหารกิจการบ้านเมืองที่ดี", "objc_level1_name": "งบลงทุน", "compare": [{"bb_amount": 3234200, "bb_province": "แม่ฮ่องสอน"}], "gf_amount_sum": 0}
{"bb_code": "1500822040600U83", "bb_year": "2559", "amount": 3230100, "min_code": "15000", "agc_code": "15008", "name": "ก่อสร้างประปาหมู่บ้านแบบผิวดินขนาดใหญ่ บ้านยางหล่อ หมู่ที่ ๖ ตำบลแชแล ตามแบบมาตรฐานกรมทรัพยากรน้ำ ทต.แชแล อ.กุมภวาปี จ.อุดรธานี", "min": "กระทรวงมหาดไทย", "agc": "กรมส่งเสริมการปกครองท้องถิ่น", "plan_name": "บริหารจัดการทรัพยากรน้ำ", "stg_name": "ยุทธศาสตร์เร่งรัดวางรากฐานการพัฒนาที่ยั่งยืนของประเทศ", "objc_level1_name": "งบลงทุน", "compare": [{"bb_amount": 3230100, "bb_province": "อุดรธานี"}], "gf_amount_sum": 0}
{"bb_code": "1500822040600DS5", "bb_year": "2559", "amount": 3229000, "min_code": "15000", "agc_code": "15008", "name": "ปรับปรุงซ่อมแซมสถานีสูบน้ำด้วยไฟฟ้า บ้านต้อนน้อย อบต.บ้านต้อน อ.รัตนวาปี จ.หนองคาย", "min": "กระทรวงมหาดไทย", "agc": "กรมส่งเสริมการปกครองท้องถิ่น", "plan_name": "บริหารจัดการทรัพยากรน้ำ", "stg_name": "ยุทธศาสตร์เร่งรัดวางรากฐานการพัฒนาที่ยั่งยืนของประเทศ", "objc_level1_name": "งบลงทุน", "compare": [{"bb_amount": 3229000, "bb_province": "หนองคาย"}], "gf_amount_sum": 0}
{"bb_code": "1500883002600JK3", "bb_year": "2559", "amount": 3229000, "min_code": "15000", "agc_code": "15008", "name": "ก่อสร้างพื้นที่ขายของ และจัดระเบียบการค้าในที่สาธารณะ บริเวณ บ้านศรีษะคู้ หมู่ที่ 6 องค์การบริหารส่วนตำบลบางแขม อำเภอเมืองนครปฐม จังหวัดนครปฐม", "min": "กระทรวงมหาดไทย", "agc": "กรมส่งเสริมการปกครองท้องถิ่น", "plan_name": "ส่งเสริมการกระจายอำนาจให้แก่องค์กรปกครองส่วนท้องถิ่น", "stg_name": "ยุทธศาสตร์การบริหารกิจการบ้านเมืองที่ดี", "objc_level1_name": "งบลงทุน", "compare": [{"bb_amount": 3229000, "bb_province": "นครปฐม"}], "gf_amount_sum": 0}
{"bb_code": "1500822040600DS7", "bb_year": "2559", "amount": 3229000, "min_code": "15000", "agc_code": "15008", "name": "ปรับปรุงซ่อมแซมสถานีสูบน้ำด้วยไฟฟ้า บ้านโนนเป้ง อบต.บ้านต้อน อ.รัตนวาปี จ.หนองคาย", "min": "กระทรวงมหาดไทย", "agc": "กรมส่งเสริมการปกครองท้องถิ่น", "plan_name": "บริหารจัดการทรัพยากรน้ำ", "stg_name": "ยุทธศาสตร์เร่งรัดวางรากฐานการพัฒนาที่ยั่งยืนของประเทศ", "objc_level1_name": "งบลงทุน", "compare": [{"bb_amount": 3229000, "bb_province": "หนองคาย"}], "gf_amount_sum": 0}
{"bb_code": "1500883002600AG9", "bb_year": "2559", "amount": 3229000, "min_code": "15000", "agc_code": "15008", "name": "ปรับปรุงผิวจราจรคอนกรีตเสริมเหล็กถนนสายบ้านคลองไทร – บ้านวัดเตย (นบ.๒๐๕๑) ตอน ๒ ตำบลคลองพระอุดม อำเภอปากเกร็ด หนา ๐.๒๐ เมตร พื้นที่ไม่น้อยกว่า ๑,๗๗๑ ตารางเมตร  อบจ.นนทบุรี อ.ปากเกร็ด จ.นนทบุรี", "min": "กระทรวงมหาดไทย", "agc": "กรมส่งเสริมการปกครองท้องถิ่น", "plan_name": "ส่งเสริมการกระจายอำนาจให้แก่องค์กรปกครองส่วนท้องถิ่น", "stg_name": "ยุทธศาสตร์การบริหารกิจการบ้านเมืองที่ดี", "objc_level1_name": "งบลงทุน", "compare": [{"bb_amount": 3229000, "bb_province": "นนทบุรี"}], "gf_amount_sum": 0}
{"bb_code": "1500822040600DS6", "bb_year": "2559", "amount": 3229000, "min_code": "15000", "agc_code": "15008", "name": "ปรับปรุงซ่อมแซมสถานีสูบน้ำด้วยไฟฟ้า บ้านต้อนใหญ่ อบต.บ้านต้อน อ.รัตนวาปี จ.หนองคาย", "min": "กระทรวงมหาดไทย", "agc": "กรมส่งเสริมการปกครองท้องถิ่น", "plan_name": "บริหารจัดการทรัพยากรน้ำ", "stg_name": "ยุทธศาสตร์เร่งรัดวางรากฐานการพัฒนาที่ยั่งยืนของประเทศ", "objc_level1_name": "งบลงทุน", "compare": [{"bb_amount": 3229000, "bb_province": "หนองคาย"}], "gf_amount_sum": 0}
{"bb_code": "1500883002600AG5", "bb_year": "2559", "amount": 3229000, "min_code": "15000", "agc_code": "15008", "name": "ปรับปรุงผิวจราจรคอนกรีตเสริมเหล็กเป็นผิวจราจรแอสฟัลท์ติกคอนกรีต (Overlay) ถนนสายบ้านคลองไทร – บ้านวัดเตย (นบ.๒๐๕๑) ตอน ๑ ตำบลคลองข่อย   กว้าง ๗ เมตร ยาว ๑,๑๕๒ เมตร หนา ๐.๐๕ เมตร พื้นที่ไม่น้อยกว่า ๘,๐", "min": "กระทรวงมหาดไทย", "agc": "กรมส่งเสริมการปกครองท้องถิ่น", "plan_name": "ส่งเสริมการกระจายอำนาจให้แก่องค์กรปกครองส่วนท้องถิ่น", "stg_name": "ยุทธศาสตร์การบริหารกิจการบ้านเมืองที่ดี", "objc_level1_name": "งบลงทุน", "compare": [{"bb_amount": 3229000, "bb_province": "นนทบุรี"}], "gf_amount_sum": 0}
{"bb_code": "1500883002600GL3", "bb_year": "2559", "amount": 3228400, "min_code": "15000", "agc_code": "15008", "name": "ปรับปรุงถนนลาดยางผิวจราจรแบบเรียบ Cape Seal สายแหล่งท่องเที่ยวบ้านไทรงาม หมู่ที่ ๗ - ศูนย์บริการฯ ที่ ๑ ตำบลระเริง ขนาดผิวจราจรกว้าง ๘ เมตร ยาว ๑,๑๙๕ เมตร  อบต.ระเริง อ.วังน้ำเขียว จ.นครราชสีมา", "min": "กระทรวงมหาดไทย", "agc": "กรมส่งเสริมการปกครองท้องถิ่น", "plan_name": "ส่งเสริมการกระจายอำนาจให้แก่องค์กรปกครองส่วนท้องถิ่น", "stg_name": "ยุทธศาสตร์การบริหารกิจการบ้านเมืองที่ดี", "objc_level1_name": "งบลงทุน", "compare": [{"bb_amount": 3228400, "bb_province": "นครราชสีมา"}], "gf_amount_sum": 0}
{"bb_code": "1500822040600H84", "bb_year": "2559", "amount": 3228200, "min_code": "15000", "agc_code": "15008", "name": "ก่อสร้างระบบประปาหมู่บ้านแบบผิวดินขนาดใหญ่ หมู่ที่ ๑๓ บ้านเขาอ่างแก้ว ตำบลเขากระปุก ตามแบบมาตรฐานกรมทรัพยากรน้ำ อบต.เขากระปุก อ.ท่ายาง จ.เพชรบุรี", "min": "กระทรวงมหาดไทย", "agc": "กรมส่งเสริมการปกครองท้องถิ่น", "plan_name": "บริหารจัดการทรัพยากรน้ำ", "stg_name": "ยุทธศาสตร์เร่งรัดวางรากฐานการพัฒนาที่ยั่งยืนของประเทศ", "objc_level1_name": "งบลงทุน", "compare": [{"bb_amount": 3228200, "bb_province": "เพชรบุรี"}], "gf_amount_sum": 0}
{"bb_code": "1500785013410145", "bb_year": "2559", "amount": 3227500, "min_code": "15000", "agc_code": "15007", "name": "โครงการปรับปรุงถนนในชุมชนสายบ้านโฉลง ม.5 ต.คลองใหม่ อ.ยะรัง จ.ปัตตานี ความกว้าง 5.00 ม. ความยาว 1.400 กม.", "min": "กระทรวงมหาดไทย", "agc": "กรมโยธาธิการและผังเมือง", "plan_name": "แก้ไขปัญหาและพัฒนาจังหวัดชายแดนภาคใต้", "stg_name": "ยุทธศาสตร์เร่งรัดวางรากฐานการพัฒนาที่ยั่งยืนของประเทศ", "objc_level1_name": "งบลงทุน", "compare": [{"bb_amount": 3227500, "bb_province": "ปัตตานี", "gf_amount": 3227500, "gf_province": "ปัตตานี"}], "gf_amount_sum": 3227500}
{"bb_code": "1500883002600CY8", "bb_year": "2559", "amount": 3221600, "min_code": "15000", "agc_code": "15008", "name": "ซ่อมสร้างผิวจราจรแอสฟัลท์ติกคอนกรีตแบบโอเวอร์เลย์สายทางบ้านห้วยสิงห์ใต้ - บ้านคอนผึ้ง ตำบลแม่คะตวน  กว้าง ๔ เมตร ยาว ๑,๔๕๐ เมตร หนา ๐.๐๕ เมตร อบต.แม่คะตวน อ.สบเมย จ.แม่ฮ่องสอน", "min": "กระทรวงมหาดไทย", "agc": "กรมส่งเสริมการปกครองท้องถิ่น", "plan_name": "ส่งเสริมการกระจายอำนาจให้แก่องค์กรปกครองส่วนท้องถิ่น", "stg_name": "ยุทธศาสตร์การบริหารกิจการบ้านเมืองที่ดี", "objc_level1_name": "งบลงทุน", "compare": [{"bb_amount": 3221600, "bb_province": "แม่ฮ่องสอน"}], "gf_amount_sum": 0}
{"bb_code": "1500822040600BO5", "bb_year": "2559", "amount": 3221300, "min_code": "15000", "agc_code": "15008", "name": "ก่อสร้างประปาหมู่บ้าน หมู่ที่ ๙ บ้านหนองแขม ตำบลโพรงมะเดื่อ รายละเอียดตามปริมาณงานและแบบแปลนที่องค์การบริหารส่วนตำบลโพรงมะเดื่อกำหนด อบต.โพรงมะเดื่อ อ.เมืองนครปฐม จ.นครปฐม", "min": "กระทรวงมหาดไทย", "agc": "กรมส่งเสริมการปกครองท้องถิ่น", "plan_name": "บริหารจัดการทรัพยากรน้ำ", "stg_name": "ยุทธศาสตร์เร่งรัดวางรากฐานการพัฒนาที่ยั่งยืนของประเทศ", "objc_level1_name": "งบลงทุน", "compare": [{"bb_amount": 3221300, "bb_province": "นครปฐม"}], "gf_amount_sum": 0}
