{"bb_code": "1500785013410078", "bb_year": "2559", "amount": 3139200, "min_code": "15000", "agc_code": "15007", "name": "โครงการปรับปรุงถนนในชุมชน สายคันคลองส่งน้ำสาย - ใหญ่ฝั่งขวา บ้านปูยู หมู่ที่ 1 ตำบลเกาะสะท้อน อำเภอตากใบ จังหวัดนราธิวาส กว้าง 4 เมตร ระยะทาง 1.00 กิโลเมตร", "min": "กระทรวงมหาดไทย", "agc": "กรมโยธาธิการและผังเมือง", "plan_name": "แก้ไขปัญหาและพัฒนาจังหวัดชายแดนภาคใต้", "stg_name": "ยุทธศาสตร์เร่งรัดวางรากฐานการพัฒนาที่ยั่งยืนของประเทศ", "objc_level1_name": "งบลงทุน", "compare": [{"bb_amount": 3139200, "bb_province": "นราธิวาส", "gf_amount": 3135000, "gf_province": "นราธิวาส"}], "gf_amount_sum": 3135000}
{"bb_code": "1500785013410081", "bb_year": "2559", "amount": 3139200, "min_code": "15000", "agc_code": "15007", "name": "โครงการปรับปรุงถนนในชุมชน ถนนภายในโครงการหมู่บ้านเศษฐกิจพอเพียงและฟาร์มตัวอย่างฯ หมู่ที่ 2 ตำบลโต๊ะเด็ง อำเภอสุไหงปาดี จังหวัดนราธิวาส กว้าง 4 เมตร ระยะทาง 1.00 กิโลเมตร", "min": "กระทรวงมหาดไทย", "agc": "กรมโยธาธิการและผังเมือง", "plan_name": "แก้ไขปัญหาและพัฒนาจังหวัดชายแดนภาคใต้", "stg_name": "ยุทธศาสตร์เร่งรัดวางรากฐานการพัฒนาที่ยั่งยืนของประเทศ", "objc_level1_name": "งบลงทุน", "compare": [{"bb_amount": 3139200, "bb_province": "นราธิวาส", "gf_amount": 3138000, "gf_province": "นราธิวาส"}], "gf_amount_sum": 3138000}
{"bb_code": "1500785013410126", "bb_year": "2559", "amount": 3139200, "min_code": "15000", "agc_code": "15007", "name": "โครงการปรับปรุงถนนในชุมชนสายบ้านกูตง ม.3 ต.บองอ อ.ระแงะ จ.นราธิวาส กว้าง 4.00 ม. ความยาว 1.000 กม.", "min": "กระทรวงมหาดไทย", "agc": "กรมโยธาธิการและผังเมือง", "plan_name": "แก้ไขปัญหาและพัฒนาจังหวัดชายแดนภาคใต้", "stg_name": "ยุทธศาสตร์เร่งรัดวางรากฐานการพัฒนาที่ยั่งยืนของประเทศ", "objc_level1_name": "งบลงทุน", "compare": [{"bb_amount": 3139200, "bb_province": "นราธิวาส", "gf_amount": 3139000, "gf_province": "นราธิวาส"}], "gf_amount_sum": 3139000}
{"bb_code": "1500822040600G11", "bb_year": "2559", "amount": 3137700, "min_code": "15000", "agc_code": "15008", "name": "ก่อสร้างประปาหมู่บ้านแบบผิวดินขนาดใหญ่ หมู่ที่ ๑๖ บ้านสายลำโพงกลางพัฒนา ตำบลสายลำโพง ตามแบบมาตรฐานกรมทรัพยากรน้ำกำหนด อบต.สายลำโพง อ.ท่าตะโก จ.นครสวรรค์", "min": "กระทรวงมหาดไทย", "agc": "กรมส่งเสริมการปกครองท้องถิ่น", "plan_name": "บริหารจัดการทรัพยากรน้ำ", "stg_name": "ยุทธศาสตร์เร่งรัดวางรากฐานการพัฒนาที่ยั่งยืนของประเทศ", "objc_level1_name": "งบลงทุน", "compare": [{"bb_amount": 3137700, "bb_province": "นครสวรรค์"}], "gf_amount_sum": 0}
{"bb_code": "1500822040600G14", "bb_year": "2559", "amount": 3137700, "min_code": "15000", "agc_code": "15008", "name": "ก่อสร้างประปาหมู่บ้านแบบผิวดินขนาดใหญ่ หมู่ที่ ๓ บ้านสายลำโพงเหนือ ตามแบบมาตรฐานกรมทรัพยากรน้ำกำหนด อบต.สายลำโพง อ.ท่าตะโก จ.นครสวรรค์", "min": "กระทรวงมหาดไทย", "agc": "กรมส่งเสริมการปกครองท้องถิ่น", "plan_name": "บริหารจัดการทรัพยากรน้ำ", "stg_name": "ยุทธศาสตร์เร่งรัดวางรากฐานการพัฒนาที่ยั่งยืนของประเทศ", "objc_level1_name": "งบลงทุน", "compare": [{"bb_amount": 3137700, "bb_province": "นครสวรรค์"}], "gf_amount_sum": 0}
{"bb_code": "1500883002600EH8", "bb_year": "2559", "amount": 3137400, "min_code": "15000", "agc_code": "15008", "name": "ก่อสร้างถนนลาดยางแอสฟัลท์ติกคอนกรีต สายบ้านโคกเหรียง-บ้านทุ่งจูด  หมู่ที่ ๑  ตำบลโคกม่วง กว้าง  ๖  เมตร  ยาว  ๗๕๐  เมตร  หนา  ๐.๐๕  เมตร   ทต.โคกม่วง อ.คลองหอยโข่ง จ.สงขลา", "min": "กระทรวงมหาดไทย", "agc": "กรมส่งเสริมการปกครองท้องถิ่น", "plan_name": "ส่งเสริมการกระจายอำนาจให้แก่องค์กรปกครองส่วนท้องถิ่น", "stg_name": "ยุทธศาสตร์การบริหารกิจการบ้านเมืองที่ดี", "objc_level1_name": "งบลงทุน", "compare": [{"bb_amount": 3137400, "bb_province": "สงขลา"}], "gf_amount_sum": 0}
{"bb_code": "1500883002600GU2", "bb_year": "2559", "amount": 3136300, "min_code": "15000", "agc_code": "15008", "name": "ก่อสร้างถนนคอนกรีตเสริมเหล็ก สายบ้านงิ้ว - บ้านดงมุข ม.๘  กว้าง ๖ เมตร  ยาว ๑,๐๕๕ เมตร หนา ๐.๑๕ เมตร   อบต.เขือน้ำ อ.บ้านผือ จ.อุดรธานี", "min": "กระทรวงมหาดไทย", "agc": "กรมส่งเสริมการปกครองท้องถิ่น", "plan_name": "ส่งเสริมการกระจายอำนาจให้แก่องค์กรปกครองส่วนท้องถิ่น", "stg_name": "ยุทธศาสตร์การบริหารกิจการบ้านเมืองที่ดี", "objc_level1_name": "งบลงทุน", "compare": [{"bb_amount": 3136300, "bb_province": "อุดรธานี"}], "gf_amount_sum": 0}
{"bb_code": "1500822040600Y66", "bb_year": "2559", "amount": 3133800, "min_code": "15000", "agc_code": "15008", "name": "ก่อสร้างประปาหมู่บ้านประเภทบาดาลขนาดใหญ่มาก หมู่ที่ ๓ บ้านกือยา  รายละเอียดตามปริมาณงานและแบบแปลนที่กำหนด ทต.รูสะมิแล อ.เมือง จ.ปัตตานี", "min": "กระทรวงมหาดไทย", "agc": "กรมส่งเสริมการปกครองท้องถิ่น", "plan_name": "บริหารจัดการทรัพยากรน้ำ", "stg_name": "ยุทธศาสตร์เร่งรัดวางรากฐานการพัฒนาที่ยั่งยืนของประเทศ", "objc_level1_name": "งบลงทุน", "compare": [{"bb_amount": 3133800, "bb_province": "ปัตตานี"}], "gf_amount_sum": 0}
{"bb_code": "1500822040600CS5", "bb_year": "2559", "amount": 3132000, "min_code": "15000", "agc_code": "15008", "name": "ปรับปรุงซ่อมแซมสถานีสูบน้ำด้วยไฟฟ้า บ้านกำแพงดิน  ม.5 อบต.กำแพงดิน อ.สามง่าม จ.พิจิตร", "min": "กระทรวงมหาดไทย", "agc": "กรมส่งเสริมการปกครองท้องถิ่น", "plan_name": "บริหารจัดการทรัพยากรน้ำ", "stg_name": "ยุทธศาสตร์เร่งรัดวางรากฐานการพัฒนาที่ยั่งยืนของประเทศ", "objc_level1_name": "งบลงทุน", "compare": [{"bb_amount": 3132000, "bb_province": "พิจิตร"}], "gf_amount_sum": 0}
{"bb_code": "1500822040600729", "bb_year": "2559", "amount": 3131800, "min_code": "15000", "agc_code": "15008", "name": "ก่อสร้างประปาหมู่บ้านแบบบาดาลขนาดใหญ่ หมู่ที่ ๓ ตำบลหนองแฝก ตามแบบมาตรฐานกรมทรัพยากรน้ำ ทต.หนองแฝก อ.สารภี จ.เชียงใหม่", "min": "กระทรวงมหาดไทย", "agc": "กรมส่งเสริมการปกครองท้องถิ่น", "plan_name": "บริหารจัดการทรัพยากรน้ำ", "stg_name": "ยุทธศาสตร์เร่งรัดวางรากฐานการพัฒนาที่ยั่งยืนของประเทศ", "objc_level1_name": "งบลงทุน", "compare": [{"bb_amount": 3131800, "bb_province": "เชียงใหม่"}], "gf_amount_sum": 0}
{"bb_code": "1500822040600730", "bb_year": "2559", "amount": 3131800, "min_code": "15000", "agc_code": "15008", "name": "ก่อสร้างประปาหมู่บ้านแบบบาดาลขนาดใหญ่ หมู่ที่ ๘ บ้านสันป่าเดื่อ ตำบลหนองแฝก ตามแบบมาตรฐานกรมทรัพยากรน้ำ ทต.หนองแฝก อ.สารภี จ.เชียงใหม่", "min": "กระทรวงมหาดไทย", "agc": "กรมส่งเสริมการปกครองท้องถิ่น", "plan_name": "บริหารจัดการทรัพยากรน้ำ", "stg_name": "ยุทธศาสตร์เร่งรัดวางรากฐานการพัฒนาที่ยั่งยืนของประเทศ", "objc_level1_name": "งบลงทุน", "compare": [{"bb_amount": 3131800, "bb_province": "เชียงใหม่"}], "gf_amount_sum": 0}
{"bb_code": "1500822040600731", "bb_year": "2559", "amount": 3131800, "min_code": "15000", "agc_code": "15008", "name": "ก่อสร้างประปาหมู่บ้านแบบบาดาลขนาดใหญ่ หมู่ที่ ๙ บ้านสันป่าสักเหนือ ตำบลหนองแฝก ตามแบบมาตรฐานกรมทรัพยากรน้ำ ทต.หนองแฝก อ.สารภี จ.เชียงใหม่", "min": "กระทรวงมหาดไทย", "agc": "กรมส่งเสริมการปกครองท้องถิ่น", "plan_name": "บริหารจัดการทรัพยากรน้ำ", "stg_name": "ยุทธศาสตร์เร่งรัดวางรากฐานการพัฒนาที่ยั่งยืนของประเทศ", "objc_level1_name": "งบลงทุน", "compare": [{"bb_amount": 3131800, "bb_province": "เชียงใหม่"}], "gf_amount_sum": 0}
{"bb_code": "1500822040600R56", "bb_year": "2559", "amount": 3131600, "min_code": "15000", "agc_code": "15008", "name": "ก่อสร้างระบบประปาแบบผิวดินขนาดใหญ่ หมู่ที่ ๑ บ้านทับกระดาษ ตำบลนิคมกระเสียว ตามแบบมาตรฐานการประปานครหลวงกำหนด อบต.นิคมกระเสียว อ.ด่านช้าง จ.สุพรรณบุรี", "min": "กระทรวงมหาดไทย", "agc": "กรมส่งเสริมการปกครองท้องถิ่น", "plan_name": "บริหารจัดการทรัพยากรน้ำ", "stg_name": "ยุทธศาสตร์เร่งรัดวางรากฐานการพัฒนาที่ยั่งยืนของประเทศ", "objc_level1_name": "งบลงทุน", "compare": [{"bb_amount": 3131600, "bb_province": "สุพรรณบุรี"}], "gf_amount_sum": 0}
{"bb_code": "1500785013410057", "bb_year": "2559", "amount": 3131400, "min_code": "15000", "agc_code": "15007", "name": "โครงการปรับปรุงถนนในชุมชน สาย 4 แม่ปาล์ม หมู่ที่ 3 ตำบลปาล์มพัฒนา อำเภอมะนัง จังหวัดสตูล กว้าง 4 เมตร ระยะทาง 1.200 กิโลเมตร", "min": "กระทรวงมหาดไทย", "agc": "กรมโยธาธิการและผังเมือง", "plan_name": "แก้ไขปัญหาและพัฒนาจังหวัดชายแดนภาคใต้", "stg_name": "ยุทธศาสตร์เร่งรัดวางรากฐานการพัฒนาที่ยั่งยืนของประเทศ", "objc_level1_name": "งบลงทุน", "compare": [{"bb_amount": 3131400, "bb_province": "สตูล", "gf_amount": 3130000, "gf_province": "สตูล"}], "gf_amount_sum": 3130000}
{"bb_code": "1500785013410055", "bb_year": "2559", "amount": 3131400, "min_code": "15000", "agc_code": "15007", "name": "โครงการปรับปรุงถนนในชุมชน สายปลายซอย 1 เชื่อม กลางซอย 2 หมู่ที่ 3 ตำบลควนกาหลง อำเภอควนกาหลง จังหวัดสตูล กว้าง 4 เมตร ระยะ ทาง 1.200 กิโลเมตร", "min": "กระทรวงมหาดไทย", "agc": "กรมโยธาธิการและผังเมือง", "plan_name": "แก้ไขปัญหาและพัฒนาจังหวัดชายแดนภาคใต้", "stg_name": "ยุทธศาสตร์เร่งรัดวางรากฐานการพัฒนาที่ยั่งยืนของประเทศ", "objc_level1_name": "งบลงทุน", "compare": [{"bb_amount": 3131400, "bb_province": "สตูล", "gf_amount": 3130000, "gf_province": "สตูล"}], "gf_amount_sum": 3130000}
{"bb_code": "1500883002600FL4", "bb_year": "2559", "amount": 3129800, "min_code": "15000", "agc_code": "15008", "name": "ซ่อมแซมปรับปรุงผิวถนนคอนกรีตเสริมเหล็ก (เสริมผิวแอสฟัลท์ติกคอนกรีต) ทางเข้าถ้ำหลวงและอ่างเก็บน้ำห้วยชมพู ตำบลทุ่งกว๋าว กว้าง ๖ เมตร  ยาว ๑,๕๕๕ เมตร หนา ๐.๐๔ เมตร  อบต.ทุ่งกว๋าว อ.เมืองปาน จ.ลำปาง", "min": "กระทรวงมหาดไทย", "agc": "กรมส่งเสริมการปกครองท้องถิ่น", "plan_name": "ส่งเสริมการกระจายอำนาจให้แก่องค์กรปกครองส่วนท้องถิ่น", "stg_name": "ยุทธศาสตร์การบริหารกิจการบ้านเมืองที่ดี", "objc_level1_name": "งบลงทุน", "compare": [{"bb_amount": 3129800, "bb_province": "ลำปาง"}], "gf_amount_sum": 0}
{"bb_code": "1500883002600K75", "bb_year": "2559", "amount": 3129800, "min_code": "15000", "agc_code": "15008", "name": "ซ่อมแซมถนนลาดยางผิวจราจรแอสฟัลท์ติกคอนกรีต สายบ้านเชื่ยน - เกาะตาโพธิ์ จำนวน ๒ ช่วง หมู่ที่ ๒ บ้านเชี่ยน ตำบลบ้านเชี่ยน พื้นที่รวมไม่น้อยกว่า ๗,๐๕๐ ตารางเมตร ทต.บ้านเชี่ยน อ.หันคา จ.ชัยนาท", "min": "กระทรวงมหาดไทย", "agc": "กรมส่งเสริมการปกครองท้องถิ่น", "plan_name": "ส่งเสริมการกระจายอำนาจให้แก่องค์กรปกครองส่วนท้องถิ่น", "stg_name": "ยุทธศาสตร์การบริหารกิจการบ้านเมืองที่ดี", "objc_level1_name": "งบลงทุน", "compare": [{"bb_amount": 3129800, "bb_province": "ชัยนาท"}], "gf_amount_sum": 0}
{"bb_code": "1500883002600CJ2", "bb_year": "2559", "amount": 3129800, "min_code": "15000", "agc_code": "15008", "name": "ซ่อมสร้างถนนลาดยางแบบผิวจราจร Para Cape Seal (Type ๓) โดยวิธี pavement In - place Recycling สายสุขาภิบาลสุวรรณคูหา - บ้านนาดี  ตำบลนาดี ขนาดผิวจราจรกว้าง ๖.๐๐ เมตร ไหล่ทางข้างละ ๑.๐๐ เมตร ยาว ๑,๒๖๑ เม", "min": "กระทรวงมหาดไทย", "agc": "กรมส่งเสริมการปกครองท้องถิ่น", "plan_name": "ส่งเสริมการกระจายอำนาจให้แก่องค์กรปกครองส่วนท้องถิ่น", "stg_name": "ยุทธศาสตร์การบริหารกิจการบ้านเมืองที่ดี", "objc_level1_name": "งบลงทุน", "compare": [{"bb_amount": 3129800, "bb_province": "หนองบัวลำภู"}], "gf_amount_sum": 0}
{"bb_code": "1500883002600W86", "bb_year": "2559", "amount": 3129800, "min_code": "15000", "agc_code": "15008", "name": "ซ่อมแซมถนนแอสฟัลท์ติกคอนกรีต สายบ้านคลองโสน - บ้านหมื่นด่าน หมู่ที่  ๘ บ้านหมื่นด่าน ตำบลบ่อพลอย กว้าง ๘ เมตร ยาว ๑,๑๙๐ เมตร หนา ๐.๐๔ เมตร  อบต.บ่อพลอย อ.บ่อไร่ จ.ตราด", "min": "กระทรวงมหาดไทย", "agc": "กรมส่งเสริมการปกครองท้องถิ่น", "plan_name": "ส่งเสริมการกระจายอำนาจให้แก่องค์กรปกครองส่วนท้องถิ่น", "stg_name": "ยุทธศาสตร์การบริหารกิจการบ้านเมืองที่ดี", "objc_level1_name": "งบลงทุน", "compare": [{"bb_amount": 3129800, "bb_province": "ตราด"}], "gf_amount_sum": 0}
{"bb_code": "1500883002600S04", "bb_year": "2559", "amount": 3129800, "min_code": "15000", "agc_code": "15008", "name": "ปรับปรุงผิวจราจรลาดยาง Asphaltic Concrete สายบ้านวังหิน - บ้านหนองหัวรัง ตำบลย่านยาว, ตำบลบ้านสระ กว้าง ๖ เมตร ยาว ๑,๕๗๐ เมตร หนา ๐.๐๓ เมตร ไหล่ทาง Asphaltic Concrete กว้างข้างละ ๑ เมตร พื้นที่ไม่น้อย", "min": "กระทรวงมหาดไทย", "agc": "กรมส่งเสริมการปกครองท้องถิ่น", "plan_name": "ส่งเสริมการกระจายอำนาจให้แก่องค์กรปกครองส่วนท้องถิ่น", "stg_name": "ยุทธศาสตร์การบริหารกิจการบ้านเมืองที่ดี", "objc_level1_name": "งบลงทุน", "compare": [{"bb_amount": 3129800, "bb_province": "สุพรรณบุรี"}], "gf_amount_sum": 0}
