{"bb_code": "1500822040600X47", "bb_year": "2559", "amount": 3104300, "min_code": "15000", "agc_code": "15008", "name": "ก่อสร้างระบบประปาหมู่บ้านแบบบาดาลขนาดใหญ่ บ้านม่อนป่างิ้ว หมู่ที่ ๔ ตำบลฝายหลวง ตามแบบมาตรฐานกรมทรัพยากรน้ำ อบต.ฝายหลวง อ.ลับแล จ.อุตรดิตถ์", "min": "กระทรวงมหาดไทย", "agc": "กรมส่งเสริมการปกครองท้องถิ่น", "plan_name": "บริหารจัดการทรัพยากรน้ำ", "stg_name": "ยุทธศาสตร์เร่งรัดวางรากฐานการพัฒนาที่ยั่งยืนของประเทศ", "objc_level1_name": "งบลงทุน", "compare": [{"bb_amount": 3104300, "bb_province": "อุตรดิตถ์"}], "gf_amount_sum": 0}
{"bb_code": "1500822040600R77", "bb_year": "2559", "amount": 3104300, "min_code": "15000", "agc_code": "15008", "name": "ก่อสร้างระบบประปาผิวดินขนาดใหญ่ หมู่ที่ ๔ บ้านบึงกระเทียม ตำบลศาลาขาว ตามแบบมาตรฐานกรมทรัพยากรน้ำกำหนด อบต.ศาลาขาว อ.เมืองสุพรรณบุรี จ.สุพรรณบุรี", "min": "กระทรวงมหาดไทย", "agc": "กรมส่งเสริมการปกครองท้องถิ่น", "plan_name": "บริหารจัดการทรัพยากรน้ำ", "stg_name": "ยุทธศาสตร์เร่งรัดวางรากฐานการพัฒนาที่ยั่งยืนของประเทศ", "objc_level1_name": "งบลงทุน", "compare": [{"bb_amount": 3104300, "bb_province": "สุพรรณบุรี"}], "gf_amount_sum": 0}
{"bb_code": "1500822040600R78", "bb_year": "2559", "amount": 3104300, "min_code": "15000", "agc_code": "15008", "name": "ก่อสร้างระบบประปาผิวดินขนาดใหญ่ หมู่ที่ ๘ บ้านดอนแจง ตำบลศาลาขาว ตามแบบมาตรฐานกรมทรัพยากรน้ำกำหนด อบต.ศาลาขาว อ.เมืองสุพรรณบุรี จ.สุพรรณบุรี", "min": "กระทรวงมหาดไทย", "agc": "กรมส่งเสริมการปกครองท้องถิ่น", "plan_name": "บริหารจัดการทรัพยากรน้ำ", "stg_name": "ยุทธศาสตร์เร่งรัดวางรากฐานการพัฒนาที่ยั่งยืนของประเทศ", "objc_level1_name": "งบลงทุน", "compare": [{"bb_amount": 3104300, "bb_province": "สุพรรณบุรี"}], "gf_amount_sum": 0}
{"bb_code": "1500883002600M85", "bb_year": "2559", "amount": 3100900, "min_code": "15000", "agc_code": "15008", "name": "ซ่อมสร้างถนนลาดยาง Cape Seal สายบ้านสวนขวัญ  - บ้านหนองเจ๊กกวย ตำบลตลุกดู่ มีพื้นที่ไม่น้อยกว่า ๑๒,๘๐๐ ตารางเมตร อบจ.อุทัยธานี อ.ทัพทัน จ.อุทัยธานี", "min": "กระทรวงมหาดไทย", "agc": "กรมส่งเสริมการปกครองท้องถิ่น", "plan_name": "ส่งเสริมการกระจายอำนาจให้แก่องค์กรปกครองส่วนท้องถิ่น", "stg_name": "ยุทธศาสตร์การบริหารกิจการบ้านเมืองที่ดี", "objc_level1_name": "งบลงทุน", "compare": [{"bb_amount": 3100900, "bb_province": "อุทัยธานี"}], "gf_amount_sum": 0}
{"bb_code": "1500883002600EI5", "bb_year": "2559", "amount": 3100900, "min_code": "15000", "agc_code": "15008", "name": "ซ่อมสร้างถนนลาดยางแอสฟัลท์ติกคอนกรีต บ้านท่ามะขาม - โพธิ์แดน กว้าง ๖ เมตร ยาว ๗๒๗ เมตร หนา ๐.๐๕ เมตร ไหล่ทางกว้างข้างละ ๐.๕๐ เมตร  อบต.ไผ่ล้อม อ.บางกระทุ่ม จ.พิษณุโลก", "min": "กระทรวงมหาดไทย", "agc": "กรมส่งเสริมการปกครองท้องถิ่น", "plan_name": "ส่งเสริมการกระจายอำนาจให้แก่องค์กรปกครองส่วนท้องถิ่น", "stg_name": "ยุทธศาสตร์การบริหารกิจการบ้านเมืองที่ดี", "objc_level1_name": "งบลงทุน", "compare": [{"bb_amount": 3100900, "bb_province": "พิษณุโลก"}], "gf_amount_sum": 0}
{"bb_code": "1500883002600K06", "bb_year": "2559", "amount": 3100900, "min_code": "15000", "agc_code": "15008", "name": "ปรับปรุงซ่อมสร้างถนนแอสฟัลท์ติกคอนกรีต สายบ้านหนองใหญ่ หมู่ที่ ๑ - บ้านหนองชุมแสง หมู่ที่ ๑๓ กว้าง ๖ เมตร ยาว ๑,๒๑๐ เมตร หนา ๐.๐๕ เมตร ทต.หนองใหญ่ อ.หนองกุงศรี จ.กาฬสินธุ์", "min": "กระทรวงมหาดไทย", "agc": "กรมส่งเสริมการปกครองท้องถิ่น", "plan_name": "ส่งเสริมการกระจายอำนาจให้แก่องค์กรปกครองส่วนท้องถิ่น", "stg_name": "ยุทธศาสตร์การบริหารกิจการบ้านเมืองที่ดี", "objc_level1_name": "งบลงทุน", "compare": [{"bb_amount": 3100900, "bb_province": "กาฬสินธุ์"}], "gf_amount_sum": 0}
{"bb_code": "1500883002600M91", "bb_year": "2559", "amount": 3100900, "min_code": "15000", "agc_code": "15008", "name": "ซ่อมสร้างถนนลาดยาง Cape Seal สายบ้านหนองขาหย่าง - บ้านหนองโรง ตำบลหนองขาหย่าง มีพื้นที่ไม่น้อยกว่า ๑๒,๘๐๐ ตารางเมตร อบจ.อุทัยธานี อ.หนองขาหย่าง จ.อุทัยธานี", "min": "กระทรวงมหาดไทย", "agc": "กรมส่งเสริมการปกครองท้องถิ่น", "plan_name": "ส่งเสริมการกระจายอำนาจให้แก่องค์กรปกครองส่วนท้องถิ่น", "stg_name": "ยุทธศาสตร์การบริหารกิจการบ้านเมืองที่ดี", "objc_level1_name": "งบลงทุน", "compare": [{"bb_amount": 3100900, "bb_province": "อุทัยธานี"}], "gf_amount_sum": 0}
{"bb_code": "1500883002600DB8", "bb_year": "2559", "amount": 3098000, "min_code": "15000", "agc_code": "15008", "name": "ซ่อมแซมผิวจราจรถนน แบบแอสฟัลท์ติกคอนกรีต สายบ้านนาบัว-บ้านเวียงเหนือ (ช่วงบ้านเวียงใต้หมู่ที่ ๒ เชื่อม บ้านเวียงเหนือ  หมู่ที่ ๑ เชื่อม บ้านเวียงทองหมู่ที่ ๑๕) ตำบลเมืองยาว กว้าง ๖ เมตร ยาว ๑,๔๓๐ เมตร", "min": "กระทรวงมหาดไทย", "agc": "กรมส่งเสริมการปกครองท้องถิ่น", "plan_name": "ส่งเสริมการกระจายอำนาจให้แก่องค์กรปกครองส่วนท้องถิ่น", "stg_name": "ยุทธศาสตร์การบริหารกิจการบ้านเมืองที่ดี", "objc_level1_name": "งบลงทุน", "compare": [{"bb_amount": 3098000, "bb_province": "ลำปาง"}], "gf_amount_sum": 0}
{"bb_code": "1500720002410051", "bb_year": "2559", "amount": 3096400, "min_code": "15000", "agc_code": "15007", "name": "ค่าบำรุงรักษาและปรับปรุงซ่อมแซมเขื่อนป้องกันตลิ่ง สำนักงานโยธาธิการและผังเมืองจังหวัดตรัง ตำบลบ้านควน อำเภอเมืองตรัง จังหวัดตรัง", "min": "กระทรวงมหาดไทย", "agc": "กรมโยธาธิการและผังเมือง", "plan_name": "รักษาความมั่นคงของฐานทรัพยากรธรรมชาติและแก้ปัญหาที่ดินทำกิน", "stg_name": "ยุทธศาสตร์การจัดการทรัพยากรธรรมชาติและสิ่งแวดล้อม", "objc_level1_name": "งบลงทุน", "compare": [{"bb_amount": 3096400, "bb_province": "ตรัง", "gf_amount": 2842400, "gf_province": "ตรัง"}], "gf_amount_sum": 2842400}
{"bb_code": "1500822040600L62", "bb_year": "2559", "amount": 3096400, "min_code": "15000", "agc_code": "15008", "name": "ก่อสร้างระบบประปาหมู่บ้านแบบผิวดินขนาดใหญ่ บ้านแม่ปุแพะ หมู่ที่ ๖ ตำบลแม่ปุ ตามแบบมาตรฐานกรมทรัพยากรน้ำ ทต.แม่ปุ อ.แม่พริก จ.ลำปาง", "min": "กระทรวงมหาดไทย", "agc": "กรมส่งเสริมการปกครองท้องถิ่น", "plan_name": "บริหารจัดการทรัพยากรน้ำ", "stg_name": "ยุทธศาสตร์เร่งรัดวางรากฐานการพัฒนาที่ยั่งยืนของประเทศ", "objc_level1_name": "งบลงทุน", "compare": [{"bb_amount": 3096400, "bb_province": "ลำปาง"}], "gf_amount_sum": 0}
{"bb_code": "1500822040600F61", "bb_year": "2559", "amount": 3091500, "min_code": "15000", "agc_code": "15008", "name": "ก่อสร้างระบบประปาหมู่บ้าน แบบบาดาลขนาดใหญ่ บ้านเพิ่มนคร หมู่ที่ ๑๔ ตำบลเนินเพิ่ม ตามแบบมาตรฐานกรมทรัพยากรน้ำ พร้อมวางท่อระบบจ่ายน้ำ อบต.เนินเพิ่ม อ.นครไทย จ.พิษณุโลก", "min": "กระทรวงมหาดไทย", "agc": "กรมส่งเสริมการปกครองท้องถิ่น", "plan_name": "บริหารจัดการทรัพยากรน้ำ", "stg_name": "ยุทธศาสตร์เร่งรัดวางรากฐานการพัฒนาที่ยั่งยืนของประเทศ", "objc_level1_name": "งบลงทุน", "compare": [{"bb_amount": 3091500, "bb_province": "พิษณุโลก"}], "gf_amount_sum": 0}
{"bb_code": "1500883002600GO3", "bb_year": "2559", "amount": 3091200, "min_code": "15000", "agc_code": "15008", "name": "ซ่อมแซมถนนลาดยางผิวจราจรแอสฟัลท์ติกคอนกรีต สายถนนมิตรภาพ อด ๒๑๑๐ - บ้านทับล้อ ม.๑๔  ยาว ๑,๐๐๐ เมตร  มีพื้นที่ไม่น้อยกว่า ๘,๐๐๐ ตารางเมตร ทต.ปะโค อ.กุมภวาปี จ.อุดรธานี", "min": "กระทรวงมหาดไทย", "agc": "กรมส่งเสริมการปกครองท้องถิ่น", "plan_name": "ส่งเสริมการกระจายอำนาจให้แก่องค์กรปกครองส่วนท้องถิ่น", "stg_name": "ยุทธศาสตร์การบริหารกิจการบ้านเมืองที่ดี", "objc_level1_name": "งบลงทุน", "compare": [{"bb_amount": 3091200, "bb_province": "อุดรธานี"}], "gf_amount_sum": 0}
{"bb_code": "1500883002600GN3", "bb_year": "2559", "amount": 3091200, "min_code": "15000", "agc_code": "15008", "name": "ซ่อมสร้างผิวทางแอสฟัลท์คอนกรีตปรับปรุงคุณภาพด้วยยางธรรมชาติ โดยวิธี Pavement in - place Recycling บ้านหนองแวง ม.๓  กว้าง ๖ เมตร  ยาว ๑,๐๐๐ เมตร  ทต.จำปี อ.ศรีธาตุ จ.อุดรธานี", "min": "กระทรวงมหาดไทย", "agc": "กรมส่งเสริมการปกครองท้องถิ่น", "plan_name": "ส่งเสริมการกระจายอำนาจให้แก่องค์กรปกครองส่วนท้องถิ่น", "stg_name": "ยุทธศาสตร์การบริหารกิจการบ้านเมืองที่ดี", "objc_level1_name": "งบลงทุน", "compare": [{"bb_amount": 3091200, "bb_province": "อุดรธานี"}], "gf_amount_sum": 0}
{"bb_code": "1500883002600GO7", "bb_year": "2559", "amount": 3091200, "min_code": "15000", "agc_code": "15008", "name": "ปรับปรุงผิวจราจรลาดยางแอสฟัลท์ติกคอนกรีต สายบ้านหัวขัว - บ้านดงน้อย  กว้าง ๖ เมตร  ยาว ๑,๕๕๕ เมตร หนา ๐.๐๔ เมตร   ทต.เมืองเพีย อ.กุดจับ จ.อุดรธานี", "min": "กระทรวงมหาดไทย", "agc": "กรมส่งเสริมการปกครองท้องถิ่น", "plan_name": "ส่งเสริมการกระจายอำนาจให้แก่องค์กรปกครองส่วนท้องถิ่น", "stg_name": "ยุทธศาสตร์การบริหารกิจการบ้านเมืองที่ดี", "objc_level1_name": "งบลงทุน", "compare": [{"bb_amount": 3091200, "bb_province": "อุดรธานี"}], "gf_amount_sum": 0}
{"bb_code": "1500883002600HV7", "bb_year": "2559", "amount": 3091200, "min_code": "15000", "agc_code": "15008", "name": "ซ่อมสร้างถนนลาดยางแอสฟัลท์ติกคอนกรีต สายทางบ้านยางซอง หมู่ที่ ๓ - บ้านนาทราย หมู่ที่ ๗ กว้าง ๖ เมตร ยาว ๑,๐๐๐ เมตร หนา ๐.๐๕ เมตร อบต.นาบัว อ.เพ็ญ จ.อุดรธานี", "min": "กระทรวงมหาดไทย", "agc": "กรมส่งเสริมการปกครองท้องถิ่น", "plan_name": "ส่งเสริมการกระจายอำนาจให้แก่องค์กรปกครองส่วนท้องถิ่น", "stg_name": "ยุทธศาสตร์การบริหารกิจการบ้านเมืองที่ดี", "objc_level1_name": "งบลงทุน", "compare": [{"bb_amount": 3091200, "bb_province": "อุดรธานี"}], "gf_amount_sum": 0}
{"bb_code": "1500883002600HV4", "bb_year": "2559", "amount": 3091200, "min_code": "15000", "agc_code": "15008", "name": "ปรับปรุงถนนลาดยางผิวทางแบบแอสฟัลท์ติกคอนกรีต โดยวิธี Pavement In-Place Recycling สายบ้านท่าหนองเทา หมู่ที่ ๒ - บ้านท่าม่วง หมู่ที่ ๓ กว้าง ๖ เมตร ยาว ๑,๐๕๗ เมตร หนา ๐.๐๓ เมตร ทต.เวียงคำ อ.กุมภวาปี จ.อ", "min": "กระทรวงมหาดไทย", "agc": "กรมส่งเสริมการปกครองท้องถิ่น", "plan_name": "ส่งเสริมการกระจายอำนาจให้แก่องค์กรปกครองส่วนท้องถิ่น", "stg_name": "ยุทธศาสตร์การบริหารกิจการบ้านเมืองที่ดี", "objc_level1_name": "งบลงทุน", "compare": [{"bb_amount": 3091200, "bb_province": "อุดรธานี"}], "gf_amount_sum": 0}
{"bb_code": "1500883002600GQ1", "bb_year": "2559", "amount": 3091200, "min_code": "15000", "agc_code": "15008", "name": "ก่อสร้างวางท่อระบายน้ำและขยายผิวจราจรคอนกรีตเสริมเหล็ก สายบ้านบ่อน้ำ - บ้านเลื่อม (ซ้ายทางและขวาทาง) ชุมชนบ้านบ่อน้ำ ม.๗  เส้นผ่าศูนย์กลาง ๐.๖๐ เมตร  พร้อมบ่อพักสำเร็จรูป  กว้าง ๑.๕๐ เมตร  ยาว ๑,๐๑๒ เ", "min": "กระทรวงมหาดไทย", "agc": "กรมส่งเสริมการปกครองท้องถิ่น", "plan_name": "ส่งเสริมการกระจายอำนาจให้แก่องค์กรปกครองส่วนท้องถิ่น", "stg_name": "ยุทธศาสตร์การบริหารกิจการบ้านเมืองที่ดี", "objc_level1_name": "งบลงทุน", "compare": [{"bb_amount": 3091200, "bb_province": "อุดรธานี"}], "gf_amount_sum": 0}
{"bb_code": "1500883002600GZ2", "bb_year": "2559", "amount": 3091200, "min_code": "15000", "agc_code": "15008", "name": "ปรับปรุงถนนลาดยาง โดยวิธี Pavement in - place Recycling  สายบ้านหนองนาคำ - บ้านวังหน้าผา  กว้าง ๖ เมตร  ยาว ๑,๔๐๐ เมตร  พื้นที่ไม่น้อยกว่า ๘,๔๐๐ ตารางเมตร อบต.เสอเพลอ อ.กุมภวาปี จ.อุดรธานี", "min": "กระทรวงมหาดไทย", "agc": "กรมส่งเสริมการปกครองท้องถิ่น", "plan_name": "ส่งเสริมการกระจายอำนาจให้แก่องค์กรปกครองส่วนท้องถิ่น", "stg_name": "ยุทธศาสตร์การบริหารกิจการบ้านเมืองที่ดี", "objc_level1_name": "งบลงทุน", "compare": [{"bb_amount": 3091200, "bb_province": "อุดรธานี"}], "gf_amount_sum": 0}
{"bb_code": "1500883002600GV1", "bb_year": "2559", "amount": 3091200, "min_code": "15000", "agc_code": "15008", "name": "ปรับปรุงบำรุงรักษาถนนลาดยาง  สายทางหลวงหมายเลข ๒๓๑๒ - บ้านไทย ม.๒  กว้าง ๖ เมตร  ยาว ๔,๔๓๐ เมตร   อบต.ดอนกลอย อ.พิบูลย์รักษ์ จ.อุดรธานี", "min": "กระทรวงมหาดไทย", "agc": "กรมส่งเสริมการปกครองท้องถิ่น", "plan_name": "ส่งเสริมการกระจายอำนาจให้แก่องค์กรปกครองส่วนท้องถิ่น", "stg_name": "ยุทธศาสตร์การบริหารกิจการบ้านเมืองที่ดี", "objc_level1_name": "งบลงทุน", "compare": [{"bb_amount": 3091200, "bb_province": "อุดรธานี"}], "gf_amount_sum": 0}
{"bb_code": "1500883002600GP4", "bb_year": "2559", "amount": 3091200, "min_code": "15000", "agc_code": "15008", "name": "ซ่อมสร้างถนนลาดยางผิวพาราเคพซีล สาย ๓๑๕๔ บ้านหนองบัวบาน ม.๒ - วัดป่านิโครธาราม  กว้าง ๖ เมตร  ยาว ๑,๐๐๐ เมตร พื้นที่ไม่น้อยกว่า ๖,๐๐๐ ตารางเมตร ทต.หนองบัวบาน อ.หนองวัวซอ จ.อุดรธานี", "min": "กระทรวงมหาดไทย", "agc": "กรมส่งเสริมการปกครองท้องถิ่น", "plan_name": "ส่งเสริมการกระจายอำนาจให้แก่องค์กรปกครองส่วนท้องถิ่น", "stg_name": "ยุทธศาสตร์การบริหารกิจการบ้านเมืองที่ดี", "objc_level1_name": "งบลงทุน", "compare": [{"bb_amount": 3091200, "bb_province": "อุดรธานี"}], "gf_amount_sum": 0}
