{"bb_code": "1500883002600E51", "bb_year": "2559", "amount": 2956000, "min_code": "15000", "agc_code": "15008", "name": "ก่อสร้างอาคารศูนย์พัฒนาเด็กเล็ก (สถ.ศพด.3) องค์การบริหารส่วนตำบลกุดดู่ อำเภอโนนสัง จังหวัดหนองบัวลำภู", "min": "กระทรวงมหาดไทย", "agc": "กรมส่งเสริมการปกครองท้องถิ่น", "plan_name": "ส่งเสริมการกระจายอำนาจให้แก่องค์กรปกครองส่วนท้องถิ่น", "stg_name": "ยุทธศาสตร์การบริหารกิจการบ้านเมืองที่ดี", "objc_level1_name": "งบลงทุน", "compare": [{"bb_amount": 2956000, "bb_province": "หนองบัวลำภู"}], "gf_amount_sum": 0}
{"bb_code": "1500883002600E50", "bb_year": "2559", "amount": 2956000, "min_code": "15000", "agc_code": "15008", "name": "ก่อสร้างอาคารศูนย์พัฒนาเด็กเล็ก (สถ.ศพด.3) เทศบาลเมืองลัดหลวง อำเภอพระประแดง จังหวัดสมุทรปราการ", "min": "กระทรวงมหาดไทย", "agc": "กรมส่งเสริมการปกครองท้องถิ่น", "plan_name": "ส่งเสริมการกระจายอำนาจให้แก่องค์กรปกครองส่วนท้องถิ่น", "stg_name": "ยุทธศาสตร์การบริหารกิจการบ้านเมืองที่ดี", "objc_level1_name": "งบลงทุน", "compare": [{"bb_amount": 2956000, "bb_province": "สมุทรปราการ"}], "gf_amount_sum": 0}
{"bb_code": "1500883002600A57", "bb_year": "2559", "amount": 2956000, "min_code": "15000", "agc_code": "15008", "name": "ก่อสร้างอาคารศูนย์พัฒนาเด็กเล็ก (สถ.ศพด.3) องค์การบริหารส่วนตำบลน้ำอ้อม อำเภอค้อวัง จังหวัดยโสธร", "min": "กระทรวงมหาดไทย", "agc": "กรมส่งเสริมการปกครองท้องถิ่น", "plan_name": "ส่งเสริมการกระจายอำนาจให้แก่องค์กรปกครองส่วนท้องถิ่น", "stg_name": "ยุทธศาสตร์การบริหารกิจการบ้านเมืองที่ดี", "objc_level1_name": "งบลงทุน", "compare": [{"bb_amount": 2956000, "bb_province": "ยโสธร"}], "gf_amount_sum": 0}
{"bb_code": "1500883002600E49", "bb_year": "2559", "amount": 2956000, "min_code": "15000", "agc_code": "15008", "name": "ก่อสร้างอาคารศูนย์พัฒนาเด็กเล็ก (สถ.ศพด.3) เทศบาลตำบลบางเสาธง อำเภอบางเสาธง จังหวัดสมุทรปราการ", "min": "กระทรวงมหาดไทย", "agc": "กรมส่งเสริมการปกครองท้องถิ่น", "plan_name": "ส่งเสริมการกระจายอำนาจให้แก่องค์กรปกครองส่วนท้องถิ่น", "stg_name": "ยุทธศาสตร์การบริหารกิจการบ้านเมืองที่ดี", "objc_level1_name": "งบลงทุน", "compare": [{"bb_amount": 2956000, "bb_province": "สมุทรปราการ"}], "gf_amount_sum": 0}
{"bb_code": "1500883002600D88", "bb_year": "2559", "amount": 2956000, "min_code": "15000", "agc_code": "15008", "name": "ก่อสร้างอาคารศูนย์พัฒนาเด็กเล็ก (สถ.ศพด.3) องค์การบริหารส่วนตำบลท่าคล้อ อำเภอเบญจลักษ์ จังหวัดศรีสะเกษ", "min": "กระทรวงมหาดไทย", "agc": "กรมส่งเสริมการปกครองท้องถิ่น", "plan_name": "ส่งเสริมการกระจายอำนาจให้แก่องค์กรปกครองส่วนท้องถิ่น", "stg_name": "ยุทธศาสตร์การบริหารกิจการบ้านเมืองที่ดี", "objc_level1_name": "งบลงทุน", "compare": [{"bb_amount": 2956000, "bb_province": "ศรีสะเกษ"}], "gf_amount_sum": 0}
{"bb_code": "1500883002600A58", "bb_year": "2559", "amount": 2956000, "min_code": "15000", "agc_code": "15008", "name": "ก่อสร้างอาคารศูนย์พัฒนาเด็กเล็ก (สถ.ศพด.3) เทศบาลตำบลหลุบ อำเภอเมืองกาฬสินธุ์ จังหวัดกาฬสินธุ์", "min": "กระทรวงมหาดไทย", "agc": "กรมส่งเสริมการปกครองท้องถิ่น", "plan_name": "ส่งเสริมการกระจายอำนาจให้แก่องค์กรปกครองส่วนท้องถิ่น", "stg_name": "ยุทธศาสตร์การบริหารกิจการบ้านเมืองที่ดี", "objc_level1_name": "งบลงทุน", "compare": [{"bb_amount": 2956000, "bb_province": "กาฬสินธุ์"}], "gf_amount_sum": 0}
{"bb_code": "1500883002600D23", "bb_year": "2559", "amount": 2956000, "min_code": "15000", "agc_code": "15008", "name": "ก่อสร้างอาคารศูนย์พัฒนาเด็กเล็ก (สถ.ศพด.3) เทศบาลตำบลสบปราบ อำเภอสบปราบ จังหวัดลำปาง", "min": "กระทรวงมหาดไทย", "agc": "กรมส่งเสริมการปกครองท้องถิ่น", "plan_name": "ส่งเสริมการกระจายอำนาจให้แก่องค์กรปกครองส่วนท้องถิ่น", "stg_name": "ยุทธศาสตร์การบริหารกิจการบ้านเมืองที่ดี", "objc_level1_name": "งบลงทุน", "compare": [{"bb_amount": 2956000, "bb_province": "ลำปาง"}], "gf_amount_sum": 0}
{"bb_code": "1500883002600D89", "bb_year": "2559", "amount": 2956000, "min_code": "15000", "agc_code": "15008", "name": "ก่อสร้างอาคารศูนย์พัฒนาเด็กเล็ก (สถ.ศพด.3) เทศบาลตำบลกุมภวาปี อำเภอกุมภวาปี จังหวัดอุดรธานี", "min": "กระทรวงมหาดไทย", "agc": "กรมส่งเสริมการปกครองท้องถิ่น", "plan_name": "ส่งเสริมการกระจายอำนาจให้แก่องค์กรปกครองส่วนท้องถิ่น", "stg_name": "ยุทธศาสตร์การบริหารกิจการบ้านเมืองที่ดี", "objc_level1_name": "งบลงทุน", "compare": [{"bb_amount": 2956000, "bb_province": "อุดรธานี"}], "gf_amount_sum": 0}
{"bb_code": "1500883002600E56", "bb_year": "2559", "amount": 2956000, "min_code": "15000", "agc_code": "15008", "name": "ก่อสร้างอาคารศูนย์พัฒนาเด็กเล็ก (สถ.ศพด.3) เทศบาลตำบลหนองแก อำเภอศรีบุญเรือง จังหวัดหนองบัวลำภู", "min": "กระทรวงมหาดไทย", "agc": "กรมส่งเสริมการปกครองท้องถิ่น", "plan_name": "ส่งเสริมการกระจายอำนาจให้แก่องค์กรปกครองส่วนท้องถิ่น", "stg_name": "ยุทธศาสตร์การบริหารกิจการบ้านเมืองที่ดี", "objc_level1_name": "งบลงทุน", "compare": [{"bb_amount": 2956000, "bb_province": "หนองบัวลำภู"}], "gf_amount_sum": 0}
{"bb_code": "1500883002600D86", "bb_year": "2559", "amount": 2956000, "min_code": "15000", "agc_code": "15008", "name": "ก่อสร้างอาคารศูนย์พัฒนาเด็กเล็ก (สถ.ศพด.3) องค์การบริหารส่วนตำบลน้ำเกลี้ยง อำเภอน้ำเกลี้ยง จังหวัดศรีสะเกษ", "min": "กระทรวงมหาดไทย", "agc": "กรมส่งเสริมการปกครองท้องถิ่น", "plan_name": "ส่งเสริมการกระจายอำนาจให้แก่องค์กรปกครองส่วนท้องถิ่น", "stg_name": "ยุทธศาสตร์การบริหารกิจการบ้านเมืองที่ดี", "objc_level1_name": "งบลงทุน", "compare": [{"bb_amount": 2956000, "bb_province": "ศรีสะเกษ"}], "gf_amount_sum": 0}
{"bb_code": "1500883002600E57", "bb_year": "2559", "amount": 2956000, "min_code": "15000", "agc_code": "15008", "name": "ก่อสร้างอาคารศูนย์พัฒนาเด็กเล็ก (สถ.ศพด.3) องค์การบริหารส่วนตำบลสารภี อำเภอโพธิ์ไทร จังหวัดอุบลราชธานี", "min": "กระทรวงมหาดไทย", "agc": "กรมส่งเสริมการปกครองท้องถิ่น", "plan_name": "ส่งเสริมการกระจายอำนาจให้แก่องค์กรปกครองส่วนท้องถิ่น", "stg_name": "ยุทธศาสตร์การบริหารกิจการบ้านเมืองที่ดี", "objc_level1_name": "งบลงทุน", "compare": [{"bb_amount": 2956000, "bb_province": "อุบลราชธานี"}], "gf_amount_sum": 0}
{"bb_code": "1500883002600B63", "bb_year": "2559", "amount": 2956000, "min_code": "15000", "agc_code": "15008", "name": "ก่อสร้างอาคารศูนย์พัฒนาเด็กเล็ก (สถ.ศพด.3) เทศบาลตำบลพระลับ อำเภอเมืองขอนแก่น จังหวัดขอนแก่น", "min": "กระทรวงมหาดไทย", "agc": "กรมส่งเสริมการปกครองท้องถิ่น", "plan_name": "ส่งเสริมการกระจายอำนาจให้แก่องค์กรปกครองส่วนท้องถิ่น", "stg_name": "ยุทธศาสตร์การบริหารกิจการบ้านเมืองที่ดี", "objc_level1_name": "งบลงทุน", "compare": [{"bb_amount": 2956000, "bb_province": "ขอนแก่น"}], "gf_amount_sum": 0}
{"bb_code": "1500883002600D87", "bb_year": "2559", "amount": 2956000, "min_code": "15000", "agc_code": "15008", "name": "ก่อสร้างอาคารศูนย์พัฒนาเด็กเล็ก (สถ.ศพด.3) องค์การบริหารส่วนตำบลเป๊าะ อำเภอบึงบูรพ์ จังหวัดศรีสะเกษ", "min": "กระทรวงมหาดไทย", "agc": "กรมส่งเสริมการปกครองท้องถิ่น", "plan_name": "ส่งเสริมการกระจายอำนาจให้แก่องค์กรปกครองส่วนท้องถิ่น", "stg_name": "ยุทธศาสตร์การบริหารกิจการบ้านเมืองที่ดี", "objc_level1_name": "งบลงทุน", "compare": [{"bb_amount": 2956000, "bb_province": "ศรีสะเกษ"}], "gf_amount_sum": 0}
{"bb_code": "1500883002600E53", "bb_year": "2559", "amount": 2956000, "min_code": "15000", "agc_code": "15008", "name": "ก่อสร้างอาคารศูนย์พัฒนาเด็กเล็ก (สถ.ศพด.3) องค์การบริหารส่วนตำบลไร่ใต้ อำเภอพิบูลมังสาหาร จังหวัดอุบลราชธานี", "min": "กระทรวงมหาดไทย", "agc": "กรมส่งเสริมการปกครองท้องถิ่น", "plan_name": "ส่งเสริมการกระจายอำนาจให้แก่องค์กรปกครองส่วนท้องถิ่น", "stg_name": "ยุทธศาสตร์การบริหารกิจการบ้านเมืองที่ดี", "objc_level1_name": "งบลงทุน", "compare": [{"bb_amount": 2956000, "bb_province": "อุบลราชธานี"}], "gf_amount_sum": 0}
{"bb_code": "1500883002600E55", "bb_year": "2559", "amount": 2956000, "min_code": "15000", "agc_code": "15008", "name": "ก่อสร้างอาคารศูนย์พัฒนาเด็กเล็ก (สถ.ศพด.3) องค์การบริหารส่วนตำบลป่าไม้งาม อำเภอเมืองหนองบัวลำภู จังหวัดหนองบัวลำภู", "min": "กระทรวงมหาดไทย", "agc": "กรมส่งเสริมการปกครองท้องถิ่น", "plan_name": "ส่งเสริมการกระจายอำนาจให้แก่องค์กรปกครองส่วนท้องถิ่น", "stg_name": "ยุทธศาสตร์การบริหารกิจการบ้านเมืองที่ดี", "objc_level1_name": "งบลงทุน", "compare": [{"bb_amount": 2956000, "bb_province": "หนองบัวลำภู"}], "gf_amount_sum": 0}
{"bb_code": "1500883002600E54", "bb_year": "2559", "amount": 2956000, "min_code": "15000", "agc_code": "15008", "name": "ก่อสร้างอาคารศูนย์พัฒนาเด็กเล็ก (สถ.ศพด.3) เทศบาลตำบลแหลมฟ้าผ่า อำเภอพระสมุทรเจดีย์ จังหวัดสมุทรปราการ", "min": "กระทรวงมหาดไทย", "agc": "กรมส่งเสริมการปกครองท้องถิ่น", "plan_name": "ส่งเสริมการกระจายอำนาจให้แก่องค์กรปกครองส่วนท้องถิ่น", "stg_name": "ยุทธศาสตร์การบริหารกิจการบ้านเมืองที่ดี", "objc_level1_name": "งบลงทุน", "compare": [{"bb_amount": 2956000, "bb_province": "สมุทรปราการ"}], "gf_amount_sum": 0}
{"bb_code": "1500883002600E92", "bb_year": "2559", "amount": 2956000, "min_code": "15000", "agc_code": "15008", "name": "ก่อสร้างอาคารศูนย์พัฒนาเด็กเล็ก (สถ.ศพด.3) เทศบาลตำบลเขานิพันธ์ อำเภอเวียงสระ จังหวัดสุราษฎร์ธานี", "min": "กระทรวงมหาดไทย", "agc": "กรมส่งเสริมการปกครองท้องถิ่น", "plan_name": "ส่งเสริมการกระจายอำนาจให้แก่องค์กรปกครองส่วนท้องถิ่น", "stg_name": "ยุทธศาสตร์การบริหารกิจการบ้านเมืองที่ดี", "objc_level1_name": "งบลงทุน", "compare": [{"bb_amount": 2956000, "bb_province": "สุราษฎร์ธานี"}], "gf_amount_sum": 0}
{"bb_code": "1500883002600D22", "bb_year": "2559", "amount": 2956000, "min_code": "15000", "agc_code": "15008", "name": "ก่อสร้างอาคารศูนย์พัฒนาเด็กเล็ก (สถ.ศพด.3) องค์การบริหารส่วนตำบลวังทรายคำ อำเภอวังเหนือ จังหวัดลำปาง", "min": "กระทรวงมหาดไทย", "agc": "กรมส่งเสริมการปกครองท้องถิ่น", "plan_name": "ส่งเสริมการกระจายอำนาจให้แก่องค์กรปกครองส่วนท้องถิ่น", "stg_name": "ยุทธศาสตร์การบริหารกิจการบ้านเมืองที่ดี", "objc_level1_name": "งบลงทุน", "compare": [{"bb_amount": 2956000, "bb_province": "ลำปาง"}], "gf_amount_sum": 0}
{"bb_code": "1500883002600D94", "bb_year": "2559", "amount": 2956000, "min_code": "15000", "agc_code": "15008", "name": "ก่อสร้างอาคารศูนย์พัฒนาเด็กเล็ก (สถ.ศพด.3) เทศบาลตำบลน้ำคำ อำเภอเมืองศรีสะเกษ จังหวัดศรีสะเกษ", "min": "กระทรวงมหาดไทย", "agc": "กรมส่งเสริมการปกครองท้องถิ่น", "plan_name": "ส่งเสริมการกระจายอำนาจให้แก่องค์กรปกครองส่วนท้องถิ่น", "stg_name": "ยุทธศาสตร์การบริหารกิจการบ้านเมืองที่ดี", "objc_level1_name": "งบลงทุน", "compare": [{"bb_amount": 2956000, "bb_province": "ศรีสะเกษ"}], "gf_amount_sum": 0}
{"bb_code": "1500883002600E98", "bb_year": "2559", "amount": 2956000, "min_code": "15000", "agc_code": "15008", "name": "ก่อสร้างอาคารศูนย์พัฒนาเด็กเล็ก (สถ.ศพด.3) เทศบาลตำบลท่าสาย อำเภอเมืองเชียงราย จังหวัดเชียงราย", "min": "กระทรวงมหาดไทย", "agc": "กรมส่งเสริมการปกครองท้องถิ่น", "plan_name": "ส่งเสริมการกระจายอำนาจให้แก่องค์กรปกครองส่วนท้องถิ่น", "stg_name": "ยุทธศาสตร์การบริหารกิจการบ้านเมืองที่ดี", "objc_level1_name": "งบลงทุน", "compare": [{"bb_amount": 2956000, "bb_province": "เชียงราย"}], "gf_amount_sum": 0}
