{"bb_code": "1500883002600D35", "bb_year": "2559", "amount": 2956000, "min_code": "15000", "agc_code": "15008", "name": "ก่อสร้างอาคารศูนย์พัฒนาเด็กเล็ก (สถ.ศพด.3) เทศบาลตำบลส่องดาว อำเภอส่องดาว จังหวัดสกลนคร", "min": "กระทรวงมหาดไทย", "agc": "กรมส่งเสริมการปกครองท้องถิ่น", "plan_name": "ส่งเสริมการกระจายอำนาจให้แก่องค์กรปกครองส่วนท้องถิ่น", "stg_name": "ยุทธศาสตร์การบริหารกิจการบ้านเมืองที่ดี", "objc_level1_name": "งบลงทุน", "compare": [{"bb_amount": 2956000, "bb_province": "สกลนคร"}], "gf_amount_sum": 0}
{"bb_code": "1500883002600A25", "bb_year": "2559", "amount": 2956000, "min_code": "15000", "agc_code": "15008", "name": "ก่อสร้างอาคารศูนย์พัฒนาเด็กเล็ก (สถ.ศพด.3) องค์การบริหารส่วนตำบลแคน อำเภอวาปีปทุม จังหวัดมหาสารคาม", "min": "กระทรวงมหาดไทย", "agc": "กรมส่งเสริมการปกครองท้องถิ่น", "plan_name": "ส่งเสริมการกระจายอำนาจให้แก่องค์กรปกครองส่วนท้องถิ่น", "stg_name": "ยุทธศาสตร์การบริหารกิจการบ้านเมืองที่ดี", "objc_level1_name": "งบลงทุน", "compare": [{"bb_amount": 2956000, "bb_province": "มหาสารคาม"}], "gf_amount_sum": 0}
{"bb_code": "1500883002600A06", "bb_year": "2559", "amount": 2956000, "min_code": "15000", "agc_code": "15008", "name": "ก่อสร้างอาคารศูนย์พัฒนาเด็กเล็ก (สถ.ศพด.3) องค์การบริหารส่วนตำบลกุดค้าว อำเภอกุฉินารายณ์ จังหวัดกาฬสินธุ์", "min": "กระทรวงมหาดไทย", "agc": "กรมส่งเสริมการปกครองท้องถิ่น", "plan_name": "ส่งเสริมการกระจายอำนาจให้แก่องค์กรปกครองส่วนท้องถิ่น", "stg_name": "ยุทธศาสตร์การบริหารกิจการบ้านเมืองที่ดี", "objc_level1_name": "งบลงทุน", "compare": [{"bb_amount": 2956000, "bb_province": "กาฬสินธุ์"}], "gf_amount_sum": 0}
{"bb_code": "1500883002600976", "bb_year": "2559", "amount": 2956000, "min_code": "15000", "agc_code": "15008", "name": "ก่อสร้างอาคารศูนย์พัฒนาเด็กเล็ก (สถ.ศพด.3) เทศบาลตำบลหาดเจ้าสำราญ อำเภอเมืองเพชรบุรี จังหวัดเพชรบุรี", "min": "กระทรวงมหาดไทย", "agc": "กรมส่งเสริมการปกครองท้องถิ่น", "plan_name": "ส่งเสริมการกระจายอำนาจให้แก่องค์กรปกครองส่วนท้องถิ่น", "stg_name": "ยุทธศาสตร์การบริหารกิจการบ้านเมืองที่ดี", "objc_level1_name": "งบลงทุน", "compare": [{"bb_amount": 2956000, "bb_province": "เพชรบุรี"}], "gf_amount_sum": 0}
{"bb_code": "1500883002600A68", "bb_year": "2559", "amount": 2956000, "min_code": "15000", "agc_code": "15008", "name": "ก่อสร้างอาคารศูนย์พัฒนาเด็กเล็ก (สถ.ศพด.3) เทศบาลตำบลปากนคร อำเภอเมือง จังหวัดนครศรีธรรมราช", "min": "กระทรวงมหาดไทย", "agc": "กรมส่งเสริมการปกครองท้องถิ่น", "plan_name": "ส่งเสริมการกระจายอำนาจให้แก่องค์กรปกครองส่วนท้องถิ่น", "stg_name": "ยุทธศาสตร์การบริหารกิจการบ้านเมืองที่ดี", "objc_level1_name": "งบลงทุน", "compare": [{"bb_amount": 2956000, "bb_province": "นครศรีธรรมราช"}], "gf_amount_sum": 0}
{"bb_code": "1500883002600A67", "bb_year": "2559", "amount": 2956000, "min_code": "15000", "agc_code": "15008", "name": "ก่อสร้างอาคารศูนย์พัฒนาเด็กเล็ก (สถ.ศพด.3) องค์การบริหารส่วนตำบลสามแยก อำเภอเลิงนกทา จังหวัดยโสธร", "min": "กระทรวงมหาดไทย", "agc": "กรมส่งเสริมการปกครองท้องถิ่น", "plan_name": "ส่งเสริมการกระจายอำนาจให้แก่องค์กรปกครองส่วนท้องถิ่น", "stg_name": "ยุทธศาสตร์การบริหารกิจการบ้านเมืองที่ดี", "objc_level1_name": "งบลงทุน", "compare": [{"bb_amount": 2956000, "bb_province": "ยโสธร"}], "gf_amount_sum": 0}
{"bb_code": "1500883002600A66", "bb_year": "2559", "amount": 2956000, "min_code": "15000", "agc_code": "15008", "name": "ก่อสร้างอาคารศูนย์พัฒนาเด็กเล็ก (สถ.ศพด.3) เทศบาลตำบลสวาท อำเภอเลิงนกทา จังหวัดยโสธร", "min": "กระทรวงมหาดไทย", "agc": "กรมส่งเสริมการปกครองท้องถิ่น", "plan_name": "ส่งเสริมการกระจายอำนาจให้แก่องค์กรปกครองส่วนท้องถิ่น", "stg_name": "ยุทธศาสตร์การบริหารกิจการบ้านเมืองที่ดี", "objc_level1_name": "งบลงทุน", "compare": [{"bb_amount": 2956000, "bb_province": "ยโสธร"}], "gf_amount_sum": 0}
{"bb_code": "1500883002600C63", "bb_year": "2559", "amount": 2956000, "min_code": "15000", "agc_code": "15008", "name": "ก่อสร้างอาคารศูนย์พัฒนาเด็กเล็ก (สถ.ศพด.3) องค์การบริหารส่วนตำบลบ้านกลาง อำเภอเมืองนครพนม จังหวัดนครพนม", "min": "กระทรวงมหาดไทย", "agc": "กรมส่งเสริมการปกครองท้องถิ่น", "plan_name": "ส่งเสริมการกระจายอำนาจให้แก่องค์กรปกครองส่วนท้องถิ่น", "stg_name": "ยุทธศาสตร์การบริหารกิจการบ้านเมืองที่ดี", "objc_level1_name": "งบลงทุน", "compare": [{"bb_amount": 2956000, "bb_province": "นครพนม"}], "gf_amount_sum": 0}
{"bb_code": "1500883002600A64", "bb_year": "2559", "amount": 2956000, "min_code": "15000", "agc_code": "15008", "name": "ก่อสร้างอาคารศูนย์พัฒนาเด็กเล็ก (สถ.ศพด.3) องค์การบริหารส่วนตำบลหัวงัว อำเภอยางตลาด จังหวัดกาฬสินธุ์", "min": "กระทรวงมหาดไทย", "agc": "กรมส่งเสริมการปกครองท้องถิ่น", "plan_name": "ส่งเสริมการกระจายอำนาจให้แก่องค์กรปกครองส่วนท้องถิ่น", "stg_name": "ยุทธศาสตร์การบริหารกิจการบ้านเมืองที่ดี", "objc_level1_name": "งบลงทุน", "compare": [{"bb_amount": 2956000, "bb_province": "กาฬสินธุ์"}], "gf_amount_sum": 0}
{"bb_code": "1500883002600C82", "bb_year": "2559", "amount": 2956000, "min_code": "15000", "agc_code": "15008", "name": "ก่อสร้างอาคารศูนย์พัฒนาเด็กเล็ก (สถ.ศพด.3) เทศบาลตำบลอรพิมพ์ อำเภอครบุรี จังหวัดนครราชสีมา", "min": "กระทรวงมหาดไทย", "agc": "กรมส่งเสริมการปกครองท้องถิ่น", "plan_name": "ส่งเสริมการกระจายอำนาจให้แก่องค์กรปกครองส่วนท้องถิ่น", "stg_name": "ยุทธศาสตร์การบริหารกิจการบ้านเมืองที่ดี", "objc_level1_name": "งบลงทุน", "compare": [{"bb_amount": 2956000, "bb_province": "นครราชสีมา"}], "gf_amount_sum": 0}
{"bb_code": "1500883002600D39", "bb_year": "2559", "amount": 2956000, "min_code": "15000", "agc_code": "15008", "name": "ก่อสร้างอาคารศูนย์พัฒนาเด็กเล็ก (สถ.ศพด.3) เทศบาลตำบลป่าไม้ อำเภอลี้ จังหวัดลำพูน", "min": "กระทรวงมหาดไทย", "agc": "กรมส่งเสริมการปกครองท้องถิ่น", "plan_name": "ส่งเสริมการกระจายอำนาจให้แก่องค์กรปกครองส่วนท้องถิ่น", "stg_name": "ยุทธศาสตร์การบริหารกิจการบ้านเมืองที่ดี", "objc_level1_name": "งบลงทุน", "compare": [{"bb_amount": 2956000, "bb_province": "ลำพูน"}], "gf_amount_sum": 0}
{"bb_code": "1500883002600A65", "bb_year": "2559", "amount": 2956000, "min_code": "15000", "agc_code": "15008", "name": "ก่อสร้างอาคารศูนย์พัฒนาเด็กเล็ก (สถ.ศพด.3) เทศบาลตำบลแซงบาดาล อำเภอสมเด็จ จังหวัดกาฬสินธุ์", "min": "กระทรวงมหาดไทย", "agc": "กรมส่งเสริมการปกครองท้องถิ่น", "plan_name": "ส่งเสริมการกระจายอำนาจให้แก่องค์กรปกครองส่วนท้องถิ่น", "stg_name": "ยุทธศาสตร์การบริหารกิจการบ้านเมืองที่ดี", "objc_level1_name": "งบลงทุน", "compare": [{"bb_amount": 2956000, "bb_province": "กาฬสินธุ์"}], "gf_amount_sum": 0}
{"bb_code": "1500883002600A72", "bb_year": "2559", "amount": 2956000, "min_code": "15000", "agc_code": "15008", "name": "ก่อสร้างอาคารศูนย์พัฒนาเด็กเล็ก (สถ.ศพด.3) องค์การบริหารส่วนตำบลบันนังสตา อำเภอบันนังสตา จังหวัดยะลา", "min": "กระทรวงมหาดไทย", "agc": "กรมส่งเสริมการปกครองท้องถิ่น", "plan_name": "ส่งเสริมการกระจายอำนาจให้แก่องค์กรปกครองส่วนท้องถิ่น", "stg_name": "ยุทธศาสตร์การบริหารกิจการบ้านเมืองที่ดี", "objc_level1_name": "งบลงทุน", "compare": [{"bb_amount": 2956000, "bb_province": "ยะลา"}], "gf_amount_sum": 0}
{"bb_code": "1500883002600C85", "bb_year": "2559", "amount": 2956000, "min_code": "15000", "agc_code": "15008", "name": "ก่อสร้างอาคารศูนย์พัฒนาเด็กเล็ก (สถ.ศพด.3) เทศบาลตำบลบ้านตาก อำเภอบ้านตาก จังหวัดตาก", "min": "กระทรวงมหาดไทย", "agc": "กรมส่งเสริมการปกครองท้องถิ่น", "plan_name": "ส่งเสริมการกระจายอำนาจให้แก่องค์กรปกครองส่วนท้องถิ่น", "stg_name": "ยุทธศาสตร์การบริหารกิจการบ้านเมืองที่ดี", "objc_level1_name": "งบลงทุน", "compare": [{"bb_amount": 2956000, "bb_province": "ตาก"}], "gf_amount_sum": 0}
{"bb_code": "1500883002600987", "bb_year": "2559", "amount": 2956000, "min_code": "15000", "agc_code": "15008", "name": "ก่อสร้างอาคารศูนย์พัฒนาเด็กเล็ก (สถ.ศพด.3) เทศบาลตำบลลำทับ อำเภอลำทับ จังหวัดกระบี่", "min": "กระทรวงมหาดไทย", "agc": "กรมส่งเสริมการปกครองท้องถิ่น", "plan_name": "ส่งเสริมการกระจายอำนาจให้แก่องค์กรปกครองส่วนท้องถิ่น", "stg_name": "ยุทธศาสตร์การบริหารกิจการบ้านเมืองที่ดี", "objc_level1_name": "งบลงทุน", "compare": [{"bb_amount": 2956000, "bb_province": "กระบี่"}], "gf_amount_sum": 0}
{"bb_code": "1500883002600C04", "bb_year": "2559", "amount": 2956000, "min_code": "15000", "agc_code": "15008", "name": "ก่อสร้างอาคารศูนย์พัฒนาเด็กเล็ก (สถ.ศพด.3) เทศบาลตำบลบางคล้า อำเภอบางคล้า จังหวัดฉะเชิงเทรา", "min": "กระทรวงมหาดไทย", "agc": "กรมส่งเสริมการปกครองท้องถิ่น", "plan_name": "ส่งเสริมการกระจายอำนาจให้แก่องค์กรปกครองส่วนท้องถิ่น", "stg_name": "ยุทธศาสตร์การบริหารกิจการบ้านเมืองที่ดี", "objc_level1_name": "งบลงทุน", "compare": [{"bb_amount": 2956000, "bb_province": "ฉะเชิงเทรา"}], "gf_amount_sum": 0}
{"bb_code": "1500883002600A00", "bb_year": "2559", "amount": 2956000, "min_code": "15000", "agc_code": "15008", "name": "ก่อสร้างอาคารศูนย์พัฒนาเด็กเล็ก (สถ.ศพด.3) องค์การบริหารส่วนตำบลแม่ยางตาล อำเภอร้องกวาง จังหวัดแพร่", "min": "กระทรวงมหาดไทย", "agc": "กรมส่งเสริมการปกครองท้องถิ่น", "plan_name": "ส่งเสริมการกระจายอำนาจให้แก่องค์กรปกครองส่วนท้องถิ่น", "stg_name": "ยุทธศาสตร์การบริหารกิจการบ้านเมืองที่ดี", "objc_level1_name": "งบลงทุน", "compare": [{"bb_amount": 2956000, "bb_province": "แพร่"}], "gf_amount_sum": 0}
{"bb_code": "1500883002600A70", "bb_year": "2559", "amount": 2956000, "min_code": "15000", "agc_code": "15008", "name": "ก่อสร้างอาคารศูนย์พัฒนาเด็กเล็ก (สถ.ศพด.3) องค์การบริหารส่วนตำบลกรงปินัง อำเภอกรงปินัง จังหวัดยะลา", "min": "กระทรวงมหาดไทย", "agc": "กรมส่งเสริมการปกครองท้องถิ่น", "plan_name": "ส่งเสริมการกระจายอำนาจให้แก่องค์กรปกครองส่วนท้องถิ่น", "stg_name": "ยุทธศาสตร์การบริหารกิจการบ้านเมืองที่ดี", "objc_level1_name": "งบลงทุน", "compare": [{"bb_amount": 2956000, "bb_province": "ยะลา"}], "gf_amount_sum": 0}
{"bb_code": "1500883002600A69", "bb_year": "2559", "amount": 2956000, "min_code": "15000", "agc_code": "15008", "name": "ก่อสร้างอาคารศูนย์พัฒนาเด็กเล็ก (สถ.ศพด.3) เทศบาลเมืองเบตง อำเภอเบตง จังหวัดยะลา", "min": "กระทรวงมหาดไทย", "agc": "กรมส่งเสริมการปกครองท้องถิ่น", "plan_name": "ส่งเสริมการกระจายอำนาจให้แก่องค์กรปกครองส่วนท้องถิ่น", "stg_name": "ยุทธศาสตร์การบริหารกิจการบ้านเมืองที่ดี", "objc_level1_name": "งบลงทุน", "compare": [{"bb_amount": 2956000, "bb_province": "ยะลา"}], "gf_amount_sum": 0}
{"bb_code": "1500883002600EZ2", "bb_year": "2559", "amount": 2956000, "min_code": "15000", "agc_code": "15008", "name": "ซ่อมสร้างถนนลาดยางแอสฟัลท์ติกคอนกรีต ( สาย อบจ.นม.๒๒๒๐๔ ) บ้านใหม่อุดม - บ้านพระ ขนาดกว้าง ๖ เมตร ยาว ๑,๑๓๕ เมตร หนา ๐.๐๔ เมตร  อบจ.นครราชสีมา อ.หนองบุญมาก จ.นครราชสีมา", "min": "กระทรวงมหาดไทย", "agc": "กรมส่งเสริมการปกครองท้องถิ่น", "plan_name": "ส่งเสริมการกระจายอำนาจให้แก่องค์กรปกครองส่วนท้องถิ่น", "stg_name": "ยุทธศาสตร์การบริหารกิจการบ้านเมืองที่ดี", "objc_level1_name": "งบลงทุน", "compare": [{"bb_amount": 2956000, "bb_province": "นครราชสีมา"}], "gf_amount_sum": 0}
