{"bb_code": "1500883002600B51", "bb_year": "2559", "amount": 2956000, "min_code": "15000", "agc_code": "15008", "name": "ก่อสร้างอาคารศูนย์พัฒนาเด็กเล็ก (สถ.ศพด.3) เทศบาลตำบลระแหง อำเภอลาดหลุมแก้ว จังหวัดปทุมธานี", "min": "กระทรวงมหาดไทย", "agc": "กรมส่งเสริมการปกครองท้องถิ่น", "plan_name": "ส่งเสริมการกระจายอำนาจให้แก่องค์กรปกครองส่วนท้องถิ่น", "stg_name": "ยุทธศาสตร์การบริหารกิจการบ้านเมืองที่ดี", "objc_level1_name": "งบลงทุน", "compare": [{"bb_amount": 2956000, "bb_province": "ปทุมธานี"}], "gf_amount_sum": 0}
{"bb_code": "1500883002600B50", "bb_year": "2559", "amount": 2956000, "min_code": "15000", "agc_code": "15008", "name": "ก่อสร้างอาคารศูนย์พัฒนาเด็กเล็ก (สถ.ศพด.3) องค์การบริหารส่วนตำบลป่าหวาย อำเภอสวนผึ้ง จังหวัดราชบุรี", "min": "กระทรวงมหาดไทย", "agc": "กรมส่งเสริมการปกครองท้องถิ่น", "plan_name": "ส่งเสริมการกระจายอำนาจให้แก่องค์กรปกครองส่วนท้องถิ่น", "stg_name": "ยุทธศาสตร์การบริหารกิจการบ้านเมืองที่ดี", "objc_level1_name": "งบลงทุน", "compare": [{"bb_amount": 2956000, "bb_province": "ราชบุรี"}], "gf_amount_sum": 0}
{"bb_code": "1500883002600B94", "bb_year": "2559", "amount": 2956000, "min_code": "15000", "agc_code": "15008", "name": "ก่อสร้างอาคารศูนย์พัฒนาเด็กเล็ก (สถ.ศพด.3) องค์การบริหารส่วนตำบลคุระ อำเภอคุระบุรี จังหวัดพังงา", "min": "กระทรวงมหาดไทย", "agc": "กรมส่งเสริมการปกครองท้องถิ่น", "plan_name": "ส่งเสริมการกระจายอำนาจให้แก่องค์กรปกครองส่วนท้องถิ่น", "stg_name": "ยุทธศาสตร์การบริหารกิจการบ้านเมืองที่ดี", "objc_level1_name": "งบลงทุน", "compare": [{"bb_amount": 2956000, "bb_province": "พังงา"}], "gf_amount_sum": 0}
{"bb_code": "1500883002600E33", "bb_year": "2559", "amount": 2956000, "min_code": "15000", "agc_code": "15008", "name": "ก่อสร้างอาคารศูนย์พัฒนาเด็กเล็ก (สถ.ศพด.3) องค์การบริหารส่วนตำบลวัดหลวง อำเภอโพนพิสัย จังหวัดหนองคาย", "min": "กระทรวงมหาดไทย", "agc": "กรมส่งเสริมการปกครองท้องถิ่น", "plan_name": "ส่งเสริมการกระจายอำนาจให้แก่องค์กรปกครองส่วนท้องถิ่น", "stg_name": "ยุทธศาสตร์การบริหารกิจการบ้านเมืองที่ดี", "objc_level1_name": "งบลงทุน", "compare": [{"bb_amount": 2956000, "bb_province": "หนองคาย"}], "gf_amount_sum": 0}
{"bb_code": "1500883002600C42", "bb_year": "2559", "amount": 2956000, "min_code": "15000", "agc_code": "15008", "name": "ก่อสร้างอาคารศูนย์พัฒนาเด็กเล็ก (สถ.ศพด.3) องค์การบริหารส่วนตำบลหนองฮี อำเภอปลาปาก จังหวัดนครพนม", "min": "กระทรวงมหาดไทย", "agc": "กรมส่งเสริมการปกครองท้องถิ่น", "plan_name": "ส่งเสริมการกระจายอำนาจให้แก่องค์กรปกครองส่วนท้องถิ่น", "stg_name": "ยุทธศาสตร์การบริหารกิจการบ้านเมืองที่ดี", "objc_level1_name": "งบลงทุน", "compare": [{"bb_amount": 2956000, "bb_province": "นครพนม"}], "gf_amount_sum": 0}
{"bb_code": "1500883002600990", "bb_year": "2559", "amount": 2956000, "min_code": "15000", "agc_code": "15008", "name": "ก่อสร้างอาคารศูนย์พัฒนาเด็กเล็ก (สถ.ศพด.3) เทศบาลตำบลเหนือคลอง อำเภอเหนือคลอง จังหวัดกระบี่", "min": "กระทรวงมหาดไทย", "agc": "กรมส่งเสริมการปกครองท้องถิ่น", "plan_name": "ส่งเสริมการกระจายอำนาจให้แก่องค์กรปกครองส่วนท้องถิ่น", "stg_name": "ยุทธศาสตร์การบริหารกิจการบ้านเมืองที่ดี", "objc_level1_name": "งบลงทุน", "compare": [{"bb_amount": 2956000, "bb_province": "กระบี่"}], "gf_amount_sum": 0}
{"bb_code": "1500883002600D45", "bb_year": "2559", "amount": 2956000, "min_code": "15000", "agc_code": "15008", "name": "ก่อสร้างอาคารศูนย์พัฒนาเด็กเล็ก (สถ.ศพด.3) องค์การบริหารส่วนตำบลจะโหนง อำเภอจะนะ จังหวัดสงขลา", "min": "กระทรวงมหาดไทย", "agc": "กรมส่งเสริมการปกครองท้องถิ่น", "plan_name": "ส่งเสริมการกระจายอำนาจให้แก่องค์กรปกครองส่วนท้องถิ่น", "stg_name": "ยุทธศาสตร์การบริหารกิจการบ้านเมืองที่ดี", "objc_level1_name": "งบลงทุน", "compare": [{"bb_amount": 2956000, "bb_province": "สงขลา"}], "gf_amount_sum": 0}
{"bb_code": "1500883002600C76", "bb_year": "2559", "amount": 2956000, "min_code": "15000", "agc_code": "15008", "name": "ก่อสร้างอาคารศูนย์พัฒนาเด็กเล็ก (สถ.ศพด.3) เทศบาลตำบลหนองบอน อำเภอบ่อไร่ จังหวัดตราด", "min": "กระทรวงมหาดไทย", "agc": "กรมส่งเสริมการปกครองท้องถิ่น", "plan_name": "ส่งเสริมการกระจายอำนาจให้แก่องค์กรปกครองส่วนท้องถิ่น", "stg_name": "ยุทธศาสตร์การบริหารกิจการบ้านเมืองที่ดี", "objc_level1_name": "งบลงทุน", "compare": [{"bb_amount": 2956000, "bb_province": "ตราด"}], "gf_amount_sum": 0}
{"bb_code": "1500883002600C62", "bb_year": "2559", "amount": 2956000, "min_code": "15000", "agc_code": "15008", "name": "ก่อสร้างอาคารศูนย์พัฒนาเด็กเล็ก (สถ.ศพด.3) องค์การบริหารส่วนตำบลทุ่งค่าย อำเภอย่านตาขาว จังหวัดตรัง", "min": "กระทรวงมหาดไทย", "agc": "กรมส่งเสริมการปกครองท้องถิ่น", "plan_name": "ส่งเสริมการกระจายอำนาจให้แก่องค์กรปกครองส่วนท้องถิ่น", "stg_name": "ยุทธศาสตร์การบริหารกิจการบ้านเมืองที่ดี", "objc_level1_name": "งบลงทุน", "compare": [{"bb_amount": 2956000, "bb_province": "ตรัง"}], "gf_amount_sum": 0}
{"bb_code": "1500883002600B97", "bb_year": "2559", "amount": 2956000, "min_code": "15000", "agc_code": "15008", "name": "ก่อสร้างอาคารศูนย์พัฒนาเด็กเล็ก (สถ.ศพด.3) เทศบาลตำบลโตนดด้วน อำเภอควนขนุน จังหวัดพัทลุง", "min": "กระทรวงมหาดไทย", "agc": "กรมส่งเสริมการปกครองท้องถิ่น", "plan_name": "ส่งเสริมการกระจายอำนาจให้แก่องค์กรปกครองส่วนท้องถิ่น", "stg_name": "ยุทธศาสตร์การบริหารกิจการบ้านเมืองที่ดี", "objc_level1_name": "งบลงทุน", "compare": [{"bb_amount": 2956000, "bb_province": "พัทลุง"}], "gf_amount_sum": 0}
{"bb_code": "1500883002600E99", "bb_year": "2559", "amount": 2956000, "min_code": "15000", "agc_code": "15008", "name": "ก่อสร้างอาคารศูนย์พัฒนาเด็กเล็ก (สถ.ศพด.3) องค์การบริหารส่วนตำบลกระเทียม อำเภอสังขะ จังหวัดสุรินทร์", "min": "กระทรวงมหาดไทย", "agc": "กรมส่งเสริมการปกครองท้องถิ่น", "plan_name": "ส่งเสริมการกระจายอำนาจให้แก่องค์กรปกครองส่วนท้องถิ่น", "stg_name": "ยุทธศาสตร์การบริหารกิจการบ้านเมืองที่ดี", "objc_level1_name": "งบลงทุน", "compare": [{"bb_amount": 2956000, "bb_province": "สุรินทร์"}], "gf_amount_sum": 0}
{"bb_code": "1500883002600973", "bb_year": "2559", "amount": 2956000, "min_code": "15000", "agc_code": "15008", "name": "ก่อสร้างอาคารศูนย์พัฒนาเด็กเล็ก (สถ.ศพด.3) เทศบาลตำบลไคสี อำเภอเมืองบึงกาฬ จังหวัดบึงกาฬ", "min": "กระทรวงมหาดไทย", "agc": "กรมส่งเสริมการปกครองท้องถิ่น", "plan_name": "ส่งเสริมการกระจายอำนาจให้แก่องค์กรปกครองส่วนท้องถิ่น", "stg_name": "ยุทธศาสตร์การบริหารกิจการบ้านเมืองที่ดี", "objc_level1_name": "งบลงทุน", "compare": [{"bb_amount": 2956000, "bb_province": "บึงกาฬ"}], "gf_amount_sum": 0}
{"bb_code": "1500883002600A33", "bb_year": "2559", "amount": 2956000, "min_code": "15000", "agc_code": "15008", "name": "ก่อสร้างอาคารศูนย์พัฒนาเด็กเล็ก (สถ.ศพด.3) เทศบาลตำบลกุดสิม อำเภอเขาวง จังหวัดกาฬสินธุ์", "min": "กระทรวงมหาดไทย", "agc": "กรมส่งเสริมการปกครองท้องถิ่น", "plan_name": "ส่งเสริมการกระจายอำนาจให้แก่องค์กรปกครองส่วนท้องถิ่น", "stg_name": "ยุทธศาสตร์การบริหารกิจการบ้านเมืองที่ดี", "objc_level1_name": "งบลงทุน", "compare": [{"bb_amount": 2956000, "bb_province": "กาฬสินธุ์"}], "gf_amount_sum": 0}
{"bb_code": "1500883002600A05", "bb_year": "2559", "amount": 2956000, "min_code": "15000", "agc_code": "15008", "name": "ก่อสร้างอาคารศูนย์พัฒนาเด็กเล็ก (สถ.ศพด.3) องค์การบริหารส่วนตำบลกุดหว้า อำเภอกุฉินารายณ์ จังหวัดกาฬสินธุ์", "min": "กระทรวงมหาดไทย", "agc": "กรมส่งเสริมการปกครองท้องถิ่น", "plan_name": "ส่งเสริมการกระจายอำนาจให้แก่องค์กรปกครองส่วนท้องถิ่น", "stg_name": "ยุทธศาสตร์การบริหารกิจการบ้านเมืองที่ดี", "objc_level1_name": "งบลงทุน", "compare": [{"bb_amount": 2956000, "bb_province": "กาฬสินธุ์"}], "gf_amount_sum": 0}
{"bb_code": "1500883002600E30", "bb_year": "2559", "amount": 2956000, "min_code": "15000", "agc_code": "15008", "name": "ก่อสร้างอาคารศูนย์พัฒนาเด็กเล็ก (สถ.ศพด.3) องค์การบริหารส่วนตำบลบ้านว่าน อำเภอท่าบ่อ จังหวัดหนองคาย", "min": "กระทรวงมหาดไทย", "agc": "กรมส่งเสริมการปกครองท้องถิ่น", "plan_name": "ส่งเสริมการกระจายอำนาจให้แก่องค์กรปกครองส่วนท้องถิ่น", "stg_name": "ยุทธศาสตร์การบริหารกิจการบ้านเมืองที่ดี", "objc_level1_name": "งบลงทุน", "compare": [{"bb_amount": 2956000, "bb_province": "หนองคาย"}], "gf_amount_sum": 0}
{"bb_code": "1500883002600997", "bb_year": "2559", "amount": 2956000, "min_code": "15000", "agc_code": "15008", "name": "ก่อสร้างอาคารศูนย์พัฒนาเด็กเล็ก (สถ.ศพด.3) องค์การบริหารส่วนตำบลหนองกุ่ม อำเภอบ่อพลอย จังหวัดกาญจนบุรี", "min": "กระทรวงมหาดไทย", "agc": "กรมส่งเสริมการปกครองท้องถิ่น", "plan_name": "ส่งเสริมการกระจายอำนาจให้แก่องค์กรปกครองส่วนท้องถิ่น", "stg_name": "ยุทธศาสตร์การบริหารกิจการบ้านเมืองที่ดี", "objc_level1_name": "งบลงทุน", "compare": [{"bb_amount": 2956000, "bb_province": "กาญจนบุรี"}], "gf_amount_sum": 0}
{"bb_code": "1500883002600B72", "bb_year": "2559", "amount": 2956000, "min_code": "15000", "agc_code": "15008", "name": "ก่อสร้างอาคารศูนย์พัฒนาเด็กเล็ก (สถ.ศพด.3) องค์การบริหารส่วนตำบลบริบูรณ์ อำเภอสีชมพู จังหวัดขอนแก่น", "min": "กระทรวงมหาดไทย", "agc": "กรมส่งเสริมการปกครองท้องถิ่น", "plan_name": "ส่งเสริมการกระจายอำนาจให้แก่องค์กรปกครองส่วนท้องถิ่น", "stg_name": "ยุทธศาสตร์การบริหารกิจการบ้านเมืองที่ดี", "objc_level1_name": "งบลงทุน", "compare": [{"bb_amount": 2956000, "bb_province": "ขอนแก่น"}], "gf_amount_sum": 0}
{"bb_code": "1500883002600D01", "bb_year": "2559", "amount": 2956000, "min_code": "15000", "agc_code": "15008", "name": "ก่อสร้างอาคารศูนย์พัฒนาเด็กเล็ก (สถ.ศพด.3) องค์การบริหารส่วนตำบลศรีดอนไชย อำเภอเทิง จังหวัดเชียงราย", "min": "กระทรวงมหาดไทย", "agc": "กรมส่งเสริมการปกครองท้องถิ่น", "plan_name": "ส่งเสริมการกระจายอำนาจให้แก่องค์กรปกครองส่วนท้องถิ่น", "stg_name": "ยุทธศาสตร์การบริหารกิจการบ้านเมืองที่ดี", "objc_level1_name": "งบลงทุน", "compare": [{"bb_amount": 2956000, "bb_province": "เชียงราย"}], "gf_amount_sum": 0}
{"bb_code": "1500883002600D74", "bb_year": "2559", "amount": 2956000, "min_code": "15000", "agc_code": "15008", "name": "ก่อสร้างอาคารศูนย์พัฒนาเด็กเล็ก (สถ.ศพด.3) องค์การบริหารส่วนตำบลบึงมะลู อำเภอกันทรลักษ์ จังหวัดศรีสะเกษ", "min": "กระทรวงมหาดไทย", "agc": "กรมส่งเสริมการปกครองท้องถิ่น", "plan_name": "ส่งเสริมการกระจายอำนาจให้แก่องค์กรปกครองส่วนท้องถิ่น", "stg_name": "ยุทธศาสตร์การบริหารกิจการบ้านเมืองที่ดี", "objc_level1_name": "งบลงทุน", "compare": [{"bb_amount": 2956000, "bb_province": "ศรีสะเกษ"}], "gf_amount_sum": 0}
{"bb_code": "1500883002600B57", "bb_year": "2559", "amount": 2956000, "min_code": "15000", "agc_code": "15008", "name": "ก่อสร้างอาคารศูนย์พัฒนาเด็กเล็ก (สถ.ศพด.3) องค์การบริหารส่วนตำบลปากู อำเภอทุ่งยางแดง จังหวัดปัตตานี", "min": "กระทรวงมหาดไทย", "agc": "กรมส่งเสริมการปกครองท้องถิ่น", "plan_name": "ส่งเสริมการกระจายอำนาจให้แก่องค์กรปกครองส่วนท้องถิ่น", "stg_name": "ยุทธศาสตร์การบริหารกิจการบ้านเมืองที่ดี", "objc_level1_name": "งบลงทุน", "compare": [{"bb_amount": 2956000, "bb_province": "ปัตตานี"}], "gf_amount_sum": 0}
