{"bb_code": "1500822040600X98", "bb_year": "2559", "amount": 2949000, "min_code": "15000", "agc_code": "15008", "name": "ก่อสร้างหอถังประปาหมู่บ้าน แบบประปาบาดาลขนาดใหญ่มาก บ้านตาติด หมู่ที่ ๓ ตำบลโนนผึ้ง ตามแบบมาตรฐานการประปานครหลวง อบต.โนนผึ้ง อ.วารินชำราบ จ.อุบลราชธานี", "min": "กระทรวงมหาดไทย", "agc": "กรมส่งเสริมการปกครองท้องถิ่น", "plan_name": "บริหารจัดการทรัพยากรน้ำ", "stg_name": "ยุทธศาสตร์เร่งรัดวางรากฐานการพัฒนาที่ยั่งยืนของประเทศ", "objc_level1_name": "งบลงทุน", "compare": [{"bb_amount": 2949000, "bb_province": "อุบลราชธานี"}], "gf_amount_sum": 0}
{"bb_code": "1500822040600C11", "bb_year": "2559", "amount": 2949000, "min_code": "15000", "agc_code": "15008", "name": "ก่อสร้างระบบประปาหมู่บ้าน แบบผิวดินขนาดใหญ่ บ้านป่าแดงสามัคคี หมู่ที่ ๑๐ ตำบลน้ำแวน ตามแบบมาตรฐานกรมทรัพยากรน้ำ อบต.น้ำแวน อ.เชียงคำ จ.พะเยา", "min": "กระทรวงมหาดไทย", "agc": "กรมส่งเสริมการปกครองท้องถิ่น", "plan_name": "บริหารจัดการทรัพยากรน้ำ", "stg_name": "ยุทธศาสตร์เร่งรัดวางรากฐานการพัฒนาที่ยั่งยืนของประเทศ", "objc_level1_name": "งบลงทุน", "compare": [{"bb_amount": 2949000, "bb_province": "พะเยา"}], "gf_amount_sum": 0}
{"bb_code": "1500822040600X99", "bb_year": "2559", "amount": 2949000, "min_code": "15000", "agc_code": "15008", "name": "ก่อสร้างหอถังประปาหมู่บ้าน แบบประปาบาดาลขนาดใหญ่มาก บ้านผึ้งออก หมู่ที่ ๗ ตำบลโนนผึ้ง ตามแบบมาตรฐานการประปานครหลวง อบต.โนนผึ้ง อ.วารินชำราบ จ.อุบลราชธานี", "min": "กระทรวงมหาดไทย", "agc": "กรมส่งเสริมการปกครองท้องถิ่น", "plan_name": "บริหารจัดการทรัพยากรน้ำ", "stg_name": "ยุทธศาสตร์เร่งรัดวางรากฐานการพัฒนาที่ยั่งยืนของประเทศ", "objc_level1_name": "งบลงทุน", "compare": [{"bb_amount": 2949000, "bb_province": "อุบลราชธานี"}], "gf_amount_sum": 0}
{"bb_code": "1500822040600358", "bb_year": "2559", "amount": 2949000, "min_code": "15000", "agc_code": "15008", "name": "ก่อสร้างระบบประปาบาดาลขนาดใหญ่ บ้านทุ่งคอกช้าง หมู่ที่ ๙ ตำบลดอยเต่า ตามแบบมาตรฐานกรมทรัพยากรน้ำ อบต.ดอยเต่า อ.ดอยเต่า จ.เชียงใหม่", "min": "กระทรวงมหาดไทย", "agc": "กรมส่งเสริมการปกครองท้องถิ่น", "plan_name": "บริหารจัดการทรัพยากรน้ำ", "stg_name": "ยุทธศาสตร์เร่งรัดวางรากฐานการพัฒนาที่ยั่งยืนของประเทศ", "objc_level1_name": "งบลงทุน", "compare": [{"bb_amount": 2949000, "bb_province": "เชียงใหม่"}], "gf_amount_sum": 0}
{"bb_code": "1500822040600N73", "bb_year": "2559", "amount": 2949000, "min_code": "15000", "agc_code": "15008", "name": "ก่อสร้างระบบประปาหมู่บ้าน แบบบาดาลขนาดใหญ่มาก หมู่ที่ ๑ บ้านเชียงกลม ตามแบบมาตรฐานการประปานครหลวง ทต.เชียงกลม อ.ปากชม จ.เลย", "min": "กระทรวงมหาดไทย", "agc": "กรมส่งเสริมการปกครองท้องถิ่น", "plan_name": "บริหารจัดการทรัพยากรน้ำ", "stg_name": "ยุทธศาสตร์เร่งรัดวางรากฐานการพัฒนาที่ยั่งยืนของประเทศ", "objc_level1_name": "งบลงทุน", "compare": [{"bb_amount": 2949000, "bb_province": "เลย"}], "gf_amount_sum": 0}
{"bb_code": "1500822040600366", "bb_year": "2559", "amount": 2949000, "min_code": "15000", "agc_code": "15008", "name": "ก่อสร้างประปาบาดาลขนาดใหญ่ บ้านป่าลาน หมู่ที่ ๒ ตำบลป่าลาน ตามแบบมาตรฐานกรมทรัพยากรน้ำ ทต.สง่าบ้าน อ.ดอยสะเก็ด จ.เชียงใหม่", "min": "กระทรวงมหาดไทย", "agc": "กรมส่งเสริมการปกครองท้องถิ่น", "plan_name": "บริหารจัดการทรัพยากรน้ำ", "stg_name": "ยุทธศาสตร์เร่งรัดวางรากฐานการพัฒนาที่ยั่งยืนของประเทศ", "objc_level1_name": "งบลงทุน", "compare": [{"bb_amount": 2949000, "bb_province": "เชียงใหม่"}], "gf_amount_sum": 0}
{"bb_code": "1500822040600M30", "bb_year": "2559", "amount": 2949000, "min_code": "15000", "agc_code": "15008", "name": "ก่อสร้างประปาหมู่บ้าน แบบบาดาลขนาดใหญ่มาก หมู่ที่ ๑ ตำบลสะเตงนอก ตามแบบแปลนการประปานครหลวง ทม.สะเตงนอก อ.เมืองยะลา จ.ยะลา", "min": "กระทรวงมหาดไทย", "agc": "กรมส่งเสริมการปกครองท้องถิ่น", "plan_name": "บริหารจัดการทรัพยากรน้ำ", "stg_name": "ยุทธศาสตร์เร่งรัดวางรากฐานการพัฒนาที่ยั่งยืนของประเทศ", "objc_level1_name": "งบลงทุน", "compare": [{"bb_amount": 2949000, "bb_province": "ยะลา"}], "gf_amount_sum": 0}
{"bb_code": "1500822040600356", "bb_year": "2559", "amount": 2949000, "min_code": "15000", "agc_code": "15008", "name": "ก่อสร้างระบบประปาบาดาลขนาดใหญ่ บ้านสันติสุข หมู่ที่ ๗ ตำบลดอยเต่า ตามแบบมาตรฐานกรมทรัพยากรน้ำ อบต.ดอยเต่า อ.ดอยเต่า จ.เชียงใหม่", "min": "กระทรวงมหาดไทย", "agc": "กรมส่งเสริมการปกครองท้องถิ่น", "plan_name": "บริหารจัดการทรัพยากรน้ำ", "stg_name": "ยุทธศาสตร์เร่งรัดวางรากฐานการพัฒนาที่ยั่งยืนของประเทศ", "objc_level1_name": "งบลงทุน", "compare": [{"bb_amount": 2949000, "bb_province": "เชียงใหม่"}], "gf_amount_sum": 0}
{"bb_code": "1500822040600K40", "bb_year": "2559", "amount": 2949000, "min_code": "15000", "agc_code": "15008", "name": "ก่อสร้างระบบประปาหมู่บ้าน แบบผิวดินขนาดใหญ่ หมู่ที่ ๔ บ้านระวิง ตำบลระวิง ตามแบบมาตรฐานกรมทรัพยากรน้ำ อบต.ระวิง อ.เมืองเพชรบูรณ์ จ.เพชรบูรณ์", "min": "กระทรวงมหาดไทย", "agc": "กรมส่งเสริมการปกครองท้องถิ่น", "plan_name": "บริหารจัดการทรัพยากรน้ำ", "stg_name": "ยุทธศาสตร์เร่งรัดวางรากฐานการพัฒนาที่ยั่งยืนของประเทศ", "objc_level1_name": "งบลงทุน", "compare": [{"bb_amount": 2949000, "bb_province": "เพชรบูรณ์"}], "gf_amount_sum": 0}
{"bb_code": "1500822040600E92", "bb_year": "2559", "amount": 2949000, "min_code": "15000", "agc_code": "15008", "name": "ก่อสร้างระบบประปาหมู่บ้าน แบบบาดาลขนาดใหญ่ หมู่ที่ ๒ บ้านท่าเยี่ยม ตำบลท่าเยี่ยม ตามแบบมาตรฐานกรมทรัพยากรน้ำ อบต.ท่าเยี่ยม อ.สากเหล็ก จ.พิจิตร", "min": "กระทรวงมหาดไทย", "agc": "กรมส่งเสริมการปกครองท้องถิ่น", "plan_name": "บริหารจัดการทรัพยากรน้ำ", "stg_name": "ยุทธศาสตร์เร่งรัดวางรากฐานการพัฒนาที่ยั่งยืนของประเทศ", "objc_level1_name": "งบลงทุน", "compare": [{"bb_amount": 2949000, "bb_province": "พิจิตร"}], "gf_amount_sum": 0}
{"bb_code": "1500822040600V64", "bb_year": "2559", "amount": 2949000, "min_code": "15000", "agc_code": "15008", "name": "ก่อสร้างประปาหมู่บ้านแบบบาดาลขนาดใหญ่มาก บ้านช้าง หมู่ที่ ๕ ตำบลนาทม ตามแบบมาตรฐานการประปานครหลวง อบต.นาทม อ.ทุ่งฝน จ.อุดรธานี", "min": "กระทรวงมหาดไทย", "agc": "กรมส่งเสริมการปกครองท้องถิ่น", "plan_name": "บริหารจัดการทรัพยากรน้ำ", "stg_name": "ยุทธศาสตร์เร่งรัดวางรากฐานการพัฒนาที่ยั่งยืนของประเทศ", "objc_level1_name": "งบลงทุน", "compare": [{"bb_amount": 2949000, "bb_province": "อุดรธานี"}], "gf_amount_sum": 0}
{"bb_code": "1500822040600E94", "bb_year": "2559", "amount": 2949000, "min_code": "15000", "agc_code": "15008", "name": "ก่อสร้างระบบประปาหมู่บ้าน แบบบาดาลขนาดใหญ่ หมู่ที่ ๔ บ้านวังอ้อเหนือ ตำบลท่าเยี่ยม ตามแบบมาตรฐานกรมทรัพยากรน้ำ อบต.ท่าเยี่ยม อ.สากเหล็ก จ.พิจิตร", "min": "กระทรวงมหาดไทย", "agc": "กรมส่งเสริมการปกครองท้องถิ่น", "plan_name": "บริหารจัดการทรัพยากรน้ำ", "stg_name": "ยุทธศาสตร์เร่งรัดวางรากฐานการพัฒนาที่ยั่งยืนของประเทศ", "objc_level1_name": "งบลงทุน", "compare": [{"bb_amount": 2949000, "bb_province": "พิจิตร"}], "gf_amount_sum": 0}
{"bb_code": "1500883002600JJ3", "bb_year": "2559", "amount": 2949000, "min_code": "15000", "agc_code": "15008", "name": "ค่าใช้จ่ายในการจัดระเบียบการจำหน่ายสินค้า สถานที่ และการสร้างศูนย์จำหน่ายผลิตภัณฑ์สินค้าโอทอป (OTOP) หนองแสล๊บ บ้านสันมะนะ หมู่ที่ 8 องค์การบริหารส่วนตำบลป่าอ้อดอนชัย อำเภอเมืองเชียงราย จังหวัดเชียงรา", "min": "กระทรวงมหาดไทย", "agc": "กรมส่งเสริมการปกครองท้องถิ่น", "plan_name": "ส่งเสริมการกระจายอำนาจให้แก่องค์กรปกครองส่วนท้องถิ่น", "stg_name": "ยุทธศาสตร์การบริหารกิจการบ้านเมืองที่ดี", "objc_level1_name": "งบลงทุน", "compare": [{"bb_amount": 2949000, "bb_province": "เชียงราย"}], "gf_amount_sum": 0}
{"bb_code": "1500822040600616", "bb_year": "2559", "amount": 2949000, "min_code": "15000", "agc_code": "15008", "name": "ก่อสร้างประปาบาดาลขนาดใหญ่มาก บ้านทับศิลา หมู่ที่ ๖ ตำบลช่องสะเดา ตามแบบมาตรฐานการประปานครหลวง อบต.ช่องสะเดา อ.เมืองฯ จ.กาญจนบุรี", "min": "กระทรวงมหาดไทย", "agc": "กรมส่งเสริมการปกครองท้องถิ่น", "plan_name": "บริหารจัดการทรัพยากรน้ำ", "stg_name": "ยุทธศาสตร์เร่งรัดวางรากฐานการพัฒนาที่ยั่งยืนของประเทศ", "objc_level1_name": "งบลงทุน", "compare": [{"bb_amount": 2949000, "bb_province": "กาญจนบุรี"}], "gf_amount_sum": 0}
{"bb_code": "1500883002600JM5", "bb_year": "2559", "amount": 2949000, "min_code": "15000", "agc_code": "15008", "name": "ก่อสร้างร้านค้าชุมมชนตำบลไม้ขาว ช่วงที่ 1/15 หลังบริเวณหาดไม้ขาว (พรุเจ๊ะสัน) องค์การบริหารส่วนตำบลไม้ขาว อำเภอถลาง จังหวัดภูเก็ต", "min": "กระทรวงมหาดไทย", "agc": "กรมส่งเสริมการปกครองท้องถิ่น", "plan_name": "ส่งเสริมการกระจายอำนาจให้แก่องค์กรปกครองส่วนท้องถิ่น", "stg_name": "ยุทธศาสตร์การบริหารกิจการบ้านเมืองที่ดี", "objc_level1_name": "งบลงทุน", "compare": [{"bb_amount": 2949000, "bb_province": "ภูเก็ต"}], "gf_amount_sum": 0}
{"bb_code": "1500822040600BD2", "bb_year": "2559", "amount": 2949000, "min_code": "15000", "agc_code": "15008", "name": "ก่อสร้างระบบประปาหมู่บ้าน แบบบาดาลขนาดใหญ่มาก หมู่ที่ ๔ บ้านนามวน ตำบลควนกลาง ตามแบบแปลนการประปานครหลวง ทต.ควนกลาง อ.พิปูน จ.นครศรีธรรมราช", "min": "กระทรวงมหาดไทย", "agc": "กรมส่งเสริมการปกครองท้องถิ่น", "plan_name": "บริหารจัดการทรัพยากรน้ำ", "stg_name": "ยุทธศาสตร์เร่งรัดวางรากฐานการพัฒนาที่ยั่งยืนของประเทศ", "objc_level1_name": "งบลงทุน", "compare": [{"bb_amount": 2949000, "bb_province": "นครศรีธรรมราช"}], "gf_amount_sum": 0}
{"bb_code": "1500822040600L80", "bb_year": "2559", "amount": 2949000, "min_code": "15000", "agc_code": "15008", "name": "ก่อสร้างประปาหมู่บ้านแบบบาดาลขนาดใหญ่ บ้านน้ำเพอะพะ หมู่ที่ ๑๐ ตำบลบ้านโฮ่ง ตามแบบมาตรฐานกรมทรัพยากรน้ำ อบต.เวียงกานต์ อ.บ้านโฮ่ง จ.ลำพูน", "min": "กระทรวงมหาดไทย", "agc": "กรมส่งเสริมการปกครองท้องถิ่น", "plan_name": "บริหารจัดการทรัพยากรน้ำ", "stg_name": "ยุทธศาสตร์เร่งรัดวางรากฐานการพัฒนาที่ยั่งยืนของประเทศ", "objc_level1_name": "งบลงทุน", "compare": [{"bb_amount": 2949000, "bb_province": "ลำพูน"}], "gf_amount_sum": 0}
{"bb_code": "1500822040600773", "bb_year": "2559", "amount": 2949000, "min_code": "15000", "agc_code": "15008", "name": "ก่อสร้างประปาหมู่บ้าน แบบบาดาลขนาดใหญ่มาก พร้อมขุดเจาะบ่อน้ำบาดาล ๑ บ่อ หมู่ที่ ๑ บ้านทุ่งไทรงาม ตำบลบ้านควน ตามแบบการประปานครหลวง อบต.บ้านควน อ.เมืองตรัง จ.ตรัง", "min": "กระทรวงมหาดไทย", "agc": "กรมส่งเสริมการปกครองท้องถิ่น", "plan_name": "บริหารจัดการทรัพยากรน้ำ", "stg_name": "ยุทธศาสตร์เร่งรัดวางรากฐานการพัฒนาที่ยั่งยืนของประเทศ", "objc_level1_name": "งบลงทุน", "compare": [{"bb_amount": 2949000, "bb_province": "ตรัง"}], "gf_amount_sum": 0}
{"bb_code": "1500883002600JM6", "bb_year": "2559", "amount": 2949000, "min_code": "15000", "agc_code": "15008", "name": "ก่อสร้างร้านค้าชุมชนตำบลไม้ขาว ช่วงที่ 2/15หลังบริเวณหาดไม้ขาว (พรุเจ๊ะสัน) องค์การบริหารส่วนตำบลไม้ขาว อำเภอถลาง จังหวัดภูเก็ต", "min": "กระทรวงมหาดไทย", "agc": "กรมส่งเสริมการปกครองท้องถิ่น", "plan_name": "ส่งเสริมการกระจายอำนาจให้แก่องค์กรปกครองส่วนท้องถิ่น", "stg_name": "ยุทธศาสตร์การบริหารกิจการบ้านเมืองที่ดี", "objc_level1_name": "งบลงทุน", "compare": [{"bb_amount": 2949000, "bb_province": "ภูเก็ต"}], "gf_amount_sum": 0}
{"bb_code": "1500822040600BI4", "bb_year": "2559", "amount": 2949000, "min_code": "15000", "agc_code": "15008", "name": "ก่อสร้างประปาหมู่บ้าน แบบบาดาลขนาดใหญ่มาก หมู่ที่ ๓ บ้านเพิง ตำบลเชียรใหญ่ ตามแบบแปลนการประปานครหลวง อบต.เชียรใหญ่ อ.เชียรใหญ่ จ.นครศรีธรรมราช", "min": "กระทรวงมหาดไทย", "agc": "กรมส่งเสริมการปกครองท้องถิ่น", "plan_name": "บริหารจัดการทรัพยากรน้ำ", "stg_name": "ยุทธศาสตร์เร่งรัดวางรากฐานการพัฒนาที่ยั่งยืนของประเทศ", "objc_level1_name": "งบลงทุน", "compare": [{"bb_amount": 2949000, "bb_province": "นครศรีธรรมราช"}], "gf_amount_sum": 0}
