{"bb_code": "1500822040600AD5", "bb_year": "2559", "amount": 2932300, "min_code": "15000", "agc_code": "15008", "name": "ก่อสร้างประปาบาบาดาลขนาดใหญ่มาก หมู่ที่ ๕ ตำบลบึงกาสาม ตามแบบแปลนที่องค์การบริหารส่วนตำบลบึงกาสามกำหนด อบต.บึงกาสาม อ.หนองเสือ จ.ปทุมธานี", "min": "กระทรวงมหาดไทย", "agc": "กรมส่งเสริมการปกครองท้องถิ่น", "plan_name": "บริหารจัดการทรัพยากรน้ำ", "stg_name": "ยุทธศาสตร์เร่งรัดวางรากฐานการพัฒนาที่ยั่งยืนของประเทศ", "objc_level1_name": "งบลงทุน", "compare": [{"bb_amount": 2932300, "bb_province": "ปทุมธานี"}], "gf_amount_sum": 0}
{"bb_code": "1500822040600AD1", "bb_year": "2559", "amount": 2932300, "min_code": "15000", "agc_code": "15008", "name": "ก่อสร้างประปาบาบาดาลขนาดใหญ่มาก หมู่ที่ ๑ ตำบลบึงกาสาม ตามแบบแปลนที่องค์การบริหารส่วนตำบลบึงกาสามกำหนด อบต.บึงกาสาม อ.หนองเสือ จ.ปทุมธานี", "min": "กระทรวงมหาดไทย", "agc": "กรมส่งเสริมการปกครองท้องถิ่น", "plan_name": "บริหารจัดการทรัพยากรน้ำ", "stg_name": "ยุทธศาสตร์เร่งรัดวางรากฐานการพัฒนาที่ยั่งยืนของประเทศ", "objc_level1_name": "งบลงทุน", "compare": [{"bb_amount": 2932300, "bb_province": "ปทุมธานี"}], "gf_amount_sum": 0}
{"bb_code": "1500822040600AD2", "bb_year": "2559", "amount": 2932300, "min_code": "15000", "agc_code": "15008", "name": "ก่อสร้างประปาบาบาดาลขนาดใหญ่มาก หมู่ที่ ๒ ตำบลบึงกาสาม ตามแบบแปลนที่องค์การบริหารส่วนตำบลบึงกาสามกำหนด อบต.บึงกาสาม อ.หนองเสือ จ.ปทุมธานี", "min": "กระทรวงมหาดไทย", "agc": "กรมส่งเสริมการปกครองท้องถิ่น", "plan_name": "บริหารจัดการทรัพยากรน้ำ", "stg_name": "ยุทธศาสตร์เร่งรัดวางรากฐานการพัฒนาที่ยั่งยืนของประเทศ", "objc_level1_name": "งบลงทุน", "compare": [{"bb_amount": 2932300, "bb_province": "ปทุมธานี"}], "gf_amount_sum": 0}
{"bb_code": "1500822040600AD6", "bb_year": "2559", "amount": 2932300, "min_code": "15000", "agc_code": "15008", "name": "ก่อสร้างประปาบาบาดาลขนาดใหญ่มาก หมู่ที่ ๖ ตำบลบึงกาสาม ตามแบบแปลนที่องค์การบริหารส่วนตำบลบึงกาสามกำหนด อบต.บึงกาสาม อ.หนองเสือ จ.ปทุมธานี", "min": "กระทรวงมหาดไทย", "agc": "กรมส่งเสริมการปกครองท้องถิ่น", "plan_name": "บริหารจัดการทรัพยากรน้ำ", "stg_name": "ยุทธศาสตร์เร่งรัดวางรากฐานการพัฒนาที่ยั่งยืนของประเทศ", "objc_level1_name": "งบลงทุน", "compare": [{"bb_amount": 2932300, "bb_province": "ปทุมธานี"}], "gf_amount_sum": 0}
{"bb_code": "1500822040600AD7", "bb_year": "2559", "amount": 2932300, "min_code": "15000", "agc_code": "15008", "name": "ก่อสร้างประปาบาบาดาลขนาดใหญ่มาก หมู่ที่ ๗ ตำบลบึงกาสาม ตามแบบแปลนที่องค์การบริหารส่วนตำบลบึงกาสามกำหนด อบต.บึงกาสาม อ.หนองเสือ จ.ปทุมธานี", "min": "กระทรวงมหาดไทย", "agc": "กรมส่งเสริมการปกครองท้องถิ่น", "plan_name": "บริหารจัดการทรัพยากรน้ำ", "stg_name": "ยุทธศาสตร์เร่งรัดวางรากฐานการพัฒนาที่ยั่งยืนของประเทศ", "objc_level1_name": "งบลงทุน", "compare": [{"bb_amount": 2932300, "bb_province": "ปทุมธานี"}], "gf_amount_sum": 0}
{"bb_code": "1500822040600AD8", "bb_year": "2559", "amount": 2932300, "min_code": "15000", "agc_code": "15008", "name": "ก่อสร้างประปาบาบาดาลขนาดใหญ่มาก หมู่ที่ ๘ ตำบลบึงกาสาม ตามแบบแปลนที่องค์การบริหารส่วนตำบลบึงกาสามกำหนด อบต.บึงกาสาม อ.หนองเสือ จ.ปทุมธานี", "min": "กระทรวงมหาดไทย", "agc": "กรมส่งเสริมการปกครองท้องถิ่น", "plan_name": "บริหารจัดการทรัพยากรน้ำ", "stg_name": "ยุทธศาสตร์เร่งรัดวางรากฐานการพัฒนาที่ยั่งยืนของประเทศ", "objc_level1_name": "งบลงทุน", "compare": [{"bb_amount": 2932300, "bb_province": "ปทุมธานี"}], "gf_amount_sum": 0}
{"bb_code": "1500822040600AD4", "bb_year": "2559", "amount": 2932300, "min_code": "15000", "agc_code": "15008", "name": "ก่อสร้างประปาบาบาดาลขนาดใหญ่มาก หมู่ที่ ๔ ตำบลบึงกาสาม ตามแบบแปลนที่องค์การบริหารส่วนตำบลบึงกาสามกำหนด อบต.บึงกาสาม อ.หนองเสือ จ.ปทุมธานี", "min": "กระทรวงมหาดไทย", "agc": "กรมส่งเสริมการปกครองท้องถิ่น", "plan_name": "บริหารจัดการทรัพยากรน้ำ", "stg_name": "ยุทธศาสตร์เร่งรัดวางรากฐานการพัฒนาที่ยั่งยืนของประเทศ", "objc_level1_name": "งบลงทุน", "compare": [{"bb_amount": 2932300, "bb_province": "ปทุมธานี"}], "gf_amount_sum": 0}
{"bb_code": "1500822040600AD9", "bb_year": "2559", "amount": 2932300, "min_code": "15000", "agc_code": "15008", "name": "ก่อสร้างประปาบาบาดาลขนาดใหญ่มาก หมู่ที่ ๙ ตำบลบึงกาสาม ตามแบบแปลนที่องค์การบริหารส่วนตำบลบึงกาสามกำหนด อบต.บึงกาสาม อ.หนองเสือ จ.ปทุมธานี", "min": "กระทรวงมหาดไทย", "agc": "กรมส่งเสริมการปกครองท้องถิ่น", "plan_name": "บริหารจัดการทรัพยากรน้ำ", "stg_name": "ยุทธศาสตร์เร่งรัดวางรากฐานการพัฒนาที่ยั่งยืนของประเทศ", "objc_level1_name": "งบลงทุน", "compare": [{"bb_amount": 2932300, "bb_province": "ปทุมธานี"}], "gf_amount_sum": 0}
{"bb_code": "1500822040600R38", "bb_year": "2559", "amount": 2929300, "min_code": "15000", "agc_code": "15008", "name": "ก่อสร้างระบบประปาหมู่บ้าน แบบบาดาลขนาดใหญ่ หมู่ที่ ๑ บ้านหนองแหน ตำบลนครเดิฐ ตามแบบแปลนกรมทรัพยากรน้ำ อบต.นครเดิฐ อ.ศรีนคร จ.สุโขทัย", "min": "กระทรวงมหาดไทย", "agc": "กรมส่งเสริมการปกครองท้องถิ่น", "plan_name": "บริหารจัดการทรัพยากรน้ำ", "stg_name": "ยุทธศาสตร์เร่งรัดวางรากฐานการพัฒนาที่ยั่งยืนของประเทศ", "objc_level1_name": "งบลงทุน", "compare": [{"bb_amount": 2929300, "bb_province": "สุโขทัย"}], "gf_amount_sum": 0}
{"bb_code": "1500817036600934", "bb_year": "2559", "amount": 2929300, "min_code": "15000", "agc_code": "15008", "name": "ก่อสร้างลานกีฬาอเนกประสงค์ ตามแบบมาตรฐานการกีฬาแห่งประเทศไทย พร้อมสิ่งก่อสร้างประกอบ หมู่ที่ 4  องค์การบริหารส่วนตำบลคลองหลา อำเภอคลองหอยโข่ง จังหวัดสงขลา", "min": "กระทรวงมหาดไทย", "agc": "กรมส่งเสริมการปกครองท้องถิ่น", "plan_name": "ป้องกัน ปราบปราม และบําบัดรักษาผู้ติดยาเสพติด ", "stg_name": "ยุทธศาสตร์การศึกษา สาธารณสุข คุณธรรม จริยธรรม และคุณภาพชีวิต", "objc_level1_name": "งบลงทุน", "compare": [{"bb_amount": 2929300, "bb_province": "สงขลา"}], "gf_amount_sum": 0}
{"bb_code": "1500822040600R40", "bb_year": "2559", "amount": 2929300, "min_code": "15000", "agc_code": "15008", "name": "ก่อสร้างระบบประปาหมู่บ้าน แบบบาดาลขนาดใหญ่ หมู่ที่ ๕ บ้านปากอ่าว ตำบลนครเดิฐ ตามแบบแปลนกรมทรัพยากรน้ำ อบต.นครเดิฐ อ.ศรีนคร จ.สุโขทัย", "min": "กระทรวงมหาดไทย", "agc": "กรมส่งเสริมการปกครองท้องถิ่น", "plan_name": "บริหารจัดการทรัพยากรน้ำ", "stg_name": "ยุทธศาสตร์เร่งรัดวางรากฐานการพัฒนาที่ยั่งยืนของประเทศ", "objc_level1_name": "งบลงทุน", "compare": [{"bb_amount": 2929300, "bb_province": "สุโขทัย"}], "gf_amount_sum": 0}
{"bb_code": "1500822040600X96", "bb_year": "2559", "amount": 2929300, "min_code": "15000", "agc_code": "15008", "name": "ก่อสร้างระบบประปาหมู่บ้าน แบบผิวดินขนาดใหญ่ บ้านห้วยขะยุงตก หมู่ที่ ๒  ตำบลห้วยขะยุง ตามแบบมาตรฐานกรมทรัพยากรน้ำ ทต.ห้วยขะยุง อ.วารินชำราบ จ.อุบลราชธานี", "min": "กระทรวงมหาดไทย", "agc": "กรมส่งเสริมการปกครองท้องถิ่น", "plan_name": "บริหารจัดการทรัพยากรน้ำ", "stg_name": "ยุทธศาสตร์เร่งรัดวางรากฐานการพัฒนาที่ยั่งยืนของประเทศ", "objc_level1_name": "งบลงทุน", "compare": [{"bb_amount": 2929300, "bb_province": "อุบลราชธานี"}], "gf_amount_sum": 0}
{"bb_code": "1500822040600R39", "bb_year": "2559", "amount": 2929300, "min_code": "15000", "agc_code": "15008", "name": "ก่อสร้างระบบประปาหมู่บ้าน แบบบาดาลขนาดใหญ่ หมู่ที่ ๒ บ้านดงจันทน์ ตำบลนครเดิฐ ตามแบบแปลนกรมทรัพยากรน้ำ อบต.นครเดิฐ อ.ศรีนคร จ.สุโขทัย", "min": "กระทรวงมหาดไทย", "agc": "กรมส่งเสริมการปกครองท้องถิ่น", "plan_name": "บริหารจัดการทรัพยากรน้ำ", "stg_name": "ยุทธศาสตร์เร่งรัดวางรากฐานการพัฒนาที่ยั่งยืนของประเทศ", "objc_level1_name": "งบลงทุน", "compare": [{"bb_amount": 2929300, "bb_province": "สุโขทัย"}], "gf_amount_sum": 0}
{"bb_code": "1500883002600DN4", "bb_year": "2559", "amount": 2928700, "min_code": "15000", "agc_code": "15008", "name": "ปรับปรุงผิวทางแอสฟัลท์ติกคอนกรีต สายทางบ้านท่าตาล - บ้านโกรงเกรง กว้าง ๖ เมตร ยาว ๙๒๘ เมตร หนาเฉลี่ย ๐.๐๕ เมตร ไหล่ทางกว้างข้างละ ๑ เมตร อบต.ท่าตาล อ.บางกระทุ่ม จ.พิษณุโลก", "min": "กระทรวงมหาดไทย", "agc": "กรมส่งเสริมการปกครองท้องถิ่น", "plan_name": "ส่งเสริมการกระจายอำนาจให้แก่องค์กรปกครองส่วนท้องถิ่น", "stg_name": "ยุทธศาสตร์การบริหารกิจการบ้านเมืองที่ดี", "objc_level1_name": "งบลงทุน", "compare": [{"bb_amount": 2928700, "bb_province": "พิษณุโลก"}], "gf_amount_sum": 0}
{"bb_code": "1500822040600P06", "bb_year": "2559", "amount": 2927400, "min_code": "15000", "agc_code": "15008", "name": "ก่อสร้างระบบประปาหมู่บ้านแบบผิวดิน แบบประปาผิวดิน ขนาดใหญ่ หมู่ที่ ๑ ตำบลพิกุลทอง ตามแบบกรมทรัพยากรน้ำ ทต.ถอนสมอ อ.ท่าช้าง จ.สิงห์บุรี", "min": "กระทรวงมหาดไทย", "agc": "กรมส่งเสริมการปกครองท้องถิ่น", "plan_name": "บริหารจัดการทรัพยากรน้ำ", "stg_name": "ยุทธศาสตร์เร่งรัดวางรากฐานการพัฒนาที่ยั่งยืนของประเทศ", "objc_level1_name": "งบลงทุน", "compare": [{"bb_amount": 2927400, "bb_province": "สิงห์บุรี"}], "gf_amount_sum": 0}
{"bb_code": "1500883002600FM9", "bb_year": "2559", "amount": 2927000, "min_code": "15000", "agc_code": "15008", "name": "ปรับปรุงซ่อมสร้าง/ซ่อมแซมถนนแอสฟัลท์ติกคอนกรีต ทางเข้าอุทยานแห่งชาติดอยจง ตำบลนายาง กว้าง ๖ เมตร ยาว ๕,๐๕๐ เมตร หนา ๐.๐๕ เมตร อบต.นายาง อ.สบปราบ จ.ลำปาง", "min": "กระทรวงมหาดไทย", "agc": "กรมส่งเสริมการปกครองท้องถิ่น", "plan_name": "ส่งเสริมการกระจายอำนาจให้แก่องค์กรปกครองส่วนท้องถิ่น", "stg_name": "ยุทธศาสตร์การบริหารกิจการบ้านเมืองที่ดี", "objc_level1_name": "งบลงทุน", "compare": [{"bb_amount": 2927000, "bb_province": "ลำปาง"}], "gf_amount_sum": 0}
{"bb_code": "1500822040600CK5", "bb_year": "2559", "amount": 2926000, "min_code": "15000", "agc_code": "15008", "name": "ปรับปรุงซ่อมแซมสถานีสูบน้ำด้วยไฟฟ้า บ้านหลุมเข้า อบต.หลุมเข้า อ.หนองขาหย่าง จ.อุทัยธานี", "min": "กระทรวงมหาดไทย", "agc": "กรมส่งเสริมการปกครองท้องถิ่น", "plan_name": "บริหารจัดการทรัพยากรน้ำ", "stg_name": "ยุทธศาสตร์เร่งรัดวางรากฐานการพัฒนาที่ยั่งยืนของประเทศ", "objc_level1_name": "งบลงทุน", "compare": [{"bb_amount": 2926000, "bb_province": "อุทัยธานี"}], "gf_amount_sum": 0}
{"bb_code": "1500822040600CO5", "bb_year": "2559", "amount": 2926000, "min_code": "15000", "agc_code": "15008", "name": "ปรับปรุงซ่อมแซมสถานีสูบน้ำด้วยไฟฟ้า บ้านนาคำเจริญ ทต.น้ำก่ำ อ.ธาตุพนม จ.นครพนม", "min": "กระทรวงมหาดไทย", "agc": "กรมส่งเสริมการปกครองท้องถิ่น", "plan_name": "บริหารจัดการทรัพยากรน้ำ", "stg_name": "ยุทธศาสตร์เร่งรัดวางรากฐานการพัฒนาที่ยั่งยืนของประเทศ", "objc_level1_name": "งบลงทุน", "compare": [{"bb_amount": 2926000, "bb_province": "นครพนม"}], "gf_amount_sum": 0}
{"bb_code": "1500883002600HD0", "bb_year": "2559", "amount": 2925200, "min_code": "15000", "agc_code": "15008", "name": "ซ่อมสร้างผิวทางแอสฟัลท์ติกคอนกรีต สายบ้านหนองปูน - บ้านกระบกเตี้ย ตำบลท่ากระดาน กว้าง ๖ เมตร ไหล่ทางข้างละ ๑ เมตร ยาว ๗๙๐ เมตร   อบต.ท่ากระดาน อ.สนามชัยเขต จ.ฉะเชิงเทรา", "min": "กระทรวงมหาดไทย", "agc": "กรมส่งเสริมการปกครองท้องถิ่น", "plan_name": "ส่งเสริมการกระจายอำนาจให้แก่องค์กรปกครองส่วนท้องถิ่น", "stg_name": "ยุทธศาสตร์การบริหารกิจการบ้านเมืองที่ดี", "objc_level1_name": "งบลงทุน", "compare": [{"bb_amount": 2925200, "bb_province": "ฉะเชิงเทรา"}], "gf_amount_sum": 0}
{"bb_code": "1500786007420229", "bb_year": "2559", "amount": 2925000, "min_code": "15000", "agc_code": "15007", "name": "เขื่อนป้องกันตลิ่งริมแม่น้ำป่าสัก ม.6 ต.บ้านยาง อ.เสาไห้ จ.สระบุรี ความยาว 100 เมตร", "min": "กระทรวงมหาดไทย", "agc": "กรมโยธาธิการและผังเมือง", "plan_name": "ฟื้นฟู ป้องกัน และจัดการภัยพิบัติ ", "stg_name": "ยุทธศาสตร์การจัดการทรัพยากรธรรมชาติและสิ่งแวดล้อม", "objc_level1_name": "งบลงทุน", "compare": [{"bb_amount": 2925000, "bb_province": "สระบุรี", "gf_amount": 2925000, "gf_province": "สระบุรี"}], "gf_amount_sum": 2925000}
