{"bb_code": "1500786007420115", "bb_year": "2559", "amount": 2925000, "min_code": "15000", "agc_code": "15007", "name": "เขื่อนป้องกันตลิ่งริมคลองระบายน้ำบางโพธิ์ ม.3 ต.ตลุก อ.สรรพยา จ.ชัยนาท ความยาว 150 เมตร", "min": "กระทรวงมหาดไทย", "agc": "กรมโยธาธิการและผังเมือง", "plan_name": "ฟื้นฟู ป้องกัน และจัดการภัยพิบัติ ", "stg_name": "ยุทธศาสตร์การจัดการทรัพยากรธรรมชาติและสิ่งแวดล้อม", "objc_level1_name": "งบลงทุน", "compare": [{"bb_amount": 2925000, "bb_province": "ชัยนาท", "gf_amount": 2187150, "gf_province": "ชัยนาท"}], "gf_amount_sum": 2187150}
{"bb_code": "1500786007420162", "bb_year": "2559", "amount": 2925000, "min_code": "15000", "agc_code": "15007", "name": "เขื่อนป้องกันตลิ่งริมคลองเขาแดง ม.2 ต.เขาแดง อ.กุยบุรี จ.ประจวบคีรีขันธ์ ความยาว 100 เมตร", "min": "กระทรวงมหาดไทย", "agc": "กรมโยธาธิการและผังเมือง", "plan_name": "ฟื้นฟู ป้องกัน และจัดการภัยพิบัติ ", "stg_name": "ยุทธศาสตร์การจัดการทรัพยากรธรรมชาติและสิ่งแวดล้อม", "objc_level1_name": "งบลงทุน", "compare": [{"bb_amount": 2925000, "bb_province": "ประจวบคีรีขันธ์", "gf_amount": 2925000, "gf_province": "ประจวบคีรีขันธ์"}], "gf_amount_sum": 2925000}
{"bb_code": "1500786007420289", "bb_year": "2559", "amount": 2925000, "min_code": "15000", "agc_code": "15007", "name": "เขื่อนป้องกันตลิ่งริมแม่น้ำอิง (ตอน 2) บ้านศรีดอนชัย ม.7 ต.ศรีดอนชัย อ.เชียงของ จ.เชียงราย ความยาว 300 เมตร", "min": "กระทรวงมหาดไทย", "agc": "กรมโยธาธิการและผังเมือง", "plan_name": "ฟื้นฟู ป้องกัน และจัดการภัยพิบัติ ", "stg_name": "ยุทธศาสตร์การจัดการทรัพยากรธรรมชาติและสิ่งแวดล้อม", "objc_level1_name": "งบลงทุน", "compare": [{"bb_amount": 2925000, "bb_province": "เชียงราย", "gf_amount": 8030000, "gf_province": "เชียงราย"}], "gf_amount_sum": 8030000}
{"bb_code": "1500786007420313", "bb_year": "2559", "amount": 2925000, "min_code": "15000", "agc_code": "15007", "name": "เขื่อนป้องกันตลิ่งริมแม่น้ำชี บ้านชีกกค้อ ม.17 และ ม.13 ต.เมืองเพีย อ.บ้านไผ่ จ.ขอนแก่น ความยาว 150 เมตร", "min": "กระทรวงมหาดไทย", "agc": "กรมโยธาธิการและผังเมือง", "plan_name": "ฟื้นฟู ป้องกัน และจัดการภัยพิบัติ ", "stg_name": "ยุทธศาสตร์การจัดการทรัพยากรธรรมชาติและสิ่งแวดล้อม", "objc_level1_name": "งบลงทุน", "compare": [{"bb_amount": 2925000, "bb_province": "ขอนแก่น", "gf_amount": 2925000, "gf_province": "ขอนแก่น"}], "gf_amount_sum": 2925000}
{"bb_code": "1500786007420322", "bb_year": "2559", "amount": 2925000, "min_code": "15000", "agc_code": "15007", "name": "เขื่อนป้องกันตลิ่งริมแม่น้ำลาว บ้านเวียงใต้ ม.15 ต.เวียง อ.เทิง จ.เชียงราย ความยาว 250 เมตร", "min": "กระทรวงมหาดไทย", "agc": "กรมโยธาธิการและผังเมือง", "plan_name": "ฟื้นฟู ป้องกัน และจัดการภัยพิบัติ ", "stg_name": "ยุทธศาสตร์การจัดการทรัพยากรธรรมชาติและสิ่งแวดล้อม", "objc_level1_name": "งบลงทุน", "compare": [{"bb_amount": 2925000, "bb_province": "เชียงราย", "gf_amount": 2925000, "gf_province": "เชียงราย"}], "gf_amount_sum": 2925000}
{"bb_code": "1500786007420323", "bb_year": "2559", "amount": 2925000, "min_code": "15000", "agc_code": "15007", "name": "เขื่อนป้องกันตลิ่งริมแม่น้ำกก บ้านริมกก ม.4 และบ้านป่าอ้อ ม.5 ต.แม่ยาว อ.เมือง จ.เชียงราย ความยาว 300 เมตร", "min": "กระทรวงมหาดไทย", "agc": "กรมโยธาธิการและผังเมือง", "plan_name": "ฟื้นฟู ป้องกัน และจัดการภัยพิบัติ ", "stg_name": "ยุทธศาสตร์การจัดการทรัพยากรธรรมชาติและสิ่งแวดล้อม", "objc_level1_name": "งบลงทุน", "compare": [{"bb_amount": 2925000, "bb_province": "เชียงราย", "gf_amount": 5388000, "gf_province": "เชียงราย"}], "gf_amount_sum": 5388000}
{"bb_code": "1500786007420325", "bb_year": "2559", "amount": 2925000, "min_code": "15000", "agc_code": "15007", "name": "เขื่อนป้องกันตลิ่งริมห้วยหนองปรือ ต.หนองไผ่แก้ว อ.บ้านบึง จ.ชลบุรี ความยาว 170 เมตร", "min": "กระทรวงมหาดไทย", "agc": "กรมโยธาธิการและผังเมือง", "plan_name": "ฟื้นฟู ป้องกัน และจัดการภัยพิบัติ ", "stg_name": "ยุทธศาสตร์การจัดการทรัพยากรธรรมชาติและสิ่งแวดล้อม", "objc_level1_name": "งบลงทุน", "compare": [{"bb_amount": 2925000, "bb_province": "ชลบุรี", "gf_amount": 3170686, "gf_province": "ชลบุรี"}], "gf_amount_sum": 3170686}
{"bb_code": "1500786007420324", "bb_year": "2559", "amount": 2925000, "min_code": "15000", "agc_code": "15007", "name": "เขื่อนป้องกันตลิ่งริมคลองหลวง (ช่วงที่ 2) ต.บ่อทอง อ.บ่อทอง จ.ชลบุรี ความยาว 200 เมตร", "min": "กระทรวงมหาดไทย", "agc": "กรมโยธาธิการและผังเมือง", "plan_name": "ฟื้นฟู ป้องกัน และจัดการภัยพิบัติ ", "stg_name": "ยุทธศาสตร์การจัดการทรัพยากรธรรมชาติและสิ่งแวดล้อม", "objc_level1_name": "งบลงทุน", "compare": [{"bb_amount": 2925000, "bb_province": "ชลบุรี", "gf_amount": 2925000, "gf_province": "ชลบุรี"}], "gf_amount_sum": 2925000}
{"bb_code": "1500786007420334", "bb_year": "2559", "amount": 2925000, "min_code": "15000", "agc_code": "15007", "name": "เขื่อนป้องกันตลิ่งริมแม่น้ำเจ้าพระยา (แม่น้ำลัดเกร็ด) บริเวณวัดฉิมพลี (เพิ่มเติม) ม.1 ต.เกาะเกร็ด อ.ปากเกร็ด จ.นนทบุรี ความยาว 46 เมตร", "min": "กระทรวงมหาดไทย", "agc": "กรมโยธาธิการและผังเมือง", "plan_name": "ฟื้นฟู ป้องกัน และจัดการภัยพิบัติ ", "stg_name": "ยุทธศาสตร์การจัดการทรัพยากรธรรมชาติและสิ่งแวดล้อม", "objc_level1_name": "งบลงทุน", "compare": [{"bb_amount": 2925000, "bb_province": "นนทบุรี", "gf_amount": 2092500, "gf_province": "นนทบุรี"}], "gf_amount_sum": 2092500}
{"bb_code": "1500786007420336", "bb_year": "2559", "amount": 2925000, "min_code": "15000", "agc_code": "15007", "name": "เขื่อนป้องกันตลิ่งริมคลองพระอุดม บริเวณวัดโปรดเกษ ม.2 ถึงวัดสะพานสูง ม.3 คลองพระอุดม ต.บางม่วง อ.บางใหญ่ จ.นนทบุรี ความยาว 62 เมตร", "min": "กระทรวงมหาดไทย", "agc": "กรมโยธาธิการและผังเมือง", "plan_name": "ฟื้นฟู ป้องกัน และจัดการภัยพิบัติ ", "stg_name": "ยุทธศาสตร์การจัดการทรัพยากรธรรมชาติและสิ่งแวดล้อม", "objc_level1_name": "งบลงทุน", "compare": [{"bb_amount": 2925000, "bb_province": "นนทบุรี", "gf_amount": 978000, "gf_province": "นนทบุรี"}], "gf_amount_sum": 978000}
{"bb_code": "1500786007420346", "bb_year": "2559", "amount": 2925000, "min_code": "15000", "agc_code": "15007", "name": "เขื่อนป้องกันตลิ่งริมคลองขวาง บริเวณศูนย์พัฒนาเด็กเล็กฯ ม.5 ต.โพรงอากาศ อ.บางน้ำเปรี้ยว จ.ฉะเชิงเทรา ความยาว 90 เมตร", "min": "กระทรวงมหาดไทย", "agc": "กรมโยธาธิการและผังเมือง", "plan_name": "ฟื้นฟู ป้องกัน และจัดการภัยพิบัติ ", "stg_name": "ยุทธศาสตร์การจัดการทรัพยากรธรรมชาติและสิ่งแวดล้อม", "objc_level1_name": "งบลงทุน", "compare": [{"bb_amount": 2925000, "bb_province": "ฉะเชิงเทรา", "gf_amount": 2681400, "gf_province": "ฉะเชิงเทรา"}], "gf_amount_sum": 2681400}
{"bb_code": "1500786007420350", "bb_year": "2559", "amount": 2925000, "min_code": "15000", "agc_code": "15007", "name": "เขื่อนป้องกันตลิ่งและปรับปรุงภูมิทัศน์บริเวณหน้าวัดพิกุลโสคันธ์ ต.พระขาว อ.บางบาล จ.พระนครศรีอยุธยา ความยาว 150 เมตร", "min": "กระทรวงมหาดไทย", "agc": "กรมโยธาธิการและผังเมือง", "plan_name": "ฟื้นฟู ป้องกัน และจัดการภัยพิบัติ ", "stg_name": "ยุทธศาสตร์การจัดการทรัพยากรธรรมชาติและสิ่งแวดล้อม", "objc_level1_name": "งบลงทุน", "compare": [{"bb_amount": 2925000, "bb_province": "พระนครศรีอยุธยา", "gf_amount": 4081480, "gf_province": "พระนครศรีอยุธยา"}], "gf_amount_sum": 4081480}
{"bb_code": "1500786007420351", "bb_year": "2559", "amount": 2925000, "min_code": "15000", "agc_code": "15007", "name": "เขื่อนป้องกันตลิ่งริมแม่น้ำป่าสัก บริเวณบ้านพักสัสดี ต.หอรัตนไชย อ.พระนครศรีอยุธยา จ.พระนครศรีอยุธยา ความยาว 100 เมตร", "min": "กระทรวงมหาดไทย", "agc": "กรมโยธาธิการและผังเมือง", "plan_name": "ฟื้นฟู ป้องกัน และจัดการภัยพิบัติ ", "stg_name": "ยุทธศาสตร์การจัดการทรัพยากรธรรมชาติและสิ่งแวดล้อม", "objc_level1_name": "งบลงทุน", "compare": [{"bb_amount": 2925000, "bb_province": "พระนครศรีอยุธยา", "gf_amount": 7064200, "gf_province": "พระนครศรีอยุธยา"}], "gf_amount_sum": 7064200}
{"bb_code": "1500786007420354", "bb_year": "2559", "amount": 2925000, "min_code": "15000", "agc_code": "15007", "name": "เขื่อนป้องกันตลิ่งริมคลองพังงา บ้านฝ่ายท่า ม.2 ต.ถ้ำน้ำผุด อ.เมืองพังงา จ.พังงา ความยาว 200 เมตร", "min": "กระทรวงมหาดไทย", "agc": "กรมโยธาธิการและผังเมือง", "plan_name": "ฟื้นฟู ป้องกัน และจัดการภัยพิบัติ ", "stg_name": "ยุทธศาสตร์การจัดการทรัพยากรธรรมชาติและสิ่งแวดล้อม", "objc_level1_name": "งบลงทุน", "compare": [{"bb_amount": 2925000, "bb_province": "พังงา", "gf_amount": 1777747.65, "gf_province": "พังงา"}], "gf_amount_sum": 1777747.65}
{"bb_code": "1500786007420355", "bb_year": "2559", "amount": 2925000, "min_code": "15000", "agc_code": "15007", "name": "เขื่อนป้องกันตลิ่งริมคลองพังงา บ้านควน ม.1 ต.ถ้ำน้ำผุด อ.เมืองพังงา จ.พังงา ความยาว 200 เมตร", "min": "กระทรวงมหาดไทย", "agc": "กรมโยธาธิการและผังเมือง", "plan_name": "ฟื้นฟู ป้องกัน และจัดการภัยพิบัติ ", "stg_name": "ยุทธศาสตร์การจัดการทรัพยากรธรรมชาติและสิ่งแวดล้อม", "objc_level1_name": "งบลงทุน", "compare": [{"bb_amount": 2925000, "bb_province": "พังงา", "gf_amount": 1642800, "gf_province": "พังงา"}], "gf_amount_sum": 1642800}
{"bb_code": "1500786007420366", "bb_year": "2559", "amount": 2925000, "min_code": "15000", "agc_code": "15007", "name": "เขื่อนป้องกันตลิ่งริมแม่น้ำยม บริเวณบ้านบุญเจริญ ม.8 ต.แม่หล่าย อ.เมือง จ.แพร่ ความยาว 320 เมตร", "min": "กระทรวงมหาดไทย", "agc": "กรมโยธาธิการและผังเมือง", "plan_name": "ฟื้นฟู ป้องกัน และจัดการภัยพิบัติ ", "stg_name": "ยุทธศาสตร์การจัดการทรัพยากรธรรมชาติและสิ่งแวดล้อม", "objc_level1_name": "งบลงทุน", "compare": [{"bb_amount": 2925000, "bb_province": "แพร่", "gf_amount": 1672500, "gf_province": "แพร่"}], "gf_amount_sum": 1672500}
{"bb_code": "1500786007420377", "bb_year": "2559", "amount": 2925000, "min_code": "15000", "agc_code": "15007", "name": "เขื่อนป้องกันตลิ่งริมแม่น้ำแม่กลอง บริเวณวัดเทพอาวาสถึงหลังศูนย์บ้านพักข้าราชการอัยการภาค 7 ต.หน้าเมือง อ.เมือง จ.ราชบุรี ความยาว 105 เมตร", "min": "กระทรวงมหาดไทย", "agc": "กรมโยธาธิการและผังเมือง", "plan_name": "ฟื้นฟู ป้องกัน และจัดการภัยพิบัติ ", "stg_name": "ยุทธศาสตร์การจัดการทรัพยากรธรรมชาติและสิ่งแวดล้อม", "objc_level1_name": "งบลงทุน", "compare": [{"bb_amount": 2925000, "bb_province": "ราชบุรี", "gf_amount": 2925000, "gf_province": "ราชบุรี"}], "gf_amount_sum": 2925000}
{"bb_code": "1500786007420380", "bb_year": "2559", "amount": 2925000, "min_code": "15000", "agc_code": "15007", "name": "เขื่อนป้องกันตลิ่งริมแม่น้ำชี บ้านท่าไคร้ ม.1 ต.กลาง อ.เสลภูมิ จ.ร้อยเอ็ด ความยาว 125 เมตร", "min": "กระทรวงมหาดไทย", "agc": "กรมโยธาธิการและผังเมือง", "plan_name": "ฟื้นฟู ป้องกัน และจัดการภัยพิบัติ ", "stg_name": "ยุทธศาสตร์การจัดการทรัพยากรธรรมชาติและสิ่งแวดล้อม", "objc_level1_name": "งบลงทุน", "compare": [{"bb_amount": 2925000, "bb_province": "ร้อยเอ็ด", "gf_amount": 0, "gf_province": "ร้อยเอ็ด"}], "gf_amount_sum": 0}
{"bb_code": "1500786007420384", "bb_year": "2559", "amount": 2925000, "min_code": "15000", "agc_code": "15007", "name": "เขื่อนป้องกันตลิ่งริมคลองบ้านนา บริเวณวัดกระดาน ต.พิกุลออก เขตเทศบาลต.บ้านนา อ.บ้านนา จ.นครนายก ความยาว 100 เมตร", "min": "กระทรวงมหาดไทย", "agc": "กรมโยธาธิการและผังเมือง", "plan_name": "ฟื้นฟู ป้องกัน และจัดการภัยพิบัติ ", "stg_name": "ยุทธศาสตร์การจัดการทรัพยากรธรรมชาติและสิ่งแวดล้อม", "objc_level1_name": "งบลงทุน", "compare": [{"bb_amount": 2925000, "bb_province": "นครนายก", "gf_amount": 2632500, "gf_province": "นครนายก"}], "gf_amount_sum": 2632500}
{"bb_code": "1500786007420385", "bb_year": "2559", "amount": 2925000, "min_code": "15000", "agc_code": "15007", "name": "เขื่อนป้องกันตลิ่งริมแม่น้ำวัง ฝั่งซ้าย ตั้งแต่บริเวณหลังบ้านเลขที่ 1 ถ.ศรีเกิด สะพานช้างเผือก เทศบาลนครลำปาง อ.เมือง จ.ลำปาง ความยาว 100 เมตร", "min": "กระทรวงมหาดไทย", "agc": "กรมโยธาธิการและผังเมือง", "plan_name": "ฟื้นฟู ป้องกัน และจัดการภัยพิบัติ ", "stg_name": "ยุทธศาสตร์การจัดการทรัพยากรธรรมชาติและสิ่งแวดล้อม", "objc_level1_name": "งบลงทุน", "compare": [{"bb_amount": 2925000, "bb_province": "ลำปาง", "gf_amount": 1827100, "gf_province": "ลำปาง"}], "gf_amount_sum": 1827100}
