{"bb_code": "1500817036600867", "bb_year": "2559", "amount": 2915600, "min_code": "15000", "agc_code": "15008", "name": "ก่อสร้างสนามฟุตบอล ขนาดกว้าง 64 เมตร ยาว 105 เมตร หมู่ที่ 6 บ้านทำเนียบ องค์การบริหารส่วนตำบลลำภู อำเภอเมืองนราธิวาส จังหวัดนราธิวาส", "min": "กระทรวงมหาดไทย", "agc": "กรมส่งเสริมการปกครองท้องถิ่น", "plan_name": "ป้องกัน ปราบปราม และบําบัดรักษาผู้ติดยาเสพติด ", "stg_name": "ยุทธศาสตร์การศึกษา สาธารณสุข คุณธรรม จริยธรรม และคุณภาพชีวิต", "objc_level1_name": "งบลงทุน", "compare": [{"bb_amount": 2915600, "bb_province": "นราธิวาส"}], "gf_amount_sum": 0}
{"bb_code": "1500883002600HB4", "bb_year": "2559", "amount": 2915400, "min_code": "15000", "agc_code": "15008", "name": "ปรับปรุงซ่อมสร้างผิวทางแอสฟัลท์ติกคอนกรีตสายบ้านทามไฮ - บ้านม่วงลาย   กว้าง  ๖  เมตร ยาว ๑,๑๓๕ เมตร หนา ๐.๐๕ เมตร ไหล่ทางข้างละ ๐.๕๐  เมตร หรือมีพื้นที่ไม่น้อยกว่า ๖,๘๑๐ ตารางเมตร อบต.ม่วงลาย อ.เมือง", "min": "กระทรวงมหาดไทย", "agc": "กรมส่งเสริมการปกครองท้องถิ่น", "plan_name": "ส่งเสริมการกระจายอำนาจให้แก่องค์กรปกครองส่วนท้องถิ่น", "stg_name": "ยุทธศาสตร์การบริหารกิจการบ้านเมืองที่ดี", "objc_level1_name": "งบลงทุน", "compare": [{"bb_amount": 2915400, "bb_province": "สกลนคร"}], "gf_amount_sum": 0}
{"bb_code": "1500883002600DL7", "bb_year": "2559", "amount": 2915400, "min_code": "15000", "agc_code": "15008", "name": "งานซ่อมสร้างผิวทางเคพซีล สายแยกทางหลวงหมายเลข ๑๐๖ - บ้านเด่นแก้ว หมู่ที่ ๑๑ ตำบลล้อมแรด กว้าง ๘ เมตร ยาว ๒,๑๗๐ เมตร  ทม.ล้อมแรด อ.เถิน จ.ลำปาง", "min": "กระทรวงมหาดไทย", "agc": "กรมส่งเสริมการปกครองท้องถิ่น", "plan_name": "ส่งเสริมการกระจายอำนาจให้แก่องค์กรปกครองส่วนท้องถิ่น", "stg_name": "ยุทธศาสตร์การบริหารกิจการบ้านเมืองที่ดี", "objc_level1_name": "งบลงทุน", "compare": [{"bb_amount": 2915400, "bb_province": "ลำปาง"}], "gf_amount_sum": 0}
{"bb_code": "1500817036600811", "bb_year": "2559", "amount": 2914600, "min_code": "15000", "agc_code": "15008", "name": "ก่อสร้างสนามกีฬา ขนาดกว้าง 50 เมตร ยาว 70 เมตร ในพื้นที่ชุมชนผาสุก เทศบาลนครอุดรธานี อำเภอเมืองอุดรธานี จังหวัดอุดรธานี", "min": "กระทรวงมหาดไทย", "agc": "กรมส่งเสริมการปกครองท้องถิ่น", "plan_name": "ป้องกัน ปราบปราม และบําบัดรักษาผู้ติดยาเสพติด ", "stg_name": "ยุทธศาสตร์การศึกษา สาธารณสุข คุณธรรม จริยธรรม และคุณภาพชีวิต", "objc_level1_name": "งบลงทุน", "compare": [{"bb_amount": 2914600, "bb_province": "อุดรธานี"}], "gf_amount_sum": 0}
{"bb_code": "1500883002600R22", "bb_year": "2559", "amount": 2912500, "min_code": "15000", "agc_code": "15008", "name": "ปรับปรุงผิวจราจรถนนสายเพชรเกษม - บ้านโคกเจริญ (พง ถ. ๑๐๐๐๕) อำเภอทับปุด โดยดำเนินการปรับปรุงเสริมผิวจราจรแอสฟัลท์คอนกรีต กว้าง ๖ เมตร ยาว ๘๖๗ เมตร หนา ๐.๐๕ เมตร ไหล่ทางข้างละ ๑ เมตร หรือมีพื้นที่ไม่น้", "min": "กระทรวงมหาดไทย", "agc": "กรมส่งเสริมการปกครองท้องถิ่น", "plan_name": "ส่งเสริมการกระจายอำนาจให้แก่องค์กรปกครองส่วนท้องถิ่น", "stg_name": "ยุทธศาสตร์การบริหารกิจการบ้านเมืองที่ดี", "objc_level1_name": "งบลงทุน", "compare": [{"bb_amount": 2912500, "bb_province": "พังงา"}], "gf_amount_sum": 0}
{"bb_code": "1500822040600722", "bb_year": "2559", "amount": 2911800, "min_code": "15000", "agc_code": "15008", "name": "ก่อสร้างประปาหมู่บ้านแบบบาดาลขนาดใหญ่ บ้านสันกลาง หมู่ที่ ๗ ตำบลดอนแก้ว ตามแบบมาตรฐานกรมทรัพยากรน้ำ ทต.ดอนแก้ว อ.สารภี จ.เชียงใหม่", "min": "กระทรวงมหาดไทย", "agc": "กรมส่งเสริมการปกครองท้องถิ่น", "plan_name": "บริหารจัดการทรัพยากรน้ำ", "stg_name": "ยุทธศาสตร์เร่งรัดวางรากฐานการพัฒนาที่ยั่งยืนของประเทศ", "objc_level1_name": "งบลงทุน", "compare": [{"bb_amount": 2911800, "bb_province": "เชียงใหม่"}], "gf_amount_sum": 0}
{"bb_code": "1500822040600P44", "bb_year": "2559", "amount": 2910400, "min_code": "15000", "agc_code": "15008", "name": "ก่อสร้างระบบประปาหมู่บ้าน แบบบาดาลขนาดใหญ่ หมู่ที่ ๘ บ้านโตนยาง ตำบลท่าขนอน ตามแบบมาตรฐานกรมทรัพยากรน้ำ อบต.ท่าขนอน อ.คีรีรัฐนิคม จ.สุราษฎร์ธานี", "min": "กระทรวงมหาดไทย", "agc": "กรมส่งเสริมการปกครองท้องถิ่น", "plan_name": "บริหารจัดการทรัพยากรน้ำ", "stg_name": "ยุทธศาสตร์เร่งรัดวางรากฐานการพัฒนาที่ยั่งยืนของประเทศ", "objc_level1_name": "งบลงทุน", "compare": [{"bb_amount": 2910400, "bb_province": "สุราษฎร์ธานี"}], "gf_amount_sum": 0}
{"bb_code": "1500822040600012", "bb_year": "2559", "amount": 2905700, "min_code": "15000", "agc_code": "15008", "name": "ก่อสร้างระบบประปาแบบผิวดินขนาดใหญ่ หมู่ที่ ๒ บ้านหนองลำพุก ตำบลวัดสุวรรณ ตามแบบมาตรฐานการประปานครหลวงกำหนด อบต.วัดสุวรรณ อ.บ่อทอง จ.ชลบุรี", "min": "กระทรวงมหาดไทย", "agc": "กรมส่งเสริมการปกครองท้องถิ่น", "plan_name": "บริหารจัดการทรัพยากรน้ำ", "stg_name": "ยุทธศาสตร์เร่งรัดวางรากฐานการพัฒนาที่ยั่งยืนของประเทศ", "objc_level1_name": "งบลงทุน", "compare": [{"bb_amount": 2905700, "bb_province": "ชลบุรี"}], "gf_amount_sum": 0}
{"bb_code": "1500822040600B31", "bb_year": "2559", "amount": 2904800, "min_code": "15000", "agc_code": "15008", "name": "ก่อสร้างระบบประปาบาดาลขนาดใหญ่ หมู่ที่ ๕ ตำบลทรงคนอง ตามแบบมาตรฐานการประปานครหลวงกำหนด อบต.ทรงคนอง อ.สามพราน จ.นครปฐม", "min": "กระทรวงมหาดไทย", "agc": "กรมส่งเสริมการปกครองท้องถิ่น", "plan_name": "บริหารจัดการทรัพยากรน้ำ", "stg_name": "ยุทธศาสตร์เร่งรัดวางรากฐานการพัฒนาที่ยั่งยืนของประเทศ", "objc_level1_name": "งบลงทุน", "compare": [{"bb_amount": 2904800, "bb_province": "นครปฐม"}], "gf_amount_sum": 0}
{"bb_code": "1500822040600B30", "bb_year": "2559", "amount": 2904800, "min_code": "15000", "agc_code": "15008", "name": "ก่อสร้างระบบประปาบาดาลขนาดใหญ่ หมู่ที่ ๑ ตำบลทรงคนอง ตามแบบมาตรฐานการประปานครหลวงกำหนด อบต.ทรงคนอง อ.สามพราน จ.นครปฐม", "min": "กระทรวงมหาดไทย", "agc": "กรมส่งเสริมการปกครองท้องถิ่น", "plan_name": "บริหารจัดการทรัพยากรน้ำ", "stg_name": "ยุทธศาสตร์เร่งรัดวางรากฐานการพัฒนาที่ยั่งยืนของประเทศ", "objc_level1_name": "งบลงทุน", "compare": [{"bb_amount": 2904800, "bb_province": "นครปฐม"}], "gf_amount_sum": 0}
{"bb_code": "1500883002600AF1", "bb_year": "2559", "amount": 2901900, "min_code": "15000", "agc_code": "15008", "name": "ปรับปรุงถนนแอสฟัลท์ติกคอนกรีต ถนนสายคีรีรัฐ - โตนยาง หมู่ที่ ๑๔,๓,๘ ตำบลท่าขนอน โดยทำการปรับปรุงถนนแอสฟัลท์ติกคอนกรีต หนา ๐.๐๕ เมตร หรือมีพื้นที่ไม่น้อยกว่า ๖,๐๐๐ ตารางเมตร  อบต.ท่าขนอน อ.คีรีรัฐนิคม", "min": "กระทรวงมหาดไทย", "agc": "กรมส่งเสริมการปกครองท้องถิ่น", "plan_name": "ส่งเสริมการกระจายอำนาจให้แก่องค์กรปกครองส่วนท้องถิ่น", "stg_name": "ยุทธศาสตร์การบริหารกิจการบ้านเมืองที่ดี", "objc_level1_name": "งบลงทุน", "compare": [{"bb_amount": 2901900, "bb_province": "สุราษฎร์ธานี"}], "gf_amount_sum": 0}
{"bb_code": "1500822040600D55", "bb_year": "2559", "amount": 2900800, "min_code": "15000", "agc_code": "15008", "name": "ก่อสร้างประปาหมู่บ้านแบบบาดาลขนาดใหญ่ แบบกรมทรัพยากรน้ำ หมู่ที่ ๕ ตำบลดอนทราย ตามแบบมาตรฐานกรมทัพยากรน้ำบาดาล ทต.ดอนทราย อ.ปากพะยูน จ.พัทลุง", "min": "กระทรวงมหาดไทย", "agc": "กรมส่งเสริมการปกครองท้องถิ่น", "plan_name": "บริหารจัดการทรัพยากรน้ำ", "stg_name": "ยุทธศาสตร์เร่งรัดวางรากฐานการพัฒนาที่ยั่งยืนของประเทศ", "objc_level1_name": "งบลงทุน", "compare": [{"bb_amount": 2900800, "bb_province": "พัทลุง"}], "gf_amount_sum": 0}
{"bb_code": "1500822040600CO3", "bb_year": "2559", "amount": 2899000, "min_code": "15000", "agc_code": "15008", "name": "ปรับปรุงซ่อมแซมสถานีสูบน้ำด้วยไฟฟ้า บ้านนาหนองบก อบต.ไชยบุรี อ.ท่าอุเทน จ.นครพนม", "min": "กระทรวงมหาดไทย", "agc": "กรมส่งเสริมการปกครองท้องถิ่น", "plan_name": "บริหารจัดการทรัพยากรน้ำ", "stg_name": "ยุทธศาสตร์เร่งรัดวางรากฐานการพัฒนาที่ยั่งยืนของประเทศ", "objc_level1_name": "งบลงทุน", "compare": [{"bb_amount": 2899000, "bb_province": "นครพนม"}], "gf_amount_sum": 0}
{"bb_code": "1500883002600W35", "bb_year": "2559", "amount": 2898000, "min_code": "15000", "agc_code": "15008", "name": "ปรับปรุงโดยการเสริมผิวจราจรแอสฟัลท์ติกคอนกรีตสาย ตก ๓๑๑๘  บ้านเกาะอ้ายด้วน-บ้านวังเจ้า กว้าง ๕ เมตร ยาว ๑,๕๘๗ เมตร หนา ๐.๐๔ เมตร หรือมีพื้นที่ไม่น้อยกว่า ๗,๙๓๕ ตารางเมตร  อบต.วังหิน อ.เมืองตาก จ.ตาก", "min": "กระทรวงมหาดไทย", "agc": "กรมส่งเสริมการปกครองท้องถิ่น", "plan_name": "ส่งเสริมการกระจายอำนาจให้แก่องค์กรปกครองส่วนท้องถิ่น", "stg_name": "ยุทธศาสตร์การบริหารกิจการบ้านเมืองที่ดี", "objc_level1_name": "งบลงทุน", "compare": [{"bb_amount": 2898000, "bb_province": "ตาก"}], "gf_amount_sum": 0}
{"bb_code": "1500883002600FY7", "bb_year": "2559", "amount": 2898000, "min_code": "15000", "agc_code": "15008", "name": "ปรับปรุงซ่อมแซมผิวทางแอสฟัลท์ติกคอนกรีต สาย พร ๓๐๔๘ บ้านใหม่จัดสรร - บ้านห้วยเอียด อำเภอร้องกวาง กว้าง ๗ เมตร ยาว ๑,๐๐๐ เมตร หนา ๐.๐๔ เมตร อบจ.แพร่ อ.ร้องกวาง จ.แพร่", "min": "กระทรวงมหาดไทย", "agc": "กรมส่งเสริมการปกครองท้องถิ่น", "plan_name": "ส่งเสริมการกระจายอำนาจให้แก่องค์กรปกครองส่วนท้องถิ่น", "stg_name": "ยุทธศาสตร์การบริหารกิจการบ้านเมืองที่ดี", "objc_level1_name": "งบลงทุน", "compare": [{"bb_amount": 2898000, "bb_province": "แพร่"}], "gf_amount_sum": 0}
{"bb_code": "1500883002600EQ7", "bb_year": "2559", "amount": 2898000, "min_code": "15000", "agc_code": "15008", "name": "ซ่อมสร้างถนนแอสฟัลท์ติกคอนกรีต สายนาซำ - แก่งโตน หมู่ที่ ๗ บ้านนาหนอง กว้าง ๕ เมตร ยาว ๑,๐๐๐ เมตร ไหล่ทางกว้างข้างละ ๐.๕๐ เมตร อบต.นาซำ อ.หล่มเก่า จ.เพชรบูรณ์", "min": "กระทรวงมหาดไทย", "agc": "กรมส่งเสริมการปกครองท้องถิ่น", "plan_name": "ส่งเสริมการกระจายอำนาจให้แก่องค์กรปกครองส่วนท้องถิ่น", "stg_name": "ยุทธศาสตร์การบริหารกิจการบ้านเมืองที่ดี", "objc_level1_name": "งบลงทุน", "compare": [{"bb_amount": 2898000, "bb_province": "เพชรบูรณ์"}], "gf_amount_sum": 0}
{"bb_code": "1500883002600T32", "bb_year": "2559", "amount": 2898000, "min_code": "15000", "agc_code": "15008", "name": "เสริมผิวจราจรแอสฟัลท์ติกคอนกรีตถนนสายบ้านควนกุน - บ้านพรุเตย หมู่ที่ ๓ ตำบลกะลาเส กว้าง ๗ เมตร ยาว ๑,๒๔๐ เมตร หนา ๐.๐๔ เมตร หรือมีพื้นที่ไม่น้อยกว่า ๘,๖๘๐ ตารางเมตร  อบต.กะลาเส อ.สิเกา จ.ตรัง", "min": "กระทรวงมหาดไทย", "agc": "กรมส่งเสริมการปกครองท้องถิ่น", "plan_name": "ส่งเสริมการกระจายอำนาจให้แก่องค์กรปกครองส่วนท้องถิ่น", "stg_name": "ยุทธศาสตร์การบริหารกิจการบ้านเมืองที่ดี", "objc_level1_name": "งบลงทุน", "compare": [{"bb_amount": 2898000, "bb_province": "ตรัง"}], "gf_amount_sum": 0}
{"bb_code": "1500883002600T30", "bb_year": "2559", "amount": 2898000, "min_code": "15000", "agc_code": "15008", "name": "ซ่อมสร้างผิวทางแอสฟัลท์ติกคอนกรีตสายบ้านห้วยนาง - บ้านวังหลาม หมู่ที่ ๑,๘ ตำบลห้วยนาง กว้าง ๖ เมตร ไหล่ทางกว้างข้างละ ๑.๕๐ เมตร หนา ๐.๐๕ เมตร หรือมีพื้นที่ไม่น้อยกว่า ๖,๙๑๕ ตารางเมตร  ทต.ห้วยนาง อ.ห้ว", "min": "กระทรวงมหาดไทย", "agc": "กรมส่งเสริมการปกครองท้องถิ่น", "plan_name": "ส่งเสริมการกระจายอำนาจให้แก่องค์กรปกครองส่วนท้องถิ่น", "stg_name": "ยุทธศาสตร์การบริหารกิจการบ้านเมืองที่ดี", "objc_level1_name": "งบลงทุน", "compare": [{"bb_amount": 2898000, "bb_province": "ตรัง"}], "gf_amount_sum": 0}
{"bb_code": "1500883002600GE4", "bb_year": "2559", "amount": 2898000, "min_code": "15000", "agc_code": "15008", "name": "ปรับปรุงถนนแอสฟัลท์ติกคอนกรีต สายบ้านแม่จั๊วะ - อ่างเก็บน้ำแม่จั๊วะ หมู่ที่ ๑๐ กว้าง ๖ เมตร ยาว ๑,๐๐๐ เมตร หนา ๐.๐๕ เมตร ไหล่ทางกว้างข้างละ ๑ เมตร อบต.แม่จั๊วะ อ.เด่นชัย จ.แพร่", "min": "กระทรวงมหาดไทย", "agc": "กรมส่งเสริมการปกครองท้องถิ่น", "plan_name": "ส่งเสริมการกระจายอำนาจให้แก่องค์กรปกครองส่วนท้องถิ่น", "stg_name": "ยุทธศาสตร์การบริหารกิจการบ้านเมืองที่ดี", "objc_level1_name": "งบลงทุน", "compare": [{"bb_amount": 2898000, "bb_province": "แพร่"}], "gf_amount_sum": 0}
{"bb_code": "1500883002600FX8", "bb_year": "2559", "amount": 2898000, "min_code": "15000", "agc_code": "15008", "name": "ซ่อมแซมถนนลาดยาง แบบ Overlay สายบ้านม่อน - บ้านหัวฝาย กว้าง ๔ เมตร ยาว ๑,๙๒๐ เมตร หนา ๐.๐๔ เมตร ทต.เวียงต้า อ.ลอง จ.แพร่", "min": "กระทรวงมหาดไทย", "agc": "กรมส่งเสริมการปกครองท้องถิ่น", "plan_name": "ส่งเสริมการกระจายอำนาจให้แก่องค์กรปกครองส่วนท้องถิ่น", "stg_name": "ยุทธศาสตร์การบริหารกิจการบ้านเมืองที่ดี", "objc_level1_name": "งบลงทุน", "compare": [{"bb_amount": 2898000, "bb_province": "แพร่"}], "gf_amount_sum": 0}
