{"bb_code": "1500883002600T54", "bb_year": "2559", "amount": 2898000, "min_code": "15000", "agc_code": "15008", "name": "ปรับปรุงถนนแอสฟัลท์ติกคอนกรีตสายเข้าท่าเรือทุ่งคลองสน หมู่ที่ ๒ ตำบลบ่อหิน กว้าง ๖ เมตร ยาว ๑,๐๑๐ เมตร หนา ๐.๐๔ เมตร หรือมีพื้นที่ไม่น้อยกว่า ๘,๖๘๖ ตารางเมตร  อบต.บ่อหิน อ.สิเกา จ.ตรัง", "min": "กระทรวงมหาดไทย", "agc": "กรมส่งเสริมการปกครองท้องถิ่น", "plan_name": "ส่งเสริมการกระจายอำนาจให้แก่องค์กรปกครองส่วนท้องถิ่น", "stg_name": "ยุทธศาสตร์การบริหารกิจการบ้านเมืองที่ดี", "objc_level1_name": "งบลงทุน", "compare": [{"bb_amount": 2898000, "bb_province": "ตรัง"}], "gf_amount_sum": 0}
{"bb_code": "1500883002600Q95", "bb_year": "2559", "amount": 2898000, "min_code": "15000", "agc_code": "15008", "name": "ปรับปรุงถนนแอสฟัลท์ติกคอนกรีต สายบ้านห้วยกระแจะ - บ้านคลองชายธง หมู่ที่ ๔,๕,๖ ตำบลวังใหม่  มีพื้นที่ไม่น้อยกว่า ๖,๐๐๐ ตารางเมตร  อบต.วังใหม่ อ.นายายอาม จ.จันทบุรี", "min": "กระทรวงมหาดไทย", "agc": "กรมส่งเสริมการปกครองท้องถิ่น", "plan_name": "ส่งเสริมการกระจายอำนาจให้แก่องค์กรปกครองส่วนท้องถิ่น", "stg_name": "ยุทธศาสตร์การบริหารกิจการบ้านเมืองที่ดี", "objc_level1_name": "งบลงทุน", "compare": [{"bb_amount": 2898000, "bb_province": "จันทบุรี"}], "gf_amount_sum": 0}
{"bb_code": "1500883002600P41", "bb_year": "2559", "amount": 2898000, "min_code": "15000", "agc_code": "15008", "name": "ซ่อมสร้างถนนลาดยางแบบ Asphaltic Concrete สาย ปจ ๒๐๔๓ วัดสง่างาม ตำบลบางบริบูรณ์ อำเภอเมืองปราจีนบุรี – บ้านบางไผ่น้อย ตำบลประจันตคาม กม.ที่ ๑+๖๐๐ ถึง กม.ที่ ๒+๒๐๐ กว้าง ๖ เมตร ยาว ๖๐๐ เมตร ไหล่ทาง Asp", "min": "กระทรวงมหาดไทย", "agc": "กรมส่งเสริมการปกครองท้องถิ่น", "plan_name": "ส่งเสริมการกระจายอำนาจให้แก่องค์กรปกครองส่วนท้องถิ่น", "stg_name": "ยุทธศาสตร์การบริหารกิจการบ้านเมืองที่ดี", "objc_level1_name": "งบลงทุน", "compare": [{"bb_amount": 2898000, "bb_province": "ปราจีนบุรี"}], "gf_amount_sum": 0}
{"bb_code": "1500883002600W78", "bb_year": "2559", "amount": 2898000, "min_code": "15000", "agc_code": "15008", "name": "ปรับปรุงถนนลาดยางแอสฟัลท์ติกคอนกรีต สายคลองพีด - ทางกลาง หมู่ที่ ๔ บ้านทางกลาง ตำบลด่านชุมพล จำนวน ๔ ช่วง รวมมีพื้นที่ไม่น้อยกว่า ๘,๕๒๖ ตารางเมตร    อบต.ด่านชุมพล อ.บ่อไร่ จ.ตราด", "min": "กระทรวงมหาดไทย", "agc": "กรมส่งเสริมการปกครองท้องถิ่น", "plan_name": "ส่งเสริมการกระจายอำนาจให้แก่องค์กรปกครองส่วนท้องถิ่น", "stg_name": "ยุทธศาสตร์การบริหารกิจการบ้านเมืองที่ดี", "objc_level1_name": "งบลงทุน", "compare": [{"bb_amount": 2898000, "bb_province": "ตราด"}], "gf_amount_sum": 0}
{"bb_code": "1500883002600T61", "bb_year": "2559", "amount": 2898000, "min_code": "15000", "agc_code": "15008", "name": "ปรับปรุงซ่อมสร้างถนนลาดยางสายโรงเรียนหาดปากเมง - นาหละ หมู่ที่ ๔ ตำบลไม้ฝาด กว้าง ๖ เมตร ยาว ๑,๐๒๐ เมตร หนา ๐.๐๔ เมตร หรือมีพื้นที่ไม่น้อยกว่า ๖,๑๒๐ ตารางเมตร  อบต.ไม้ฝาด อ.สิเกา จ.ตรัง", "min": "กระทรวงมหาดไทย", "agc": "กรมส่งเสริมการปกครองท้องถิ่น", "plan_name": "ส่งเสริมการกระจายอำนาจให้แก่องค์กรปกครองส่วนท้องถิ่น", "stg_name": "ยุทธศาสตร์การบริหารกิจการบ้านเมืองที่ดี", "objc_level1_name": "งบลงทุน", "compare": [{"bb_amount": 2898000, "bb_province": "ตรัง"}], "gf_amount_sum": 0}
{"bb_code": "1500883002600Z92", "bb_year": "2559", "amount": 2898000, "min_code": "15000", "agc_code": "15008", "name": "ซ่อมสร้างผิวจราจรถนนแอสฟัลท์ติกคอนกรีต สายบ้านห้วยเลียด - บ้านครามบน ตำบลดอนสัก  ตำบลไชยคราม เชื่อมตำบลชลคราม อำเภอดอนสัก กว้าง ๖ เมตร ยาว ๘๗๕ เมตร หนา ๐.๑๕ เมตร หรือมีพื้นที่ไม่น้อยกว่า ๕,๒๕๐ ตารางเม", "min": "กระทรวงมหาดไทย", "agc": "กรมส่งเสริมการปกครองท้องถิ่น", "plan_name": "ส่งเสริมการกระจายอำนาจให้แก่องค์กรปกครองส่วนท้องถิ่น", "stg_name": "ยุทธศาสตร์การบริหารกิจการบ้านเมืองที่ดี", "objc_level1_name": "งบลงทุน", "compare": [{"bb_amount": 2898000, "bb_province": "สุราษฎร์ธานี"}], "gf_amount_sum": 0}
{"bb_code": "1500883002600Q83", "bb_year": "2559", "amount": 2898000, "min_code": "15000", "agc_code": "15008", "name": "ซ่อมแซมถนนลาดยาง Para Cape Seal สายหนองกวาง - สำนักสงฆ์วิเศษนิยม หมู่ที่ ๒ บ้านหนองกวาง ตำบลเขาวงกต กว้าง ๗ เมตร ยาว ๑,๐๐๐ เมตร  อบต.เขาวงกต อ.แก่งหางแมว จ.จันทบุรี", "min": "กระทรวงมหาดไทย", "agc": "กรมส่งเสริมการปกครองท้องถิ่น", "plan_name": "ส่งเสริมการกระจายอำนาจให้แก่องค์กรปกครองส่วนท้องถิ่น", "stg_name": "ยุทธศาสตร์การบริหารกิจการบ้านเมืองที่ดี", "objc_level1_name": "งบลงทุน", "compare": [{"bb_amount": 2898000, "bb_province": "จันทบุรี"}], "gf_amount_sum": 0}
{"bb_code": "1500883002600T70", "bb_year": "2559", "amount": 2898000, "min_code": "15000", "agc_code": "15008", "name": "ซ่อมสร้างแอสฟัลท์ติกคอนกรีตถนนสายหนองบัว - ถ้ำพระพุทธ หมู่ที่ ๓ ตำบลหนองบัว กว้าง ๖ เมตร ยาว ๑,๐๐๐ เมตร หนา ๐.๐๕ เมตร ไหล่ทางกว้างข้างละ ๑ เมตร  อบต.หนองบัว อ.รัษฎา จ.ตรัง", "min": "กระทรวงมหาดไทย", "agc": "กรมส่งเสริมการปกครองท้องถิ่น", "plan_name": "ส่งเสริมการกระจายอำนาจให้แก่องค์กรปกครองส่วนท้องถิ่น", "stg_name": "ยุทธศาสตร์การบริหารกิจการบ้านเมืองที่ดี", "objc_level1_name": "งบลงทุน", "compare": [{"bb_amount": 2898000, "bb_province": "ตรัง"}], "gf_amount_sum": 0}
{"bb_code": "1500883002600FU6", "bb_year": "2559", "amount": 2898000, "min_code": "15000", "agc_code": "15008", "name": "ซ่อมสร้างผิวจราจรแอสฟัลท์ติกคอนกรีต สายบ้านมหาโพธิ์ - ม.รามคำแหง (ตอน ๑) ตำบลป่าแมต มีพื้นที่ไม่น้อยกว่า ๖,๘๑๐ ตารางเมตร ทต.ป่าแมต อ.เมืองแพร่ จ.แพร่", "min": "กระทรวงมหาดไทย", "agc": "กรมส่งเสริมการปกครองท้องถิ่น", "plan_name": "ส่งเสริมการกระจายอำนาจให้แก่องค์กรปกครองส่วนท้องถิ่น", "stg_name": "ยุทธศาสตร์การบริหารกิจการบ้านเมืองที่ดี", "objc_level1_name": "งบลงทุน", "compare": [{"bb_amount": 2898000, "bb_province": "แพร่"}], "gf_amount_sum": 0}
{"bb_code": "1500883002600FS3", "bb_year": "2559", "amount": 2898000, "min_code": "15000", "agc_code": "15008", "name": "ซ่อมสร้างถนนลาดยางแบบ Over lay (สายนาข้าวดอ - ท่าแดง) หมู่ที่ ๕ บ้านนาข้าวดอ ถึงหมู่ที่ ๖ กว้าง ๙ เมตร ยาว ๒,๕๐๐ เมตร หนา ๐.๐๔ เมตร อบต.วังโบสถ์ อ.หนองไผ่ จ.เพชรบูรณ์", "min": "กระทรวงมหาดไทย", "agc": "กรมส่งเสริมการปกครองท้องถิ่น", "plan_name": "ส่งเสริมการกระจายอำนาจให้แก่องค์กรปกครองส่วนท้องถิ่น", "stg_name": "ยุทธศาสตร์การบริหารกิจการบ้านเมืองที่ดี", "objc_level1_name": "งบลงทุน", "compare": [{"bb_amount": 2898000, "bb_province": "เพชรบูรณ์"}], "gf_amount_sum": 0}
{"bb_code": "1500883002600P36", "bb_year": "2559", "amount": 2898000, "min_code": "15000", "agc_code": "15008", "name": "ซ่อมสร้างถนนลาดยางแบบ Asphaltic Concrete สาย ปจ ๒๐๖๐ บ้านสระแท่น ตำบลนาดี – บ้านทรายทอง ตำบลทุ่งโพธิ์ – ตำบลแก่งดินสอ อำเภอนาดี กม.ที่ ๐+๐๐๐ ถึง กม.ที่ ๒+๑๘๕ กว้าง ๖ เมตร ยาว ๒,๑๘๕ เมตร หนา ๐.๐๔ เมตร", "min": "กระทรวงมหาดไทย", "agc": "กรมส่งเสริมการปกครองท้องถิ่น", "plan_name": "ส่งเสริมการกระจายอำนาจให้แก่องค์กรปกครองส่วนท้องถิ่น", "stg_name": "ยุทธศาสตร์การบริหารกิจการบ้านเมืองที่ดี", "objc_level1_name": "งบลงทุน", "compare": [{"bb_amount": 2898000, "bb_province": "ปราจีนบุรี"}], "gf_amount_sum": 0}
{"bb_code": "1500883002600W60", "bb_year": "2559", "amount": 2898000, "min_code": "15000", "agc_code": "15008", "name": "ปรับปรุงถนนลาดยางแอสฟัลท์ติกคอนกรีต สายบ้านมุมสงบ - บ้านเกษมสุข หมู่ที่ ๓ ตำบลเทพนิมิตร กว้าง ๖ เมตร ยาว ๑,๒๐๐ เมตร หนา ๐.๐๔ เมตร  อบจ.ตราด อ.เขาสมิง จ.ตราด", "min": "กระทรวงมหาดไทย", "agc": "กรมส่งเสริมการปกครองท้องถิ่น", "plan_name": "ส่งเสริมการกระจายอำนาจให้แก่องค์กรปกครองส่วนท้องถิ่น", "stg_name": "ยุทธศาสตร์การบริหารกิจการบ้านเมืองที่ดี", "objc_level1_name": "งบลงทุน", "compare": [{"bb_amount": 2898000, "bb_province": "ตราด"}], "gf_amount_sum": 0}
{"bb_code": "1500883002600Q75", "bb_year": "2559", "amount": 2898000, "min_code": "15000", "agc_code": "15008", "name": "ปรับปรุงถนนลาดยางแอสฟัลท์ติกคอนกรีต สายบ้านดอนทราย - บ้านสระแก้ว ตำบลบางกะจะ เชื่อมตำบลพลอยแหวน  กว้าง ๖ เมตร ยาว ๑,๐๔๐ เมตร หนา ๐.๐๕ เมตร   อบจ.จันทบุรี อ.เมืองจันทบุรี/ท่าใหม่ จ.จันทบุรี", "min": "กระทรวงมหาดไทย", "agc": "กรมส่งเสริมการปกครองท้องถิ่น", "plan_name": "ส่งเสริมการกระจายอำนาจให้แก่องค์กรปกครองส่วนท้องถิ่น", "stg_name": "ยุทธศาสตร์การบริหารกิจการบ้านเมืองที่ดี", "objc_level1_name": "งบลงทุน", "compare": [{"bb_amount": 2898000, "bb_province": "จันทบุรี"}], "gf_amount_sum": 0}
{"bb_code": "1500883002600DD6", "bb_year": "2559", "amount": 2898000, "min_code": "15000", "agc_code": "15008", "name": "ซ่อมสร้างผิวทางด้วยแอสฟัสท์ติกคอนกรีต (Over lay) ถนนสายบ้านไตรสภาวคาม หมู่ที่ ๕ ตำบลปิงโค้ง กว้าง ๖ เมตร ยาว ๑,๑๔๐ เมตร หนา ๐.๐๕ เมตร ทต.ปิงโค้ง อ.เชียงดาว จ.เชียงใหม่", "min": "กระทรวงมหาดไทย", "agc": "กรมส่งเสริมการปกครองท้องถิ่น", "plan_name": "ส่งเสริมการกระจายอำนาจให้แก่องค์กรปกครองส่วนท้องถิ่น", "stg_name": "ยุทธศาสตร์การบริหารกิจการบ้านเมืองที่ดี", "objc_level1_name": "งบลงทุน", "compare": [{"bb_amount": 2898000, "bb_province": "เชียงใหม่"}], "gf_amount_sum": 0}
{"bb_code": "1500883002600Z19", "bb_year": "2559", "amount": 2898000, "min_code": "15000", "agc_code": "15008", "name": "ซ่อมสร้างถนนลาดยางผิวทางพาราแอสฟัลท์ติกคอนกรีต โดยวิธี Pavement In-Place Recycling สายระหว่าง  บ้านนาโพธิ์ หมู่ที่ ๔  ตำบลกุดแห่ -  บ้านกุดแข้ด่อน หมู่ที่ ๕,๙,๑๒  ตำบลกุดเชียงหมี กว้าง  ๖ เมตร ยาว ๖๖๘", "min": "กระทรวงมหาดไทย", "agc": "กรมส่งเสริมการปกครองท้องถิ่น", "plan_name": "ส่งเสริมการกระจายอำนาจให้แก่องค์กรปกครองส่วนท้องถิ่น", "stg_name": "ยุทธศาสตร์การบริหารกิจการบ้านเมืองที่ดี", "objc_level1_name": "งบลงทุน", "compare": [{"bb_amount": 2898000, "bb_province": "ยโสธร"}], "gf_amount_sum": 0}
{"bb_code": "1500883002600L61", "bb_year": "2559", "amount": 2898000, "min_code": "15000", "agc_code": "15008", "name": "ปรับปรุงเสริมผิวทางแอสฟัลท์ติกคอนกรีต สายบ้านคำชะอี - บ้านกกไฮ  หมู่ที่ ๒  กว้าง ๖ เมตร  ยาว ๑,๕๐๐ เมตร    อบต.คำชะอี อ.คำชะอี จ.มุกดาหาร", "min": "กระทรวงมหาดไทย", "agc": "กรมส่งเสริมการปกครองท้องถิ่น", "plan_name": "ส่งเสริมการกระจายอำนาจให้แก่องค์กรปกครองส่วนท้องถิ่น", "stg_name": "ยุทธศาสตร์การบริหารกิจการบ้านเมืองที่ดี", "objc_level1_name": "งบลงทุน", "compare": [{"bb_amount": 2898000, "bb_province": "มุกดาหาร"}], "gf_amount_sum": 0}
{"bb_code": "1500883002600P99", "bb_year": "2559", "amount": 2898000, "min_code": "15000", "agc_code": "15008", "name": "ซ่อมสร้างถนนลาดยางคอนกรีตเสริมเหล็ก สายทางบ้านโป่งโรงเซ็นต์ - บ้านทุ่งเพล บ้านตะบกเตี้ย หมู่ที่ ๗ ตำบลฉมัน กว้าง ๖ เมตร ยาว ๗๑๙ เมตร หนา ๐.๑๕ เมตร  ทต.ฉมัน อ.มะขาม จ.จันทบุรี", "min": "กระทรวงมหาดไทย", "agc": "กรมส่งเสริมการปกครองท้องถิ่น", "plan_name": "ส่งเสริมการกระจายอำนาจให้แก่องค์กรปกครองส่วนท้องถิ่น", "stg_name": "ยุทธศาสตร์การบริหารกิจการบ้านเมืองที่ดี", "objc_level1_name": "งบลงทุน", "compare": [{"bb_amount": 2898000, "bb_province": "จันทบุรี"}], "gf_amount_sum": 0}
{"bb_code": "1500883002600K81", "bb_year": "2559", "amount": 2898000, "min_code": "15000", "agc_code": "15008", "name": "ซ่อมสร้างถนนลาดยางผิวจราจรแอสฟัลท์ติกคอนกรีตสายเอเซีย - บ้านหัวถนน หมู่ที่ ๕ บ้านหัวถนน ตำบลหางน้ำสาคร กว้าง ๖ เมตร ยาว ๙๖๓ เมตร หนา ๐.๐๕ เมตร พื้นที่ไม่น้อยกว่า ๕,๗๗๘ ตารางเมตร  ทต.หางน้ำสาคร อ.มโนรม", "min": "กระทรวงมหาดไทย", "agc": "กรมส่งเสริมการปกครองท้องถิ่น", "plan_name": "ส่งเสริมการกระจายอำนาจให้แก่องค์กรปกครองส่วนท้องถิ่น", "stg_name": "ยุทธศาสตร์การบริหารกิจการบ้านเมืองที่ดี", "objc_level1_name": "งบลงทุน", "compare": [{"bb_amount": 2898000, "bb_province": "ชัยนาท"}], "gf_amount_sum": 0}
{"bb_code": "1500883002600GU1", "bb_year": "2559", "amount": 2898000, "min_code": "15000", "agc_code": "15008", "name": "ซ่อมแซมถนนลาดยางโดยปูผิวทางแอสฟัลท์ติกคอนกรีต สายบ้านข้าวสาร ม.๔  กว้าง ๖ เมตร  พื้นที่ไม่น้อยกว่า ๖,๐๐๐ ตารางเมตร อบต.ข้าวสาร อ.บ้านผือ จ.อุดรธานี", "min": "กระทรวงมหาดไทย", "agc": "กรมส่งเสริมการปกครองท้องถิ่น", "plan_name": "ส่งเสริมการกระจายอำนาจให้แก่องค์กรปกครองส่วนท้องถิ่น", "stg_name": "ยุทธศาสตร์การบริหารกิจการบ้านเมืองที่ดี", "objc_level1_name": "งบลงทุน", "compare": [{"bb_amount": 2898000, "bb_province": "อุดรธานี"}], "gf_amount_sum": 0}
{"bb_code": "1500883002600FY3", "bb_year": "2559", "amount": 2898000, "min_code": "15000", "agc_code": "15008", "name": "ปรับปรุงซ่อมแซมผิวทางแอสฟัลท์ติกคอนกรีต สาย พร ๓๑๕๐ บ้านปากปาน - บ้านน้ำโค้ง อำเภอเด่นชัย กว้าง ๖ - ๗ เมตร ยาว ๑,๓๐๐ เมตร หนา ๐.๐๔ เมตร อบจ.แพร่ อ.เด่นชัย จ.แพร่", "min": "กระทรวงมหาดไทย", "agc": "กรมส่งเสริมการปกครองท้องถิ่น", "plan_name": "ส่งเสริมการกระจายอำนาจให้แก่องค์กรปกครองส่วนท้องถิ่น", "stg_name": "ยุทธศาสตร์การบริหารกิจการบ้านเมืองที่ดี", "objc_level1_name": "งบลงทุน", "compare": [{"bb_amount": 2898000, "bb_province": "แพร่"}], "gf_amount_sum": 0}
