{"bb_code": "1500883002600L51", "bb_year": "2559", "amount": 2898000, "min_code": "15000", "agc_code": "15008", "name": "ซ่อมสร้างถนนลาดยางแอสฟัลท์ติกคอนกรีต สายน้ำตกแก่งโพธิ์ บ้านสุขสวัสดิ์ หมู่ที่ ๑๖ กว้าง ๖ เมตร ยาว ๑,๑๐๐ เมตร หนา ๐.๐๕ เมตร ทต.กกตูม อ.ดงหลวง จ.มุกดาหาร", "min": "กระทรวงมหาดไทย", "agc": "กรมส่งเสริมการปกครองท้องถิ่น", "plan_name": "ส่งเสริมการกระจายอำนาจให้แก่องค์กรปกครองส่วนท้องถิ่น", "stg_name": "ยุทธศาสตร์การบริหารกิจการบ้านเมืองที่ดี", "objc_level1_name": "งบลงทุน", "compare": [{"bb_amount": 2898000, "bb_province": "มุกดาหาร"}], "gf_amount_sum": 0}
{"bb_code": "1500883002600U13", "bb_year": "2559", "amount": 2898000, "min_code": "15000", "agc_code": "15008", "name": "เสริมผิวลาดยางแอสฟัลท์ติกคอนกรีตสายบ้านวังกว้าว หมู่ที่ ๓ บ้านกว้าว กว้าง ๖ เมตร ยาว ๘๙๐ เมตร ไหล่ทางข้างละ ๑ เมตร อบต.บ้านน้ำพุ อ.คีรีมาศ จ.สุโขทัย", "min": "กระทรวงมหาดไทย", "agc": "กรมส่งเสริมการปกครองท้องถิ่น", "plan_name": "ส่งเสริมการกระจายอำนาจให้แก่องค์กรปกครองส่วนท้องถิ่น", "stg_name": "ยุทธศาสตร์การบริหารกิจการบ้านเมืองที่ดี", "objc_level1_name": "งบลงทุน", "compare": [{"bb_amount": 2898000, "bb_province": "สุโขทัย"}], "gf_amount_sum": 0}
{"bb_code": "1500883002600U11", "bb_year": "2559", "amount": 2898000, "min_code": "15000", "agc_code": "15008", "name": "ซ่อมสร้างถนนลาดยางผิวจราจรชนิดแอสฟัลท์ติกคอนกรีตสายห้วยโคกช้าง - อ่างแม่ท่าแพ หมู่ที่ ๗ บ้านลำโชค กว้าง ๖ เมตร ยาว ๑,๓๒๐ เมตร หนา ๐.๐๔ เมตร หรือมีพื้นที่ไม่น้อยกว่า ๗,๙๒๐ ตารางเมตร  อบต.บ้านแก่ง อ.ศรี", "min": "กระทรวงมหาดไทย", "agc": "กรมส่งเสริมการปกครองท้องถิ่น", "plan_name": "ส่งเสริมการกระจายอำนาจให้แก่องค์กรปกครองส่วนท้องถิ่น", "stg_name": "ยุทธศาสตร์การบริหารกิจการบ้านเมืองที่ดี", "objc_level1_name": "งบลงทุน", "compare": [{"bb_amount": 2898000, "bb_province": "สุโขทัย"}], "gf_amount_sum": 0}
{"bb_code": "1500883002600U12", "bb_year": "2559", "amount": 2898000, "min_code": "15000", "agc_code": "15008", "name": "ซ่อมสร้าถนนแอสฟัลท์ติกคอนกรีตสายบ้านปลายนา หมู่ที่ ๓ กว้าง ๕ เมตร ยาว ๑,๔๐๐ เมตร หนา ๐.๐๕ เมตร หรือมีพื้นที่ไม่น้อยกว่า ๗,๐๐๐ ตารางเมตร อบต.บ้านตึก อ.ศรีสัชนาลัย จ.สุโขทัย", "min": "กระทรวงมหาดไทย", "agc": "กรมส่งเสริมการปกครองท้องถิ่น", "plan_name": "ส่งเสริมการกระจายอำนาจให้แก่องค์กรปกครองส่วนท้องถิ่น", "stg_name": "ยุทธศาสตร์การบริหารกิจการบ้านเมืองที่ดี", "objc_level1_name": "งบลงทุน", "compare": [{"bb_amount": 2898000, "bb_province": "สุโขทัย"}], "gf_amount_sum": 0}
{"bb_code": "1500883002600U18", "bb_year": "2559", "amount": 2898000, "min_code": "15000", "agc_code": "15008", "name": "ซ่อมสร้างถนนลาดยางแบบชนิดแอสฟัลท์ติกคอนกรีตสายบ้านมนต์คีรี - บ้านโว้งบ่อ หมู่ที่ ๖ บ้านมนต์คีรี กว้าง ๖ เมตร ยาว ๑,๑๑๐ เมตร หนา ๐.๐๔ เมตร หรือมีพื้นที่ไม่น้อยกว่า ๖,๖๖๐ ตารางเมตร อบต.เมืองเก่า อ.เมือง", "min": "กระทรวงมหาดไทย", "agc": "กรมส่งเสริมการปกครองท้องถิ่น", "plan_name": "ส่งเสริมการกระจายอำนาจให้แก่องค์กรปกครองส่วนท้องถิ่น", "stg_name": "ยุทธศาสตร์การบริหารกิจการบ้านเมืองที่ดี", "objc_level1_name": "งบลงทุน", "compare": [{"bb_amount": 2898000, "bb_province": "สุโขทัย"}], "gf_amount_sum": 0}
{"bb_code": "1500883002600P45", "bb_year": "2559", "amount": 2898000, "min_code": "15000", "agc_code": "15008", "name": "ซ่อมสร้างถนนลาดยางแบบ Asphaltic Concrete สาย ปจ ๑๐๑๑ บ้านหนองกระทุ่ม– บ้านหนองแหน ตำบลศรีมหาโพธิ กม.ที่ ๑+๐๐๐ ถึง กม.ที่ ๑+๗๑๕ กว้าง ๖ เมตร ยาว ๗๑๕ เมตร พื้นที่ไม่น้อยกว่า ๔,๒๙๐ ตารางเมตร อบจ.ปราจีนบุ", "min": "กระทรวงมหาดไทย", "agc": "กรมส่งเสริมการปกครองท้องถิ่น", "plan_name": "ส่งเสริมการกระจายอำนาจให้แก่องค์กรปกครองส่วนท้องถิ่น", "stg_name": "ยุทธศาสตร์การบริหารกิจการบ้านเมืองที่ดี", "objc_level1_name": "งบลงทุน", "compare": [{"bb_amount": 2898000, "bb_province": "ปราจีนบุรี"}], "gf_amount_sum": 0}
{"bb_code": "1500883002600U23", "bb_year": "2559", "amount": 2898000, "min_code": "15000", "agc_code": "15008", "name": "ซ่อมสร้างถนนลาดยาง Cape Seal สายบ้านหนองบัว - บ้านวังน้ำขาว หมู่ที่ ๑๒ บ้านหนองบัว, หมู่ที่ ๒ บ้านวังน้ำขาว กว้าง ๖ เมตร ยาว ๑,๓๙๓ เมตร ไหล่ทางกว้างข้างละ ๑.๕ เมตร หรือมีพื้นที่ไม่น้อยกว่า ๑๒,๕๓๗ ตารา", "min": "กระทรวงมหาดไทย", "agc": "กรมส่งเสริมการปกครองท้องถิ่น", "plan_name": "ส่งเสริมการกระจายอำนาจให้แก่องค์กรปกครองส่วนท้องถิ่น", "stg_name": "ยุทธศาสตร์การบริหารกิจการบ้านเมืองที่ดี", "objc_level1_name": "งบลงทุน", "compare": [{"bb_amount": 2898000, "bb_province": "สุโขทัย"}], "gf_amount_sum": 0}
{"bb_code": "1500883002600L53", "bb_year": "2559", "amount": 2898000, "min_code": "15000", "agc_code": "15008", "name": "ปรับปรุงซ่อมสร้างถนนแอสฟัลท์ติกคอนกรีต สาย มห.๒๐๑๙ โนนสว่าง - โนนเกษม หมู่ที่ ๙ บ้านโนนสว่าง กว้าง ๖ เมตร ยาว ๑,๐๐๐ เมตร ไหล่ทางข้างละ ๑ เมตร ทต.นิคมคำสร้อย อ.นิคมคำสร้อย จ.มุกดาหาร", "min": "กระทรวงมหาดไทย", "agc": "กรมส่งเสริมการปกครองท้องถิ่น", "plan_name": "ส่งเสริมการกระจายอำนาจให้แก่องค์กรปกครองส่วนท้องถิ่น", "stg_name": "ยุทธศาสตร์การบริหารกิจการบ้านเมืองที่ดี", "objc_level1_name": "งบลงทุน", "compare": [{"bb_amount": 2898000, "bb_province": "มุกดาหาร"}], "gf_amount_sum": 0}
{"bb_code": "1500883002600U19", "bb_year": "2559", "amount": 2898000, "min_code": "15000", "agc_code": "15008", "name": "ซ่อมสร้างถนนลาดยางผิว Cape Seal สายบ้านพงเสลียง หมู่ที่ ๑๔ บ้านพงเสลียง กว้าง ๖ เมตร ยาว ๑,๖๐๐ เมตร หรือมีพื้นที่ไม่น้อยกว่า ๑๒,๘๐๐ ตารางเมตร อบต.แม่สิน อ.ศรีสัชนาลัย จ.สุโขทัย", "min": "กระทรวงมหาดไทย", "agc": "กรมส่งเสริมการปกครองท้องถิ่น", "plan_name": "ส่งเสริมการกระจายอำนาจให้แก่องค์กรปกครองส่วนท้องถิ่น", "stg_name": "ยุทธศาสตร์การบริหารกิจการบ้านเมืองที่ดี", "objc_level1_name": "งบลงทุน", "compare": [{"bb_amount": 2898000, "bb_province": "สุโขทัย"}], "gf_amount_sum": 0}
{"bb_code": "1500883002600FD4", "bb_year": "2559", "amount": 2898000, "min_code": "15000", "agc_code": "15008", "name": "ซ่อมสร้างถนนแอสฟัลท์ติกคอนกรีต สายบ้านควนเสม็ด หมู่ที่ ๑๐ ตำบลปริก กว้าง ๖ เมตร ยาว ๗๗๐ เมตร หนา ๐.๐๕ เมตร ไหล่ทางแอสฟัลท์ติกคอนกรีตข้างละ ๐.๕๐ เมตร อบต.ปริก อ.สะเดา จ.สงขลา", "min": "กระทรวงมหาดไทย", "agc": "กรมส่งเสริมการปกครองท้องถิ่น", "plan_name": "ส่งเสริมการกระจายอำนาจให้แก่องค์กรปกครองส่วนท้องถิ่น", "stg_name": "ยุทธศาสตร์การบริหารกิจการบ้านเมืองที่ดี", "objc_level1_name": "งบลงทุน", "compare": [{"bb_amount": 2898000, "bb_province": "สงขลา"}], "gf_amount_sum": 0}
{"bb_code": "1500883002600U20", "bb_year": "2559", "amount": 2898000, "min_code": "15000", "agc_code": "15008", "name": "ซ่อมสร้างผิวจราจรแบบแอสฟัลท์ติกคอนกรีตสายบ้านราวต้นจันทร์ - บ้านวังไฟไหม้ หมู่ที่ ๔ บ้านรวต้นจันทร์ ถึงหมู่ที่ ๕ บ้านวังไฟไหม้ กว้าง ๘ เมตร ยาว ๗๙๖ เมตร หนา ๐.๐๔ เมตร หรือมีพื้นที่ไม่น้อยกว่า ๖,๓๖๘ ตา", "min": "กระทรวงมหาดไทย", "agc": "กรมส่งเสริมการปกครองท้องถิ่น", "plan_name": "ส่งเสริมการกระจายอำนาจให้แก่องค์กรปกครองส่วนท้องถิ่น", "stg_name": "ยุทธศาสตร์การบริหารกิจการบ้านเมืองที่ดี", "objc_level1_name": "งบลงทุน", "compare": [{"bb_amount": 2898000, "bb_province": "สุโขทัย"}], "gf_amount_sum": 0}
{"bb_code": "1500883002600O31", "bb_year": "2559", "amount": 2898000, "min_code": "15000", "agc_code": "15008", "name": "ซ่อมสร้างถนนลาดยางผิวจราจรแอสฟัลท์ติกคอนกรีตทางหลวงท้องถิ่น รหัสสายทาง นว.ถ. ๑ - ๐๐๑๑  บ้านคลองเจริญ - บ้านเนินสมบูรณ์ ตำบลแม่เปิน อำเภอแม่เปิน เชื่อมต่อ ตำบลแม่วงก์ อำเภอแม่วงก์ กว้าง ๖ เมตร ยาว ๘๙๕", "min": "กระทรวงมหาดไทย", "agc": "กรมส่งเสริมการปกครองท้องถิ่น", "plan_name": "ส่งเสริมการกระจายอำนาจให้แก่องค์กรปกครองส่วนท้องถิ่น", "stg_name": "ยุทธศาสตร์การบริหารกิจการบ้านเมืองที่ดี", "objc_level1_name": "งบลงทุน", "compare": [{"bb_amount": 2898000, "bb_province": "นครสวรรค์"}], "gf_amount_sum": 0}
{"bb_code": "1500883002600CI6", "bb_year": "2559", "amount": 2898000, "min_code": "15000", "agc_code": "15008", "name": "ปรับปรุงถนนลาดยางผิว ASPHALTIC CONCRETE สาย ลบ.ถ.๑-๐๐๔๒ บ้านบางคู้ - บ้านไผ่ตะล่อม ตำบลบางคู้ อำเภอท่าวุ้ง กว้าง ๖ เมตร ไหล่ทางกว้างข้างละ ๑ เมตร ยาว ๘๙๐ เมตร อบจ.ลพบุรี อ.ท่าวุ้ง จ.ลพบุรี", "min": "กระทรวงมหาดไทย", "agc": "กรมส่งเสริมการปกครองท้องถิ่น", "plan_name": "ส่งเสริมการกระจายอำนาจให้แก่องค์กรปกครองส่วนท้องถิ่น", "stg_name": "ยุทธศาสตร์การบริหารกิจการบ้านเมืองที่ดี", "objc_level1_name": "งบลงทุน", "compare": [{"bb_amount": 2898000, "bb_province": "ลพบุรี"}], "gf_amount_sum": 0}
{"bb_code": "1500883002600U28", "bb_year": "2559", "amount": 2898000, "min_code": "15000", "agc_code": "15008", "name": "ซ่อมสร้างถนนลาดยางผิว Cape Seal สายบ้านหนองอ้อ - บ้านดงยาง หมู่ที่ ๗ บ้านดงยาง กว้าง ๖ เมตร ยาว ๑,๓๒๐ เมตร หรือมีพื้นที่ไม่น้อยกว่า ๑๐,๕๖๐ ตารางเมตร ไหล่ทางกว้างข้างละ ๑ เมตร อบต.หนองอ้อ อ.ศรีสัชนาลัย", "min": "กระทรวงมหาดไทย", "agc": "กรมส่งเสริมการปกครองท้องถิ่น", "plan_name": "ส่งเสริมการกระจายอำนาจให้แก่องค์กรปกครองส่วนท้องถิ่น", "stg_name": "ยุทธศาสตร์การบริหารกิจการบ้านเมืองที่ดี", "objc_level1_name": "งบลงทุน", "compare": [{"bb_amount": 2898000, "bb_province": "สุโขทัย"}], "gf_amount_sum": 0}
{"bb_code": "1500883002600CU7", "bb_year": "2559", "amount": 2898000, "min_code": "15000", "agc_code": "15008", "name": "ปรับปรุงซ่อมแซมถนนเดิม โดยการเสริมผิวแอสฟัลท์ติกคอนกรีต (โอเวอร์เลย์) ถนนสาย บ้านโป่ง หมู่ที่ ๔ - บ้านป่ากล้วย ตำบลท่าวังตาล หนา ๐.๐๕ เมตร จำนวน ๓ ช่วง พื้นที่ไม่น้อยกว่า ๗,๖๙๕ ตารางเมตร    ทต.ท่าวังต", "min": "กระทรวงมหาดไทย", "agc": "กรมส่งเสริมการปกครองท้องถิ่น", "plan_name": "ส่งเสริมการกระจายอำนาจให้แก่องค์กรปกครองส่วนท้องถิ่น", "stg_name": "ยุทธศาสตร์การบริหารกิจการบ้านเมืองที่ดี", "objc_level1_name": "งบลงทุน", "compare": [{"bb_amount": 2898000, "bb_province": "เชียงใหม่"}], "gf_amount_sum": 0}
{"bb_code": "1500883002600Q25", "bb_year": "2559", "amount": 2898000, "min_code": "15000", "agc_code": "15008", "name": "ปรับปรุงผิวทางแอสฟัลท์ติกคอนกรีต แบบ Over lay ถนนสายชะแมบ - คลองขวาง หมู่ที่ ๖ - หมู่ที่ ๗ ตำบลทับไทร จำนวน ๒ ช่วง รวมมีพื้นที่ไม่น้อยกว่า ๖,๐๐๐ ตารางเมตร  ทต.โป่งน้ำร้อน อ.โป่งน้ำร้อน จ.จันทบุรี", "min": "กระทรวงมหาดไทย", "agc": "กรมส่งเสริมการปกครองท้องถิ่น", "plan_name": "ส่งเสริมการกระจายอำนาจให้แก่องค์กรปกครองส่วนท้องถิ่น", "stg_name": "ยุทธศาสตร์การบริหารกิจการบ้านเมืองที่ดี", "objc_level1_name": "งบลงทุน", "compare": [{"bb_amount": 2898000, "bb_province": "จันทบุรี"}], "gf_amount_sum": 0}
{"bb_code": "1500883002600L62", "bb_year": "2559", "amount": 2898000, "min_code": "15000", "agc_code": "15008", "name": "ปรับปรุงเสริมผิวทางแอสฟัลท์ติกคอนกรีต สายบ้านคำชะอี - บ้านโนนสว่าง  หมู่ที่ ๕  กว้าง ๖ เมตร  ยาว ๑,๕๐๐ เมตร   อบต.คำชะอี อ.คำชะอี จ.มุกดาหาร", "min": "กระทรวงมหาดไทย", "agc": "กรมส่งเสริมการปกครองท้องถิ่น", "plan_name": "ส่งเสริมการกระจายอำนาจให้แก่องค์กรปกครองส่วนท้องถิ่น", "stg_name": "ยุทธศาสตร์การบริหารกิจการบ้านเมืองที่ดี", "objc_level1_name": "งบลงทุน", "compare": [{"bb_amount": 2898000, "bb_province": "มุกดาหาร"}], "gf_amount_sum": 0}
{"bb_code": "1500883002600CQ9", "bb_year": "2559", "amount": 2898000, "min_code": "15000", "agc_code": "15008", "name": "เสริมผิวจราจรแอสฟัลท์ติกคอนกรีต สายทางบ้านม้าเหนือ หมู่ที่ ๖ - บ้านศรีบัวบาน หมู่ที่ ๑ ตำบลศรีบัวบาน กว้าง ๘ เมตร ยาว ๘๗๐ เมตร  หนา ๐.๐๕ เมตร ทต.ศรีบัวบาน อ.เมืองลำพูน จ.ลำพูน", "min": "กระทรวงมหาดไทย", "agc": "กรมส่งเสริมการปกครองท้องถิ่น", "plan_name": "ส่งเสริมการกระจายอำนาจให้แก่องค์กรปกครองส่วนท้องถิ่น", "stg_name": "ยุทธศาสตร์การบริหารกิจการบ้านเมืองที่ดี", "objc_level1_name": "งบลงทุน", "compare": [{"bb_amount": 2898000, "bb_province": "ลำพูน"}], "gf_amount_sum": 0}
{"bb_code": "1500883002600L59", "bb_year": "2559", "amount": 2898000, "min_code": "15000", "agc_code": "15008", "name": "ซ่อมสร้างถนนลาดยางผิวทาง Para Cape Seal  บ้านพาลุกา - บ้านขามป้อม กว้าง ๖ เมตร ยาว ๘๐๐ เมตร ไหล่ทางกว้างข้างละ ๑ เมตร อบจ.มุกดาหาร อ.หว้านใหญ่ จ.มุกดาหาร", "min": "กระทรวงมหาดไทย", "agc": "กรมส่งเสริมการปกครองท้องถิ่น", "plan_name": "ส่งเสริมการกระจายอำนาจให้แก่องค์กรปกครองส่วนท้องถิ่น", "stg_name": "ยุทธศาสตร์การบริหารกิจการบ้านเมืองที่ดี", "objc_level1_name": "งบลงทุน", "compare": [{"bb_amount": 2898000, "bb_province": "มุกดาหาร"}], "gf_amount_sum": 0}
{"bb_code": "1500883002600S11", "bb_year": "2559", "amount": 2898000, "min_code": "15000", "agc_code": "15008", "name": "ปะซ่อมผิว Skin Patch , Deep Patch สายบ้านสนามบินบางลาง - บ้านจาเราะแป หมู่ที่ ๑ กว้าง ๖ เมตร ยาว ๔,๕๐๐ เมตร หรือมีพื้นที่ไม่น้อยกว่า ๒,๘๐๐ ตารางเมตร ทต.เขื่อนบางลาง อ.บันนังสตา จ.ยะลา", "min": "กระทรวงมหาดไทย", "agc": "กรมส่งเสริมการปกครองท้องถิ่น", "plan_name": "ส่งเสริมการกระจายอำนาจให้แก่องค์กรปกครองส่วนท้องถิ่น", "stg_name": "ยุทธศาสตร์การบริหารกิจการบ้านเมืองที่ดี", "objc_level1_name": "งบลงทุน", "compare": [{"bb_amount": 2898000, "bb_province": "ยะลา"}], "gf_amount_sum": 0}
