{"bb_code": "1500883002600U91", "bb_year": "2559", "amount": 2898000, "min_code": "15000", "agc_code": "15008", "name": "ซ่อมสร้างผิวลาดยางสายบ้านแม่คะเมย-บ้านพุเข็ม หมู่ที่ ๑๔  ตำบลแก่งกระจาน  กว้าง  ๖ เมตร ยาว  ๘๗๐  เมตร  หนา ๐.๐๔ เมตร อบต. แก่งกระจาน อ.แก่งกระจาน จ.เพชรบุรี", "min": "กระทรวงมหาดไทย", "agc": "กรมส่งเสริมการปกครองท้องถิ่น", "plan_name": "ส่งเสริมการกระจายอำนาจให้แก่องค์กรปกครองส่วนท้องถิ่น", "stg_name": "ยุทธศาสตร์การบริหารกิจการบ้านเมืองที่ดี", "objc_level1_name": "งบลงทุน", "compare": [{"bb_amount": 2898000, "bb_province": "เพชรบุรี"}], "gf_amount_sum": 0}
{"bb_code": "1500883002600EV4", "bb_year": "2559", "amount": 2898000, "min_code": "15000", "agc_code": "15008", "name": "ปรับปรุงซ่อมแซมลาดยาง สายบ้านน้ำเลา - ห้วยผักไล พช.๒๐๖๓ หมู่ที่ ๑ บ้านห้วยผักไล กว้าง ๖ เมตร ยาว ๑,๐๐๐ เมตร อบต.บ้านโคก อ.เมืองเพชรบูรณ์ จ.เพชรบูรณ์", "min": "กระทรวงมหาดไทย", "agc": "กรมส่งเสริมการปกครองท้องถิ่น", "plan_name": "ส่งเสริมการกระจายอำนาจให้แก่องค์กรปกครองส่วนท้องถิ่น", "stg_name": "ยุทธศาสตร์การบริหารกิจการบ้านเมืองที่ดี", "objc_level1_name": "งบลงทุน", "compare": [{"bb_amount": 2898000, "bb_province": "เพชรบูรณ์"}], "gf_amount_sum": 0}
{"bb_code": "1500883002600U85", "bb_year": "2559", "amount": 2898000, "min_code": "15000", "agc_code": "15008", "name": "ปรับปรุงเสริมผิวถนนลาดยางแอสฟัลท์ติกคอนกรีตสายทางบ้านรังแร้ง กว้าง ๗ เมตร ยาว ๑,๐๕๘ เมตร หนา ๐.๐๕ เมตร หรือมีพื้นที่ไม่น้อยกว่า ๗,๔๐๖ ตารางเมตร ทต.ทุ่งกระเซาะ อ.เมืองตาก จ.ตาก", "min": "กระทรวงมหาดไทย", "agc": "กรมส่งเสริมการปกครองท้องถิ่น", "plan_name": "ส่งเสริมการกระจายอำนาจให้แก่องค์กรปกครองส่วนท้องถิ่น", "stg_name": "ยุทธศาสตร์การบริหารกิจการบ้านเมืองที่ดี", "objc_level1_name": "งบลงทุน", "compare": [{"bb_amount": 2898000, "bb_province": "ตาก"}], "gf_amount_sum": 0}
{"bb_code": "1500883002600O83", "bb_year": "2559", "amount": 2898000, "min_code": "15000", "agc_code": "15008", "name": "ซ่อมสร้างถนนลาดยางแอสฟัลท์ติกคอนกรีตสายบ้านนิคมเขาบ่อแก้ว  - บ้านหนองไม้แดง (นว.ถ.๖๓ -๐๐๑) กว้าง ๖ เมตร ยาว ๑,๐๐๕ เมตร หนา ๐.๐๔ เมตร ไหล่ทางแอสฟัลท์ติกคอนกรีตกว้างข้างละ ๑ เมตร พื้นที่ไม่น้อยกว่า ๘,๐๔", "min": "กระทรวงมหาดไทย", "agc": "กรมส่งเสริมการปกครองท้องถิ่น", "plan_name": "ส่งเสริมการกระจายอำนาจให้แก่องค์กรปกครองส่วนท้องถิ่น", "stg_name": "ยุทธศาสตร์การบริหารกิจการบ้านเมืองที่ดี", "objc_level1_name": "งบลงทุน", "compare": [{"bb_amount": 2898000, "bb_province": "นครสวรรค์"}], "gf_amount_sum": 0}
{"bb_code": "1500883002600BZ6", "bb_year": "2559", "amount": 2898000, "min_code": "15000", "agc_code": "15008", "name": "ปรับปรุงถนนผิวจราจรแอสฟัลท์คอนกรีต สายแยกทางหลวง ๔๐๖ (กม.ที่ ๕๑+๒๕๐) - บ้านน้ำหรา หมู่ที่ ๖ บ้านน้ำหรา ตำบลทุ่งนุ้ย กว้าง ๖ เมตร ยาว ๘,๗๐๐ เมตร ไหล่ทางข้างละ ๐.๕๐-๑.๐๐ เมตร  อบต.ทุ่งนุ้ย อ.ควนกาหลง จ.", "min": "กระทรวงมหาดไทย", "agc": "กรมส่งเสริมการปกครองท้องถิ่น", "plan_name": "ส่งเสริมการกระจายอำนาจให้แก่องค์กรปกครองส่วนท้องถิ่น", "stg_name": "ยุทธศาสตร์การบริหารกิจการบ้านเมืองที่ดี", "objc_level1_name": "งบลงทุน", "compare": [{"bb_amount": 2898000, "bb_province": "สตูล"}], "gf_amount_sum": 0}
{"bb_code": "1500883002600K80", "bb_year": "2559", "amount": 2898000, "min_code": "15000", "agc_code": "15008", "name": "ปรับปรุงซ่อมแซมผิวถนนลาดยางแอสฟัลท์ติกคอนกรีตแยกสะพานสรรคบุรี - สรรพยา หมู่ที่ ๒ ตำบลห้วยกรด - หมู่ที่ ๖ ตำบลห้วยกรดพัฒนา พื้นที่ไม่น้อยกว่า ๗,๘๐๐ ตารางเมตร ทต.ห้วยกรด อ.สรรคบุรี จ.ชัยนาท", "min": "กระทรวงมหาดไทย", "agc": "กรมส่งเสริมการปกครองท้องถิ่น", "plan_name": "ส่งเสริมการกระจายอำนาจให้แก่องค์กรปกครองส่วนท้องถิ่น", "stg_name": "ยุทธศาสตร์การบริหารกิจการบ้านเมืองที่ดี", "objc_level1_name": "งบลงทุน", "compare": [{"bb_amount": 2898000, "bb_province": "ชัยนาท"}], "gf_amount_sum": 0}
{"bb_code": "1500883002600U93", "bb_year": "2559", "amount": 2898000, "min_code": "15000", "agc_code": "15008", "name": "ซ่อมสร้างงานเสริมผิวจราจรแอสฟัลท์ติกคอนกรีต สายบ้านต้นเกตุ-บ้านลำตะเคียน หมู่ที่ ๔ กว้าง ๖ เมตร ยาว ๑,๑๐๐ เมตร หนา ๐.๐๔ เมตร ไหล่ทางข้างละ ๑ เมตร อบต.แก่งกระจาน อ.แก่งกระจาน จ.เพชรบุรี", "min": "กระทรวงมหาดไทย", "agc": "กรมส่งเสริมการปกครองท้องถิ่น", "plan_name": "ส่งเสริมการกระจายอำนาจให้แก่องค์กรปกครองส่วนท้องถิ่น", "stg_name": "ยุทธศาสตร์การบริหารกิจการบ้านเมืองที่ดี", "objc_level1_name": "งบลงทุน", "compare": [{"bb_amount": 2898000, "bb_province": "เพชรบุรี"}], "gf_amount_sum": 0}
{"bb_code": "1500883002600V08", "bb_year": "2559", "amount": 2898000, "min_code": "15000", "agc_code": "15008", "name": "ปรับปรุงเสริมผิวจราจรถนนลาดยางแอสฟัลท์ติกคอนกรีต แบบ OVER LAY สายบ้านทุ่งเฟื้อ - บ้านบางหอ หมู่ที่ ๔ บ้านทุ่งเฟื้อ กว้าง ๖ เมตร ยาว ๑,๕๐๐ เมตร หนา ๐.๐๔ เมตร อบต.ธงชัย อ.เมืองเพชรบุรี จ.เพชรบุรี", "min": "กระทรวงมหาดไทย", "agc": "กรมส่งเสริมการปกครองท้องถิ่น", "plan_name": "ส่งเสริมการกระจายอำนาจให้แก่องค์กรปกครองส่วนท้องถิ่น", "stg_name": "ยุทธศาสตร์การบริหารกิจการบ้านเมืองที่ดี", "objc_level1_name": "งบลงทุน", "compare": [{"bb_amount": 2898000, "bb_province": "เพชรบุรี"}], "gf_amount_sum": 0}
{"bb_code": "1500883002600S53", "bb_year": "2559", "amount": 2898000, "min_code": "15000", "agc_code": "15008", "name": "ซ่อมสร้างผิวทาง Concrete สายทางเข้าน้ำตกผาแดง หมู่ที่ ๘ กว้าง ๔ เมตร ยาว ๙๖๕ เมตร หนา ๐.๑๕ เมตร หรือมีพื้นที่ไม่น้อยกว่า ๓,๘๖๐ ตารางเมตร  อบต.แม่หวาด อ.ธารโต จ.ยะลา", "min": "กระทรวงมหาดไทย", "agc": "กรมส่งเสริมการปกครองท้องถิ่น", "plan_name": "ส่งเสริมการกระจายอำนาจให้แก่องค์กรปกครองส่วนท้องถิ่น", "stg_name": "ยุทธศาสตร์การบริหารกิจการบ้านเมืองที่ดี", "objc_level1_name": "งบลงทุน", "compare": [{"bb_amount": 2898000, "bb_province": "ยะลา"}], "gf_amount_sum": 0}
{"bb_code": "1500883002600U95", "bb_year": "2559", "amount": 2898000, "min_code": "15000", "agc_code": "15008", "name": "ซ่อมสร้างผิวทางแอสฟัลท์ติกคอนกรีต สายบ้านเกาะตาเถียร-บ้านวังม่วง  กว้าง ๕ เมตร ยาว ๑,๕๕๐ เมตร หรือมีพื้นที่ไม่น้อยกว่า ๗,๗๕๐ ตารางเมตร หนา ๐.๐๔ เมตร  ทต.ไม้งาม อ.เมืองตาก จ.ตาก", "min": "กระทรวงมหาดไทย", "agc": "กรมส่งเสริมการปกครองท้องถิ่น", "plan_name": "ส่งเสริมการกระจายอำนาจให้แก่องค์กรปกครองส่วนท้องถิ่น", "stg_name": "ยุทธศาสตร์การบริหารกิจการบ้านเมืองที่ดี", "objc_level1_name": "งบลงทุน", "compare": [{"bb_amount": 2898000, "bb_province": "ตาก"}], "gf_amount_sum": 0}
{"bb_code": "1500883002600GH7", "bb_year": "2559", "amount": 2898000, "min_code": "15000", "agc_code": "15008", "name": "ปรับปรุงถนนแอสฟัลท์ติกคอนกรีต สายบ้านกาซ้อง - บ้านหนองบ่อ กว้าง ๖ เมตร ยาว ๑,๔๗๑ เมตร หนา ๐.๐๔ เมตร  อบต.เหมืองหม้อ อ.เมืองแพร่ จ.แพร่", "min": "กระทรวงมหาดไทย", "agc": "กรมส่งเสริมการปกครองท้องถิ่น", "plan_name": "ส่งเสริมการกระจายอำนาจให้แก่องค์กรปกครองส่วนท้องถิ่น", "stg_name": "ยุทธศาสตร์การบริหารกิจการบ้านเมืองที่ดี", "objc_level1_name": "งบลงทุน", "compare": [{"bb_amount": 2898000, "bb_province": "แพร่"}], "gf_amount_sum": 0}
{"bb_code": "1500883002600S17", "bb_year": "2559", "amount": 2898000, "min_code": "15000", "agc_code": "15008", "name": "ปรับปรุงถนนแอสฟัลท์ติกคอนกรีตสายบ้านปารามีแต - บ้านตือเบาะ หมู่ที่ ๑ , ๘ , ๙ , ๑๐ , ๑๒ กว้าง ๖ เมตร ยาว ๙๐๔ เมตร หนา ๐.๐๔ เมตร หรือมีพื้นที่ไม่น้อยกว่า ๗,๒๓๒ ตารางเมตร ไหล่ทางข้างละ ๑ เมตร  ทม.สะเตงนอ", "min": "กระทรวงมหาดไทย", "agc": "กรมส่งเสริมการปกครองท้องถิ่น", "plan_name": "ส่งเสริมการกระจายอำนาจให้แก่องค์กรปกครองส่วนท้องถิ่น", "stg_name": "ยุทธศาสตร์การบริหารกิจการบ้านเมืองที่ดี", "objc_level1_name": "งบลงทุน", "compare": [{"bb_amount": 2898000, "bb_province": "ยะลา"}], "gf_amount_sum": 0}
{"bb_code": "1500883002600BL1", "bb_year": "2559", "amount": 2898000, "min_code": "15000", "agc_code": "15008", "name": "ซ่อมแซมถนนแอสฟัลท์ติกคอนกรีต สายแยกทางหลวง ๓๓๐๖ - บ้านเขามุสิ  หมู่ที่ ๑๒ บ้านหนองหูช้าง ตำบลหนองปรือ พื้นที่ไม่น้อยกว่า ๔,๑๖๐ ตารางเมตร  อบต.หนองปรือ อ.หนองปรือ จ.กาญจนบุรี", "min": "กระทรวงมหาดไทย", "agc": "กรมส่งเสริมการปกครองท้องถิ่น", "plan_name": "ส่งเสริมการกระจายอำนาจให้แก่องค์กรปกครองส่วนท้องถิ่น", "stg_name": "ยุทธศาสตร์การบริหารกิจการบ้านเมืองที่ดี", "objc_level1_name": "งบลงทุน", "compare": [{"bb_amount": 2898000, "bb_province": "กาญจนบุรี"}], "gf_amount_sum": 0}
{"bb_code": "1500883002600N64", "bb_year": "2559", "amount": 2898000, "min_code": "15000", "agc_code": "15008", "name": "ปรับปรุงถนนลาดยางแอสฟัลท์ติกคอนกรีต สายบ้านใหม่ดอยลาน - บ้านร่องขุ่น  บ้านใหม่ดอยลาน หมู่ที่ ๒๑ กว้าง ๖ เมตร  หนา ๐.๐๕ เมตร  ยาว ๑,๑๓๐ เมตร  ทต.ดอยลาน อ.เมืองเชียงราย จ.เชียงราย", "min": "กระทรวงมหาดไทย", "agc": "กรมส่งเสริมการปกครองท้องถิ่น", "plan_name": "ส่งเสริมการกระจายอำนาจให้แก่องค์กรปกครองส่วนท้องถิ่น", "stg_name": "ยุทธศาสตร์การบริหารกิจการบ้านเมืองที่ดี", "objc_level1_name": "งบลงทุน", "compare": [{"bb_amount": 2898000, "bb_province": "เชียงราย"}], "gf_amount_sum": 0}
{"bb_code": "1500883002600EF2", "bb_year": "2559", "amount": 2898000, "min_code": "15000", "agc_code": "15008", "name": "ซ่อมสร้างถนนลาดยาง หมู่ที่ ๖ บ้านซับสวัสดิ์ (ทางเข้าหมู่บ้าน) สายลำเพียร - ซับสวัสดิ์ กว้าง ๖ เมตร ยาว ๑,๐๐๐ เมตร หนา ๐.๐๔ เมตร ไหล่ทางกว้างข้างละ ๑ เมตร อบต.โคกปรง อ.วิเชียรบุรี จ.เพชรบูรณ์", "min": "กระทรวงมหาดไทย", "agc": "กรมส่งเสริมการปกครองท้องถิ่น", "plan_name": "ส่งเสริมการกระจายอำนาจให้แก่องค์กรปกครองส่วนท้องถิ่น", "stg_name": "ยุทธศาสตร์การบริหารกิจการบ้านเมืองที่ดี", "objc_level1_name": "งบลงทุน", "compare": [{"bb_amount": 2898000, "bb_province": "เพชรบูรณ์"}], "gf_amount_sum": 0}
{"bb_code": "1500883002600DI4", "bb_year": "2559", "amount": 2898000, "min_code": "15000", "agc_code": "15008", "name": "ซ่อมสร้างถนนแอสฟัลท์ติกคอนกรีตสายบ้านโปร่งเกตุ - บ้านอมพนม ตำบลธาตุทอง, ตำบลบ่อทอง กว้าง ๖ เมตร ยาว ๑,๐๐๐ เมตร หนา ๐.๐๕ เมตร ไหล่ทางกว้างข้างละ ๑ เมตร พื้นที่ไม่น้อยกว่า ๘,๐๐๐ ตารางเมตร  อบจ.ชลบุรี อ.", "min": "กระทรวงมหาดไทย", "agc": "กรมส่งเสริมการปกครองท้องถิ่น", "plan_name": "ส่งเสริมการกระจายอำนาจให้แก่องค์กรปกครองส่วนท้องถิ่น", "stg_name": "ยุทธศาสตร์การบริหารกิจการบ้านเมืองที่ดี", "objc_level1_name": "งบลงทุน", "compare": [{"bb_amount": 2898000, "bb_province": "ชลบุรี"}], "gf_amount_sum": 0}
{"bb_code": "1500883002600M15", "bb_year": "2559", "amount": 2898000, "min_code": "15000", "agc_code": "15008", "name": "ปรับปรุงถนนลาดยางแอสฟัลท์ติกคอนกรีตสายบ้านบางซ้าย ตำบลบางซ้าย - บ้านผักไห่ ตำบลปลายกลัด อำเภอบางซ้าย มีพื้นที่ไม่น้อยกว่า ๖,๔๐๐ ตารางเมตร  อบจ.พระนครศรีอยุธยา อ.บางซ้าย จ.พระนครศรีอยุธยา", "min": "กระทรวงมหาดไทย", "agc": "กรมส่งเสริมการปกครองท้องถิ่น", "plan_name": "ส่งเสริมการกระจายอำนาจให้แก่องค์กรปกครองส่วนท้องถิ่น", "stg_name": "ยุทธศาสตร์การบริหารกิจการบ้านเมืองที่ดี", "objc_level1_name": "งบลงทุน", "compare": [{"bb_amount": 2898000, "bb_province": "พระนครศรีอยุธยา"}], "gf_amount_sum": 0}
{"bb_code": "1500883002600AB7", "bb_year": "2559", "amount": 2898000, "min_code": "15000", "agc_code": "15008", "name": "ปรับปรุงถนนลาดยางพาราแอสฟัลท์ติกคอนกรีตสายบ้านท่าสน - บ้านทับท้อน หมู่ที่ ๒ ตำบลมะขามเตี้ย อำเภอเมืองสุราษฎร์ธานี เชื่อมตำบลทุ่งกง อำเภอกาญจนดิษฐ์ กว้าง ๘  เมตร ยาว ๗๓๐ เมตร หนา ๐.๐๕ เมตร หรือมีพื้นที", "min": "กระทรวงมหาดไทย", "agc": "กรมส่งเสริมการปกครองท้องถิ่น", "plan_name": "ส่งเสริมการกระจายอำนาจให้แก่องค์กรปกครองส่วนท้องถิ่น", "stg_name": "ยุทธศาสตร์การบริหารกิจการบ้านเมืองที่ดี", "objc_level1_name": "งบลงทุน", "compare": [{"bb_amount": 2898000, "bb_province": "สุราษฎร์ธานี"}], "gf_amount_sum": 0}
{"bb_code": "1500883002600CP0", "bb_year": "2559", "amount": 2898000, "min_code": "15000", "agc_code": "15008", "name": "ซ่อมสร้างผิวทางแอสฟัลท์ติกคอนกรีต ถนนสายบ้านหนองเส้ง - บ้านหนองมูล ตำบลประตูป่า กว้าง ๖ เมตร ยาว ๗๘๙ เมตร หนา ๐.๐๕ เมตร ไหล่ทางข้างละ ๐.๕๐ เมตร ทต.ประตูป่า อ.เมืองลำพูน จ.ลำพูน", "min": "กระทรวงมหาดไทย", "agc": "กรมส่งเสริมการปกครองท้องถิ่น", "plan_name": "ส่งเสริมการกระจายอำนาจให้แก่องค์กรปกครองส่วนท้องถิ่น", "stg_name": "ยุทธศาสตร์การบริหารกิจการบ้านเมืองที่ดี", "objc_level1_name": "งบลงทุน", "compare": [{"bb_amount": 2898000, "bb_province": "ลำพูน"}], "gf_amount_sum": 0}
{"bb_code": "1500883002600M13", "bb_year": "2559", "amount": 2898000, "min_code": "15000", "agc_code": "15008", "name": "ปรับปรุงซ่อมแซมถนนแอสฟัลท์ติกคอนกรีตสายบ้านขนอนเหนือ - บ้านกรด หมู่ที่ 2 ตำบลบ้านกรด กว้าง 12 เมตร ยาว 620 เมตร หนา 0.05 เมตร  ทต.บ้านกรด อ.บางปะอิน จ.พระนครศรีอยุธยา", "min": "กระทรวงมหาดไทย", "agc": "กรมส่งเสริมการปกครองท้องถิ่น", "plan_name": "ส่งเสริมการกระจายอำนาจให้แก่องค์กรปกครองส่วนท้องถิ่น", "stg_name": "ยุทธศาสตร์การบริหารกิจการบ้านเมืองที่ดี", "objc_level1_name": "งบลงทุน", "compare": [{"bb_amount": 2898000, "bb_province": "พระนครศรีอยุธยา"}], "gf_amount_sum": 0}
