{"bb_code": "1500822040600139", "bb_year": "2559", "amount": 2880200, "min_code": "15000", "agc_code": "15008", "name": "ก่อสร้างระบบประปาหมู่บ้าน แบบบาดาลขนาดใหญ่  หมู่ที่ ๕ บ้านตอรัง ตำบลหนองแม่แตง ตามแบบมาตรฐานกรมทรัพยากรน้ำ อบต.หนองแม่แตง อ.ไทรงาม จ.กำแพงเพชร", "min": "กระทรวงมหาดไทย", "agc": "กรมส่งเสริมการปกครองท้องถิ่น", "plan_name": "บริหารจัดการทรัพยากรน้ำ", "stg_name": "ยุทธศาสตร์เร่งรัดวางรากฐานการพัฒนาที่ยั่งยืนของประเทศ", "objc_level1_name": "งบลงทุน", "compare": [{"bb_amount": 2880200, "bb_province": "กำแพงเพชร"}], "gf_amount_sum": 0}
{"bb_code": "1500822040600Q54", "bb_year": "2559", "amount": 2880200, "min_code": "15000", "agc_code": "15008", "name": "ก่อสร้างระบบประปาหมู่บ้าน แบบบาดาลขนาดใหญ่ บ้านหนองกุงน้อย หมู่ที่ ๔ ตำบลแก้งแก ตามแบบกรมทรัพยากรน้ำ อบต.แก้งแก อ.โกสุมพิสัย จ.มหาสารคาม", "min": "กระทรวงมหาดไทย", "agc": "กรมส่งเสริมการปกครองท้องถิ่น", "plan_name": "บริหารจัดการทรัพยากรน้ำ", "stg_name": "ยุทธศาสตร์เร่งรัดวางรากฐานการพัฒนาที่ยั่งยืนของประเทศ", "objc_level1_name": "งบลงทุน", "compare": [{"bb_amount": 2880200, "bb_province": "มหาสารคาม"}], "gf_amount_sum": 0}
{"bb_code": "1500822040600CJ2", "bb_year": "2559", "amount": 2880000, "min_code": "15000", "agc_code": "15008", "name": "ปรับปรุงซ่อมแซมสถานีสูบน้ำด้วยไฟฟ้า บ้านท่าประกาย 2 อบต.เกิ้ง อ.เมืองมหาสารคาม จ.มหาสารคาม", "min": "กระทรวงมหาดไทย", "agc": "กรมส่งเสริมการปกครองท้องถิ่น", "plan_name": "บริหารจัดการทรัพยากรน้ำ", "stg_name": "ยุทธศาสตร์เร่งรัดวางรากฐานการพัฒนาที่ยั่งยืนของประเทศ", "objc_level1_name": "งบลงทุน", "compare": [{"bb_amount": 2880000, "bb_province": "มหาสารคาม"}], "gf_amount_sum": 0}
{"bb_code": "1500883002600GV9", "bb_year": "2559", "amount": 2878700, "min_code": "15000", "agc_code": "15008", "name": "เสริมผิวทางแอสฟัลท์ติกคอนกรีตสายทาง ตง. ๓๑๕๕ - บ้านสี่แยกทุ่งหว้าน - บ้านหนองขี้เสียด ตำบลปากคม กว้าง ๖ เมตร ยาว ๗๕๐ เมตร ไหล่ทางข้างละ ๑ เมตร  อบจ.ตรัง อ.ห้วยยอด จ.ตรัง", "min": "กระทรวงมหาดไทย", "agc": "กรมส่งเสริมการปกครองท้องถิ่น", "plan_name": "ส่งเสริมการกระจายอำนาจให้แก่องค์กรปกครองส่วนท้องถิ่น", "stg_name": "ยุทธศาสตร์การบริหารกิจการบ้านเมืองที่ดี", "objc_level1_name": "งบลงทุน", "compare": [{"bb_amount": 2878700, "bb_province": "ตรัง"}], "gf_amount_sum": 0}
{"bb_code": "1500883002600GV7", "bb_year": "2559", "amount": 2878700, "min_code": "15000", "agc_code": "15008", "name": "เสริมผิวทางแอสฟัลท์ติกคอนกรีตสายทาง ตง.๓๐๑๐ โคกยาง - ควนธานี ตำบลโคกยาง กว้าง ๖ เมตร ยาว ๘๐๐ เมตร หนา ๐.๐๔ เมตร  อบจ.ตรัง อ.กันตัง จ.ตรัง", "min": "กระทรวงมหาดไทย", "agc": "กรมส่งเสริมการปกครองท้องถิ่น", "plan_name": "ส่งเสริมการกระจายอำนาจให้แก่องค์กรปกครองส่วนท้องถิ่น", "stg_name": "ยุทธศาสตร์การบริหารกิจการบ้านเมืองที่ดี", "objc_level1_name": "งบลงทุน", "compare": [{"bb_amount": 2878700, "bb_province": "ตรัง"}], "gf_amount_sum": 0}
{"bb_code": "1500883002600CF7", "bb_year": "2559", "amount": 2877700, "min_code": "15000", "agc_code": "15008", "name": "ซ่อมสร้างถนนแอสฟัลท์ติกคอนกรีตสายแยก ทล.๔๑๐๕ (กม.ที่ ๙.๙๒๐) - บ้านน้ำฉา กว้าง ๗ เมตร ยาว ๑,๑๕๐ เมตร หนา ๐.๐๕ เมตร หรือมีพื้นที่ไม่น้อยกว่า ๘,๐๕๐ ตารางเมตร  อบต.เทพราช อ.สิชล จ.นครศรีธรรมราช", "min": "กระทรวงมหาดไทย", "agc": "กรมส่งเสริมการปกครองท้องถิ่น", "plan_name": "ส่งเสริมการกระจายอำนาจให้แก่องค์กรปกครองส่วนท้องถิ่น", "stg_name": "ยุทธศาสตร์การบริหารกิจการบ้านเมืองที่ดี", "objc_level1_name": "งบลงทุน", "compare": [{"bb_amount": 2877700, "bb_province": "นครศรีธรรมราช"}], "gf_amount_sum": 0}
{"bb_code": "1500883002600S28", "bb_year": "2559", "amount": 2877700, "min_code": "15000", "agc_code": "15008", "name": "ซ่อมสร้างถนนลาดยางแอสฟัลท์ติกคอนกรีตสายบ้านกือลอง หมู่ที่ ๒ - บ้านทรายแก้ว เริ่มต้นที่ กม.๒+๔๐๐ ถึง กม.๓+๒๒๐  กว้าง ๖ เมตร ยาว ๘๒๐ เมตร หนา ๐.๐๔ เมตร  อบต.ตลิ่งชัน อ.บันนังสตา จ.ยะลา", "min": "กระทรวงมหาดไทย", "agc": "กรมส่งเสริมการปกครองท้องถิ่น", "plan_name": "ส่งเสริมการกระจายอำนาจให้แก่องค์กรปกครองส่วนท้องถิ่น", "stg_name": "ยุทธศาสตร์การบริหารกิจการบ้านเมืองที่ดี", "objc_level1_name": "งบลงทุน", "compare": [{"bb_amount": 2877700, "bb_province": "ยะลา"}], "gf_amount_sum": 0}
{"bb_code": "1500883002600EM2", "bb_year": "2559", "amount": 2877700, "min_code": "15000", "agc_code": "15008", "name": "ซ่อมสร้างถนนลาดยาง Cape Seal สาย พช.๒๐๙๔ แยกระหว่าง กม.๓๐ หมู่ที่ ๘ เชื่อมหมู่ที่ ๑๐ กว้าง ๖ เมตร ยาว ๑,๗๕๐ เมตร อบต.ดงขุย อ.ชนแดน จ.เพชรบูรณ์", "min": "กระทรวงมหาดไทย", "agc": "กรมส่งเสริมการปกครองท้องถิ่น", "plan_name": "ส่งเสริมการกระจายอำนาจให้แก่องค์กรปกครองส่วนท้องถิ่น", "stg_name": "ยุทธศาสตร์การบริหารกิจการบ้านเมืองที่ดี", "objc_level1_name": "งบลงทุน", "compare": [{"bb_amount": 2877700, "bb_province": "เพชรบูรณ์"}], "gf_amount_sum": 0}
{"bb_code": "1500883002600W83", "bb_year": "2559", "amount": 2876000, "min_code": "15000", "agc_code": "15008", "name": "ซ่อมแซมถนนแอสฟัลท์ติกคอนกรีตสายบ้านมะนาว - บ้านปะอา หมู่ที่ ๑ บ้านมะนาว - หมู่ที่ ๒ บ้านปะอา ตำบลบ่อพลอย กว้าง  ๖ เมตร ยาว ๑,๓๕๐ เมตร หนา ๐.๐๔ เมตร อบต.บ่อพลอย อ.บ่อไร่ จ.ตราด", "min": "กระทรวงมหาดไทย", "agc": "กรมส่งเสริมการปกครองท้องถิ่น", "plan_name": "ส่งเสริมการกระจายอำนาจให้แก่องค์กรปกครองส่วนท้องถิ่น", "stg_name": "ยุทธศาสตร์การบริหารกิจการบ้านเมืองที่ดี", "objc_level1_name": "งบลงทุน", "compare": [{"bb_amount": 2876000, "bb_province": "ตราด"}], "gf_amount_sum": 0}
{"bb_code": "1500883002600O36", "bb_year": "2559", "amount": 2875000, "min_code": "15000", "agc_code": "15008", "name": "ซ่อมสร้างถนนแอสฟัลท์ติกคอนกรีตสายบ้านคลองเปรง - บ้านบางบ่อ หมู่ที่ ๑๒ บ้านตลาดเปรง ตำบลคลองเปรง กว้าง ๖ เมตร ยาว ๑,๑๕๐ เมตร หนา ๐.๐๕ เมตร  อบต.คลองเปรง อ.เมืองฉะเชิงเทรา จ.ฉะเชิงเทรา", "min": "กระทรวงมหาดไทย", "agc": "กรมส่งเสริมการปกครองท้องถิ่น", "plan_name": "ส่งเสริมการกระจายอำนาจให้แก่องค์กรปกครองส่วนท้องถิ่น", "stg_name": "ยุทธศาสตร์การบริหารกิจการบ้านเมืองที่ดี", "objc_level1_name": "งบลงทุน", "compare": [{"bb_amount": 2875000, "bb_province": "ฉะเชิงเทรา"}], "gf_amount_sum": 0}
{"bb_code": "1500883002600S30", "bb_year": "2559", "amount": 2874800, "min_code": "15000", "agc_code": "15008", "name": "ปรับปรุงผิวจราจรลาดยาง Asphaltic Concrete สายบ้านหนองขอ - บ้านเขากำแพง ตำบลดอนคา, ตำบลหนองโอ่ง กว้าง ๖ เมตร ยาว ๑,๔๐๐ เมตร หนา ๐.๐๓ เมตร ไหล่ทาง Asphaltic Concrete กว้างข้างละ ๑ เมตร พื้นที่ไม่น้อยกว่", "min": "กระทรวงมหาดไทย", "agc": "กรมส่งเสริมการปกครองท้องถิ่น", "plan_name": "ส่งเสริมการกระจายอำนาจให้แก่องค์กรปกครองส่วนท้องถิ่น", "stg_name": "ยุทธศาสตร์การบริหารกิจการบ้านเมืองที่ดี", "objc_level1_name": "งบลงทุน", "compare": [{"bb_amount": 2874800, "bb_province": "สุพรรณบุรี"}], "gf_amount_sum": 0}
{"bb_code": "1500822040600525", "bb_year": "2559", "amount": 2874300, "min_code": "15000", "agc_code": "15008", "name": "ก่อสร้างประปาหมู่บ้าน แบบบาดาลขนาดใหญ่ บ้านด้ายท่าล้อ หมู่ที่ ๑๘  ตามแบบมาตรฐานกรมทรัพยากรน้ำ  ทต.สิริเวียงชัย อ.เวียงชัย จ.เชียงราย", "min": "กระทรวงมหาดไทย", "agc": "กรมส่งเสริมการปกครองท้องถิ่น", "plan_name": "บริหารจัดการทรัพยากรน้ำ", "stg_name": "ยุทธศาสตร์เร่งรัดวางรากฐานการพัฒนาที่ยั่งยืนของประเทศ", "objc_level1_name": "งบลงทุน", "compare": [{"bb_amount": 2874300, "bb_province": "เชียงราย"}], "gf_amount_sum": 0}
{"bb_code": "1500822040600CZ7", "bb_year": "2559", "amount": 2873000, "min_code": "15000", "agc_code": "15008", "name": "ปรับปรุงซ่อมแซมสถานีสูบน้ำด้วยไฟฟ้า บ้านหนองนาแซง 2 อบต.สามสวน อ.บ้านแท่น จ.ชัยภูมิ", "min": "กระทรวงมหาดไทย", "agc": "กรมส่งเสริมการปกครองท้องถิ่น", "plan_name": "บริหารจัดการทรัพยากรน้ำ", "stg_name": "ยุทธศาสตร์เร่งรัดวางรากฐานการพัฒนาที่ยั่งยืนของประเทศ", "objc_level1_name": "งบลงทุน", "compare": [{"bb_amount": 2873000, "bb_province": "ชัยภูมิ"}], "gf_amount_sum": 0}
{"bb_code": "1500785013410168", "bb_year": "2559", "amount": 2869400, "min_code": "15000", "agc_code": "15007", "name": "โครงการปรับปรุงถนนในชุมชนสายบ้านดอนยาง หมู่ที่ 4 ตำบลบ่อทอง อำเภอหนองจิก จังหวัดปัตตานี ความกว้าง 4.00 ม. ความยาว 0.975 กม.", "min": "กระทรวงมหาดไทย", "agc": "กรมโยธาธิการและผังเมือง", "plan_name": "แก้ไขปัญหาและพัฒนาจังหวัดชายแดนภาคใต้", "stg_name": "ยุทธศาสตร์เร่งรัดวางรากฐานการพัฒนาที่ยั่งยืนของประเทศ", "objc_level1_name": "งบลงทุน", "compare": [{"bb_amount": 2869400, "bb_province": "ปัตตานี", "gf_amount": 2869400, "gf_province": "ปัตตานี"}], "gf_amount_sum": 2869400}
{"bb_code": "1500883002600U22", "bb_year": "2559", "amount": 2869000, "min_code": "15000", "agc_code": "15008", "name": "ซ่อมสร้างถนนผิวทาง Cape Seal ถนนสาย สท.๐๐๐๐ บ้านไสยาศน์ - บ้านราวรังงาม หมู่ที่ ๒,๔ กว้าง ๘ เมตร ยาว ๓,๐๐๐ เมตร หรือมีพื้นที่ไม่น้อยกว่า ๒๔,๐๐๐ ตารางเมตร อบต.วังทองแดง อ.เมืองสุโขทัย จ.สุโขทัย", "min": "กระทรวงมหาดไทย", "agc": "กรมส่งเสริมการปกครองท้องถิ่น", "plan_name": "ส่งเสริมการกระจายอำนาจให้แก่องค์กรปกครองส่วนท้องถิ่น", "stg_name": "ยุทธศาสตร์การบริหารกิจการบ้านเมืองที่ดี", "objc_level1_name": "งบลงทุน", "compare": [{"bb_amount": 2869000, "bb_province": "สุโขทัย"}], "gf_amount_sum": 0}
{"bb_code": "1500883002600O89", "bb_year": "2559", "amount": 2869000, "min_code": "15000", "agc_code": "15008", "name": "ซ่อมแซมผิวจราจรแอสฟัลท์ติกคอนกรีตบ้านกบละคร - บ้านต้นโพธิ์  (นว.ถ. ๖๙-๐๐๘) หมู่ที่ ๖ บ้านกบละคร ตำบลบางเคียน กว้าง ๖ เมตร ยาว ๑,๐๐๐ เมตร หนา ๐.๐๔ เมตร ไหล่ทาง แอสฟัลท์ติกคอนกรีตกว้างข้างละ ๑ เมตร พื้น", "min": "กระทรวงมหาดไทย", "agc": "กรมส่งเสริมการปกครองท้องถิ่น", "plan_name": "ส่งเสริมการกระจายอำนาจให้แก่องค์กรปกครองส่วนท้องถิ่น", "stg_name": "ยุทธศาสตร์การบริหารกิจการบ้านเมืองที่ดี", "objc_level1_name": "งบลงทุน", "compare": [{"bb_amount": 2869000, "bb_province": "นครสวรรค์"}], "gf_amount_sum": 0}
{"bb_code": "1500883002600CQ7", "bb_year": "2559", "amount": 2869000, "min_code": "15000", "agc_code": "15008", "name": "ซ่อมสร้างถนนลาดยาง สายบ้านสันเหมือง - บ้านหล่ายแก้ว ตำบลศรีเตี้ย กว้าง ๖ เมตร ยาว ๑,๑๕๐ เมตร หนา ๐.๐๔ เมตร ไหล่ทางกว้างข้างละ ๑.๐๐ เมตร ทต.ศรีเตี้ย อ.บ้านโฮ่ง จ.ลำพูน", "min": "กระทรวงมหาดไทย", "agc": "กรมส่งเสริมการปกครองท้องถิ่น", "plan_name": "ส่งเสริมการกระจายอำนาจให้แก่องค์กรปกครองส่วนท้องถิ่น", "stg_name": "ยุทธศาสตร์การบริหารกิจการบ้านเมืองที่ดี", "objc_level1_name": "งบลงทุน", "compare": [{"bb_amount": 2869000, "bb_province": "ลำพูน"}], "gf_amount_sum": 0}
{"bb_code": "1500883002600CI4", "bb_year": "2559", "amount": 2869000, "min_code": "15000", "agc_code": "15008", "name": "ซ่อมสร้างถนนลาดยางแบบผิวจราจร Para Cape Seal (Type ๓) โดยวิธี pavement In - place Recycling สายบ้านพนมพัฒนา ตำบลสุวรรณคูหา - บ้านกกต้อง ตำบลบ้านโคก ขนาดผิวจราจรกว้าง ๖.๐๐ เมตร ไหล่ทางข้างละ ๑.๐๐ เมตร", "min": "กระทรวงมหาดไทย", "agc": "กรมส่งเสริมการปกครองท้องถิ่น", "plan_name": "ส่งเสริมการกระจายอำนาจให้แก่องค์กรปกครองส่วนท้องถิ่น", "stg_name": "ยุทธศาสตร์การบริหารกิจการบ้านเมืองที่ดี", "objc_level1_name": "งบลงทุน", "compare": [{"bb_amount": 2869000, "bb_province": "หนองบัวลำภู"}], "gf_amount_sum": 0}
{"bb_code": "1500817036600765", "bb_year": "2559", "amount": 2868400, "min_code": "15000", "agc_code": "15008", "name": "ก่อสร้างสนามกีฬาฟุตบอลมาตรฐาน ขนาดกว้าง 60 เมตร ยาว 100 เมตร หมู่ที่ 8 บ้านบ่อ  เทศบาลตำบลบ้านดอน อำเภออู่ทอง จังหวัดสุพรรณบุรี", "min": "กระทรวงมหาดไทย", "agc": "กรมส่งเสริมการปกครองท้องถิ่น", "plan_name": "ป้องกัน ปราบปราม และบําบัดรักษาผู้ติดยาเสพติด ", "stg_name": "ยุทธศาสตร์การศึกษา สาธารณสุข คุณธรรม จริยธรรม และคุณภาพชีวิต", "objc_level1_name": "งบลงทุน", "compare": [{"bb_amount": 2868400, "bb_province": "สุพรรณบุรี"}], "gf_amount_sum": 0}
{"bb_code": "1500817036600892", "bb_year": "2559", "amount": 2868400, "min_code": "15000", "agc_code": "15008", "name": "ก่อสร้างลานกีฬา ขนาดกว้าง 90 เมตร ยาว 110 เมตร หมู่ที่ 1 บ้านรูสะมิแล เทศบาลตำบลรูสะมิแล อำเภอเมืองปัตตานี จังหวัดปัตตานี", "min": "กระทรวงมหาดไทย", "agc": "กรมส่งเสริมการปกครองท้องถิ่น", "plan_name": "ป้องกัน ปราบปราม และบําบัดรักษาผู้ติดยาเสพติด ", "stg_name": "ยุทธศาสตร์การศึกษา สาธารณสุข คุณธรรม จริยธรรม และคุณภาพชีวิต", "objc_level1_name": "งบลงทุน", "compare": [{"bb_amount": 2868400, "bb_province": "ปัตตานี"}], "gf_amount_sum": 0}
