{"bb_code": "1500883002600N25", "bb_year": "2559", "amount": 2840000, "min_code": "15000", "agc_code": "15008", "name": "เสริมผิวลาดยางแอสฟัลท์ติกคอนกรีต แบบ Overlay สานทางบ้านหนองโสน - บ้านหนองปลาไหล หมู่ที่ ๔ บ้านหนองโสน ตำบลหนองไผ่ กว้าง ๖ เมตร ยาว ๗๕๐ เมตร หนา ๐.๐๔ เมตร ไหล่ทางกว้างข้างละ ๑ เมตร  อบต.หนองไผ่ อ.หนองข", "min": "กระทรวงมหาดไทย", "agc": "กรมส่งเสริมการปกครองท้องถิ่น", "plan_name": "ส่งเสริมการกระจายอำนาจให้แก่องค์กรปกครองส่วนท้องถิ่น", "stg_name": "ยุทธศาสตร์การบริหารกิจการบ้านเมืองที่ดี", "objc_level1_name": "งบลงทุน", "compare": [{"bb_amount": 2840000, "bb_province": "อุทัยธานี"}], "gf_amount_sum": 0}
{"bb_code": "1500883002600Y87", "bb_year": "2559", "amount": 2840000, "min_code": "15000", "agc_code": "15008", "name": "ซ่อมสร้างถนนลาดยางแอสฟัลท์ติกคอนกรีต บ้านแจ่มอารมณ์-บ้านโนนทัน (หมู่ที่ ๕ บ้านโพนทัน ตำบลดงครั่งใหญ่) กว้าง ๖ เมตร ยาว ๘๕๐ เมตร หนา ๐.๐๔ เมตร ไหล่ทางข้างละ ๑ เมตร  อบต.ดงครั่งใหญ่ อ.เกษตรวิสัย จ.ร้อยเ", "min": "กระทรวงมหาดไทย", "agc": "กรมส่งเสริมการปกครองท้องถิ่น", "plan_name": "ส่งเสริมการกระจายอำนาจให้แก่องค์กรปกครองส่วนท้องถิ่น", "stg_name": "ยุทธศาสตร์การบริหารกิจการบ้านเมืองที่ดี", "objc_level1_name": "งบลงทุน", "compare": [{"bb_amount": 2840000, "bb_province": "ร้อยเอ็ด"}], "gf_amount_sum": 0}
{"bb_code": "1500520004410007", "bb_year": "2559", "amount": 2837500, "min_code": "15000", "agc_code": "15005", "name": "ค่าก่อสร้างประกอบการจัดที่ดินทำกินและที่อยู่อาศัยให้กับประชาชนที่ยากจน ตำบลแม่นางเติง อำเภอปาย จังหวัดแม่ฮ่องสอน", "min": "กระทรวงมหาดไทย", "agc": "กรมที่ดิน", "plan_name": "รักษาความมั่นคงของฐานทรัพยากรธรรมชาติและแก้ปัญหาที่ดินทำกิน", "stg_name": "ยุทธศาสตร์การจัดการทรัพยากรธรรมชาติและสิ่งแวดล้อม", "objc_level1_name": "งบลงทุน", "compare": [{"bb_amount": 2837500, "bb_province": "แม่ฮ่องสอน"}, {"gf_amount": 2630074, "gf_province": "ส่วนกลาง", "bb_amount": null, "bb_province": "กรุงเทพมหานคร"}], "gf_amount_sum": 2630074}
{"bb_code": "1500822040600709", "bb_year": "2559", "amount": 2834700, "min_code": "15000", "agc_code": "15008", "name": "ก่อสร้างประปาหมู่บ้านแบบบาดาลขนาดใหญ่ หมู่ที่ ๔ บ้านทุ่งข้าวตอก ตำบลหนองแหย่ง ตามแบบมาตรฐานกรมทรัพยากรน้ำ ทต.หนองแหย่ง อ.สันทราย จ.เชียงใหม่", "min": "กระทรวงมหาดไทย", "agc": "กรมส่งเสริมการปกครองท้องถิ่น", "plan_name": "บริหารจัดการทรัพยากรน้ำ", "stg_name": "ยุทธศาสตร์เร่งรัดวางรากฐานการพัฒนาที่ยั่งยืนของประเทศ", "objc_level1_name": "งบลงทุน", "compare": [{"bb_amount": 2834700, "bb_province": "เชียงใหม่"}], "gf_amount_sum": 0}
{"bb_code": "1500883002600EJ1", "bb_year": "2559", "amount": 2834200, "min_code": "15000", "agc_code": "15008", "name": "ปรับปรุงถนนลาดยางแอสฟัลท์ติกคอนกรีต บ้านตาลดำ-หนองเจ็กมัน กว้าง ๖ เมตร ยาว ๗๔๗ เมตร หนา ๐.๐๕ เมตร พื้นที่ไม่น้อยกว่า ๔,๔๘๒ ตารางเมตร อบต.หนองอิรุณ อ.บ้านบึง จ.ชลบุรี", "min": "กระทรวงมหาดไทย", "agc": "กรมส่งเสริมการปกครองท้องถิ่น", "plan_name": "ส่งเสริมการกระจายอำนาจให้แก่องค์กรปกครองส่วนท้องถิ่น", "stg_name": "ยุทธศาสตร์การบริหารกิจการบ้านเมืองที่ดี", "objc_level1_name": "งบลงทุน", "compare": [{"bb_amount": 2834200, "bb_province": "ชลบุรี"}], "gf_amount_sum": 0}
{"bb_code": "1500883002600CZ1", "bb_year": "2559", "amount": 2834200, "min_code": "15000", "agc_code": "15008", "name": "ซ่อมแซมผิวจราจรถนนแอสฟัลท์ติกคอนกรีตบ้านมาบประชัน - บ้านนาเหมือง หมู่ที่ ๕ ตำบลโป่ง พื้นที่ไม่น้อยกว่า ๘,๐๔๘ ตารางเมตร ทต.โป่ง อ.บางละมุง จ.ชลบุรี", "min": "กระทรวงมหาดไทย", "agc": "กรมส่งเสริมการปกครองท้องถิ่น", "plan_name": "ส่งเสริมการกระจายอำนาจให้แก่องค์กรปกครองส่วนท้องถิ่น", "stg_name": "ยุทธศาสตร์การบริหารกิจการบ้านเมืองที่ดี", "objc_level1_name": "งบลงทุน", "compare": [{"bb_amount": 2834200, "bb_province": "ชลบุรี"}], "gf_amount_sum": 0}
{"bb_code": "1500822040600AT6", "bb_year": "2559", "amount": 2834000, "min_code": "15000", "agc_code": "15008", "name": "ก่อสร้างประปาหมู่บ้านแบบผิวดินขนาดใหญ่ ที่สาธารณะโนนไผ่ บ้านหนองทุ่ม,บ้านหงส์แก้ว หมู่ที่ ๒ และหมู่ที่ ๗ ตำบลสามขา ตามแบบมาตรฐานกรมทรัพยากรน้ำ ทต.สามขา อ.โพนทราย จ.ร้อยเอ็ด", "min": "กระทรวงมหาดไทย", "agc": "กรมส่งเสริมการปกครองท้องถิ่น", "plan_name": "บริหารจัดการทรัพยากรน้ำ", "stg_name": "ยุทธศาสตร์เร่งรัดวางรากฐานการพัฒนาที่ยั่งยืนของประเทศ", "objc_level1_name": "งบลงทุน", "compare": [{"bb_amount": 2834000, "bb_province": "ร้อยเอ็ด"}], "gf_amount_sum": 0}
{"bb_code": "1500883002600S73", "bb_year": "2559", "amount": 2833700, "min_code": "15000", "agc_code": "15008", "name": "ปรับปรุง/ซ่อมสร้างถนนลาดยางแอสฟัลท์ติกคอนกรีต สพ ๓๒๒๗ บ้านหนองเป็ดน้ำ - บ้านหนองสามเกวียน หมู่ที่ ๕,๑๐,๑๑ ตำบลบ่อสุพรรณ พื้นที่ไม่น้อยกว่า ๘,๙๒๐ ตารางเมตร  อบต.บ่อสุพรรณ อ.สองพี่น้อง จ.สุพรรณบุรี", "min": "กระทรวงมหาดไทย", "agc": "กรมส่งเสริมการปกครองท้องถิ่น", "plan_name": "ส่งเสริมการกระจายอำนาจให้แก่องค์กรปกครองส่วนท้องถิ่น", "stg_name": "ยุทธศาสตร์การบริหารกิจการบ้านเมืองที่ดี", "objc_level1_name": "งบลงทุน", "compare": [{"bb_amount": 2833700, "bb_province": "สุพรรณบุรี"}], "gf_amount_sum": 0}
{"bb_code": "1500822040600716", "bb_year": "2559", "amount": 2832800, "min_code": "15000", "agc_code": "15008", "name": "ก่อสร้างประปาหมู่บ้านแบบบาดาลขนาดใหญ่ หมู่ที่ ๑๐ บ้านเดื่องกใต้ ตำบลขัวมุง ตามแบบมาตรฐานกรมทรัพยากรน้ำ ทต.ขัวมุง อ.สารภี จ.เชียงใหม่", "min": "กระทรวงมหาดไทย", "agc": "กรมส่งเสริมการปกครองท้องถิ่น", "plan_name": "บริหารจัดการทรัพยากรน้ำ", "stg_name": "ยุทธศาสตร์เร่งรัดวางรากฐานการพัฒนาที่ยั่งยืนของประเทศ", "objc_level1_name": "งบลงทุน", "compare": [{"bb_amount": 2832800, "bb_province": "เชียงใหม่"}], "gf_amount_sum": 0}
{"bb_code": "1500822040600717", "bb_year": "2559", "amount": 2832800, "min_code": "15000", "agc_code": "15008", "name": "ก่อสร้างประปาหมู่บ้านแบบบาดาลขนาดใหญ่ หมู่ที่ ๙ บ้านเดื่องกเหนือ ตำบลขัวมุง ตามแบบมาตรฐานกรมทรัพยากรน้ำ ทต.ขัวมุง อ.สารภี จ.เชียงใหม่", "min": "กระทรวงมหาดไทย", "agc": "กรมส่งเสริมการปกครองท้องถิ่น", "plan_name": "บริหารจัดการทรัพยากรน้ำ", "stg_name": "ยุทธศาสตร์เร่งรัดวางรากฐานการพัฒนาที่ยั่งยืนของประเทศ", "objc_level1_name": "งบลงทุน", "compare": [{"bb_amount": 2832800, "bb_province": "เชียงใหม่"}], "gf_amount_sum": 0}
{"bb_code": "1500883002600HU2", "bb_year": "2559", "amount": 2831300, "min_code": "15000", "agc_code": "15008", "name": "ปรับปรุงผิวจราจรด้วยการปูแอสฟัลท์ติกคอนกรีต ถนนศูนย์ราชการ - นาไก่ มีพื้นที่ไม่น้อยกว่า ๙,๓๗๕ ตารางเมตร ทม.หนองคาย อ.เมืองหนองคาย จ.หนองคาย", "min": "กระทรวงมหาดไทย", "agc": "กรมส่งเสริมการปกครองท้องถิ่น", "plan_name": "ส่งเสริมการกระจายอำนาจให้แก่องค์กรปกครองส่วนท้องถิ่น", "stg_name": "ยุทธศาสตร์การบริหารกิจการบ้านเมืองที่ดี", "objc_level1_name": "งบลงทุน", "compare": [{"bb_amount": 2831300, "bb_province": "หนองคาย"}], "gf_amount_sum": 0}
{"bb_code": "1500785013410120", "bb_year": "2559", "amount": 2831300, "min_code": "15000", "agc_code": "15007", "name": "โครงการปรับปรุงถนนในชุมชนสายบ้านนาดา ม.6 ต.รือเสาะ อ.รือเสาะ จ.นราธิวาส กว้าง 4.00 ม. ความยาว 0.900 กม.", "min": "กระทรวงมหาดไทย", "agc": "กรมโยธาธิการและผังเมือง", "plan_name": "แก้ไขปัญหาและพัฒนาจังหวัดชายแดนภาคใต้", "stg_name": "ยุทธศาสตร์เร่งรัดวางรากฐานการพัฒนาที่ยั่งยืนของประเทศ", "objc_level1_name": "งบลงทุน", "compare": [{"bb_amount": 2831300, "bb_province": "นราธิวาส", "gf_amount": 2830000, "gf_province": "นราธิวาส"}], "gf_amount_sum": 2830000}
{"bb_code": "1500822040600580", "bb_year": "2559", "amount": 2831000, "min_code": "15000", "agc_code": "15008", "name": "ก่อสร้างระบบประปาหมู่บ้าน บ้านบางเจริญ หมู่ที่ ๒ ตำบลท่ายาง รายละเอียดตามปริมาณงานและแบบแปลนที่เทศบาลตำบลท่ายางกำหนด ทต.ท่ายาง อ.เมืองชุมพร จ.ชุมพร", "min": "กระทรวงมหาดไทย", "agc": "กรมส่งเสริมการปกครองท้องถิ่น", "plan_name": "บริหารจัดการทรัพยากรน้ำ", "stg_name": "ยุทธศาสตร์เร่งรัดวางรากฐานการพัฒนาที่ยั่งยืนของประเทศ", "objc_level1_name": "งบลงทุน", "compare": [{"bb_amount": 2831000, "bb_province": "ชุมพร"}], "gf_amount_sum": 0}
{"bb_code": "1500883002600CT8", "bb_year": "2559", "amount": 2828400, "min_code": "15000", "agc_code": "15008", "name": "ซ่อมสร้างถนนลาดยางแบบผิวจราจร Para Cape Seal (Type ๓) โดยวิธี pavement In - place Recycling สายบ้านหินสิ่ว - บ้านหนองแวงด่าน กว้าง ๖ เมตร ไหล่ทางข้างละ ๐.๕๐ เมตร ยาว ๑,๒๑๒ เมตร  อบต.ปางกู่ อ.โนนสัง จ.", "min": "กระทรวงมหาดไทย", "agc": "กรมส่งเสริมการปกครองท้องถิ่น", "plan_name": "ส่งเสริมการกระจายอำนาจให้แก่องค์กรปกครองส่วนท้องถิ่น", "stg_name": "ยุทธศาสตร์การบริหารกิจการบ้านเมืองที่ดี", "objc_level1_name": "งบลงทุน", "compare": [{"bb_amount": 2828400, "bb_province": "หนองบัวลำภู"}], "gf_amount_sum": 0}
{"bb_code": "1500822040600986", "bb_year": "2559", "amount": 2827100, "min_code": "15000", "agc_code": "15008", "name": "ก่อสร้างระบบประปาบาดาลขนาดใหญ่ หมู่ที่ ๕ บ้านไทย ตำบลเที่ยงแท้ ตามแบบมาตรฐานกรมทรัพยากรน้ำกำหนด อบต.เที่ยงแท้ อ.สรรคบุรี จ.ชัยนาท", "min": "กระทรวงมหาดไทย", "agc": "กรมส่งเสริมการปกครองท้องถิ่น", "plan_name": "บริหารจัดการทรัพยากรน้ำ", "stg_name": "ยุทธศาสตร์เร่งรัดวางรากฐานการพัฒนาที่ยั่งยืนของประเทศ", "objc_level1_name": "งบลงทุน", "compare": [{"bb_amount": 2827100, "bb_province": "ชัยนาท"}], "gf_amount_sum": 0}
{"bb_code": "1500883002600BO4", "bb_year": "2559", "amount": 2825500, "min_code": "15000", "agc_code": "15008", "name": "ซ่อมสร้างถนนแอสฟัลท์ติกคอนกรีต ถนนสาย อบจ.ปน.๔๐๒๒ บ้านสะนอ-บ้านจะแบปะ อำเภอยะรัง กว้าง ๖ เมตร หนา ๐.๐๕ เมตร ยาว ๗๐๐ เมตร  อบจ.ปัตตานี อ.ยะรัง จ.ปัตตานี", "min": "กระทรวงมหาดไทย", "agc": "กรมส่งเสริมการปกครองท้องถิ่น", "plan_name": "ส่งเสริมการกระจายอำนาจให้แก่องค์กรปกครองส่วนท้องถิ่น", "stg_name": "ยุทธศาสตร์การบริหารกิจการบ้านเมืองที่ดี", "objc_level1_name": "งบลงทุน", "compare": [{"bb_amount": 2825500, "bb_province": "ปัตตานี"}], "gf_amount_sum": 0}
{"bb_code": "1500822040600857", "bb_year": "2559", "amount": 2822200, "min_code": "15000", "agc_code": "15008", "name": "ก่อสร้างระบบประปาหมู่บ้าน แบบบาดาลขนาดใหญ่ บ้านโนนสำราญ หมู่ที่ ๑๔ ตำบลบัวขาว ตามแบบมาตรฐานกรมทรัพยากรน้ำ อบต.บัวขาว อ.กุฉินารายณ์ จ.กาฬสินธุ์", "min": "กระทรวงมหาดไทย", "agc": "กรมส่งเสริมการปกครองท้องถิ่น", "plan_name": "บริหารจัดการทรัพยากรน้ำ", "stg_name": "ยุทธศาสตร์เร่งรัดวางรากฐานการพัฒนาที่ยั่งยืนของประเทศ", "objc_level1_name": "งบลงทุน", "compare": [{"bb_amount": 2822200, "bb_province": "กาฬสินธุ์"}], "gf_amount_sum": 0}
{"bb_code": "1500822040600614", "bb_year": "2559", "amount": 2822200, "min_code": "15000", "agc_code": "15008", "name": "ก่อสร้างระบบประปาหมู่บ้าน แบบบาดาลขนาดใหญ่ บ้านท่าดินสอพอง หมู่ที่ ๗ ตำบลแก่งเสี้ยน ตามแบบมาตรฐานกรมทรัพยากรน้ำ อบต.แก่งเสี้ยน อ.เมืองกาญจนบุรี จ.กาญจนบุรี", "min": "กระทรวงมหาดไทย", "agc": "กรมส่งเสริมการปกครองท้องถิ่น", "plan_name": "บริหารจัดการทรัพยากรน้ำ", "stg_name": "ยุทธศาสตร์เร่งรัดวางรากฐานการพัฒนาที่ยั่งยืนของประเทศ", "objc_level1_name": "งบลงทุน", "compare": [{"bb_amount": 2822200, "bb_province": "กาญจนบุรี"}], "gf_amount_sum": 0}
{"bb_code": "1500883002600CT0", "bb_year": "2559", "amount": 2821900, "min_code": "15000", "agc_code": "15008", "name": "ปรับปรุงผิวถนนด้วยแอสฟัลท์ติกคอนกรีตเชื่อมระหว่างตำบล หมู่ที่ ๓ บ้านดงป่าลัน ตำบลขี้เหล็ก เชื่อม หมู่ที่ ๑ บ้านหนองมะจับ กว้าง ๔.๕๐ - ๕.๐๐ เมตร ยาว ๑,๓๙๘ เมตร หนา ๐.๐๕ เมตร  ทต.ขี้เหล็ก อ.แม่แตง จ.เชี", "min": "กระทรวงมหาดไทย", "agc": "กรมส่งเสริมการปกครองท้องถิ่น", "plan_name": "ส่งเสริมการกระจายอำนาจให้แก่องค์กรปกครองส่วนท้องถิ่น", "stg_name": "ยุทธศาสตร์การบริหารกิจการบ้านเมืองที่ดี", "objc_level1_name": "งบลงทุน", "compare": [{"bb_amount": 2821900, "bb_province": "เชียงใหม่"}], "gf_amount_sum": 0}
{"bb_code": "1500817036600792", "bb_year": "2559", "amount": 2821200, "min_code": "15000", "agc_code": "15008", "name": "ก่อสร้างลานกีฬา หมู่ที่ 1 องค์การบริหารส่วนจังหวัดหนองคาย อำเภอเมืองหนองคาย จังหวัดหนองคาย", "min": "กระทรวงมหาดไทย", "agc": "กรมส่งเสริมการปกครองท้องถิ่น", "plan_name": "ป้องกัน ปราบปราม และบําบัดรักษาผู้ติดยาเสพติด ", "stg_name": "ยุทธศาสตร์การศึกษา สาธารณสุข คุณธรรม จริยธรรม และคุณภาพชีวิต", "objc_level1_name": "งบลงทุน", "compare": [{"bb_amount": 2821200, "bb_province": "หนองคาย"}], "gf_amount_sum": 0}
