{"bb_code": "1500883002600BD9", "bb_year": "2559", "amount": 2820000, "min_code": "15000", "agc_code": "15008", "name": "ซ่อมสร้างถนนคอนกรีตเสริมเหล็กสายบ้านเหล่าโพธิ์ - บ้านหนองจิก ช่วงบ้านโพธ์ทอง หมู่ที่ ๑๔ - บ้านหนองแก หมู่ที่ ๑๕ ตำบลหนองจิก กว้าง ๕ เมตร ยาว ๙๗๕ เมตร หนา ๐.๑๕ เมตร ไหล่ทางลูกรังข้างละ ๐.๕๐ เมตร  อบต.ห", "min": "กระทรวงมหาดไทย", "agc": "กรมส่งเสริมการปกครองท้องถิ่น", "plan_name": "ส่งเสริมการกระจายอำนาจให้แก่องค์กรปกครองส่วนท้องถิ่น", "stg_name": "ยุทธศาสตร์การบริหารกิจการบ้านเมืองที่ดี", "objc_level1_name": "งบลงทุน", "compare": [{"bb_amount": 2820000, "bb_province": "มหาสารคาม"}], "gf_amount_sum": 0}
{"bb_code": "1500883002600DB3", "bb_year": "2559", "amount": 2817400, "min_code": "15000", "agc_code": "15008", "name": "ปรับปรุงถนนแอสฟัลท์ติกคอนกรีต สายบ้านท่ามะเฟือง - บ้านท่าช้าง ตำบลท่าช้าง อำเภอพรหมพิราม กว้าง ๖ เมตร ยาว ๘๔๐ เมตร หนา ๐.๐๔ เมตร ไหล่ทางกว้างข้างละ ๑ เมตร อบจ.พิษณุโลก อ.พรหมพิราม จ.พิษณุโลก", "min": "กระทรวงมหาดไทย", "agc": "กรมส่งเสริมการปกครองท้องถิ่น", "plan_name": "ส่งเสริมการกระจายอำนาจให้แก่องค์กรปกครองส่วนท้องถิ่น", "stg_name": "ยุทธศาสตร์การบริหารกิจการบ้านเมืองที่ดี", "objc_level1_name": "งบลงทุน", "compare": [{"bb_amount": 2817400, "bb_province": "พิษณุโลก"}], "gf_amount_sum": 0}
{"bb_code": "1500822040600G61", "bb_year": "2559", "amount": 2817300, "min_code": "15000", "agc_code": "15008", "name": "ก่อสร้างระบบประปาหมู่บ้าน แบบบาดาลขนาดใหญ่ บ้านอินทรีย์ หมู่ที่ ๔ ตำบลวัดพริก ตามแบบมาตรฐานกรมทรัพยากรน้ำ พร้อมท่อจ่ายน้ำดี อบต.วัดพริก อ.เมืองพิษณุโลก จ.พิษณุโลก", "min": "กระทรวงมหาดไทย", "agc": "กรมส่งเสริมการปกครองท้องถิ่น", "plan_name": "บริหารจัดการทรัพยากรน้ำ", "stg_name": "ยุทธศาสตร์เร่งรัดวางรากฐานการพัฒนาที่ยั่งยืนของประเทศ", "objc_level1_name": "งบลงทุน", "compare": [{"bb_amount": 2817300, "bb_province": "พิษณุโลก"}], "gf_amount_sum": 0}
{"bb_code": "1500883002600O68", "bb_year": "2559", "amount": 2816900, "min_code": "15000", "agc_code": "15008", "name": "ซ่อมแซมถนนลาดยางถนนไร้ฝุ่น สายบ้านชวดล่างหัวไผ่ - บ้านคู้เตาอิฐ หมู่ที่ ๒ ตำบลหนองตีนนก  กว้าง ๔ เมตร ยาว ๑,๑๙๕ เมตร หนา ๐.๐๕ เมตร อบต.หนองตีนนก อ.บ้านโพธิ์ จ.ฉะเชิงเทรา", "min": "กระทรวงมหาดไทย", "agc": "กรมส่งเสริมการปกครองท้องถิ่น", "plan_name": "ส่งเสริมการกระจายอำนาจให้แก่องค์กรปกครองส่วนท้องถิ่น", "stg_name": "ยุทธศาสตร์การบริหารกิจการบ้านเมืองที่ดี", "objc_level1_name": "งบลงทุน", "compare": [{"bb_amount": 2816900, "bb_province": "ฉะเชิงเทรา"}], "gf_amount_sum": 0}
{"bb_code": "1500822040600M09", "bb_year": "2559", "amount": 2816300, "min_code": "15000", "agc_code": "15008", "name": "ก่อสร้างประปาหมู่บ้านแบบบาดาลขนาดใหญ่ บ้านห้วยม้าโก้ง หมู่ที่ ๘ ตำบลป่าสัก ตามแบบมาตรฐานกรมทรัพยากรน้ำ อบต.ป่าสัก อ.เมืองลำพูน จ.ลำพูน", "min": "กระทรวงมหาดไทย", "agc": "กรมส่งเสริมการปกครองท้องถิ่น", "plan_name": "บริหารจัดการทรัพยากรน้ำ", "stg_name": "ยุทธศาสตร์เร่งรัดวางรากฐานการพัฒนาที่ยั่งยืนของประเทศ", "objc_level1_name": "งบลงทุน", "compare": [{"bb_amount": 2816300, "bb_province": "ลำพูน"}], "gf_amount_sum": 0}
{"bb_code": "1500385008110323", "bb_year": "2559", "amount": 2815200, "min_code": "15000", "agc_code": "15003", "name": "อาวุธปืนลูกซอง ชุดรักษาความปลอดภัยหมู่บ้าน อำเภอสะบ้าย้อย จังหวัดสงขลา", "min": "กระทรวงมหาดไทย", "agc": "กรมการปกครอง", "plan_name": "แก้ไขปัญหาและพัฒนาจังหวัดชายแดนภาคใต้", "stg_name": "ยุทธศาสตร์เร่งรัดวางรากฐานการพัฒนาที่ยั่งยืนของประเทศ", "objc_level1_name": "งบลงทุน", "compare": [{"bb_amount": 2815200, "bb_province": "สงขลา"}, {"gf_amount": 1839448, "gf_province": "ส่วนกลาง", "bb_amount": null, "bb_province": "กรุงเทพมหานคร"}], "gf_amount_sum": 1839448}
{"bb_code": "1500822040600683", "bb_year": "2559", "amount": 2814300, "min_code": "15000", "agc_code": "15008", "name": "ก่อสร้างประปาหมู่บ้านแบบบาดาลขนาดใหญ่ หมู่ที่ ๑ บ้านป่าเหียง ตำบลออนใต้ ตามแบบมาตรฐานกรมทรัพยากรน้ำ ทต.ออนใต้ อ.สันกำแพง จ.เชียงใหม่", "min": "กระทรวงมหาดไทย", "agc": "กรมส่งเสริมการปกครองท้องถิ่น", "plan_name": "บริหารจัดการทรัพยากรน้ำ", "stg_name": "ยุทธศาสตร์เร่งรัดวางรากฐานการพัฒนาที่ยั่งยืนของประเทศ", "objc_level1_name": "งบลงทุน", "compare": [{"bb_amount": 2814300, "bb_province": "เชียงใหม่"}], "gf_amount_sum": 0}
{"bb_code": "1500822040600684", "bb_year": "2559", "amount": 2814300, "min_code": "15000", "agc_code": "15008", "name": "ก่อสร้างประปาหมู่บ้านแบบบาดาลขนาดใหญ่ หมู่ที่ ๒ บ้านโห้ง ตำบลออนใต้ ตามแบบมาตรฐานกรมทรัพยากรน้ำ  ทต.ออนใต้ อ.สันกำแพง จ.เชียงใหม่", "min": "กระทรวงมหาดไทย", "agc": "กรมส่งเสริมการปกครองท้องถิ่น", "plan_name": "บริหารจัดการทรัพยากรน้ำ", "stg_name": "ยุทธศาสตร์เร่งรัดวางรากฐานการพัฒนาที่ยั่งยืนของประเทศ", "objc_level1_name": "งบลงทุน", "compare": [{"bb_amount": 2814300, "bb_province": "เชียงใหม่"}], "gf_amount_sum": 0}
{"bb_code": "1500822040600688", "bb_year": "2559", "amount": 2814300, "min_code": "15000", "agc_code": "15008", "name": "ก่อสร้างประปาหมู่บ้านแบบบาดาลขนาดใหญ่ หมู่ที่ ๖ บ้านแม่ผาแหน ตำบลออนใต้ ตามแบบมาตรฐานกรมทรัพยากรน้ำ ทต.ออนใต้ อ.สันกำแพง จ.เชียงใหม่", "min": "กระทรวงมหาดไทย", "agc": "กรมส่งเสริมการปกครองท้องถิ่น", "plan_name": "บริหารจัดการทรัพยากรน้ำ", "stg_name": "ยุทธศาสตร์เร่งรัดวางรากฐานการพัฒนาที่ยั่งยืนของประเทศ", "objc_level1_name": "งบลงทุน", "compare": [{"bb_amount": 2814300, "bb_province": "เชียงใหม่"}], "gf_amount_sum": 0}
{"bb_code": "1500822040600689", "bb_year": "2559", "amount": 2814300, "min_code": "15000", "agc_code": "15008", "name": "ก่อสร้างประปาหมู่บ้านแบบบาดาลขนาดใหญ่ หมู่ที่ ๗ บ้านป่าตึง ตำบลออนใต้ ตามแบบมาตรฐานกรมทรัพยากรน้ำ ทต.ออนใต้ อ.สันกำแพง จ.เชียงใหม่", "min": "กระทรวงมหาดไทย", "agc": "กรมส่งเสริมการปกครองท้องถิ่น", "plan_name": "บริหารจัดการทรัพยากรน้ำ", "stg_name": "ยุทธศาสตร์เร่งรัดวางรากฐานการพัฒนาที่ยั่งยืนของประเทศ", "objc_level1_name": "งบลงทุน", "compare": [{"bb_amount": 2814300, "bb_province": "เชียงใหม่"}], "gf_amount_sum": 0}
{"bb_code": "1500822040600690", "bb_year": "2559", "amount": 2814300, "min_code": "15000", "agc_code": "15008", "name": "ก่อสร้างประปาหมู่บ้านแบบบาดาลขนาดใหญ่ หมู่ที่ ๘ บ้านปงห้วยลาน ตำบลออนใต้ ตามแบบมาตรฐานกรมทรัพยากรน้ำ ทต.ออนใต้ อ.สันกำแพง จ.เชียงใหม่", "min": "กระทรวงมหาดไทย", "agc": "กรมส่งเสริมการปกครองท้องถิ่น", "plan_name": "บริหารจัดการทรัพยากรน้ำ", "stg_name": "ยุทธศาสตร์เร่งรัดวางรากฐานการพัฒนาที่ยั่งยืนของประเทศ", "objc_level1_name": "งบลงทุน", "compare": [{"bb_amount": 2814300, "bb_province": "เชียงใหม่"}], "gf_amount_sum": 0}
{"bb_code": "1500822040600692", "bb_year": "2559", "amount": 2814300, "min_code": "15000", "agc_code": "15008", "name": "ก่อสร้างประปาหมู่บ้านแบบบาดาลขนาดใหญ่ หมู่ที่ ๑๐ บ้านแพะ ตำบลออนใต้ ตามแบบมาตรฐานกรมทรัพยากรน้ำ ทต.ออนใต้ อ.สันกำแพง จ.เชียงใหม่", "min": "กระทรวงมหาดไทย", "agc": "กรมส่งเสริมการปกครองท้องถิ่น", "plan_name": "บริหารจัดการทรัพยากรน้ำ", "stg_name": "ยุทธศาสตร์เร่งรัดวางรากฐานการพัฒนาที่ยั่งยืนของประเทศ", "objc_level1_name": "งบลงทุน", "compare": [{"bb_amount": 2814300, "bb_province": "เชียงใหม่"}], "gf_amount_sum": 0}
{"bb_code": "1500822040600691", "bb_year": "2559", "amount": 2814300, "min_code": "15000", "agc_code": "15008", "name": "ก่อสร้างประปาหมู่บ้านแบบบาดาลขนาดใหญ่ หมู่ที่ ๙ บ้านป่าห้า ตำบลออนใต้ ตามแบบมาตรฐานกรมทรัพยากรน้ำ ทต.ออนใต้ อ.สันกำแพง จ.เชียงใหม่", "min": "กระทรวงมหาดไทย", "agc": "กรมส่งเสริมการปกครองท้องถิ่น", "plan_name": "บริหารจัดการทรัพยากรน้ำ", "stg_name": "ยุทธศาสตร์เร่งรัดวางรากฐานการพัฒนาที่ยั่งยืนของประเทศ", "objc_level1_name": "งบลงทุน", "compare": [{"bb_amount": 2814300, "bb_province": "เชียงใหม่"}], "gf_amount_sum": 0}
{"bb_code": "1500822040600687", "bb_year": "2559", "amount": 2814300, "min_code": "15000", "agc_code": "15008", "name": "ก่อสร้างประปาหมู่บ้านแบบบาดาลขนาดใหญ่ หมู่ที่ ๕ บ้านริมออนใต้ ตำบลออนใต้ ตามแบบมาตรฐานกรมทรัพยากรน้ำ ทต.ออนใต้ อ.สันกำแพง จ.เชียงใหม่", "min": "กระทรวงมหาดไทย", "agc": "กรมส่งเสริมการปกครองท้องถิ่น", "plan_name": "บริหารจัดการทรัพยากรน้ำ", "stg_name": "ยุทธศาสตร์เร่งรัดวางรากฐานการพัฒนาที่ยั่งยืนของประเทศ", "objc_level1_name": "งบลงทุน", "compare": [{"bb_amount": 2814300, "bb_province": "เชียงใหม่"}], "gf_amount_sum": 0}
{"bb_code": "1500822040600693", "bb_year": "2559", "amount": 2814300, "min_code": "15000", "agc_code": "15008", "name": "ก่อสร้างประปาหมู่บ้านแบบบาดาลขนาดใหญ่ หมู่ที่ ๑๑ บ้านป่าเปางาม ตำบลออนใต้ ตามแบบมาตรฐานกรมทรัพยากรน้ำ ทต.ออนใต้ อ.สันกำแพง จ.เชียงใหม่", "min": "กระทรวงมหาดไทย", "agc": "กรมส่งเสริมการปกครองท้องถิ่น", "plan_name": "บริหารจัดการทรัพยากรน้ำ", "stg_name": "ยุทธศาสตร์เร่งรัดวางรากฐานการพัฒนาที่ยั่งยืนของประเทศ", "objc_level1_name": "งบลงทุน", "compare": [{"bb_amount": 2814300, "bb_province": "เชียงใหม่"}], "gf_amount_sum": 0}
{"bb_code": "1500822040600685", "bb_year": "2559", "amount": 2814300, "min_code": "15000", "agc_code": "15008", "name": "ก่อสร้างประปาหมู่บ้านแบบบาดาลขนาดใหญ่ หมู่ที่ ๓ บ้านริมออน ตำบลออนใต้ ตามแบบมาตรฐานกรมทรัพยากรน้ำ  ทต.ออนใต้ อ.สันกำแพง จ.เชียงใหม่", "min": "กระทรวงมหาดไทย", "agc": "กรมส่งเสริมการปกครองท้องถิ่น", "plan_name": "บริหารจัดการทรัพยากรน้ำ", "stg_name": "ยุทธศาสตร์เร่งรัดวางรากฐานการพัฒนาที่ยั่งยืนของประเทศ", "objc_level1_name": "งบลงทุน", "compare": [{"bb_amount": 2814300, "bb_province": "เชียงใหม่"}], "gf_amount_sum": 0}
{"bb_code": "1500822040600686", "bb_year": "2559", "amount": 2814300, "min_code": "15000", "agc_code": "15008", "name": "ก่อสร้างประปาหมู่บ้านแบบบาดาลขนาดใหญ่ หมู่ที่ ๔ บ้านป่าแงะ ตำบลออนใต้ ตามแบบมาตรฐานกรมทรัพยากรน้ำ  ทต.ออนใต้ อ.สันกำแพง จ.เชียงใหม่", "min": "กระทรวงมหาดไทย", "agc": "กรมส่งเสริมการปกครองท้องถิ่น", "plan_name": "บริหารจัดการทรัพยากรน้ำ", "stg_name": "ยุทธศาสตร์เร่งรัดวางรากฐานการพัฒนาที่ยั่งยืนของประเทศ", "objc_level1_name": "งบลงทุน", "compare": [{"bb_amount": 2814300, "bb_province": "เชียงใหม่"}], "gf_amount_sum": 0}
{"bb_code": "1500785013410119", "bb_year": "2559", "amount": 2813500, "min_code": "15000", "agc_code": "15007", "name": "โครงการปรับปรุงถนนในชุมชน สายบ้านสมาหอ ม.3 ต.สาคอใต้ - บ้านลูมุ ม.3 ตำบลกระเสาะ อำเภอมายอ จังหวัดปัตตานี กว้าง 5 ม. ระยะทาง 1.570 กม. หมู่บ้านพื้นที่ระดับ 3", "min": "กระทรวงมหาดไทย", "agc": "กรมโยธาธิการและผังเมือง", "plan_name": "แก้ไขปัญหาและพัฒนาจังหวัดชายแดนภาคใต้", "stg_name": "ยุทธศาสตร์เร่งรัดวางรากฐานการพัฒนาที่ยั่งยืนของประเทศ", "objc_level1_name": "งบลงทุน", "compare": [{"bb_amount": 2813500, "bb_province": "ปัตตานี", "gf_amount": 2813500, "gf_province": "ปัตตานี"}], "gf_amount_sum": 2813500}
{"bb_code": "1500822040600134", "bb_year": "2559", "amount": 2811400, "min_code": "15000", "agc_code": "15008", "name": "ก่อสร้างระบบประปาหมู่บ้าน แบบบาดาลขนาดใหญ่ หมู่ที่ ๑ บ้านทุ่งมหาชัย ตำบลมหาชัย ตามแบบมาตรฐานกรมทรัพยากรน้ำ อบต.มหาชัย อ.ไทรงาม จ.กำแพงเพชร", "min": "กระทรวงมหาดไทย", "agc": "กรมส่งเสริมการปกครองท้องถิ่น", "plan_name": "บริหารจัดการทรัพยากรน้ำ", "stg_name": "ยุทธศาสตร์เร่งรัดวางรากฐานการพัฒนาที่ยั่งยืนของประเทศ", "objc_level1_name": "งบลงทุน", "compare": [{"bb_amount": 2811400, "bb_province": "กำแพงเพชร"}], "gf_amount_sum": 0}
{"bb_code": "1500883002600DL2", "bb_year": "2559", "amount": 2811100, "min_code": "15000", "agc_code": "15008", "name": "ซ่อมสร้างถนนลาดยางแอสฟัลท์ติกคอนกรีต ( สาย อบจ.นม.๐๖๒๐๒ ) บ้านหนองขาม - บ้านคลองเมือง ขนาดกว้าง ๘ เมตร ยาว ๗๙๘ เมตร หนา ๐.๐๔ เมตร  อบจ.นครราชสีมา อ.จักราช จ.นครราชสีมา", "min": "กระทรวงมหาดไทย", "agc": "กรมส่งเสริมการปกครองท้องถิ่น", "plan_name": "ส่งเสริมการกระจายอำนาจให้แก่องค์กรปกครองส่วนท้องถิ่น", "stg_name": "ยุทธศาสตร์การบริหารกิจการบ้านเมืองที่ดี", "objc_level1_name": "งบลงทุน", "compare": [{"bb_amount": 2811100, "bb_province": "นครราชสีมา"}], "gf_amount_sum": 0}
