{"bb_code": "1500822040600BW2", "bb_year": "2559", "amount": 2732000, "min_code": "15000", "agc_code": "15008", "name": "ปรับปรุงซ่อมแซมสถานีสูบน้ำด้วยไฟฟ้า บ้านสำเร็จ อบต.สัมฤทธิ์ อ.พิมาย จ.นครราชสีมา", "min": "กระทรวงมหาดไทย", "agc": "กรมส่งเสริมการปกครองท้องถิ่น", "plan_name": "บริหารจัดการทรัพยากรน้ำ", "stg_name": "ยุทธศาสตร์เร่งรัดวางรากฐานการพัฒนาที่ยั่งยืนของประเทศ", "objc_level1_name": "งบลงทุน", "compare": [{"bb_amount": 2732000, "bb_province": "นครราชสีมา"}], "gf_amount_sum": 0}
{"bb_code": "1500822040600L28", "bb_year": "2559", "amount": 2731100, "min_code": "15000", "agc_code": "15008", "name": "โครงการก่อสร้างประปาหมู่บ้านแบบบาดาลขนาดกลาง สนามกีฬาโคกวัด หมู่ที่ ๕ ตำบลโคกลำพาน ตามแบบมาตรฐานกรมทรัพยากรน้ำ อบต.โคกลำพาน อ.เมืองลพบุรี จ.ลพบุรี", "min": "กระทรวงมหาดไทย", "agc": "กรมส่งเสริมการปกครองท้องถิ่น", "plan_name": "บริหารจัดการทรัพยากรน้ำ", "stg_name": "ยุทธศาสตร์เร่งรัดวางรากฐานการพัฒนาที่ยั่งยืนของประเทศ", "objc_level1_name": "งบลงทุน", "compare": [{"bb_amount": 2731100, "bb_province": "ลพบุรี"}], "gf_amount_sum": 0}
{"bb_code": "1500883002600JN5", "bb_year": "2559", "amount": 2730000, "min_code": "15000", "agc_code": "15008", "name": "ก่อสร้างอาคารจำหน่ายสินค้าสำหรับประชาชน บริเวณถนนมหาราช เทศบาลเมืองกระบี่ อำเภอเมืองกระบี่ จังหวัดกระบี่", "min": "กระทรวงมหาดไทย", "agc": "กรมส่งเสริมการปกครองท้องถิ่น", "plan_name": "ส่งเสริมการกระจายอำนาจให้แก่องค์กรปกครองส่วนท้องถิ่น", "stg_name": "ยุทธศาสตร์การบริหารกิจการบ้านเมืองที่ดี", "objc_level1_name": "งบลงทุน", "compare": [{"bb_amount": 2730000, "bb_province": "กระบี่"}], "gf_amount_sum": 0}
{"bb_code": "1500720002410011", "bb_year": "2559", "amount": 2729900, "min_code": "15000", "agc_code": "15007", "name": "ควบคุมงานก่อสร้างโครงการพัฒนาเมืองในพื้นที่ชุมชนสตึก จังหวัดบุรีรัมย์", "min": "กระทรวงมหาดไทย", "agc": "กรมโยธาธิการและผังเมือง", "plan_name": "รักษาความมั่นคงของฐานทรัพยากรธรรมชาติและแก้ปัญหาที่ดินทำกิน", "stg_name": "ยุทธศาสตร์การจัดการทรัพยากรธรรมชาติและสิ่งแวดล้อม", "objc_level1_name": "งบลงทุน", "compare": [{"bb_amount": 2729900, "bb_province": "บุรีรัมย์"}], "gf_amount_sum": 0}
{"bb_code": "1500822040600A14", "bb_year": "2559", "amount": 2729800, "min_code": "15000", "agc_code": "15008", "name": "ก่อสร้างระบบประปาหมู่บ้านแบบบาดาลขนาดใหญ่ บ้านเนินมะค่า หมู่ที่ ๙ ตำบลเขาพระ ตามแบบมาตรฐานกรมทรัพยากรน้ำ อบต.เขาพระ อ.เมืองนครนายก จ.นครนายก", "min": "กระทรวงมหาดไทย", "agc": "กรมส่งเสริมการปกครองท้องถิ่น", "plan_name": "บริหารจัดการทรัพยากรน้ำ", "stg_name": "ยุทธศาสตร์เร่งรัดวางรากฐานการพัฒนาที่ยั่งยืนของประเทศ", "objc_level1_name": "งบลงทุน", "compare": [{"bb_amount": 2729800, "bb_province": "นครนายก"}], "gf_amount_sum": 0}
{"bb_code": "1500822040600A15", "bb_year": "2559", "amount": 2729800, "min_code": "15000", "agc_code": "15008", "name": "ก่อสร้างระบบประปาหมู่บ้านแบบบาดาลขนาดใหญ่ บ้านปากช่อง หมู่ที่ ๑๐ ตำบลเขาพระ ตามแบบมาตรฐานกรมทรัพยากรน้ำ อบต.เขาพระ อ.เมืองนครนายก จ.นครนายก", "min": "กระทรวงมหาดไทย", "agc": "กรมส่งเสริมการปกครองท้องถิ่น", "plan_name": "บริหารจัดการทรัพยากรน้ำ", "stg_name": "ยุทธศาสตร์เร่งรัดวางรากฐานการพัฒนาที่ยั่งยืนของประเทศ", "objc_level1_name": "งบลงทุน", "compare": [{"bb_amount": 2729800, "bb_province": "นครนายก"}], "gf_amount_sum": 0}
{"bb_code": "1500817036600891", "bb_year": "2559", "amount": 2728800, "min_code": "15000", "agc_code": "15008", "name": "ก่อสร้างลานกีฬา ขนาดกว้าง 14 เมตร ยาว 40 เมตร  ในพื้นที่องค์การบริหารส่วนตำบลดอนรัก องค์การบริหารส่วนตำบลดอนรัก อำเภอหนองจิก จังหวัดปัตตานี", "min": "กระทรวงมหาดไทย", "agc": "กรมส่งเสริมการปกครองท้องถิ่น", "plan_name": "ป้องกัน ปราบปราม และบําบัดรักษาผู้ติดยาเสพติด ", "stg_name": "ยุทธศาสตร์การศึกษา สาธารณสุข คุณธรรม จริยธรรม และคุณภาพชีวิต", "objc_level1_name": "งบลงทุน", "compare": [{"bb_amount": 2728800, "bb_province": "ปัตตานี"}], "gf_amount_sum": 0}
{"bb_code": "1500822040600J52", "bb_year": "2559", "amount": 2727800, "min_code": "15000", "agc_code": "15008", "name": "ก่อสร้างระบบประปาหมู่บ้านแบบผิวดินขนาดใหญ่ ตำบลหินกอง หมู่ที่ ๑๑ บ้านทุ่งน้อย ตามแบบมาตรฐานของกรมทรัพยากรน้ำ อบต.หินกอง อ.เมืองราชบุรี จ.ราชบุรี", "min": "กระทรวงมหาดไทย", "agc": "กรมส่งเสริมการปกครองท้องถิ่น", "plan_name": "บริหารจัดการทรัพยากรน้ำ", "stg_name": "ยุทธศาสตร์เร่งรัดวางรากฐานการพัฒนาที่ยั่งยืนของประเทศ", "objc_level1_name": "งบลงทุน", "compare": [{"bb_amount": 2727800, "bb_province": "ราชบุรี"}], "gf_amount_sum": 0}
{"bb_code": "1500822040600545", "bb_year": "2559", "amount": 2727800, "min_code": "15000", "agc_code": "15008", "name": "ก่อสร้างประปาหมู่บ้านแบบประปาบาดาลขนาดใหญ่ บ้านแม่เลย หมู่ที่ ๑  ตำบลสะเมิงเหนือ ตามแบบมาตรฐานกรมทรัพยากรน้ำ อบต.สะเมิงเหนือ อ.สะเมิง จ.เชียงใหม่", "min": "กระทรวงมหาดไทย", "agc": "กรมส่งเสริมการปกครองท้องถิ่น", "plan_name": "บริหารจัดการทรัพยากรน้ำ", "stg_name": "ยุทธศาสตร์เร่งรัดวางรากฐานการพัฒนาที่ยั่งยืนของประเทศ", "objc_level1_name": "งบลงทุน", "compare": [{"bb_amount": 2727800, "bb_province": "เชียงใหม่"}], "gf_amount_sum": 0}
{"bb_code": "1500822040600546", "bb_year": "2559", "amount": 2727800, "min_code": "15000", "agc_code": "15008", "name": "ก่อสร้างประปาหมู่บ้านแบบประปาบาดาลขนาดใหญ่ บ้านแม่แพะ หมู่ที่ ๒ ตำบลสะเมิงเหนือ ตามแบบมาตรฐานกรมทรัพยากรน้ำ อบต.สะเมิงเหนือ อ.สะเมิง จ.เชียงใหม่", "min": "กระทรวงมหาดไทย", "agc": "กรมส่งเสริมการปกครองท้องถิ่น", "plan_name": "บริหารจัดการทรัพยากรน้ำ", "stg_name": "ยุทธศาสตร์เร่งรัดวางรากฐานการพัฒนาที่ยั่งยืนของประเทศ", "objc_level1_name": "งบลงทุน", "compare": [{"bb_amount": 2727800, "bb_province": "เชียงใหม่"}], "gf_amount_sum": 0}
{"bb_code": "1500822040600548", "bb_year": "2559", "amount": 2727800, "min_code": "15000", "agc_code": "15008", "name": "ก่อสร้างประปาหมู่บ้านแบบประปาบาดาลขนาดใหญ่ บ้านป่าลาน หมู่ที่ ๔ (หย่อมบ้านแม่แพะพะคะวัม)  ตำบลสะเมิงเหนือ ตามแบบมาตรฐานกรมทรัพยากรน้ำ อบต.สะเมิงเหนือ อ.สะเมิง จ.เชียงใหม่", "min": "กระทรวงมหาดไทย", "agc": "กรมส่งเสริมการปกครองท้องถิ่น", "plan_name": "บริหารจัดการทรัพยากรน้ำ", "stg_name": "ยุทธศาสตร์เร่งรัดวางรากฐานการพัฒนาที่ยั่งยืนของประเทศ", "objc_level1_name": "งบลงทุน", "compare": [{"bb_amount": 2727800, "bb_province": "เชียงใหม่"}], "gf_amount_sum": 0}
{"bb_code": "1500822040600549", "bb_year": "2559", "amount": 2727800, "min_code": "15000", "agc_code": "15008", "name": "ก่อสร้างประปาหมู่บ้านแบบประปาบาดาลขนาดใหญ่ บ้านป่าลาน หมู่ที่ ๔ (หย่อมบ้านป่าลาน)  ตำบลสะเมิงเหนือ ตามแบบมาตรฐานกรมทรัพยากรน้ำ อบต.สะเมิงเหนือ อ.สะเมิง จ.เชียงใหม่", "min": "กระทรวงมหาดไทย", "agc": "กรมส่งเสริมการปกครองท้องถิ่น", "plan_name": "บริหารจัดการทรัพยากรน้ำ", "stg_name": "ยุทธศาสตร์เร่งรัดวางรากฐานการพัฒนาที่ยั่งยืนของประเทศ", "objc_level1_name": "งบลงทุน", "compare": [{"bb_amount": 2727800, "bb_province": "เชียงใหม่"}], "gf_amount_sum": 0}
{"bb_code": "1500822040600550", "bb_year": "2559", "amount": 2727800, "min_code": "15000", "agc_code": "15008", "name": "ก่อสร้างประปาหมู่บ้านแบบประปาบาดาลขนาดใหญ่ บ้านป้อก หมู่ที่ ๕ (หย่อมบ้านตีนดอย)  ตำบลสะเมิงเหนือ ตามแบบมาตรฐานกรมทรัพยากรน้ำ อบต.สะเมิงเหนือ อ.สะเมิง จ.เชียงใหม่", "min": "กระทรวงมหาดไทย", "agc": "กรมส่งเสริมการปกครองท้องถิ่น", "plan_name": "บริหารจัดการทรัพยากรน้ำ", "stg_name": "ยุทธศาสตร์เร่งรัดวางรากฐานการพัฒนาที่ยั่งยืนของประเทศ", "objc_level1_name": "งบลงทุน", "compare": [{"bb_amount": 2727800, "bb_province": "เชียงใหม่"}], "gf_amount_sum": 0}
{"bb_code": "1500822040600552", "bb_year": "2559", "amount": 2727800, "min_code": "15000", "agc_code": "15008", "name": "ก่อสร้างประปาหมู่บ้านแบบประปาบาดาลขนาดใหญ่ บ้านแม่ปะ หมู่ที่ ๖ ตำบลสะเมิงเหนือ ตามแบบมาตรฐานกรมทรัพยากรน้ำ อบต.สะเมิงเหนือ อ.สะเมิง จ.เชียงใหม่", "min": "กระทรวงมหาดไทย", "agc": "กรมส่งเสริมการปกครองท้องถิ่น", "plan_name": "บริหารจัดการทรัพยากรน้ำ", "stg_name": "ยุทธศาสตร์เร่งรัดวางรากฐานการพัฒนาที่ยั่งยืนของประเทศ", "objc_level1_name": "งบลงทุน", "compare": [{"bb_amount": 2727800, "bb_province": "เชียงใหม่"}], "gf_amount_sum": 0}
{"bb_code": "1500822040600551", "bb_year": "2559", "amount": 2727800, "min_code": "15000", "agc_code": "15008", "name": "ก่อสร้างประปาหมู่บ้านแบบประปาบาดาลขนาดใหญ่ บ้านป้อก หมู่ที่ ๕ (หย่อมบ้านในดง)  ตำบลสะเมิงเหนือ ตามแบบมาตรฐานกรมทรัพยากรน้ำ อบต.สะเมิงเหนือ อ.สะเมิง จ.เชียงใหม่", "min": "กระทรวงมหาดไทย", "agc": "กรมส่งเสริมการปกครองท้องถิ่น", "plan_name": "บริหารจัดการทรัพยากรน้ำ", "stg_name": "ยุทธศาสตร์เร่งรัดวางรากฐานการพัฒนาที่ยั่งยืนของประเทศ", "objc_level1_name": "งบลงทุน", "compare": [{"bb_amount": 2727800, "bb_province": "เชียงใหม่"}], "gf_amount_sum": 0}
{"bb_code": "1500822040600547", "bb_year": "2559", "amount": 2727800, "min_code": "15000", "agc_code": "15008", "name": "ก่อสร้างประปาหมู่บ้านแบบประปาบาดาลขนาดใหญ่ บ้านโป่งกวาว หมู่ที่ ๓  ตำบลสะเมิงเหนือ ตามแบบมาตรฐานกรมทรัพยากรน้ำ อบต.สะเมิงเหนือ อ.สะเมิง จ.เชียงใหม่", "min": "กระทรวงมหาดไทย", "agc": "กรมส่งเสริมการปกครองท้องถิ่น", "plan_name": "บริหารจัดการทรัพยากรน้ำ", "stg_name": "ยุทธศาสตร์เร่งรัดวางรากฐานการพัฒนาที่ยั่งยืนของประเทศ", "objc_level1_name": "งบลงทุน", "compare": [{"bb_amount": 2727800, "bb_province": "เชียงใหม่"}], "gf_amount_sum": 0}
{"bb_code": "1500822040600032", "bb_year": "2559", "amount": 2727500, "min_code": "15000", "agc_code": "15008", "name": "ก่อสร้างประปาหมู่บ้าน บ้านทะคลอง แบบบาดาลขนาดกลาง หมู่ที่ ๖ บ้านเขาค้อม ตำบลเขาคราม รายละเอียดตามปริมาณงานและแบบแปลนที่องค์การบริหารส่วนตำบลเขาครามกำหนด อบต.เขาคราม อ.เมืองกระบี่ จ.กระบี่", "min": "กระทรวงมหาดไทย", "agc": "กรมส่งเสริมการปกครองท้องถิ่น", "plan_name": "บริหารจัดการทรัพยากรน้ำ", "stg_name": "ยุทธศาสตร์เร่งรัดวางรากฐานการพัฒนาที่ยั่งยืนของประเทศ", "objc_level1_name": "งบลงทุน", "compare": [{"bb_amount": 2727500, "bb_province": "กระบี่"}], "gf_amount_sum": 0}
{"bb_code": "1500822040600R21", "bb_year": "2559", "amount": 2726800, "min_code": "15000", "agc_code": "15008", "name": "ก่อสร้างประปาหมู่บ้าน แบบบาดาลขนาดใหญ่ หมู่ที่ ๑๐ บ้านท่าพาย ตำบลกกแรต รายละเอียดตามปริมาณงานและแบบแปลนที่องค์การบริหารส่วนตำบลกกแรตกำหนด อบต.กกแรต อ.กงไกรลาศ จ.สุโขทัย", "min": "กระทรวงมหาดไทย", "agc": "กรมส่งเสริมการปกครองท้องถิ่น", "plan_name": "บริหารจัดการทรัพยากรน้ำ", "stg_name": "ยุทธศาสตร์เร่งรัดวางรากฐานการพัฒนาที่ยั่งยืนของประเทศ", "objc_level1_name": "งบลงทุน", "compare": [{"bb_amount": 2726800, "bb_province": "สุโขทัย"}], "gf_amount_sum": 0}
{"bb_code": "1500883002600GM4", "bb_year": "2559", "amount": 2724100, "min_code": "15000", "agc_code": "15008", "name": "ปรับปรุงซ่อมแซมถนนลาดยางผิวจราจร Cape Seal สายบ้านหนองฟาน-บ้านโนนนา  หมู่ที่ ๘  ขนาดผิวจราจรกว้าง ๕ เมตร ยาว ๑,๙๐๕ เมตร อบต.หนองหัวฟาน อ.ขามสะแกแสง จ.นครราชสีมา", "min": "กระทรวงมหาดไทย", "agc": "กรมส่งเสริมการปกครองท้องถิ่น", "plan_name": "ส่งเสริมการกระจายอำนาจให้แก่องค์กรปกครองส่วนท้องถิ่น", "stg_name": "ยุทธศาสตร์การบริหารกิจการบ้านเมืองที่ดี", "objc_level1_name": "งบลงทุน", "compare": [{"bb_amount": 2724100, "bb_province": "นครราชสีมา"}], "gf_amount_sum": 0}
{"bb_code": "1500883002600FP4", "bb_year": "2559", "amount": 2724100, "min_code": "15000", "agc_code": "15008", "name": "ซ่อมสร้างผิวทางแอสฟัลท์ติกคอนกรีต สายทางเข้าโครงการศึกษาแก้ไขปัญหาดินเปรี้ยว หมู่ที่ 11 ตำบลบ้านพริก กว้าง ๖ เมตร ยาว 1,400 เมตร อบต.บ้านพริก อ.บ้านนา จ.นครนายก", "min": "กระทรวงมหาดไทย", "agc": "กรมส่งเสริมการปกครองท้องถิ่น", "plan_name": "ส่งเสริมการกระจายอำนาจให้แก่องค์กรปกครองส่วนท้องถิ่น", "stg_name": "ยุทธศาสตร์การบริหารกิจการบ้านเมืองที่ดี", "objc_level1_name": "งบลงทุน", "compare": [{"bb_amount": 2724100, "bb_province": "นครนายก"}], "gf_amount_sum": 0}
