{"bb_code": "1500883002600BX3", "bb_year": "2559", "amount": 2724100, "min_code": "15000", "agc_code": "15008", "name": "ซ่อมสร้างถนนลาดยางแอสฟัลท์ติกคอนกรีตสายบ้านปากคลองวัดแดง - บ้านท่าเตียน กว้าง ๖ เมตร ยาว ๘๐๐ เมตร หนา ๐.๐๕ เมตร หรือมีพื้นที่ไม่น้อยกว่า ๖,๔๐๐ ตารางเมตร ไหล่ทางกว้างข้างละ ๑ เมตร อบต.เขาพระบาท อ.เชียร", "min": "กระทรวงมหาดไทย", "agc": "กรมส่งเสริมการปกครองท้องถิ่น", "plan_name": "ส่งเสริมการกระจายอำนาจให้แก่องค์กรปกครองส่วนท้องถิ่น", "stg_name": "ยุทธศาสตร์การบริหารกิจการบ้านเมืองที่ดี", "objc_level1_name": "งบลงทุน", "compare": [{"bb_amount": 2724100, "bb_province": "นครศรีธรรมราช"}], "gf_amount_sum": 0}
{"bb_code": "1500822040600970", "bb_year": "2559", "amount": 2723900, "min_code": "15000", "agc_code": "15008", "name": "ก่อสร้างระบบประปาบาดาลขนาดใหญ่ หมู่ที่ ๘ บ้านไผ่พักช้าง ตำบลท่าฉนวน ตามแบบมาตรฐานกรมทรัพยากรน้ำกำหนด อบต.ท่าฉนวน อ.มโนรมย์ จ.ชัยนาท", "min": "กระทรวงมหาดไทย", "agc": "กรมส่งเสริมการปกครองท้องถิ่น", "plan_name": "บริหารจัดการทรัพยากรน้ำ", "stg_name": "ยุทธศาสตร์เร่งรัดวางรากฐานการพัฒนาที่ยั่งยืนของประเทศ", "objc_level1_name": "งบลงทุน", "compare": [{"bb_amount": 2723900, "bb_province": "ชัยนาท"}], "gf_amount_sum": 0}
{"bb_code": "1500822040600S65", "bb_year": "2559", "amount": 2723900, "min_code": "15000", "agc_code": "15008", "name": "ก่อสร้างประปาหมู่บ้านแบบบาดาลขนาดใหญ่ หมู่ที่ ๘ บ้านอิฐ ตำบลบ้านอิฐ ตามแบบมาตรฐานกรมทรัพยากรน้ำกำหนด อบต.บ้านอิฐ อ.เมืองอ่างทอง จ.อ่างทอง", "min": "กระทรวงมหาดไทย", "agc": "กรมส่งเสริมการปกครองท้องถิ่น", "plan_name": "บริหารจัดการทรัพยากรน้ำ", "stg_name": "ยุทธศาสตร์เร่งรัดวางรากฐานการพัฒนาที่ยั่งยืนของประเทศ", "objc_level1_name": "งบลงทุน", "compare": [{"bb_amount": 2723900, "bb_province": "อ่างทอง"}], "gf_amount_sum": 0}
{"bb_code": "1500822040600AM1", "bb_year": "2559", "amount": 2723900, "min_code": "15000", "agc_code": "15008", "name": "ก่อสร้างระบบประปาหมู่บ้าน แบบบาดาลขนาดใหญ่ บ้านโนนชุมแสง หมู่ที่ ๑๔ ตำบลกุดชุมแสง ตามแบบมาตรฐานกรมทรัพยากรน้ำ อบต.กุดชุมแสง อ.หนองบัวแดง จ.ชัยภูมิ", "min": "กระทรวงมหาดไทย", "agc": "กรมส่งเสริมการปกครองท้องถิ่น", "plan_name": "บริหารจัดการทรัพยากรน้ำ", "stg_name": "ยุทธศาสตร์เร่งรัดวางรากฐานการพัฒนาที่ยั่งยืนของประเทศ", "objc_level1_name": "งบลงทุน", "compare": [{"bb_amount": 2723900, "bb_province": "ชัยภูมิ"}], "gf_amount_sum": 0}
{"bb_code": "1500822040600U38", "bb_year": "2559", "amount": 2723900, "min_code": "15000", "agc_code": "15008", "name": "ก่อสร้างประปาหมู่บ้านแบบผิวดินขนาดใหญ่มาก   บ้านสำโรง หมู่ที่ ๔ ตำบลสังเม็ก ตามแบบมาตรฐานกรมทรัพยากรน้ำ อบต.สังเม็ก อ.กันทรลักษ์ จ.ศรีสะเกษ", "min": "กระทรวงมหาดไทย", "agc": "กรมส่งเสริมการปกครองท้องถิ่น", "plan_name": "บริหารจัดการทรัพยากรน้ำ", "stg_name": "ยุทธศาสตร์เร่งรัดวางรากฐานการพัฒนาที่ยั่งยืนของประเทศ", "objc_level1_name": "งบลงทุน", "compare": [{"bb_amount": 2723900, "bb_province": "ศรีสะเกษ"}], "gf_amount_sum": 0}
{"bb_code": "1500822040600854", "bb_year": "2559", "amount": 2723900, "min_code": "15000", "agc_code": "15008", "name": "ก่อสร้างระบบประปาหมู่บ้าน แบบบาดาลขนาดใหญ่ บ้านขุมขี้ยาง หมู่ที่ ๑๒ ตำบลกุดหว้า ตามแบบมาตรฐานกรมทรัพยากรน้ำ อบต.กุดหว้า อ.กุฉินารายณ์ จ.กาฬสินธุ์", "min": "กระทรวงมหาดไทย", "agc": "กรมส่งเสริมการปกครองท้องถิ่น", "plan_name": "บริหารจัดการทรัพยากรน้ำ", "stg_name": "ยุทธศาสตร์เร่งรัดวางรากฐานการพัฒนาที่ยั่งยืนของประเทศ", "objc_level1_name": "งบลงทุน", "compare": [{"bb_amount": 2723900, "bb_province": "กาฬสินธุ์"}], "gf_amount_sum": 0}
{"bb_code": "1500822040600U26", "bb_year": "2559", "amount": 2723900, "min_code": "15000", "agc_code": "15008", "name": "ก่อสร้างประปาหมู่บ้านแบบบาดาลขนาดใหญ่  บ้านเดียงเหนือ หมู่ที่ ๙ ตำบลเวียงเหนือ  ตามแบบมาตรฐานกรมทรัพยากรน้ำ อบต.เวียงเหนือ อ.กันทรลักษ์ จ.ศรีสะเกษ", "min": "กระทรวงมหาดไทย", "agc": "กรมส่งเสริมการปกครองท้องถิ่น", "plan_name": "บริหารจัดการทรัพยากรน้ำ", "stg_name": "ยุทธศาสตร์เร่งรัดวางรากฐานการพัฒนาที่ยั่งยืนของประเทศ", "objc_level1_name": "งบลงทุน", "compare": [{"bb_amount": 2723900, "bb_province": "ศรีสะเกษ"}], "gf_amount_sum": 0}
{"bb_code": "1500822040600487", "bb_year": "2559", "amount": 2723900, "min_code": "15000", "agc_code": "15008", "name": "ก่อสร้างระบบประปาหมู่บ้านแบบบาดาลขนาดใหญ่ บ้านเด่นฮ่อม หมู่ที่ ๙ ตำบลบ่อแก้ว ตามแบบมาตรฐานกรมทรัพยากรน้ำ อบต.บ่อแก้ว อ.สะเมิง จ.เชียงใหม่", "min": "กระทรวงมหาดไทย", "agc": "กรมส่งเสริมการปกครองท้องถิ่น", "plan_name": "บริหารจัดการทรัพยากรน้ำ", "stg_name": "ยุทธศาสตร์เร่งรัดวางรากฐานการพัฒนาที่ยั่งยืนของประเทศ", "objc_level1_name": "งบลงทุน", "compare": [{"bb_amount": 2723900, "bb_province": "เชียงใหม่"}], "gf_amount_sum": 0}
{"bb_code": "1500822040600V85", "bb_year": "2559", "amount": 2723900, "min_code": "15000", "agc_code": "15008", "name": "ก่อสร้างประปาหมู่บ้านแบบบาดาลขนาดใหญ่ บ้านหนองแก หมู่ที่ ๑๐,๕ ตำบลเขือน้ำ ตามแบบมาตรฐานกรมทรัพยากรน้ำ อบต.เขือน้ำ อ.บ้านผือ จ.อุดรธานี", "min": "กระทรวงมหาดไทย", "agc": "กรมส่งเสริมการปกครองท้องถิ่น", "plan_name": "บริหารจัดการทรัพยากรน้ำ", "stg_name": "ยุทธศาสตร์เร่งรัดวางรากฐานการพัฒนาที่ยั่งยืนของประเทศ", "objc_level1_name": "งบลงทุน", "compare": [{"bb_amount": 2723900, "bb_province": "อุดรธานี"}], "gf_amount_sum": 0}
{"bb_code": "1500822040600524", "bb_year": "2559", "amount": 2723900, "min_code": "15000", "agc_code": "15008", "name": "ก่อสร้างประปาหมู่บ้าน แบบบาดาลขนาดใหญ่ บ้านเวียงปางคำ หมู่ที่ ๙ ตามแบบมาตรฐานกรมทรัพยากรน้ำ  ทต.เวียงเหนือ อ.เวียงชัย จ.เชียงราย", "min": "กระทรวงมหาดไทย", "agc": "กรมส่งเสริมการปกครองท้องถิ่น", "plan_name": "บริหารจัดการทรัพยากรน้ำ", "stg_name": "ยุทธศาสตร์เร่งรัดวางรากฐานการพัฒนาที่ยั่งยืนของประเทศ", "objc_level1_name": "งบลงทุน", "compare": [{"bb_amount": 2723900, "bb_province": "เชียงราย"}], "gf_amount_sum": 0}
{"bb_code": "1500822040600V28", "bb_year": "2559", "amount": 2723900, "min_code": "15000", "agc_code": "15008", "name": "ก่อสร้างระบบประปาหมู่บ้าน แบบบาดาลขนาดใหญ่ บ้านกุดยาลวน หมู่ที่ ๑ ตำบลกุดยาลวน ตามแบบมาตรฐานกรมทรัพยากรน้ำ อบต.กุดยาลวน อ.ตระการพืชผล จ.อุบลราชธานี", "min": "กระทรวงมหาดไทย", "agc": "กรมส่งเสริมการปกครองท้องถิ่น", "plan_name": "บริหารจัดการทรัพยากรน้ำ", "stg_name": "ยุทธศาสตร์เร่งรัดวางรากฐานการพัฒนาที่ยั่งยืนของประเทศ", "objc_level1_name": "งบลงทุน", "compare": [{"bb_amount": 2723900, "bb_province": "อุบลราชธานี"}], "gf_amount_sum": 0}
{"bb_code": "1500822040600E50", "bb_year": "2559", "amount": 2723900, "min_code": "15000", "agc_code": "15008", "name": "ก่อสร้างระบบประปาหมู่บ้านแบบบาดาลขนาดใหญ่ หมู่ที่ ๑๕ บ้านท่ากร่างพัฒนา ตำบลท่าไม้ ตามแบบมาตรฐานกรมทรัพยากรน้ำกำหนด อบต.ท่าไม้ อ.ชุมแสง จ.นครสวรรค์", "min": "กระทรวงมหาดไทย", "agc": "กรมส่งเสริมการปกครองท้องถิ่น", "plan_name": "บริหารจัดการทรัพยากรน้ำ", "stg_name": "ยุทธศาสตร์เร่งรัดวางรากฐานการพัฒนาที่ยั่งยืนของประเทศ", "objc_level1_name": "งบลงทุน", "compare": [{"bb_amount": 2723900, "bb_province": "นครสวรรค์"}], "gf_amount_sum": 0}
{"bb_code": "1500822040600U56", "bb_year": "2559", "amount": 2723900, "min_code": "15000", "agc_code": "15008", "name": "ก่อสร้างระบบประปาหมู่บ้านแบบบาดาลขนาดใหญ่ หมู่ที่ ๘ บ้านคลองเรียงงาม ตำบลคลองโคน ตามแบบมาตรฐานกรมทรัพยากรน้ำ อบต.บ้านโคน อ.พิชัย จ.อุตรดิตถ์", "min": "กระทรวงมหาดไทย", "agc": "กรมส่งเสริมการปกครองท้องถิ่น", "plan_name": "บริหารจัดการทรัพยากรน้ำ", "stg_name": "ยุทธศาสตร์เร่งรัดวางรากฐานการพัฒนาที่ยั่งยืนของประเทศ", "objc_level1_name": "งบลงทุน", "compare": [{"bb_amount": 2723900, "bb_province": "อุตรดิตถ์"}], "gf_amount_sum": 0}
{"bb_code": "1500822040600H79", "bb_year": "2559", "amount": 2723900, "min_code": "15000", "agc_code": "15008", "name": "ก่อสร้างประปาหมู่บ้าน แบบบาดาลขนาดใหญ่     หมู่ที่ ๓ บ้านรางจิก ต.ไร่ใหม่พัฒนา  ตามแบบมาตรฐานกรมทรัพยากรน้ำ อบต.ไร่ใหม่พัฒนา อ.ชะอำ จ.เพชรบุรี", "min": "กระทรวงมหาดไทย", "agc": "กรมส่งเสริมการปกครองท้องถิ่น", "plan_name": "บริหารจัดการทรัพยากรน้ำ", "stg_name": "ยุทธศาสตร์เร่งรัดวางรากฐานการพัฒนาที่ยั่งยืนของประเทศ", "objc_level1_name": "งบลงทุน", "compare": [{"bb_amount": 2723900, "bb_province": "เพชรบุรี"}], "gf_amount_sum": 0}
{"bb_code": "1500822040600S53", "bb_year": "2559", "amount": 2723900, "min_code": "15000", "agc_code": "15008", "name": "ก่อสร้างประปาหมู่บ้านแบบบาดาลขนาดใหญ่ หมู่ที่ ๘ บ้านดอน ตำบลยางช้าย ตามแบบมาตรฐานกรมทรัพยากรน้ำกำหนด อบต.ยางช้าย อ.โพธิ์ทอง จ.อ่างทอง", "min": "กระทรวงมหาดไทย", "agc": "กรมส่งเสริมการปกครองท้องถิ่น", "plan_name": "บริหารจัดการทรัพยากรน้ำ", "stg_name": "ยุทธศาสตร์เร่งรัดวางรากฐานการพัฒนาที่ยั่งยืนของประเทศ", "objc_level1_name": "งบลงทุน", "compare": [{"bb_amount": 2723900, "bb_province": "อ่างทอง"}], "gf_amount_sum": 0}
{"bb_code": "1500822040600G81", "bb_year": "2559", "amount": 2723900, "min_code": "15000", "agc_code": "15008", "name": "ก่อสร้างระบบประปาหมู่บ้าน แบบบาดาลขนาดใหญ่ บ้านบึงปัน หมู่ที่ ๑๓ ตำบลแม่ระกา ตามแบบมาตรฐานกรมทรัพยากรน้ำ อบต.แม่ระกา อ.วังทอง จ.พิษณุโลก", "min": "กระทรวงมหาดไทย", "agc": "กรมส่งเสริมการปกครองท้องถิ่น", "plan_name": "บริหารจัดการทรัพยากรน้ำ", "stg_name": "ยุทธศาสตร์เร่งรัดวางรากฐานการพัฒนาที่ยั่งยืนของประเทศ", "objc_level1_name": "งบลงทุน", "compare": [{"bb_amount": 2723900, "bb_province": "พิษณุโลก"}], "gf_amount_sum": 0}
{"bb_code": "1500822040600V97", "bb_year": "2559", "amount": 2723900, "min_code": "15000", "agc_code": "15008", "name": "ก่อสร้างประปาหมู่บ้านแบบบาดาลขนาดใหญ่ หมู่ที่ ๑๐ ตำบลนาทับ อำเภอจะนะ รายละเอียดตามปริมาณงานและแบบแปลนที่กำหนด ทต.นาทับ อ.จะนะ จ.สงขลา", "min": "กระทรวงมหาดไทย", "agc": "กรมส่งเสริมการปกครองท้องถิ่น", "plan_name": "บริหารจัดการทรัพยากรน้ำ", "stg_name": "ยุทธศาสตร์เร่งรัดวางรากฐานการพัฒนาที่ยั่งยืนของประเทศ", "objc_level1_name": "งบลงทุน", "compare": [{"bb_amount": 2723900, "bb_province": "สงขลา"}], "gf_amount_sum": 0}
{"bb_code": "1500822040600G35", "bb_year": "2559", "amount": 2723900, "min_code": "15000", "agc_code": "15008", "name": "ก่อสร้างระบบประปาหมู่บ้าน แบบบาดาลขนาดใหญ่ บ้านคลองตาล หมู่ที่ ๑๐ ตำบลหนองแขม ตามแบบมาตรฐานกรมทรัพยากรน้ำ อบต.หนองแขม อ.พรหมพิราม จ.พิษณุโลก", "min": "กระทรวงมหาดไทย", "agc": "กรมส่งเสริมการปกครองท้องถิ่น", "plan_name": "บริหารจัดการทรัพยากรน้ำ", "stg_name": "ยุทธศาสตร์เร่งรัดวางรากฐานการพัฒนาที่ยั่งยืนของประเทศ", "objc_level1_name": "งบลงทุน", "compare": [{"bb_amount": 2723900, "bb_province": "พิษณุโลก"}], "gf_amount_sum": 0}
{"bb_code": "1500822040600O42", "bb_year": "2559", "amount": 2723900, "min_code": "15000", "agc_code": "15008", "name": "ก่อสร้างระบบประปาหมู่บ้านแบบบาดาลขนาดใหญ่ บ้านใหม่ดอนคา หมู่ที่ ๑๑ ตำบลหนองโน ตามแบบมาตรฐานกรมทรัพยากรน้ำ อบต.หนองโน อ.เมืองสระบุรี จ.สระบุรี", "min": "กระทรวงมหาดไทย", "agc": "กรมส่งเสริมการปกครองท้องถิ่น", "plan_name": "บริหารจัดการทรัพยากรน้ำ", "stg_name": "ยุทธศาสตร์เร่งรัดวางรากฐานการพัฒนาที่ยั่งยืนของประเทศ", "objc_level1_name": "งบลงทุน", "compare": [{"bb_amount": 2723900, "bb_province": "สระบุรี"}], "gf_amount_sum": 0}
{"bb_code": "1500822040600BK0", "bb_year": "2559", "amount": 2723900, "min_code": "15000", "agc_code": "15008", "name": "ก่อสร้างประปาหมู่บ้าน แบบบาดาลขนาดใหญ่ บ้านนาทอน หมู่ที่ ๑๐ ตำบลขุนทะเล ตามแบบแปลนกรมทรัพยากรน้ำ ทต.ขุนทะเล อ.ลานสกา จ.นครศรีธรรมราช", "min": "กระทรวงมหาดไทย", "agc": "กรมส่งเสริมการปกครองท้องถิ่น", "plan_name": "บริหารจัดการทรัพยากรน้ำ", "stg_name": "ยุทธศาสตร์เร่งรัดวางรากฐานการพัฒนาที่ยั่งยืนของประเทศ", "objc_level1_name": "งบลงทุน", "compare": [{"bb_amount": 2723900, "bb_province": "นครศรีธรรมราช"}], "gf_amount_sum": 0}
