{"bb_code": "1500786007420040", "bb_year": "2559", "amount": 16190000, "min_code": "15000", "agc_code": "15007", "name": "เขื่อนป้องกันตลิ่งริมแม่น้ำเลย บ้านบุ่งกกตาล หมู่ที่ 6 ต.ศรีสงคราม อ.วังสะพุง จ.เลยความยาว 400 เมตร", "min": "กระทรวงมหาดไทย", "agc": "กรมโยธาธิการและผังเมือง", "plan_name": "ฟื้นฟู ป้องกัน และจัดการภัยพิบัติ ", "stg_name": "ยุทธศาสตร์การจัดการทรัพยากรธรรมชาติและสิ่งแวดล้อม", "objc_level1_name": "งบลงทุน", "compare": [{"bb_amount": 16190000, "bb_province": "เลย"}, {"gf_amount": 11692500, "gf_province": "ส่วนกลาง", "bb_amount": null, "bb_province": "กรุงเทพมหานคร"}], "gf_amount_sum": 11692500}
{"bb_code": "1500720004420003", "bb_year": "2559", "amount": 16162300, "min_code": "15000", "agc_code": "15007", "name": "โครงการจัดรูปที่ดินเพื่อพัฒนาพื้นที่จังหวัดกาญจนบุรี", "min": "กระทรวงมหาดไทย", "agc": "กรมโยธาธิการและผังเมือง", "plan_name": "รักษาความมั่นคงของฐานทรัพยากรธรรมชาติและแก้ปัญหาที่ดินทำกิน", "stg_name": "ยุทธศาสตร์การจัดการทรัพยากรธรรมชาติและสิ่งแวดล้อม", "objc_level1_name": "งบลงทุน", "compare": [{"bb_amount": 16162300, "bb_province": "กาญจนบุรี"}, {"gf_amount": 11982300, "gf_province": "ส่วนกลาง", "bb_amount": null, "bb_province": "กรุงเทพมหานคร"}], "gf_amount_sum": 11982300}
{"bb_code": "1500785013420068", "bb_year": "2559", "amount": 16059000, "min_code": "15000", "agc_code": "15007", "name": "โครงการก่อสร้างปรับปรุงขยายผิวจราจร ผิวจราจรแอสฟัลท์ติกคอนกรีต ผิวจราจรกว้าง 18.00 ม. ทางเท้าข้างละ 3.00 ม. พร้อมระบบระบายน้ำ หน้าค่ายตำรวจตะเวนชายแดน หมู่ที่ 1 เทศบาลตำบลนาทวี อำเภอนาทวี จังหวัดสงขลา", "min": "กระทรวงมหาดไทย", "agc": "กรมโยธาธิการและผังเมือง", "plan_name": "แก้ไขปัญหาและพัฒนาจังหวัดชายแดนภาคใต้", "stg_name": "ยุทธศาสตร์เร่งรัดวางรากฐานการพัฒนาที่ยั่งยืนของประเทศ", "objc_level1_name": "งบลงทุน", "compare": [{"bb_amount": 16059000, "bb_province": "สงขลา", "gf_amount": 10297900, "gf_province": "สงขลา"}], "gf_amount_sum": 10297900}
{"bb_code": "1500795043420006", "bb_year": "2559", "amount": 16000000, "min_code": "15000", "agc_code": "15007", "name": "งานศึกษาความเหมาะสมและออกแบบรายละเอียดโครงการพัฒนาพื้นที่ชุมชนด่านชายแดนจังหวัดมุกดาหาร", "min": "กระทรวงมหาดไทย", "agc": "กรมโยธาธิการและผังเมือง", "plan_name": "ส่งเสริมเขตพัฒนาเศรษฐกิจพิเศษ", "stg_name": "ยุทธศาสตร์เร่งรัดวางรากฐานการพัฒนาที่ยั่งยืนของประเทศ", "objc_level1_name": "งบลงทุน", "compare": [{"bb_amount": 16000000, "bb_province": "มุกดาหาร"}, {"gf_amount": 10105762.49, "gf_province": "ส่วนกลาง", "bb_amount": null, "bb_province": "กรุงเทพมหานคร"}], "gf_amount_sum": 10105762.49}
{"bb_code": "1500786020420161", "bb_year": "2559", "amount": 16000000, "min_code": "15000", "agc_code": "15007", "name": "เขื่อนป้องกันตลิ่งริมแม่น้ำโขง บ้านเวินบึก (ต่อเนื่องเขื่อนเดิม) ต.โขงเจียม อ.โขงเจียม จ.อุบลราชธานี ความยาว 305 เมตร", "min": "กระทรวงมหาดไทย", "agc": "กรมโยธาธิการและผังเมือง", "plan_name": "ฟื้นฟู ป้องกัน และจัดการภัยพิบัติ ", "stg_name": "ยุทธศาสตร์การจัดการทรัพยากรธรรมชาติและสิ่งแวดล้อม", "objc_level1_name": "งบลงทุน", "compare": [{"bb_amount": 16000000, "bb_province": "อุบลราชธานี"}, {"gf_amount": 30227000, "gf_province": "ส่วนกลาง", "bb_amount": null, "bb_province": "กรุงเทพมหานคร"}], "gf_amount_sum": 30227000}
{"bb_code": "1500786020420158", "bb_year": "2559", "amount": 16000000, "min_code": "15000", "agc_code": "15007", "name": "เขื่อนป้องกันตลิ่งริมแม่น้ำโขง บ้านกองนาง หมู่ 1 - หมู่ 2 (เชื่อมโครงการต่อเนื่อง) ต.กองนาง อ.ท่าบ่อ จ.หนองคาย ความยาว 347 เมตร", "min": "กระทรวงมหาดไทย", "agc": "กรมโยธาธิการและผังเมือง", "plan_name": "ฟื้นฟู ป้องกัน และจัดการภัยพิบัติ ", "stg_name": "ยุทธศาสตร์การจัดการทรัพยากรธรรมชาติและสิ่งแวดล้อม", "objc_level1_name": "งบลงทุน", "compare": [{"bb_amount": 16000000, "bb_province": "หนองคาย"}, {"gf_amount": 16000000, "gf_province": "ส่วนกลาง", "bb_amount": null, "bb_province": "กรุงเทพมหานคร"}], "gf_amount_sum": 16000000}
{"bb_code": "1500785013420023", "bb_year": "2559", "amount": 16000000, "min_code": "15000", "agc_code": "15007", "name": "โครงการฟาร์มตัวอย่างในสมเด็จพระนางเจ้าสิริกิติ์ พระบรมราชินีนาถ บ้านคอกกระบือ ตำบลคอกกระบือ  อำเภอปะนาเระ จังหวัดปัตตานี", "min": "กระทรวงมหาดไทย", "agc": "กรมโยธาธิการและผังเมือง", "plan_name": "แก้ไขปัญหาและพัฒนาจังหวัดชายแดนภาคใต้", "stg_name": "ยุทธศาสตร์เร่งรัดวางรากฐานการพัฒนาที่ยั่งยืนของประเทศ", "objc_level1_name": "งบลงทุน", "compare": [{"bb_amount": 16000000, "bb_province": "ปัตตานี", "gf_amount": 14900000, "gf_province": "ปัตตานี"}], "gf_amount_sum": 14900000}
{"bb_code": "1500786007420271", "bb_year": "2559", "amount": 16000000, "min_code": "15000", "agc_code": "15007", "name": "เขื่อนป้องกันตลิ่งริมห้วยขะยุง ม.10 บ้านสนามชัย ต.ห้วยขะยุง อ.วารินชำราบ จ.อุบลราชธานี ความยาว 300 เมตร", "min": "กระทรวงมหาดไทย", "agc": "กรมโยธาธิการและผังเมือง", "plan_name": "ฟื้นฟู ป้องกัน และจัดการภัยพิบัติ ", "stg_name": "ยุทธศาสตร์การจัดการทรัพยากรธรรมชาติและสิ่งแวดล้อม", "objc_level1_name": "งบลงทุน", "compare": [{"bb_amount": 16000000, "bb_province": "อุบลราชธานี", "gf_amount": 15440000, "gf_province": "อุบลราชธานี"}], "gf_amount_sum": 15440000}
{"bb_code": "1500786020420117", "bb_year": "2559", "amount": 16000000, "min_code": "15000", "agc_code": "15007", "name": "เขื่อนป้องกันตลิ่งริมแม่น้ำโขง บ้านห้วยเล็บมือ หมู่ 5 (ต่อเนื่องเขื่อนเดิม) ต.หนองเดิ่น อ.บุ่งคล้า จ.บึงกาฬ ความยาว 360 เมตร", "min": "กระทรวงมหาดไทย", "agc": "กรมโยธาธิการและผังเมือง", "plan_name": "ฟื้นฟู ป้องกัน และจัดการภัยพิบัติ ", "stg_name": "ยุทธศาสตร์การจัดการทรัพยากรธรรมชาติและสิ่งแวดล้อม", "objc_level1_name": "งบลงทุน", "compare": [{"bb_amount": 16000000, "bb_province": "บึงกาฬ"}], "gf_amount_sum": 0}
{"bb_code": "1500795043420007", "bb_year": "2559", "amount": 16000000, "min_code": "15000", "agc_code": "15007", "name": "งานศึกษาความเหมาะสมและออกแบบรายละเอียดโครงการพัฒนาพื้นที่ชุมชนด่านชายแดนจังหวัดสระแก้ว", "min": "กระทรวงมหาดไทย", "agc": "กรมโยธาธิการและผังเมือง", "plan_name": "ส่งเสริมเขตพัฒนาเศรษฐกิจพิเศษ", "stg_name": "ยุทธศาสตร์เร่งรัดวางรากฐานการพัฒนาที่ยั่งยืนของประเทศ", "objc_level1_name": "งบลงทุน", "compare": [{"bb_amount": 16000000, "bb_province": "สระแก้ว"}, {"gf_amount": 4982000, "gf_province": "ส่วนกลาง", "bb_amount": null, "bb_province": "กรุงเทพมหานคร"}], "gf_amount_sum": 4982000}
{"bb_code": "1501183004500011", "bb_year": "2559", "amount": 16000000, "min_code": "15000", "agc_code": "15011", "name": "เงินอุดหนุนค่ารักษาพยาบาลสำหรับครูบำนาญ พนักงานครู และภารโรง เมืองพัทยา", "min": "กระทรวงมหาดไทย", "agc": "เมืองพัทยา", "plan_name": "ส่งเสริมการกระจายอำนาจให้แก่องค์กรปกครองส่วนท้องถิ่น", "stg_name": "ยุทธศาสตร์การบริหารกิจการบ้านเมืองที่ดี", "objc_level1_name": "งบอุดหนุน", "compare": [{"bb_amount": 16000000, "bb_province": "ชลบุรี", "gf_amount": 16000000, "gf_province": "ชลบุรี"}], "gf_amount_sum": 16000000}
{"bb_code": "1500795043420003", "bb_year": "2559", "amount": 16000000, "min_code": "15000", "agc_code": "15007", "name": "งานศึกษาความเหมาะสมและออกแบบรายละเอียดโครงการพัฒนาพื้นที่ชุมชนด่านชายแดนจังหวัดนครพนม", "min": "กระทรวงมหาดไทย", "agc": "กรมโยธาธิการและผังเมือง", "plan_name": "ส่งเสริมเขตพัฒนาเศรษฐกิจพิเศษ", "stg_name": "ยุทธศาสตร์เร่งรัดวางรากฐานการพัฒนาที่ยั่งยืนของประเทศ", "objc_level1_name": "งบลงทุน", "compare": [{"bb_amount": 16000000, "bb_province": "นครพนม"}, {"gf_amount": 7973000, "gf_province": "ส่วนกลาง", "bb_amount": null, "bb_province": "กรุงเทพมหานคร"}], "gf_amount_sum": 7973000}
{"bb_code": "1500795041420002", "bb_year": "2559", "amount": 16000000, "min_code": "15000", "agc_code": "15007", "name": "งานศึกษาความเหมาะสมและออกแบบรายละเอียดโครงการพัฒนาพื้นที่ชุมชนด่านชายแดนจังหวัดน่าน", "min": "กระทรวงมหาดไทย", "agc": "กรมโยธาธิการและผังเมือง", "plan_name": "ส่งเสริมเขตพัฒนาเศรษฐกิจพิเศษ", "stg_name": "ยุทธศาสตร์เร่งรัดวางรากฐานการพัฒนาที่ยั่งยืนของประเทศ", "objc_level1_name": "งบลงทุน", "compare": [{"bb_amount": 16000000, "bb_province": "น่าน"}], "gf_amount_sum": 0}
{"bb_code": "1500795041420003", "bb_year": "2559", "amount": 16000000, "min_code": "15000", "agc_code": "15007", "name": "งานศึกษาความเหมาะสมและออกแบบรายละเอียดโครงการพัฒนาพื้นที่ชุมชนด่านชายแดนจังหวัดศรีสะเกษ", "min": "กระทรวงมหาดไทย", "agc": "กรมโยธาธิการและผังเมือง", "plan_name": "ส่งเสริมเขตพัฒนาเศรษฐกิจพิเศษ", "stg_name": "ยุทธศาสตร์เร่งรัดวางรากฐานการพัฒนาที่ยั่งยืนของประเทศ", "objc_level1_name": "งบลงทุน", "compare": [{"bb_amount": 16000000, "bb_province": "ศรีสะเกษ"}, {"gf_amount": 2236875, "gf_province": "ส่วนกลาง", "bb_amount": null, "bb_province": "กรุงเทพมหานคร"}], "gf_amount_sum": 2236875}
{"bb_code": "1500795043420004", "bb_year": "2559", "amount": 16000000, "min_code": "15000", "agc_code": "15007", "name": "งานศึกษาความเหมาะสมและออกแบบรายละเอียดโครงการพัฒนาพื้นที่ชุมชนด่านชายแดนจังหวัดเชียงราย", "min": "กระทรวงมหาดไทย", "agc": "กรมโยธาธิการและผังเมือง", "plan_name": "ส่งเสริมเขตพัฒนาเศรษฐกิจพิเศษ", "stg_name": "ยุทธศาสตร์เร่งรัดวางรากฐานการพัฒนาที่ยั่งยืนของประเทศ", "objc_level1_name": "งบลงทุน", "compare": [{"bb_amount": 16000000, "bb_province": "เชียงราย"}, {"gf_amount": 10105762.49, "gf_province": "ส่วนกลาง", "bb_amount": null, "bb_province": "กรุงเทพมหานคร"}], "gf_amount_sum": 10105762.49}
{"bb_code": "1500786007420272", "bb_year": "2559", "amount": 16000000, "min_code": "15000", "agc_code": "15007", "name": "เขื่อนป้องกันตลิ่งริมห้วยแจระแม บ้านท่าบ่อใต้ ม.1 - บ้านท่าบ่อเหนือ ม.2 ต.แจระแม อ.เมือง จ.อุบลราชธานี ความยาว 290 เมตร", "min": "กระทรวงมหาดไทย", "agc": "กรมโยธาธิการและผังเมือง", "plan_name": "ฟื้นฟู ป้องกัน และจัดการภัยพิบัติ ", "stg_name": "ยุทธศาสตร์การจัดการทรัพยากรธรรมชาติและสิ่งแวดล้อม", "objc_level1_name": "งบลงทุน", "compare": [{"bb_amount": 16000000, "bb_province": "อุบลราชธานี", "gf_amount": 15460000, "gf_province": "อุบลราชธานี"}], "gf_amount_sum": 15460000}
{"bb_code": "1500786007420278", "bb_year": "2559", "amount": 16000000, "min_code": "15000", "agc_code": "15007", "name": "เขื่อนป้องกันตลิ่งริมคลองสุนัขหอน วัดปัจจันตาราม ต.นาโคก อ.เมือง จ.สมุทรสาคร ความยาว 100 เมตร", "min": "กระทรวงมหาดไทย", "agc": "กรมโยธาธิการและผังเมือง", "plan_name": "ฟื้นฟู ป้องกัน และจัดการภัยพิบัติ ", "stg_name": "ยุทธศาสตร์การจัดการทรัพยากรธรรมชาติและสิ่งแวดล้อม", "objc_level1_name": "งบลงทุน", "compare": [{"bb_amount": 16000000, "bb_province": "สมุทรสาคร", "gf_amount": 5381232, "gf_province": "สมุทรสาคร"}], "gf_amount_sum": 5381232}
{"bb_code": "1500795043420005", "bb_year": "2559", "amount": 16000000, "min_code": "15000", "agc_code": "15007", "name": "งานศึกษาความเหมาะสมและออกแบบรายละเอียดโครงการพัฒนาพื้นที่ชุมชนด่านชายแดนจังหวัดตาก", "min": "กระทรวงมหาดไทย", "agc": "กรมโยธาธิการและผังเมือง", "plan_name": "ส่งเสริมเขตพัฒนาเศรษฐกิจพิเศษ", "stg_name": "ยุทธศาสตร์เร่งรัดวางรากฐานการพัฒนาที่ยั่งยืนของประเทศ", "objc_level1_name": "งบลงทุน", "compare": [{"bb_amount": 16000000, "bb_province": "ตาก"}, {"gf_amount": 7976000, "gf_province": "ส่วนกลาง", "bb_amount": null, "bb_province": "กรุงเทพมหานคร"}], "gf_amount_sum": 7976000}
{"bb_code": "1500786007420290", "bb_year": "2559", "amount": 16000000, "min_code": "15000", "agc_code": "15007", "name": "เขื่อนป้องกันตลิ่งพร้อมปรับปรุงภูมิทัศน์ริมคลองบางกอกน้อย วัดปรางค์หลวง ต.บางม่วง อ.บางใหญ่ จ.นนทบุรี ความยาว 100 เมตร", "min": "กระทรวงมหาดไทย", "agc": "กรมโยธาธิการและผังเมือง", "plan_name": "ฟื้นฟู ป้องกัน และจัดการภัยพิบัติ ", "stg_name": "ยุทธศาสตร์การจัดการทรัพยากรธรรมชาติและสิ่งแวดล้อม", "objc_level1_name": "งบลงทุน", "compare": [{"bb_amount": 16000000, "bb_province": "นนทบุรี", "gf_amount": 5435070, "gf_province": "นนทบุรี"}], "gf_amount_sum": 5435070}
{"bb_code": "1500786020420120", "bb_year": "2559", "amount": 16000000, "min_code": "15000", "agc_code": "15007", "name": "เขื่อนป้องกันตลิ่งริมแม่น้ำโขง บ้านหาดแฮ่ หมู่ที่ 3 (ช่วงโรงเรียน-วัดหาดแฮ่-ปากห้วยซัน) ต.โคกกว้าง อ.บุ่งคล้า จ.บึงกาฬ ความยาว 340 เมตร", "min": "กระทรวงมหาดไทย", "agc": "กรมโยธาธิการและผังเมือง", "plan_name": "ฟื้นฟู ป้องกัน และจัดการภัยพิบัติ ", "stg_name": "ยุทธศาสตร์การจัดการทรัพยากรธรรมชาติและสิ่งแวดล้อม", "objc_level1_name": "งบลงทุน", "compare": [{"bb_amount": 16000000, "bb_province": "บึงกาฬ"}], "gf_amount_sum": 0}
