{"bb_code": "1500822040600L34", "bb_year": "2559", "amount": 2723900, "min_code": "15000", "agc_code": "15008", "name": "ก่อสร้างประปาหมู่บ้านแบบบาดาลขนาดใหญ่ บ้านป่าเหียง หมู่ที่ ๓  ตำบลลำปางหลวง  ตามแบบมาตรฐานกรมทรัพยากรน้ำ ทต.ลำปางหลวง อ.เกาะคา จ.ลำปาง", "min": "กระทรวงมหาดไทย", "agc": "กรมส่งเสริมการปกครองท้องถิ่น", "plan_name": "บริหารจัดการทรัพยากรน้ำ", "stg_name": "ยุทธศาสตร์เร่งรัดวางรากฐานการพัฒนาที่ยั่งยืนของประเทศ", "objc_level1_name": "งบลงทุน", "compare": [{"bb_amount": 2723900, "bb_province": "ลำปาง"}], "gf_amount_sum": 0}
{"bb_code": "1500822040600307", "bb_year": "2559", "amount": 2723900, "min_code": "15000", "agc_code": "15008", "name": "ก่อสร้างระบบประปาบาดาล ขนาดใหญ่ บ้านศรีดอนมูล หมู่ที่ 12  ตามแบบมาตรฐานกรมทรัพยากรน้ำ อบต.ศรีดอนมูล อ.เชียงแสน จ.เชียงราย", "min": "กระทรวงมหาดไทย", "agc": "กรมส่งเสริมการปกครองท้องถิ่น", "plan_name": "บริหารจัดการทรัพยากรน้ำ", "stg_name": "ยุทธศาสตร์เร่งรัดวางรากฐานการพัฒนาที่ยั่งยืนของประเทศ", "objc_level1_name": "งบลงทุน", "compare": [{"bb_amount": 2723900, "bb_province": "เชียงราย"}], "gf_amount_sum": 0}
{"bb_code": "1500822040600X35", "bb_year": "2559", "amount": 2723900, "min_code": "15000", "agc_code": "15008", "name": "ก่อสร้างระบบประปาหมู่บ้านแบบบาดาลขนาดใหญ่ หมู่ที่ ๒ บ้านดง ตำบลพญาแมน ตามแบบมาตรฐานกรมทรัพยากรน้ำ อบต.พญาแมน อ.พิชัย จ.อุตรดิตถ์", "min": "กระทรวงมหาดไทย", "agc": "กรมส่งเสริมการปกครองท้องถิ่น", "plan_name": "บริหารจัดการทรัพยากรน้ำ", "stg_name": "ยุทธศาสตร์เร่งรัดวางรากฐานการพัฒนาที่ยั่งยืนของประเทศ", "objc_level1_name": "งบลงทุน", "compare": [{"bb_amount": 2723900, "bb_province": "อุตรดิตถ์"}], "gf_amount_sum": 0}
{"bb_code": "1500822040600309", "bb_year": "2559", "amount": 2723900, "min_code": "15000", "agc_code": "15008", "name": "ก่อสร้างระบบประปาหมู่บ้าน แบบบาดาลขนาดใหญ่ บ้านป่าติ้ว หมู่ที่ ๑ ตำบลงิ้ว ตามแบบมาตรฐานกรมทรัพยากรน้ำ ทต.งิ้ว อ.เทิง จ.เชียงราย", "min": "กระทรวงมหาดไทย", "agc": "กรมส่งเสริมการปกครองท้องถิ่น", "plan_name": "บริหารจัดการทรัพยากรน้ำ", "stg_name": "ยุทธศาสตร์เร่งรัดวางรากฐานการพัฒนาที่ยั่งยืนของประเทศ", "objc_level1_name": "งบลงทุน", "compare": [{"bb_amount": 2723900, "bb_province": "เชียงราย"}], "gf_amount_sum": 0}
{"bb_code": "1500822040600L68", "bb_year": "2559", "amount": 2723900, "min_code": "15000", "agc_code": "15008", "name": "ก่อสร้างระบบประปาหมู่บ้านแบบบาดาลขนาดใหญ่ บ้านข่วง (ภายในโรงเรียนบ้านหม้อ) หมู่ที่ ๑๐ ตำบลปงยางคก ตามแบบมาตรฐานกรมทรัพยากรน้ำ ทต.ปงยางคก อ.ห้างฉัตร จ.ลำปาง", "min": "กระทรวงมหาดไทย", "agc": "กรมส่งเสริมการปกครองท้องถิ่น", "plan_name": "บริหารจัดการทรัพยากรน้ำ", "stg_name": "ยุทธศาสตร์เร่งรัดวางรากฐานการพัฒนาที่ยั่งยืนของประเทศ", "objc_level1_name": "งบลงทุน", "compare": [{"bb_amount": 2723900, "bb_province": "ลำปาง"}], "gf_amount_sum": 0}
{"bb_code": "1500822040600310", "bb_year": "2559", "amount": 2723900, "min_code": "15000", "agc_code": "15008", "name": "ก่อสร้างระบบประปาหมู่บ้าน แบบบาดาลขนาดใหญ่ บ้านสักใต้ หมู่ที่ ๓ ตำบลงิ้ว  ตามแบบมาตรฐานกรมทรัพยากรน้ำ ทต.งิ้ว อ.เทิง จ.เชียงราย", "min": "กระทรวงมหาดไทย", "agc": "กรมส่งเสริมการปกครองท้องถิ่น", "plan_name": "บริหารจัดการทรัพยากรน้ำ", "stg_name": "ยุทธศาสตร์เร่งรัดวางรากฐานการพัฒนาที่ยั่งยืนของประเทศ", "objc_level1_name": "งบลงทุน", "compare": [{"bb_amount": 2723900, "bb_province": "เชียงราย"}], "gf_amount_sum": 0}
{"bb_code": "1500822040600V45", "bb_year": "2559", "amount": 2723900, "min_code": "15000", "agc_code": "15008", "name": "ก่อสร้างประปาหมู่บ้าน แบบบาดาลขนาดใหญ่ บ้านดู่ หมู่ที่ ๖ ตำบลเค็งใหญ่ ตามแบบมาตรฐานกรมทรัพยากรน้ำ ทต.เค็งใหญ่ อ.หัวตะพาน จ.อำนาจเจริญ", "min": "กระทรวงมหาดไทย", "agc": "กรมส่งเสริมการปกครองท้องถิ่น", "plan_name": "บริหารจัดการทรัพยากรน้ำ", "stg_name": "ยุทธศาสตร์เร่งรัดวางรากฐานการพัฒนาที่ยั่งยืนของประเทศ", "objc_level1_name": "งบลงทุน", "compare": [{"bb_amount": 2723900, "bb_province": "อำนาจเจริญ"}], "gf_amount_sum": 0}
{"bb_code": "1500822040600311", "bb_year": "2559", "amount": 2723900, "min_code": "15000", "agc_code": "15008", "name": "ก่อสร้างระบบประปาหมู่บ้าน แบบบาดาลขนาดใหญ่ บ้านขอนซุง  หมู่ที่ ๔ ตำบลงิ้ว ตามแบบมาตรฐานกรมทรัพยากรน้ำ  ทต.งิ้ว อ.เทิง จ.เชียงราย", "min": "กระทรวงมหาดไทย", "agc": "กรมส่งเสริมการปกครองท้องถิ่น", "plan_name": "บริหารจัดการทรัพยากรน้ำ", "stg_name": "ยุทธศาสตร์เร่งรัดวางรากฐานการพัฒนาที่ยั่งยืนของประเทศ", "objc_level1_name": "งบลงทุน", "compare": [{"bb_amount": 2723900, "bb_province": "เชียงราย"}], "gf_amount_sum": 0}
{"bb_code": "1500822040600V48", "bb_year": "2559", "amount": 2723900, "min_code": "15000", "agc_code": "15008", "name": "ก่อสร้างประปาหมู่บ้านแบบบาดาลขนาดใหญ่ บ้านดงสามสิบ หมู่ที่ ๑๒ ตำบลเสอเพลอ ตามแบบมาตรฐานกรมทรัพยากรน้ำ อบต.เสอเพลอ อ.กุมภวาปี จ.อุดรธานี", "min": "กระทรวงมหาดไทย", "agc": "กรมส่งเสริมการปกครองท้องถิ่น", "plan_name": "บริหารจัดการทรัพยากรน้ำ", "stg_name": "ยุทธศาสตร์เร่งรัดวางรากฐานการพัฒนาที่ยั่งยืนของประเทศ", "objc_level1_name": "งบลงทุน", "compare": [{"bb_amount": 2723900, "bb_province": "อุดรธานี"}], "gf_amount_sum": 0}
{"bb_code": "1500822040600AQ6", "bb_year": "2559", "amount": 2723900, "min_code": "15000", "agc_code": "15008", "name": "ก่อสร้างประปาหมู่บ้านแบบบาดาลขนาดใหญ่ หมู่ที่ ๕ บ้านโนนแดง ตำบลหนองชัยศรี ตามแบบแปลนมาตรฐานกรมทรัพยากรน้ำ อบต.หนองชัยศรี อ.หนองหงส์ จ.บุรีรัมย์", "min": "กระทรวงมหาดไทย", "agc": "กรมส่งเสริมการปกครองท้องถิ่น", "plan_name": "บริหารจัดการทรัพยากรน้ำ", "stg_name": "ยุทธศาสตร์เร่งรัดวางรากฐานการพัฒนาที่ยั่งยืนของประเทศ", "objc_level1_name": "งบลงทุน", "compare": [{"bb_amount": 2723900, "bb_province": "บุรีรัมย์"}], "gf_amount_sum": 0}
{"bb_code": "1500822040600Z28", "bb_year": "2559", "amount": 2723900, "min_code": "15000", "agc_code": "15008", "name": "ก่อสร้างประปาหมู่บ้านแบบบาดาลขนาดใหญ่ บ้านบลูกาฮีเลตะวันตก หมู่ที่ ๘  ตำบลบาตง ตามแบบมาตรฐานกรมทรัพยากรน้ำ  อบต.บาตง อ.รือเสาะ จ.นราธิวาส", "min": "กระทรวงมหาดไทย", "agc": "กรมส่งเสริมการปกครองท้องถิ่น", "plan_name": "บริหารจัดการทรัพยากรน้ำ", "stg_name": "ยุทธศาสตร์เร่งรัดวางรากฐานการพัฒนาที่ยั่งยืนของประเทศ", "objc_level1_name": "งบลงทุน", "compare": [{"bb_amount": 2723900, "bb_province": "นราธิวาส"}], "gf_amount_sum": 0}
{"bb_code": "1500822040600312", "bb_year": "2559", "amount": 2723900, "min_code": "15000", "agc_code": "15008", "name": "ก่อสร้างระบบประปาหมู่บ้าน แบบบาดาลขนาดใหญ่ บ้านสักสันเชียงใหม่ หมู่ที่ ๕ ตำบลงิ้ว  ตามแบบมาตรฐานกรมทรัพยากรน้ำ ทต.งิ้ว อ.เทิง จ.เชียงราย", "min": "กระทรวงมหาดไทย", "agc": "กรมส่งเสริมการปกครองท้องถิ่น", "plan_name": "บริหารจัดการทรัพยากรน้ำ", "stg_name": "ยุทธศาสตร์เร่งรัดวางรากฐานการพัฒนาที่ยั่งยืนของประเทศ", "objc_level1_name": "งบลงทุน", "compare": [{"bb_amount": 2723900, "bb_province": "เชียงราย"}], "gf_amount_sum": 0}
{"bb_code": "1500822040600S61", "bb_year": "2559", "amount": 2723900, "min_code": "15000", "agc_code": "15008", "name": "ก่อสร้างประปาหมู่บ้านแบบบาดาลขนาดใหญ่ หมู่ที่ ๕,๖,๗ บ้านห้วยลิงออก ตำบลอินทประมูล ตามแบบมาตรฐานกรมทรัพยากรน้ำกำหนด อบต.อินทประมูล อ.โพธิ์ทอง จ.อ่างทอง", "min": "กระทรวงมหาดไทย", "agc": "กรมส่งเสริมการปกครองท้องถิ่น", "plan_name": "บริหารจัดการทรัพยากรน้ำ", "stg_name": "ยุทธศาสตร์เร่งรัดวางรากฐานการพัฒนาที่ยั่งยืนของประเทศ", "objc_level1_name": "งบลงทุน", "compare": [{"bb_amount": 2723900, "bb_province": "อ่างทอง"}], "gf_amount_sum": 0}
{"bb_code": "1500822040600313", "bb_year": "2559", "amount": 2723900, "min_code": "15000", "agc_code": "15008", "name": "ก่อสร้างระบบประปาหมู่บ้าน แบบบาดาลขนาดใหญ่ บ้านสักเหนือ หมู่ที่ ๑๑ ตำบลงิ้ว  ตามแบบมาตรฐานกรมทรัพยากรน้ำ ทต.งิ้ว อ.เทิง จ.เชียงราย", "min": "กระทรวงมหาดไทย", "agc": "กรมส่งเสริมการปกครองท้องถิ่น", "plan_name": "บริหารจัดการทรัพยากรน้ำ", "stg_name": "ยุทธศาสตร์เร่งรัดวางรากฐานการพัฒนาที่ยั่งยืนของประเทศ", "objc_level1_name": "งบลงทุน", "compare": [{"bb_amount": 2723900, "bb_province": "เชียงราย"}], "gf_amount_sum": 0}
{"bb_code": "1500822040600Z99", "bb_year": "2559", "amount": 2723900, "min_code": "15000", "agc_code": "15008", "name": "ก่อสร้างระบบประปาบาดาลขนาดใหญ่ หมู่ที่ ๑ บ้านเนินผาสุก ตำบลคำโตนด ตามแบบมาตรฐานกรมทรัพยากรน้ำกำหนด อบต.คำโตนด อ.ประจันตคาม จ.ปราจีนบุรี", "min": "กระทรวงมหาดไทย", "agc": "กรมส่งเสริมการปกครองท้องถิ่น", "plan_name": "บริหารจัดการทรัพยากรน้ำ", "stg_name": "ยุทธศาสตร์เร่งรัดวางรากฐานการพัฒนาที่ยั่งยืนของประเทศ", "objc_level1_name": "งบลงทุน", "compare": [{"bb_amount": 2723900, "bb_province": "ปราจีนบุรี"}], "gf_amount_sum": 0}
{"bb_code": "1500822040600314", "bb_year": "2559", "amount": 2723900, "min_code": "15000", "agc_code": "15008", "name": "ก่อสร้างระบบประปาหมู่บ้าน แบบบาดาลขนาดใหญ่ บ้านงิ้วใหม่  หมู่ที่ ๑๒ ตำบลงิ้ว  ตามแบบมาตรฐานกรมทรัพยากรน้ำ ทต.งิ้ว อ.เทิง จ.เชียงราย", "min": "กระทรวงมหาดไทย", "agc": "กรมส่งเสริมการปกครองท้องถิ่น", "plan_name": "บริหารจัดการทรัพยากรน้ำ", "stg_name": "ยุทธศาสตร์เร่งรัดวางรากฐานการพัฒนาที่ยั่งยืนของประเทศ", "objc_level1_name": "งบลงทุน", "compare": [{"bb_amount": 2723900, "bb_province": "เชียงราย"}], "gf_amount_sum": 0}
{"bb_code": "1500822040600S38", "bb_year": "2559", "amount": 2723900, "min_code": "15000", "agc_code": "15008", "name": "ก่อสร้างประปาหมู่บ้านแบบบาดาลขนาดใหญ่ หมู่ที่ ๓ บ้านทางพระ ตำบลทางพระ ตามแบบมาตรฐานกรมทรัพยากรน้ำกำหนด ทต.ทางพระ อ.โพธิ์ทอง จ.อ่างทอง", "min": "กระทรวงมหาดไทย", "agc": "กรมส่งเสริมการปกครองท้องถิ่น", "plan_name": "บริหารจัดการทรัพยากรน้ำ", "stg_name": "ยุทธศาสตร์เร่งรัดวางรากฐานการพัฒนาที่ยั่งยืนของประเทศ", "objc_level1_name": "งบลงทุน", "compare": [{"bb_amount": 2723900, "bb_province": "อ่างทอง"}], "gf_amount_sum": 0}
{"bb_code": "1500822040600315", "bb_year": "2559", "amount": 2723900, "min_code": "15000", "agc_code": "15008", "name": "ก่อสร้างระบบประปาหมู่บ้าน แบบบาดาลขนาดใหญ่ บ้านงิ้วพัฒนา  หมู่ที่ ๑๓ ตำบลงิ้ว  ตามแบบมาตรฐานกรมทรัพยากรน้ำ ทต.งิ้ว อ.เทิง จ.เชียงราย", "min": "กระทรวงมหาดไทย", "agc": "กรมส่งเสริมการปกครองท้องถิ่น", "plan_name": "บริหารจัดการทรัพยากรน้ำ", "stg_name": "ยุทธศาสตร์เร่งรัดวางรากฐานการพัฒนาที่ยั่งยืนของประเทศ", "objc_level1_name": "งบลงทุน", "compare": [{"bb_amount": 2723900, "bb_province": "เชียงราย"}], "gf_amount_sum": 0}
{"bb_code": "1500822040600X74", "bb_year": "2559", "amount": 2723900, "min_code": "15000", "agc_code": "15008", "name": "ก่อสร้างระบบประปาหมู่บ้าน แบบบาดาลขนาดใหญ่ บ้านนาจาน หมู่ที่ ๑๐ ตำบลระเว ตามแบบมาตรฐานกรมทรัพยากรน้ำ อบต.ระเว อ.พิบูลมังสาหาร จ.อุบลราชธานี", "min": "กระทรวงมหาดไทย", "agc": "กรมส่งเสริมการปกครองท้องถิ่น", "plan_name": "บริหารจัดการทรัพยากรน้ำ", "stg_name": "ยุทธศาสตร์เร่งรัดวางรากฐานการพัฒนาที่ยั่งยืนของประเทศ", "objc_level1_name": "งบลงทุน", "compare": [{"bb_amount": 2723900, "bb_province": "อุบลราชธานี"}], "gf_amount_sum": 0}
{"bb_code": "1500822040600316", "bb_year": "2559", "amount": 2723900, "min_code": "15000", "agc_code": "15008", "name": "ก่อสร้างระบบประปาหมู่บ้าน แบบบาดาลขนาดใหญ่ บ้านทุ่งลานนา หมู่ที่ ๑๔ ตำบลงิ้ว  ตามแบบมาตรฐานกรมทรัพยากรน้ำ ทต.งิ้ว อ.เทิง จ.เชียงราย", "min": "กระทรวงมหาดไทย", "agc": "กรมส่งเสริมการปกครองท้องถิ่น", "plan_name": "บริหารจัดการทรัพยากรน้ำ", "stg_name": "ยุทธศาสตร์เร่งรัดวางรากฐานการพัฒนาที่ยั่งยืนของประเทศ", "objc_level1_name": "งบลงทุน", "compare": [{"bb_amount": 2723900, "bb_province": "เชียงราย"}], "gf_amount_sum": 0}
