{"bb_code": "1500822040600L92", "bb_year": "2559", "amount": 2723900, "min_code": "15000", "agc_code": "15008", "name": "ก่อสร้างประปาหมู่บ้านแบบบาดาลขนาดใหญ่ บ้านสันกอดู่ หมู่ที่ ๑๑ ตำบลแม่แรง ตามแบบมาตรฐาน ทต.แม่แรง อ.ป่าซาง จ.ลำพูน", "min": "กระทรวงมหาดไทย", "agc": "กรมส่งเสริมการปกครองท้องถิ่น", "plan_name": "บริหารจัดการทรัพยากรน้ำ", "stg_name": "ยุทธศาสตร์เร่งรัดวางรากฐานการพัฒนาที่ยั่งยืนของประเทศ", "objc_level1_name": "งบลงทุน", "compare": [{"bb_amount": 2723900, "bb_province": "ลำพูน"}], "gf_amount_sum": 0}
{"bb_code": "1500822040600317", "bb_year": "2559", "amount": 2723900, "min_code": "15000", "agc_code": "15008", "name": "ก่อสร้างระบบประปาหมู่บ้าน แบบบาดาลขนาดใหญ่ บ้านห้วยตุ้มสันติภาพ หมู่ที่ ๑๖ ตำบลงิ้ว  ตามแบบมาตรฐานกรมทรัพยากรน้ำ ทต.งิ้ว อ.เทิง จ.เชียงราย", "min": "กระทรวงมหาดไทย", "agc": "กรมส่งเสริมการปกครองท้องถิ่น", "plan_name": "บริหารจัดการทรัพยากรน้ำ", "stg_name": "ยุทธศาสตร์เร่งรัดวางรากฐานการพัฒนาที่ยั่งยืนของประเทศ", "objc_level1_name": "งบลงทุน", "compare": [{"bb_amount": 2723900, "bb_province": "เชียงราย"}], "gf_amount_sum": 0}
{"bb_code": "1500822040600V46", "bb_year": "2559", "amount": 2723900, "min_code": "15000", "agc_code": "15008", "name": "ก่อสร้างประปาหมู่บ้านแบบบาดาลขนาดใหญ่ บ้านเหล่ากล้วย หมู่ที่ ๓ ตำบลเสอเพลอ ตามแบบมาตรฐานกรมทรัพยากรน้ำ อบต.เสอเพลอ อ.กุมภวาปี จ.อุดรธานี", "min": "กระทรวงมหาดไทย", "agc": "กรมส่งเสริมการปกครองท้องถิ่น", "plan_name": "บริหารจัดการทรัพยากรน้ำ", "stg_name": "ยุทธศาสตร์เร่งรัดวางรากฐานการพัฒนาที่ยั่งยืนของประเทศ", "objc_level1_name": "งบลงทุน", "compare": [{"bb_amount": 2723900, "bb_province": "อุดรธานี"}], "gf_amount_sum": 0}
{"bb_code": "1500822040600318", "bb_year": "2559", "amount": 2723900, "min_code": "15000", "agc_code": "15008", "name": "ก่อสร้างระบบประปาหมู่บ้าน แบบบาดาลขนาดใหญ่ บ้านใหม่สันติสุข  หมู่ที่ ๑๗  ตำบลงิ้ว  ตามแบบมาตรฐานกรมทรัพยากรน้ำ ทต.งิ้ว อ.เทิง จ.เชียงราย", "min": "กระทรวงมหาดไทย", "agc": "กรมส่งเสริมการปกครองท้องถิ่น", "plan_name": "บริหารจัดการทรัพยากรน้ำ", "stg_name": "ยุทธศาสตร์เร่งรัดวางรากฐานการพัฒนาที่ยั่งยืนของประเทศ", "objc_level1_name": "งบลงทุน", "compare": [{"bb_amount": 2723900, "bb_province": "เชียงราย"}], "gf_amount_sum": 0}
{"bb_code": "1500822040600X50", "bb_year": "2559", "amount": 2723900, "min_code": "15000", "agc_code": "15008", "name": "ก่อสร้างระบบประปาหมู่บ้าน แบบบาดาลขนาดใหญ่ บ้านตาเอ็ม หมู่ที่ ๒ ตำบลตาเกา ตามแบบมาตรฐานกรมทรัพยากรน้ำ ทต.ตาเกา อ.น้ำขุ่น จ.อุบลราชธานี", "min": "กระทรวงมหาดไทย", "agc": "กรมส่งเสริมการปกครองท้องถิ่น", "plan_name": "บริหารจัดการทรัพยากรน้ำ", "stg_name": "ยุทธศาสตร์เร่งรัดวางรากฐานการพัฒนาที่ยั่งยืนของประเทศ", "objc_level1_name": "งบลงทุน", "compare": [{"bb_amount": 2723900, "bb_province": "อุบลราชธานี"}], "gf_amount_sum": 0}
{"bb_code": "1500822040600319", "bb_year": "2559", "amount": 2723900, "min_code": "15000", "agc_code": "15008", "name": "ก่อสร้างระบบประปาหมู่บ้าน แบบบาดาลขนาดใหญ่ บ้านตุ้มเชียงทอง  หมู่ที่ ๑๘ ตำบลงิ้ว  ตามแบบมาตรฐานกรมทรัพยากรน้ำ ทต.งิ้ว อ.เทิง จ.เชียงราย", "min": "กระทรวงมหาดไทย", "agc": "กรมส่งเสริมการปกครองท้องถิ่น", "plan_name": "บริหารจัดการทรัพยากรน้ำ", "stg_name": "ยุทธศาสตร์เร่งรัดวางรากฐานการพัฒนาที่ยั่งยืนของประเทศ", "objc_level1_name": "งบลงทุน", "compare": [{"bb_amount": 2723900, "bb_province": "เชียงราย"}], "gf_amount_sum": 0}
{"bb_code": "1500822040600S37", "bb_year": "2559", "amount": 2723900, "min_code": "15000", "agc_code": "15008", "name": "ก่อสร้างประปาหมู่บ้านแบบบาดาลขนาดใหญ่ หมู่ที่ ๑ บ้านทางพระ ตำบลทางพระ ตามแบบมาตรฐานกรมทรัพยากรน้ำกำหนด ทต.ทางพระ อ.โพธิ์ทอง จ.อ่างทอง", "min": "กระทรวงมหาดไทย", "agc": "กรมส่งเสริมการปกครองท้องถิ่น", "plan_name": "บริหารจัดการทรัพยากรน้ำ", "stg_name": "ยุทธศาสตร์เร่งรัดวางรากฐานการพัฒนาที่ยั่งยืนของประเทศ", "objc_level1_name": "งบลงทุน", "compare": [{"bb_amount": 2723900, "bb_province": "อ่างทอง"}], "gf_amount_sum": 0}
{"bb_code": "1500822040600322", "bb_year": "2559", "amount": 2723900, "min_code": "15000", "agc_code": "15008", "name": "ก่อสร้างระบบประปาหมู่บ้าน แบบบาดาลขนาดใหญ่ บ้านตุ้มรวงทอง  หมู่ที่ ๒๔ ตำบลงิ้ว ตามแบบมาตรฐานกรมทรัพยากรน้ำ ทต.งิ้ว อ.เทิง จ.เชียงราย", "min": "กระทรวงมหาดไทย", "agc": "กรมส่งเสริมการปกครองท้องถิ่น", "plan_name": "บริหารจัดการทรัพยากรน้ำ", "stg_name": "ยุทธศาสตร์เร่งรัดวางรากฐานการพัฒนาที่ยั่งยืนของประเทศ", "objc_level1_name": "งบลงทุน", "compare": [{"bb_amount": 2723900, "bb_province": "เชียงราย"}], "gf_amount_sum": 0}
{"bb_code": "1500822040600X51", "bb_year": "2559", "amount": 2723900, "min_code": "15000", "agc_code": "15008", "name": "ก่อสร้างระบบประปาหมู่บ้าน แบบบาดาลขนาดใหญ่ บ้านเกษตรหนองบอน หมู่ที่ ๑๕ ตำบลตาเกา ตามแบบมาตรฐานกรมทรัพยากรน้ำ ทต.ตาเกา อ.น้ำขุ่น จ.อุบลราชธานี", "min": "กระทรวงมหาดไทย", "agc": "กรมส่งเสริมการปกครองท้องถิ่น", "plan_name": "บริหารจัดการทรัพยากรน้ำ", "stg_name": "ยุทธศาสตร์เร่งรัดวางรากฐานการพัฒนาที่ยั่งยืนของประเทศ", "objc_level1_name": "งบลงทุน", "compare": [{"bb_amount": 2723900, "bb_province": "อุบลราชธานี"}], "gf_amount_sum": 0}
{"bb_code": "1500822040600335", "bb_year": "2559", "amount": 2723900, "min_code": "15000", "agc_code": "15008", "name": "ก่อสร้างระบบประปาบาดาลขนาดใหญ่ หมู่ที่ 10 บ้านสักใต้ ตามแบบมาตรฐานกรมทรัพยากรน้ำ ทต.ป่าแดด อ.ป่าแดด จ.เชียงราย", "min": "กระทรวงมหาดไทย", "agc": "กรมส่งเสริมการปกครองท้องถิ่น", "plan_name": "บริหารจัดการทรัพยากรน้ำ", "stg_name": "ยุทธศาสตร์เร่งรัดวางรากฐานการพัฒนาที่ยั่งยืนของประเทศ", "objc_level1_name": "งบลงทุน", "compare": [{"bb_amount": 2723900, "bb_province": "เชียงราย"}], "gf_amount_sum": 0}
{"bb_code": "1500822040600T76", "bb_year": "2559", "amount": 2723900, "min_code": "15000", "agc_code": "15008", "name": "ก่อสร้างระบบประปาหมู่บ้าน แบบบาดาลขนาดใหญ่ บ้านคำเดือย หมู่ ๑๒ ตำบลคำเขื่อนแก้ว ตามแบบกรมทรัพยากรน้ำ อบต.คำเขื่อนแก้ว อ.ชานุมาน จ.อำนาจเจริญ", "min": "กระทรวงมหาดไทย", "agc": "กรมส่งเสริมการปกครองท้องถิ่น", "plan_name": "บริหารจัดการทรัพยากรน้ำ", "stg_name": "ยุทธศาสตร์เร่งรัดวางรากฐานการพัฒนาที่ยั่งยืนของประเทศ", "objc_level1_name": "งบลงทุน", "compare": [{"bb_amount": 2723900, "bb_province": "อำนาจเจริญ"}], "gf_amount_sum": 0}
{"bb_code": "1500822040600337", "bb_year": "2559", "amount": 2723900, "min_code": "15000", "agc_code": "15008", "name": "ก่อสร้างระบบประปาหมู่บ้านแบบบาดาลขนาดใหญ่ บ้านเหล่า หมู่ ๔  ตามแบบมาตรฐานทรัพยากรน้ำ ทต.เม็งราย อ.พญาเม็งราย จ.เชียงราย", "min": "กระทรวงมหาดไทย", "agc": "กรมส่งเสริมการปกครองท้องถิ่น", "plan_name": "บริหารจัดการทรัพยากรน้ำ", "stg_name": "ยุทธศาสตร์เร่งรัดวางรากฐานการพัฒนาที่ยั่งยืนของประเทศ", "objc_level1_name": "งบลงทุน", "compare": [{"bb_amount": 2723900, "bb_province": "เชียงราย"}], "gf_amount_sum": 0}
{"bb_code": "1500822040600X49", "bb_year": "2559", "amount": 2723900, "min_code": "15000", "agc_code": "15008", "name": "ก่อสร้างระบบประปาหมู่บ้าน แบบบาดาลขนาดใหญ่ บ้านโนนงาม หมู่ที่ ๗ ตำบลตาเกา ตามแบบมาตรฐานกรมทรัพยากรน้ำ ทต.ตาเกา อ.น้ำขุ่น จ.อุบลราชธานี", "min": "กระทรวงมหาดไทย", "agc": "กรมส่งเสริมการปกครองท้องถิ่น", "plan_name": "บริหารจัดการทรัพยากรน้ำ", "stg_name": "ยุทธศาสตร์เร่งรัดวางรากฐานการพัฒนาที่ยั่งยืนของประเทศ", "objc_level1_name": "งบลงทุน", "compare": [{"bb_amount": 2723900, "bb_province": "อุบลราชธานี"}], "gf_amount_sum": 0}
{"bb_code": "1500822040600339", "bb_year": "2559", "amount": 2723900, "min_code": "15000", "agc_code": "15008", "name": "ก่อสร้างประปาหมู่บ้านแบบบาดาลขนาดใหญ่ บ้านบ่อแสง หมู่ ๒  ตามแบบมาตรฐานกรมทรัพยากรน้ำ อบต.แม่ต๋ำ อ.พญาเม็งราย จ.เชียงราย", "min": "กระทรวงมหาดไทย", "agc": "กรมส่งเสริมการปกครองท้องถิ่น", "plan_name": "บริหารจัดการทรัพยากรน้ำ", "stg_name": "ยุทธศาสตร์เร่งรัดวางรากฐานการพัฒนาที่ยั่งยืนของประเทศ", "objc_level1_name": "งบลงทุน", "compare": [{"bb_amount": 2723900, "bb_province": "เชียงราย"}], "gf_amount_sum": 0}
{"bb_code": "1500822040600S44", "bb_year": "2559", "amount": 2723900, "min_code": "15000", "agc_code": "15008", "name": "ก่อสร้างประปาหมู่บ้านแบบบาดาลขนาดใหญ่ หมู่ที่ ๖ บ้านบางพลับ ตำบลบางพลับ ตามแบบมาตรฐานกรมทรัพยากรน้ำกำหนด อบต.บางพลับ อ.โพธิ์ทอง จ.อ่างทอง", "min": "กระทรวงมหาดไทย", "agc": "กรมส่งเสริมการปกครองท้องถิ่น", "plan_name": "บริหารจัดการทรัพยากรน้ำ", "stg_name": "ยุทธศาสตร์เร่งรัดวางรากฐานการพัฒนาที่ยั่งยืนของประเทศ", "objc_level1_name": "งบลงทุน", "compare": [{"bb_amount": 2723900, "bb_province": "อ่างทอง"}], "gf_amount_sum": 0}
{"bb_code": "1500822040600340", "bb_year": "2559", "amount": 2723900, "min_code": "15000", "agc_code": "15008", "name": "ก่อสร้างประปาหมู่บ้านแบบบาดาลขนาดใหญ่ บ้านสันรวกทอง หมู่ ๖ ตามแบบมาตรฐานกรมทรัพยากรน้ำ อบต.แม่ต๋ำ อ.พญาเม็งราย จ.เชียงราย", "min": "กระทรวงมหาดไทย", "agc": "กรมส่งเสริมการปกครองท้องถิ่น", "plan_name": "บริหารจัดการทรัพยากรน้ำ", "stg_name": "ยุทธศาสตร์เร่งรัดวางรากฐานการพัฒนาที่ยั่งยืนของประเทศ", "objc_level1_name": "งบลงทุน", "compare": [{"bb_amount": 2723900, "bb_province": "เชียงราย"}], "gf_amount_sum": 0}
{"bb_code": "1500822040600S99", "bb_year": "2559", "amount": 2723900, "min_code": "15000", "agc_code": "15008", "name": "ก่อสร้างระบบประปาหมู่บ้านแบบบาดาลขนาดใหญ่ บ้านข่อยสูง หมู่ที่ ๑ ตำบลข่อยสูง ตามแบบมาตรฐานกรมทรัพยากรน้ำ อบต.ข่อยสูง อ.ตรอน จ.อุตรดิตถ์", "min": "กระทรวงมหาดไทย", "agc": "กรมส่งเสริมการปกครองท้องถิ่น", "plan_name": "บริหารจัดการทรัพยากรน้ำ", "stg_name": "ยุทธศาสตร์เร่งรัดวางรากฐานการพัฒนาที่ยั่งยืนของประเทศ", "objc_level1_name": "งบลงทุน", "compare": [{"bb_amount": 2723900, "bb_province": "อุตรดิตถ์"}], "gf_amount_sum": 0}
{"bb_code": "1500822040600342", "bb_year": "2559", "amount": 2723900, "min_code": "15000", "agc_code": "15008", "name": "ก่อสร้างระบบประปาหมู่บ้าน แบบบาดาลขนาดใหญ่ หมู่ที่ ๑๘ บ้านป่าสัก  ตามแบบมาตรฐานกรมทรัพยากรน้ำ ทต.สันมะเค็ด อ.พาน จ.เชียงราย", "min": "กระทรวงมหาดไทย", "agc": "กรมส่งเสริมการปกครองท้องถิ่น", "plan_name": "บริหารจัดการทรัพยากรน้ำ", "stg_name": "ยุทธศาสตร์เร่งรัดวางรากฐานการพัฒนาที่ยั่งยืนของประเทศ", "objc_level1_name": "งบลงทุน", "compare": [{"bb_amount": 2723900, "bb_province": "เชียงราย"}], "gf_amount_sum": 0}
{"bb_code": "1500822040600M84", "bb_year": "2559", "amount": 2723900, "min_code": "15000", "agc_code": "15008", "name": "ก่อสร้างระบบประปาหมู่บ้านแบบบาดาลขนาดใหญ่ หมู่ที่ ๑๐ บ้านวารีสมบูรณ์ ตำบลวารีสวัสดิ์  ตามแบบมาตรฐานกรมทรัพยากรน้ำ อบต.วารีสวัสดิ์ อ.พนมไพร จ.ร้อยเอ็ด", "min": "กระทรวงมหาดไทย", "agc": "กรมส่งเสริมการปกครองท้องถิ่น", "plan_name": "บริหารจัดการทรัพยากรน้ำ", "stg_name": "ยุทธศาสตร์เร่งรัดวางรากฐานการพัฒนาที่ยั่งยืนของประเทศ", "objc_level1_name": "งบลงทุน", "compare": [{"bb_amount": 2723900, "bb_province": "ร้อยเอ็ด"}], "gf_amount_sum": 0}
{"bb_code": "1500822040600343", "bb_year": "2559", "amount": 2723900, "min_code": "15000", "agc_code": "15008", "name": "ก่อสร้างระบบประปาหมู่บ้าน แบบบาดาลขนาดใหญ่ หมู่ที่ ๔ บ้านสันต้นดู่  ตามแบบมาตรฐานกรมทรัพยากรน้ำ ทต.สันมะเค็ด อ.พาน จ.เชียงราย", "min": "กระทรวงมหาดไทย", "agc": "กรมส่งเสริมการปกครองท้องถิ่น", "plan_name": "บริหารจัดการทรัพยากรน้ำ", "stg_name": "ยุทธศาสตร์เร่งรัดวางรากฐานการพัฒนาที่ยั่งยืนของประเทศ", "objc_level1_name": "งบลงทุน", "compare": [{"bb_amount": 2723900, "bb_province": "เชียงราย"}], "gf_amount_sum": 0}
