{"bb_code": "1500822040600T00", "bb_year": "2559", "amount": 2723900, "min_code": "15000", "agc_code": "15008", "name": "ก่อสร้างประปาหมู่บ้านแบบบาดาลขนาดใหญ่ หมู่ที่ ๗ ตำบลสามโก้ ตามแบบมาตรฐานกรมทรัพยากรน้ำกำหนด ทต.สามโก้ อ.สามโก้ จ.อ่างทอง", "min": "กระทรวงมหาดไทย", "agc": "กรมส่งเสริมการปกครองท้องถิ่น", "plan_name": "บริหารจัดการทรัพยากรน้ำ", "stg_name": "ยุทธศาสตร์เร่งรัดวางรากฐานการพัฒนาที่ยั่งยืนของประเทศ", "objc_level1_name": "งบลงทุน", "compare": [{"bb_amount": 2723900, "bb_province": "อ่างทอง"}], "gf_amount_sum": 0}
{"bb_code": "1500822040600344", "bb_year": "2559", "amount": 2723900, "min_code": "15000", "agc_code": "15008", "name": "ก่อสร้างระบบประปาหมู่บ้านแบบบาดาลขนาดใหญ่  หมู่ที่ 3 บ้านกล้วย ตามแบบมาตรฐานกรมทรัพยากรน้ำ อบต.เจริญเมือง อ.พาน จ.เชียงราย", "min": "กระทรวงมหาดไทย", "agc": "กรมส่งเสริมการปกครองท้องถิ่น", "plan_name": "บริหารจัดการทรัพยากรน้ำ", "stg_name": "ยุทธศาสตร์เร่งรัดวางรากฐานการพัฒนาที่ยั่งยืนของประเทศ", "objc_level1_name": "งบลงทุน", "compare": [{"bb_amount": 2723900, "bb_province": "เชียงราย"}], "gf_amount_sum": 0}
{"bb_code": "1500822040600X52", "bb_year": "2559", "amount": 2723900, "min_code": "15000", "agc_code": "15008", "name": "ก่อสร้างระบบประปาหมู่บ้าน แบบบาดาลขนาดใหญ่ บ้านโคกสะอาด หมู่ที่ ๑๑ ตำบลโคกสะอาด  ตามแบบมาตรฐานกรมทรัพยากรน้ำ อบต.โคกสะอาด อ.น้ำขุ่น จ.อุบลราชธานี", "min": "กระทรวงมหาดไทย", "agc": "กรมส่งเสริมการปกครองท้องถิ่น", "plan_name": "บริหารจัดการทรัพยากรน้ำ", "stg_name": "ยุทธศาสตร์เร่งรัดวางรากฐานการพัฒนาที่ยั่งยืนของประเทศ", "objc_level1_name": "งบลงทุน", "compare": [{"bb_amount": 2723900, "bb_province": "อุบลราชธานี"}], "gf_amount_sum": 0}
{"bb_code": "1500822040600345", "bb_year": "2559", "amount": 2723900, "min_code": "15000", "agc_code": "15008", "name": "ก่อสร้างระบบประปาหมู่บ้าน แบบบาดาลขนาดใหญ่ หมู่ที่ ๒ บ้านจำคาวตอง ตามแบบมาตรฐานกรมทรัพยากรน้ำ อบต.ดอยงาม อ.พาน จ.เชียงราย", "min": "กระทรวงมหาดไทย", "agc": "กรมส่งเสริมการปกครองท้องถิ่น", "plan_name": "บริหารจัดการทรัพยากรน้ำ", "stg_name": "ยุทธศาสตร์เร่งรัดวางรากฐานการพัฒนาที่ยั่งยืนของประเทศ", "objc_level1_name": "งบลงทุน", "compare": [{"bb_amount": 2723900, "bb_province": "เชียงราย"}], "gf_amount_sum": 0}
{"bb_code": "1500822040600T07", "bb_year": "2559", "amount": 2723900, "min_code": "15000", "agc_code": "15008", "name": "ก่อสร้างประปาหมู่บ้านแบบบาดาลขนาดกลาง หมู่ที่ ๕ บ้านโพธิ์สำราญ ตำบลบ้านพราน ตามแบบมาตรฐานกรมทรัพยากรน้ำกำหนด อบต.บ้านพราน อ.แสวงหา จ.อ่างทอง", "min": "กระทรวงมหาดไทย", "agc": "กรมส่งเสริมการปกครองท้องถิ่น", "plan_name": "บริหารจัดการทรัพยากรน้ำ", "stg_name": "ยุทธศาสตร์เร่งรัดวางรากฐานการพัฒนาที่ยั่งยืนของประเทศ", "objc_level1_name": "งบลงทุน", "compare": [{"bb_amount": 2723900, "bb_province": "อ่างทอง"}], "gf_amount_sum": 0}
{"bb_code": "1500822040600346", "bb_year": "2559", "amount": 2723900, "min_code": "15000", "agc_code": "15008", "name": "ก่อสร้างระบบประปาหมู่บ้าน แบบบาดาลขนาดใหญ่ หมู่ที่ ๖ บ้านสันมะกอก  ตามแบบมาตรฐานกรมทรัพยากรน้ำ อบต.ดอยงาม อ.พาน จ.เชียงราย", "min": "กระทรวงมหาดไทย", "agc": "กรมส่งเสริมการปกครองท้องถิ่น", "plan_name": "บริหารจัดการทรัพยากรน้ำ", "stg_name": "ยุทธศาสตร์เร่งรัดวางรากฐานการพัฒนาที่ยั่งยืนของประเทศ", "objc_level1_name": "งบลงทุน", "compare": [{"bb_amount": 2723900, "bb_province": "เชียงราย"}], "gf_amount_sum": 0}
{"bb_code": "1500822040600X71", "bb_year": "2559", "amount": 2723900, "min_code": "15000", "agc_code": "15008", "name": "ก่อสร้างระบบประปาหมู่บ้าน แบบบาดาลขนาดใหญ่ บ้านโนนม่วง หมู่ที่ ๘  ตำบลกุดชมภู ตามแบบมาตรฐานกรมทรัพยากรน้ำ ทต.กุดชมภู อ.พิบูลมังสาหาร จ.อุบลราชธานี", "min": "กระทรวงมหาดไทย", "agc": "กรมส่งเสริมการปกครองท้องถิ่น", "plan_name": "บริหารจัดการทรัพยากรน้ำ", "stg_name": "ยุทธศาสตร์เร่งรัดวางรากฐานการพัฒนาที่ยั่งยืนของประเทศ", "objc_level1_name": "งบลงทุน", "compare": [{"bb_amount": 2723900, "bb_province": "อุบลราชธานี"}], "gf_amount_sum": 0}
{"bb_code": "1500822040600348", "bb_year": "2559", "amount": 2723900, "min_code": "15000", "agc_code": "15008", "name": "ก่อสร้างระบบประปาหมู่บ้าน แบบบาดาลขนาดใหญ่ หมู่ที่ ๑ บ้านสันทราย ใช้แบบแปลน สำนักบริหารจัดการน้ำกรมทรัพยากรน้ำ อบต.ทรายขาว อ.พาน จ.เชียงราย", "min": "กระทรวงมหาดไทย", "agc": "กรมส่งเสริมการปกครองท้องถิ่น", "plan_name": "บริหารจัดการทรัพยากรน้ำ", "stg_name": "ยุทธศาสตร์เร่งรัดวางรากฐานการพัฒนาที่ยั่งยืนของประเทศ", "objc_level1_name": "งบลงทุน", "compare": [{"bb_amount": 2723900, "bb_province": "เชียงราย"}], "gf_amount_sum": 0}
{"bb_code": "1500822040600T03", "bb_year": "2559", "amount": 2723900, "min_code": "15000", "agc_code": "15008", "name": "ก่อสร้างประปาหมู่บ้านแบบบดาลขนาดใหญ่ หมู่ที่ ๗ บ้านเพชร ตำบลแสวงหา ตามแบบมาตรฐานกรมทรัพยากรน้ำกำหนด ทต.เพชรเมืองทอง อ.แสวงหา จ.อ่างทอง", "min": "กระทรวงมหาดไทย", "agc": "กรมส่งเสริมการปกครองท้องถิ่น", "plan_name": "บริหารจัดการทรัพยากรน้ำ", "stg_name": "ยุทธศาสตร์เร่งรัดวางรากฐานการพัฒนาที่ยั่งยืนของประเทศ", "objc_level1_name": "งบลงทุน", "compare": [{"bb_amount": 2723900, "bb_province": "อ่างทอง"}], "gf_amount_sum": 0}
{"bb_code": "1500822040600351", "bb_year": "2559", "amount": 2723900, "min_code": "15000", "agc_code": "15008", "name": "ก่อสร้างระบบประปาหมู่บ้าน แบบบาดาลขนาดใหญ่ หมู่ที่ ๔ บ้านป่ารวก ตามแบบมาตรฐานกรมทรัพยากรน้ำ อบต.ธารทอง อ.พาน จ.เชียงราย", "min": "กระทรวงมหาดไทย", "agc": "กรมส่งเสริมการปกครองท้องถิ่น", "plan_name": "บริหารจัดการทรัพยากรน้ำ", "stg_name": "ยุทธศาสตร์เร่งรัดวางรากฐานการพัฒนาที่ยั่งยืนของประเทศ", "objc_level1_name": "งบลงทุน", "compare": [{"bb_amount": 2723900, "bb_province": "เชียงราย"}], "gf_amount_sum": 0}
{"bb_code": "1500822040600X72", "bb_year": "2559", "amount": 2723900, "min_code": "15000", "agc_code": "15008", "name": "ก่อสร้างระบบประปาหมู่บ้าน แบบบาดาลขนาดใหญ่ บ้านหินลาด หมู่ที่ ๖  ตำบลกุดชมภู ตามแบบมาตรฐานกรมทรัพยากรน้ำ ทต.กุดชมภู อ.พิบูลมังสาหาร จ.อุบลราชธานี", "min": "กระทรวงมหาดไทย", "agc": "กรมส่งเสริมการปกครองท้องถิ่น", "plan_name": "บริหารจัดการทรัพยากรน้ำ", "stg_name": "ยุทธศาสตร์เร่งรัดวางรากฐานการพัฒนาที่ยั่งยืนของประเทศ", "objc_level1_name": "งบลงทุน", "compare": [{"bb_amount": 2723900, "bb_province": "อุบลราชธานี"}], "gf_amount_sum": 0}
{"bb_code": "1500822040600320", "bb_year": "2559", "amount": 2723900, "min_code": "15000", "agc_code": "15008", "name": "ก่อสร้างระบบประปาหมู่บ้าน แบบบาดาลขนาดใหญ่ บ้านม่อนพญาอินทร์  หมู่ที่ ๑๙ ตำบลงิ้ว  ตามแบบมาตรฐานกรมทรัพยากรน้ำ ทต.งิ้ว อ.เทิง จ.เชียงราย", "min": "กระทรวงมหาดไทย", "agc": "กรมส่งเสริมการปกครองท้องถิ่น", "plan_name": "บริหารจัดการทรัพยากรน้ำ", "stg_name": "ยุทธศาสตร์เร่งรัดวางรากฐานการพัฒนาที่ยั่งยืนของประเทศ", "objc_level1_name": "งบลงทุน", "compare": [{"bb_amount": 2723900, "bb_province": "เชียงราย"}], "gf_amount_sum": 0}
{"bb_code": "1500822040600T96", "bb_year": "2559", "amount": 2723900, "min_code": "15000", "agc_code": "15008", "name": "ก่อสร้างประปาหมู่บ้าน แบบบาดาลขนาดใหญ่ บ้านห้วยทม หมู่ที่ ๒ ตำบลป่าก่อ ตามแบบมาตรฐานกรมทรัพยากรน้ำ อบต.ป่าก่อ อ.ชานุมาน จ.อำนาจเจริญ", "min": "กระทรวงมหาดไทย", "agc": "กรมส่งเสริมการปกครองท้องถิ่น", "plan_name": "บริหารจัดการทรัพยากรน้ำ", "stg_name": "ยุทธศาสตร์เร่งรัดวางรากฐานการพัฒนาที่ยั่งยืนของประเทศ", "objc_level1_name": "งบลงทุน", "compare": [{"bb_amount": 2723900, "bb_province": "อำนาจเจริญ"}], "gf_amount_sum": 0}
{"bb_code": "1500822040600363", "bb_year": "2559", "amount": 2723900, "min_code": "15000", "agc_code": "15008", "name": "ก่อสร้างระบบประปาหมู่บ้าน แบบบาดาลขนาดใหญ่ หมู่ที่ ๕  บ้านสันผักแค ตามแบบมาตรฐานกรมทรัพยากรน้ำ อบต.ม่วงคำ อ.พาน จ.เชียงราย", "min": "กระทรวงมหาดไทย", "agc": "กรมส่งเสริมการปกครองท้องถิ่น", "plan_name": "บริหารจัดการทรัพยากรน้ำ", "stg_name": "ยุทธศาสตร์เร่งรัดวางรากฐานการพัฒนาที่ยั่งยืนของประเทศ", "objc_level1_name": "งบลงทุน", "compare": [{"bb_amount": 2723900, "bb_province": "เชียงราย"}], "gf_amount_sum": 0}
{"bb_code": "1500822040600N41", "bb_year": "2559", "amount": 2723900, "min_code": "15000", "agc_code": "15008", "name": "ก่อสร้างระบบประปาหมู่บ้านแบบาดาลขนาดใหญ่ หมู่ที่ ๒ บ้านหลักหนึ่ง ตำบลสวนส้ม ตามแบบมาตรฐานกรมทรัพยากรน้ำ อบต.สวนส้ม อ.บ้านแพ้ว จ.สมุทรสาคร", "min": "กระทรวงมหาดไทย", "agc": "กรมส่งเสริมการปกครองท้องถิ่น", "plan_name": "บริหารจัดการทรัพยากรน้ำ", "stg_name": "ยุทธศาสตร์เร่งรัดวางรากฐานการพัฒนาที่ยั่งยืนของประเทศ", "objc_level1_name": "งบลงทุน", "compare": [{"bb_amount": 2723900, "bb_province": "สมุทรสาคร"}], "gf_amount_sum": 0}
{"bb_code": "1500822040600364", "bb_year": "2559", "amount": 2723900, "min_code": "15000", "agc_code": "15008", "name": "ก่อสร้างประปาหมู่บ้านแบบบาดาลขนาดใหญ่ หมู่ที่ ๘ บ้านทุ่งยาว ตำบลป่าป้อง ตามแบบมาตรฐานกรมทรัพยากรน้ำ ทต.ป่าป้อง อ.ดอยสะเก็ด จ.เชียงใหม่", "min": "กระทรวงมหาดไทย", "agc": "กรมส่งเสริมการปกครองท้องถิ่น", "plan_name": "บริหารจัดการทรัพยากรน้ำ", "stg_name": "ยุทธศาสตร์เร่งรัดวางรากฐานการพัฒนาที่ยั่งยืนของประเทศ", "objc_level1_name": "งบลงทุน", "compare": [{"bb_amount": 2723900, "bb_province": "เชียงใหม่"}], "gf_amount_sum": 0}
{"bb_code": "1500822040600M36", "bb_year": "2559", "amount": 2723900, "min_code": "15000", "agc_code": "15008", "name": "ก่อสร้างระบบประปาหมู่บ้าน แบบบาดาลขนาดใหญ่ หมู่ที่ ๔ บ้านกูแบฆาลอ ตำบลเปาะเส้ง ตามแบบมาตรฐานกรมทรัพยากรน้ำ อบต.เปาะเส้ง อ.เมืองยะลา จ.ยะลา", "min": "กระทรวงมหาดไทย", "agc": "กรมส่งเสริมการปกครองท้องถิ่น", "plan_name": "บริหารจัดการทรัพยากรน้ำ", "stg_name": "ยุทธศาสตร์เร่งรัดวางรากฐานการพัฒนาที่ยั่งยืนของประเทศ", "objc_level1_name": "งบลงทุน", "compare": [{"bb_amount": 2723900, "bb_province": "ยะลา"}], "gf_amount_sum": 0}
{"bb_code": "1500822040600321", "bb_year": "2559", "amount": 2723900, "min_code": "15000", "agc_code": "15008", "name": "ก่อสร้างระบบประปาหมู่บ้าน แบบบาดาลขนาดใหญ่ บ้านสักสันเจริญ  หมู่ที่ ๒๐ ตำบลงิ้ว  ตามแบบมาตรฐานกรมทรัพยากรน้ำ ทต.งิ้ว อ.เทิง จ.เชียงราย", "min": "กระทรวงมหาดไทย", "agc": "กรมส่งเสริมการปกครองท้องถิ่น", "plan_name": "บริหารจัดการทรัพยากรน้ำ", "stg_name": "ยุทธศาสตร์เร่งรัดวางรากฐานการพัฒนาที่ยั่งยืนของประเทศ", "objc_level1_name": "งบลงทุน", "compare": [{"bb_amount": 2723900, "bb_province": "เชียงราย"}], "gf_amount_sum": 0}
{"bb_code": "1500822040600T68", "bb_year": "2559", "amount": 2723900, "min_code": "15000", "agc_code": "15008", "name": "ก่อสร้างประปาหมู่บ้าน แบบบาดาลขนาดใหญ่ บ้านโคกก่ง หมู่ ๑ ตำบลโคกก่ง ตามแบบกรมทรัพยากรน้ำ ทต.โคกก่ง อ.ชานุมาน จ.อำนาจเจริญ", "min": "กระทรวงมหาดไทย", "agc": "กรมส่งเสริมการปกครองท้องถิ่น", "plan_name": "บริหารจัดการทรัพยากรน้ำ", "stg_name": "ยุทธศาสตร์เร่งรัดวางรากฐานการพัฒนาที่ยั่งยืนของประเทศ", "objc_level1_name": "งบลงทุน", "compare": [{"bb_amount": 2723900, "bb_province": "อำนาจเจริญ"}], "gf_amount_sum": 0}
{"bb_code": "1500822040600352", "bb_year": "2559", "amount": 2723900, "min_code": "15000", "agc_code": "15008", "name": "ก่อสร้างระบบประปาหมู่บ้าน แบบบาดาลขนาดใหญ่ หมู่ที่ ๑  บ้านป่าหุ่ง ตามแบบมตรฐานกรมทรัพยากรน้ำ อบต.ป่าหุ่ง อ.พาน จ.เชียงราย", "min": "กระทรวงมหาดไทย", "agc": "กรมส่งเสริมการปกครองท้องถิ่น", "plan_name": "บริหารจัดการทรัพยากรน้ำ", "stg_name": "ยุทธศาสตร์เร่งรัดวางรากฐานการพัฒนาที่ยั่งยืนของประเทศ", "objc_level1_name": "งบลงทุน", "compare": [{"bb_amount": 2723900, "bb_province": "เชียงราย"}], "gf_amount_sum": 0}
