{"bb_code": "1500822040600R36", "bb_year": "2559", "amount": 2723900, "min_code": "15000", "agc_code": "15008", "name": "ก่อสร้างประปาหมู่บ้าน แบบบาดาลขนาดใหญ่ หมู่ที่ ๖ บ้านเหมือง ตำบลศรีนคร รายละเอียดตามปริมาณงานและแบบแปลนที่เทศบาลตำบลศรีนครกำหนด ทต.ศรีนคร อ.ศรีนคร จ.สุโขทัย", "min": "กระทรวงมหาดไทย", "agc": "กรมส่งเสริมการปกครองท้องถิ่น", "plan_name": "บริหารจัดการทรัพยากรน้ำ", "stg_name": "ยุทธศาสตร์เร่งรัดวางรากฐานการพัฒนาที่ยั่งยืนของประเทศ", "objc_level1_name": "งบลงทุน", "compare": [{"bb_amount": 2723900, "bb_province": "สุโขทัย"}], "gf_amount_sum": 0}
{"bb_code": "1500822040600414", "bb_year": "2559", "amount": 2723900, "min_code": "15000", "agc_code": "15008", "name": "ก่อสร้างประปาหมู่บ้าน แบบบาดาลขนาดใหญ่ บ้านดงมะตืน  หมู่ที่ ๕ ตามแบบมาตรฐานกรมทรัพยากรน้ำ ทต.แม่ไร่ อ.แม่จัน จ.เชียงราย", "min": "กระทรวงมหาดไทย", "agc": "กรมส่งเสริมการปกครองท้องถิ่น", "plan_name": "บริหารจัดการทรัพยากรน้ำ", "stg_name": "ยุทธศาสตร์เร่งรัดวางรากฐานการพัฒนาที่ยั่งยืนของประเทศ", "objc_level1_name": "งบลงทุน", "compare": [{"bb_amount": 2723900, "bb_province": "เชียงราย"}], "gf_amount_sum": 0}
{"bb_code": "1500822040600X88", "bb_year": "2559", "amount": 2723900, "min_code": "15000", "agc_code": "15008", "name": "ก่อสร้างระบบประปาหมู่บ้าน แบบบาดาลขนาดใหญ่ บ้านโนนรังน้อย หมู่ที่ ๓ ตำบลยางโยภาพ  ตามแบบมาตรฐานการประปานครหลวง อบต.ยางโยภาพ อ.ม่วงสามสิบ จ.อุบลราชธานี", "min": "กระทรวงมหาดไทย", "agc": "กรมส่งเสริมการปกครองท้องถิ่น", "plan_name": "บริหารจัดการทรัพยากรน้ำ", "stg_name": "ยุทธศาสตร์เร่งรัดวางรากฐานการพัฒนาที่ยั่งยืนของประเทศ", "objc_level1_name": "งบลงทุน", "compare": [{"bb_amount": 2723900, "bb_province": "อุบลราชธานี"}], "gf_amount_sum": 0}
{"bb_code": "1500822040600418", "bb_year": "2559", "amount": 2723900, "min_code": "15000", "agc_code": "15008", "name": "ก่อสร้างประปาหมู่บ้านแบบบาดาลขนาดใหญ่ หมู่ที่ ๕ บ้านแม่แวน ตำบลแม่แวน ตามแบบมาตรฐานกรมทรัพยากรน้ำ อบต.แม่แวน อ.พร้าว จ.เชียงใหม่", "min": "กระทรวงมหาดไทย", "agc": "กรมส่งเสริมการปกครองท้องถิ่น", "plan_name": "บริหารจัดการทรัพยากรน้ำ", "stg_name": "ยุทธศาสตร์เร่งรัดวางรากฐานการพัฒนาที่ยั่งยืนของประเทศ", "objc_level1_name": "งบลงทุน", "compare": [{"bb_amount": 2723900, "bb_province": "เชียงใหม่"}], "gf_amount_sum": 0}
{"bb_code": "1500822040600X95", "bb_year": "2559", "amount": 2723900, "min_code": "15000", "agc_code": "15008", "name": "ก่อสร้างระบบประปาหมู่บ้าน แบบบาดาลขนาดใหญ่ บ้านหนองแต้ หมู่ที่ ๑ ตำบลขี้เหล็ก ตามแบบมาตรฐานกรมทรัพยากรน้ำ อบต.ขี้เหล็ก อ.เมืองอุบลราชธานี จ.อุบลราชธานี", "min": "กระทรวงมหาดไทย", "agc": "กรมส่งเสริมการปกครองท้องถิ่น", "plan_name": "บริหารจัดการทรัพยากรน้ำ", "stg_name": "ยุทธศาสตร์เร่งรัดวางรากฐานการพัฒนาที่ยั่งยืนของประเทศ", "objc_level1_name": "งบลงทุน", "compare": [{"bb_amount": 2723900, "bb_province": "อุบลราชธานี"}], "gf_amount_sum": 0}
{"bb_code": "1500822040600419", "bb_year": "2559", "amount": 2723900, "min_code": "15000", "agc_code": "15008", "name": "ก่อสร้างประปาหมู่บ้าน แบบบาดาลขนาดใหญ่ บ้านสันกองใหม่  หมู่ที่ ๙  ตามแบบมาตรฐานกรมทรัพยากรน้ำ ทต.แม่ไร่ อ.แม่จัน จ.เชียงราย", "min": "กระทรวงมหาดไทย", "agc": "กรมส่งเสริมการปกครองท้องถิ่น", "plan_name": "บริหารจัดการทรัพยากรน้ำ", "stg_name": "ยุทธศาสตร์เร่งรัดวางรากฐานการพัฒนาที่ยั่งยืนของประเทศ", "objc_level1_name": "งบลงทุน", "compare": [{"bb_amount": 2723900, "bb_province": "เชียงราย"}], "gf_amount_sum": 0}
{"bb_code": "1500822040600N70", "bb_year": "2559", "amount": 2723900, "min_code": "15000", "agc_code": "15008", "name": "ก่อสร้างประปาหมู่บ้าน แบบบาดาลขนาดใหญ่ บ้านโนนตะวัน หมู่ที่ ๑๔ ทต.นาดอกคำ อ.นาด้วง จ.เลย", "min": "กระทรวงมหาดไทย", "agc": "กรมส่งเสริมการปกครองท้องถิ่น", "plan_name": "บริหารจัดการทรัพยากรน้ำ", "stg_name": "ยุทธศาสตร์เร่งรัดวางรากฐานการพัฒนาที่ยั่งยืนของประเทศ", "objc_level1_name": "งบลงทุน", "compare": [{"bb_amount": 2723900, "bb_province": "เลย"}], "gf_amount_sum": 0}
{"bb_code": "1500822040600416", "bb_year": "2559", "amount": 2723900, "min_code": "15000", "agc_code": "15008", "name": "ก่อสร้างประปาหมู่บ้าน แบบบาดาลขนาดใหญ่ บ้านดอนชัย หมู่ที่ ๘  ตามแบบมาตรฐานกรมทรัพยากรน้ำ ทต.แม่ไร่ อ.แม่จัน จ.เชียงราย", "min": "กระทรวงมหาดไทย", "agc": "กรมส่งเสริมการปกครองท้องถิ่น", "plan_name": "บริหารจัดการทรัพยากรน้ำ", "stg_name": "ยุทธศาสตร์เร่งรัดวางรากฐานการพัฒนาที่ยั่งยืนของประเทศ", "objc_level1_name": "งบลงทุน", "compare": [{"bb_amount": 2723900, "bb_province": "เชียงราย"}], "gf_amount_sum": 0}
{"bb_code": "1500822040600M37", "bb_year": "2559", "amount": 2723900, "min_code": "15000", "agc_code": "15008", "name": "ก่อสร้างระบบประปาหมู่บ้าน แบบบาดาลขนาดใหญ่ หมู่ที่ ๓ บ้านตาสา ตำบลพร่อน ตามแบบมาตรฐานกรมทรัพยากรน้ำ อบต.พร่อน อ.เมืองยะลา จ.ยะลา", "min": "กระทรวงมหาดไทย", "agc": "กรมส่งเสริมการปกครองท้องถิ่น", "plan_name": "บริหารจัดการทรัพยากรน้ำ", "stg_name": "ยุทธศาสตร์เร่งรัดวางรากฐานการพัฒนาที่ยั่งยืนของประเทศ", "objc_level1_name": "งบลงทุน", "compare": [{"bb_amount": 2723900, "bb_province": "ยะลา"}], "gf_amount_sum": 0}
{"bb_code": "1500822040600421", "bb_year": "2559", "amount": 2723900, "min_code": "15000", "agc_code": "15008", "name": "ก่อสร้างประปาหมู่บ้านแบบบาดาลขนาดใหญ่ หมู่ที่ ๖ บ้านหนองบัว ตำบลแม่แวน ตามแบบมาตรฐานกรมทรัพยากรน้ำ อบต.แม่แวน อ.พร้าว จ.เชียงใหม่", "min": "กระทรวงมหาดไทย", "agc": "กรมส่งเสริมการปกครองท้องถิ่น", "plan_name": "บริหารจัดการทรัพยากรน้ำ", "stg_name": "ยุทธศาสตร์เร่งรัดวางรากฐานการพัฒนาที่ยั่งยืนของประเทศ", "objc_level1_name": "งบลงทุน", "compare": [{"bb_amount": 2723900, "bb_province": "เชียงใหม่"}], "gf_amount_sum": 0}
{"bb_code": "1500822040600M21", "bb_year": "2559", "amount": 2723900, "min_code": "15000", "agc_code": "15008", "name": "ก่อสร้างประปาหมู่บ้านแบบบาดาลขนาดใหญ่ บ้านปาง หมู่ที่ ๑ ตำบลศรีวิชัย ตามแบบมาตรฐานกรมทรัพยากรน้ำ ทต.ศรีวิชัย อ.ลี้ จ.ลำพูน", "min": "กระทรวงมหาดไทย", "agc": "กรมส่งเสริมการปกครองท้องถิ่น", "plan_name": "บริหารจัดการทรัพยากรน้ำ", "stg_name": "ยุทธศาสตร์เร่งรัดวางรากฐานการพัฒนาที่ยั่งยืนของประเทศ", "objc_level1_name": "งบลงทุน", "compare": [{"bb_amount": 2723900, "bb_province": "ลำพูน"}], "gf_amount_sum": 0}
{"bb_code": "1500822040600422", "bb_year": "2559", "amount": 2723900, "min_code": "15000", "agc_code": "15008", "name": "ก่อสร้างประปาหมู่บ้านแบบบาดาลขนาดใหญ่ หมู่ที่ ๒ บ้านแม่เหียะ ตำบลแม่แวน ตามแบบมาตรฐานกรมทรัพยากรน้ำ อบต.แม่แวน อ.พร้าว จ.เชียงใหม่", "min": "กระทรวงมหาดไทย", "agc": "กรมส่งเสริมการปกครองท้องถิ่น", "plan_name": "บริหารจัดการทรัพยากรน้ำ", "stg_name": "ยุทธศาสตร์เร่งรัดวางรากฐานการพัฒนาที่ยั่งยืนของประเทศ", "objc_level1_name": "งบลงทุน", "compare": [{"bb_amount": 2723900, "bb_province": "เชียงใหม่"}], "gf_amount_sum": 0}
{"bb_code": "1500822040600S02", "bb_year": "2559", "amount": 2723900, "min_code": "15000", "agc_code": "15008", "name": "ก่อสร้างระบบประปาหมู่บ้านแบบบาดาลขนาดใหญ่ หมู่ที่ ๔ บ้านกระบอก ตำบลหัวโพธิ์ ตามแบบมาตรฐานกรมทรัพยากรน้ำกำหนด อบต.หัวโพธิ์ อ.สองพี่น้อง จ.สุพรรณบุรี", "min": "กระทรวงมหาดไทย", "agc": "กรมส่งเสริมการปกครองท้องถิ่น", "plan_name": "บริหารจัดการทรัพยากรน้ำ", "stg_name": "ยุทธศาสตร์เร่งรัดวางรากฐานการพัฒนาที่ยั่งยืนของประเทศ", "objc_level1_name": "งบลงทุน", "compare": [{"bb_amount": 2723900, "bb_province": "สุพรรณบุรี"}], "gf_amount_sum": 0}
{"bb_code": "1500822040600424", "bb_year": "2559", "amount": 2723900, "min_code": "15000", "agc_code": "15008", "name": "ก่อสร้างประปาหมู่บ้านแบบบาดาลขนาดใหญ่ หมู่ที่ ๗ บ้านแม่พวก ตำบลแม่แวน ตามแบบมาตรฐานกรมทรัพยากรน้ำ อบต.แม่แวน อ.พร้าว จ.เชียงใหม่", "min": "กระทรวงมหาดไทย", "agc": "กรมส่งเสริมการปกครองท้องถิ่น", "plan_name": "บริหารจัดการทรัพยากรน้ำ", "stg_name": "ยุทธศาสตร์เร่งรัดวางรากฐานการพัฒนาที่ยั่งยืนของประเทศ", "objc_level1_name": "งบลงทุน", "compare": [{"bb_amount": 2723900, "bb_province": "เชียงใหม่"}], "gf_amount_sum": 0}
{"bb_code": "1500822040600V13", "bb_year": "2559", "amount": 2723900, "min_code": "15000", "agc_code": "15008", "name": "ก่อสร้างระบบประปาหมู่บ้าน บาดาลขนาดใหญ่ บ้านดอนบาก หมู่ที่ ๑๖ ตำบลเขมราฐ ตามแบบมาตรฐานกรมทรัพยากรน้ำ ทต.เทพวงศา อ.เขมราฐ จ.อุบลราชธานี", "min": "กระทรวงมหาดไทย", "agc": "กรมส่งเสริมการปกครองท้องถิ่น", "plan_name": "บริหารจัดการทรัพยากรน้ำ", "stg_name": "ยุทธศาสตร์เร่งรัดวางรากฐานการพัฒนาที่ยั่งยืนของประเทศ", "objc_level1_name": "งบลงทุน", "compare": [{"bb_amount": 2723900, "bb_province": "อุบลราชธานี"}], "gf_amount_sum": 0}
{"bb_code": "1500822040600426", "bb_year": "2559", "amount": 2723900, "min_code": "15000", "agc_code": "15008", "name": "ก่อสร้างระบบประปาหมู่บ้านแบบบาดาลขนาดใหญ่ บ้านสันหลวงกลาง  หมู่ที่ ๘  ตามแบบมาตรฐานกรมทรัพยากรน้ำ อบต.จอมสวรรค์ อ.แม่จัน จ.เชียงราย", "min": "กระทรวงมหาดไทย", "agc": "กรมส่งเสริมการปกครองท้องถิ่น", "plan_name": "บริหารจัดการทรัพยากรน้ำ", "stg_name": "ยุทธศาสตร์เร่งรัดวางรากฐานการพัฒนาที่ยั่งยืนของประเทศ", "objc_level1_name": "งบลงทุน", "compare": [{"bb_amount": 2723900, "bb_province": "เชียงราย"}], "gf_amount_sum": 0}
{"bb_code": "1500822040600V02", "bb_year": "2559", "amount": 2723900, "min_code": "15000", "agc_code": "15008", "name": "ก่อสร้างประปาหมู่บ้านแบบบาดาลขนาดใหญ่  บ้านตะดอบ หมู่ที่ ๑ ตำบลตะดอบ ตามแบบมาตรฐานกรมทรัพยากรน้ำ อบต.ตะดอบ อ.เมือง จ.ศรีสะเกษ", "min": "กระทรวงมหาดไทย", "agc": "กรมส่งเสริมการปกครองท้องถิ่น", "plan_name": "บริหารจัดการทรัพยากรน้ำ", "stg_name": "ยุทธศาสตร์เร่งรัดวางรากฐานการพัฒนาที่ยั่งยืนของประเทศ", "objc_level1_name": "งบลงทุน", "compare": [{"bb_amount": 2723900, "bb_province": "ศรีสะเกษ"}], "gf_amount_sum": 0}
{"bb_code": "1500822040600432", "bb_year": "2559", "amount": 2723900, "min_code": "15000", "agc_code": "15008", "name": "ก่อสร้างระบบประปาหมู่บ้าน บ้านบวกครกน้อยริมคาว หมู่ที่ ๗ ตำบลหนองป่าครั่ง ตามแบบเทศบาลตำบลหนองป่าครั่งกำหนด ทต.หนองป่าครั่ง อ.เมือง จ.เชียงใหม่", "min": "กระทรวงมหาดไทย", "agc": "กรมส่งเสริมการปกครองท้องถิ่น", "plan_name": "บริหารจัดการทรัพยากรน้ำ", "stg_name": "ยุทธศาสตร์เร่งรัดวางรากฐานการพัฒนาที่ยั่งยืนของประเทศ", "objc_level1_name": "งบลงทุน", "compare": [{"bb_amount": 2723900, "bb_province": "เชียงใหม่"}], "gf_amount_sum": 0}
{"bb_code": "1500822040600M20", "bb_year": "2559", "amount": 2723900, "min_code": "15000", "agc_code": "15008", "name": "ก่อสร้างประปาหมู่บ้านแบบบาดาลขนาดใหญ่ บ้านชีวิตใหม่ หมู่ที่ ๕ ตำบลป่าไผ่ ตามแบบมาตรฐาน กรมทรัพยากรน้ำ ทต.ป่าไผ่ อ.ลี้ จ.ลำพูน", "min": "กระทรวงมหาดไทย", "agc": "กรมส่งเสริมการปกครองท้องถิ่น", "plan_name": "บริหารจัดการทรัพยากรน้ำ", "stg_name": "ยุทธศาสตร์เร่งรัดวางรากฐานการพัฒนาที่ยั่งยืนของประเทศ", "objc_level1_name": "งบลงทุน", "compare": [{"bb_amount": 2723900, "bb_province": "ลำพูน"}], "gf_amount_sum": 0}
{"bb_code": "1500822040600441", "bb_year": "2559", "amount": 2723900, "min_code": "15000", "agc_code": "15008", "name": "ก่อสร้างประปาหมู่บ้าน แบบบาดาลขนาดใหญ่ บ้านนาล้อม  หมู่ที่ ๙  ตามแบบมาตรฐานกรมทรัพยากรน้ำ อบต.สันทราย อ.แม่จัน จ.เชียงราย", "min": "กระทรวงมหาดไทย", "agc": "กรมส่งเสริมการปกครองท้องถิ่น", "plan_name": "บริหารจัดการทรัพยากรน้ำ", "stg_name": "ยุทธศาสตร์เร่งรัดวางรากฐานการพัฒนาที่ยั่งยืนของประเทศ", "objc_level1_name": "งบลงทุน", "compare": [{"bb_amount": 2723900, "bb_province": "เชียงราย"}], "gf_amount_sum": 0}
