{"bb_code": "1500786020420176", "bb_year": "2559", "amount": 15600000, "min_code": "15000", "agc_code": "15007", "name": "เขื่อนป้องกันตลิ่งริมแม่น้ำโขง บ้านนาเขท่า หมู่ที่ 3 (ต่อเนื่องเขื่อนเดิมปี 58 ท้ายน้ำ) ต.นาเข อ.บ้านแพง จ.นครพนม ความยาว 500 เมตร", "min": "กระทรวงมหาดไทย", "agc": "กรมโยธาธิการและผังเมือง", "plan_name": "ฟื้นฟู ป้องกัน และจัดการภัยพิบัติ ", "stg_name": "ยุทธศาสตร์การจัดการทรัพยากรธรรมชาติและสิ่งแวดล้อม", "objc_level1_name": "งบลงทุน", "compare": [{"bb_amount": 15600000, "bb_province": "นครพนม"}, {"gf_amount": 15600000, "gf_province": "ส่วนกลาง", "bb_amount": null, "bb_province": "กรุงเทพมหานคร"}], "gf_amount_sum": 15600000}
{"bb_code": "1500786020420178", "bb_year": "2559", "amount": 15600000, "min_code": "15000", "agc_code": "15007", "name": "เขื่อนป้องกันตลิ่งริมแม่น้ำโขง บ้านดอนแพง หมู่ที่ 7 (ต่อเนื่องเขื่อนเดิมปี 58) ต.บ้านแพง อ.บ้านแพง จ.นครพนม ความยาว 500 เมตร", "min": "กระทรวงมหาดไทย", "agc": "กรมโยธาธิการและผังเมือง", "plan_name": "ฟื้นฟู ป้องกัน และจัดการภัยพิบัติ ", "stg_name": "ยุทธศาสตร์การจัดการทรัพยากรธรรมชาติและสิ่งแวดล้อม", "objc_level1_name": "งบลงทุน", "compare": [{"bb_amount": 15600000, "bb_province": "นครพนม"}, {"gf_amount": 15600000, "gf_province": "ส่วนกลาง", "bb_amount": null, "bb_province": "กรุงเทพมหานคร"}], "gf_amount_sum": 15600000}
{"bb_code": "1500786007420389", "bb_year": "2559", "amount": 15600000, "min_code": "15000", "agc_code": "15007", "name": "เขื่อนป้องกันตลิ่งริมแม่น้ำเลย บ้านดอนสำราญและบ้านเหว่อ ต.ทรายขาว อ.วังสะพุง จ.เลย (ระยะที่ 2) ความยาว 650 เมตร", "min": "กระทรวงมหาดไทย", "agc": "กรมโยธาธิการและผังเมือง", "plan_name": "ฟื้นฟู ป้องกัน และจัดการภัยพิบัติ ", "stg_name": "ยุทธศาสตร์การจัดการทรัพยากรธรรมชาติและสิ่งแวดล้อม", "objc_level1_name": "งบลงทุน", "compare": [{"bb_amount": 15600000, "bb_province": "เลย"}, {"gf_amount": 11596140, "gf_province": "ส่วนกลาง", "bb_amount": null, "bb_province": "กรุงเทพมหานคร"}], "gf_amount_sum": 11596140}
{"bb_code": "1500786007420026", "bb_year": "2559", "amount": 15600000, "min_code": "15000", "agc_code": "15007", "name": "เขื่อนป้องกันตลิ่งริมคลองบางสะพาน เทศบาลตำบลกำเนิดนพคุณ (ช่วงสะพานท่าเกวียน-เขื่อนเดิมปากคลองวังกระจอง) ต.กำเนิดนพคุณ อ.บางสะพาน จ.ประจวบคีรีขันธ์ ความยาว 705 เมตร", "min": "กระทรวงมหาดไทย", "agc": "กรมโยธาธิการและผังเมือง", "plan_name": "ฟื้นฟู ป้องกัน และจัดการภัยพิบัติ ", "stg_name": "ยุทธศาสตร์การจัดการทรัพยากรธรรมชาติและสิ่งแวดล้อม", "objc_level1_name": "งบลงทุน", "compare": [{"bb_amount": 15600000, "bb_province": "ประจวบคีรีขันธ์"}, {"gf_amount": 20804350, "gf_province": "ส่วนกลาง", "bb_amount": null, "bb_province": "กรุงเทพมหานคร"}], "gf_amount_sum": 20804350}
{"bb_code": "1500786020420180", "bb_year": "2559", "amount": 15600000, "min_code": "15000", "agc_code": "15007", "name": "เขื่อนป้องกันตลิ่งริมแม่น้ำโขง บ้านดอนนางหงส์ท่า (ต่อเนื่องเขื่อนเดิมปี 54 เหนือน้ำ) หมู่ที่ 7 ต.ดอนนางหงส์ อ.ธาตุพนม จ.นครพนม ความยาว 700 เมตร", "min": "กระทรวงมหาดไทย", "agc": "กรมโยธาธิการและผังเมือง", "plan_name": "ฟื้นฟู ป้องกัน และจัดการภัยพิบัติ ", "stg_name": "ยุทธศาสตร์การจัดการทรัพยากรธรรมชาติและสิ่งแวดล้อม", "objc_level1_name": "งบลงทุน", "compare": [{"bb_amount": 15600000, "bb_province": "นครพนม"}, {"gf_amount": 11637000, "gf_province": "ส่วนกลาง", "bb_amount": null, "bb_province": "กรุงเทพมหานคร"}], "gf_amount_sum": 11637000}
{"bb_code": "1500786020420185", "bb_year": "2559", "amount": 15600000, "min_code": "15000", "agc_code": "15007", "name": "เขื่อนป้องกันตลิ่งริมแม่น้ำโขง บ้านท่าไร่ หมู่ที่ 2 (ต่อเนื่องเขื่อนเดิม) ต.ท่าดอกคำ อ.บึงโขงหลง จ.บึงกาฬ ความยาว 700 เมตร", "min": "กระทรวงมหาดไทย", "agc": "กรมโยธาธิการและผังเมือง", "plan_name": "ฟื้นฟู ป้องกัน และจัดการภัยพิบัติ ", "stg_name": "ยุทธศาสตร์การจัดการทรัพยากรธรรมชาติและสิ่งแวดล้อม", "objc_level1_name": "งบลงทุน", "compare": [{"bb_amount": 15600000, "bb_province": "บึงกาฬ"}, {"gf_amount": 15600000, "gf_province": "ส่วนกลาง", "bb_amount": null, "bb_province": "กรุงเทพมหานคร"}], "gf_amount_sum": 15600000}
{"bb_code": "1500720002420068", "bb_year": "2559", "amount": 15456000, "min_code": "15000", "agc_code": "15007", "name": "โครงการพัฒนาบึงขุนทะเล ตามผังเมืองรวมเมืองสุราษฎร์ธานี เทศบาลนครสุราษฎร์ธานี อำเภอเมือง จังหวัดสุราษฎร์ธานี ระยะที่ 2", "min": "กระทรวงมหาดไทย", "agc": "กรมโยธาธิการและผังเมือง", "plan_name": "รักษาความมั่นคงของฐานทรัพยากรธรรมชาติและแก้ปัญหาที่ดินทำกิน", "stg_name": "ยุทธศาสตร์การจัดการทรัพยากรธรรมชาติและสิ่งแวดล้อม", "objc_level1_name": "งบลงทุน", "compare": [{"bb_amount": 15456000, "bb_province": "สุราษฎร์ธานี"}, {"gf_amount": 11510850, "gf_province": "ส่วนกลาง", "bb_amount": null, "bb_province": "กรุงเทพมหานคร"}], "gf_amount_sum": 11510850}
{"bb_code": "1500785013420036", "bb_year": "2559", "amount": 15450700, "min_code": "15000", "agc_code": "15007", "name": "โครงการปรับปรุงถนนในชุมชน สายรอบค่ายทหาร ร. 5 พัน 3 หมู่ที่ 4 ตำบลท่าประดู่ อำเภอนาทวี จังหวัดสงขลา ระยะทาง 4.50 กม.", "min": "กระทรวงมหาดไทย", "agc": "กรมโยธาธิการและผังเมือง", "plan_name": "แก้ไขปัญหาและพัฒนาจังหวัดชายแดนภาคใต้", "stg_name": "ยุทธศาสตร์เร่งรัดวางรากฐานการพัฒนาที่ยั่งยืนของประเทศ", "objc_level1_name": "งบลงทุน", "compare": [{"bb_amount": 15450700, "bb_province": "สงขลา", "gf_amount": 15448000, "gf_province": "สงขลา"}], "gf_amount_sum": 15448000}
{"bb_code": "1500720002420061", "bb_year": "2559", "amount": 15277800, "min_code": "15000", "agc_code": "15007", "name": "โครงการซ่อมแซมและปรับปรุงคันป้องกันน้ำท่วมพื้นที่ชุมชนบางหญ้าแพรก จ.สมุทรสาคร", "min": "กระทรวงมหาดไทย", "agc": "กรมโยธาธิการและผังเมือง", "plan_name": "รักษาความมั่นคงของฐานทรัพยากรธรรมชาติและแก้ปัญหาที่ดินทำกิน", "stg_name": "ยุทธศาสตร์การจัดการทรัพยากรธรรมชาติและสิ่งแวดล้อม", "objc_level1_name": "งบลงทุน", "compare": [{"bb_amount": 15277800, "bb_province": "สมุทรสาคร"}, {"gf_amount": 15277800, "gf_province": "ส่วนกลาง", "bb_amount": null, "bb_province": "กรุงเทพมหานคร"}], "gf_amount_sum": 15277800}
{"bb_code": "1500786007420209", "bb_year": "2559", "amount": 15272900, "min_code": "15000", "agc_code": "15007", "name": "เขื่อนป้องกันตลิ่งริมแม่น้ำแม่กลอง บริเวณวัดม่วง ม.1 ต.สร้อยฟ้า อ.โพธาราม จ.ราชบุรี ความยาว 160 เมตร", "min": "กระทรวงมหาดไทย", "agc": "กรมโยธาธิการและผังเมือง", "plan_name": "ฟื้นฟู ป้องกัน และจัดการภัยพิบัติ ", "stg_name": "ยุทธศาสตร์การจัดการทรัพยากรธรรมชาติและสิ่งแวดล้อม", "objc_level1_name": "งบลงทุน", "compare": [{"bb_amount": 15272900, "bb_province": "ราชบุรี", "gf_amount": 15267000, "gf_province": "ราชบุรี"}], "gf_amount_sum": 15267000}
{"bb_code": "1500785013420007", "bb_year": "2559", "amount": 15250000, "min_code": "15000", "agc_code": "15007", "name": "โครงการก่อสร้างเขื่อนป้องกันตลิ่งริมแม่น้ำปัตตานี เขตเทศบาลนครยะลา (ต่อเนื่อง) ช่วง กม.2+625 ถึง กม.1+910 อำเภอเมือง จังหวัดยะลา ความยาว 715 เมตร", "min": "กระทรวงมหาดไทย", "agc": "กรมโยธาธิการและผังเมือง", "plan_name": "แก้ไขปัญหาและพัฒนาจังหวัดชายแดนภาคใต้", "stg_name": "ยุทธศาสตร์เร่งรัดวางรากฐานการพัฒนาที่ยั่งยืนของประเทศ", "objc_level1_name": "งบลงทุน", "compare": [{"bb_amount": 15250000, "bb_province": "ยะลา", "gf_amount": 15250000, "gf_province": "ยะลา"}], "gf_amount_sum": 15250000}
{"bb_code": "1500786007420436", "bb_year": "2559", "amount": 15210000, "min_code": "15000", "agc_code": "15007", "name": "เขื่อนป้องกันตลิ่งริมแม่น้ำชี ม.3,8,9 บ้านท่าไห ต.ท่าไห อ.เขื่องใน จ.อุบลราชธานี ความยาว 780 เมตร", "min": "กระทรวงมหาดไทย", "agc": "กรมโยธาธิการและผังเมือง", "plan_name": "ฟื้นฟู ป้องกัน และจัดการภัยพิบัติ ", "stg_name": "ยุทธศาสตร์การจัดการทรัพยากรธรรมชาติและสิ่งแวดล้อม", "objc_level1_name": "งบลงทุน", "compare": [{"bb_amount": 15210000, "bb_province": "อุบลราชธานี"}, {"gf_amount": 9693000, "gf_province": "ส่วนกลาง", "bb_amount": null, "bb_province": "กรุงเทพมหานคร"}], "gf_amount_sum": 9693000}
{"bb_code": "1500786007420454", "bb_year": "2559", "amount": 15210000, "min_code": "15000", "agc_code": "15007", "name": "เขื่อนป้องกันตลิ่งริมลำน้ำพรม ช่วงบริเวณบ้านไร่  ม.7 บ้านท่าขาม ม.8 และบ้านท่าเดื่อ ม.9 ต.บ้านยาง อ.เกษตรสมบูรณ์ จ.ชัยภูมิ ความยาว 800 เมตร", "min": "กระทรวงมหาดไทย", "agc": "กรมโยธาธิการและผังเมือง", "plan_name": "ฟื้นฟู ป้องกัน และจัดการภัยพิบัติ ", "stg_name": "ยุทธศาสตร์การจัดการทรัพยากรธรรมชาติและสิ่งแวดล้อม", "objc_level1_name": "งบลงทุน", "compare": [{"bb_amount": 15210000, "bb_province": "ชัยภูมิ"}, {"gf_amount": 11340150, "gf_province": "ส่วนกลาง", "bb_amount": null, "bb_province": "กรุงเทพมหานคร"}], "gf_amount_sum": 11340150}
{"bb_code": "1500720002420077", "bb_year": "2559", "amount": 15107400, "min_code": "15000", "agc_code": "15007", "name": "โครงการพัฒนาตามผังเมืองรวมเมืองอำนาจเจริญ อำเภอเมือง จังหวัดอำนาจเจริญ", "min": "กระทรวงมหาดไทย", "agc": "กรมโยธาธิการและผังเมือง", "plan_name": "รักษาความมั่นคงของฐานทรัพยากรธรรมชาติและแก้ปัญหาที่ดินทำกิน", "stg_name": "ยุทธศาสตร์การจัดการทรัพยากรธรรมชาติและสิ่งแวดล้อม", "objc_level1_name": "งบลงทุน", "compare": [{"bb_amount": 15107400, "bb_province": "อำนาจเจริญ"}, {"gf_amount": 9524850, "gf_province": "ส่วนกลาง", "bb_amount": null, "bb_province": "กรุงเทพมหานคร"}], "gf_amount_sum": 9524850}
{"bb_code": "1500720002420096", "bb_year": "2559", "amount": 15069600, "min_code": "15000", "agc_code": "15007", "name": "โครงการพัฒนาพื้นที่เฉพาะบึงลำควง ตําบลวังน้ำซับ อําเภอศรีประจันต์ จังหวัดสุพรรณบุรี", "min": "กระทรวงมหาดไทย", "agc": "กรมโยธาธิการและผังเมือง", "plan_name": "รักษาความมั่นคงของฐานทรัพยากรธรรมชาติและแก้ปัญหาที่ดินทำกิน", "stg_name": "ยุทธศาสตร์การจัดการทรัพยากรธรรมชาติและสิ่งแวดล้อม", "objc_level1_name": "งบลงทุน", "compare": [{"bb_amount": 15069600, "bb_province": "สุพรรณบุรี"}, {"gf_amount": 15069600, "gf_province": "ส่วนกลาง", "bb_amount": null, "bb_province": "กรุงเทพมหานคร"}], "gf_amount_sum": 15069600}
{"bb_code": "1500786020420227", "bb_year": "2559", "amount": 15015000, "min_code": "15000", "agc_code": "15007", "name": "เขื่อนป้องกันตลิ่งริมแม่น้ำโขง บ้านเปงจาน หมู่ที่ 8 (ต่อเนื่องเขื่อนเดิมท้ายน้ำ) ต.โพนแพง อ.รัตนวาปี จ.หนองคาย ความยาว 700 เมตร", "min": "กระทรวงมหาดไทย", "agc": "กรมโยธาธิการและผังเมือง", "plan_name": "ฟื้นฟู ป้องกัน และจัดการภัยพิบัติ ", "stg_name": "ยุทธศาสตร์การจัดการทรัพยากรธรรมชาติและสิ่งแวดล้อม", "objc_level1_name": "งบลงทุน", "compare": [{"bb_amount": 15015000, "bb_province": "หนองคาย"}, {"gf_amount": 7635000, "gf_province": "ส่วนกลาง", "bb_amount": null, "bb_province": "กรุงเทพมหานคร"}], "gf_amount_sum": 7635000}
{"bb_code": "1500786007420250", "bb_year": "2559", "amount": 15000000, "min_code": "15000", "agc_code": "15007", "name": "เขื่อนป้องกันตลิ่งริมคลองบางสะพาน เทศบาลกำเนิดนพคุณ (ระยะที่ 2) ต.กำเนิดนพคุณ อ.บางสะพาน จ.ประจวบคีรีขันธ์ ความยาว 300 เมตร", "min": "กระทรวงมหาดไทย", "agc": "กรมโยธาธิการและผังเมือง", "plan_name": "ฟื้นฟู ป้องกัน และจัดการภัยพิบัติ ", "stg_name": "ยุทธศาสตร์การจัดการทรัพยากรธรรมชาติและสิ่งแวดล้อม", "objc_level1_name": "งบลงทุน", "compare": [{"bb_amount": 15000000, "bb_province": "ประจวบคีรีขันธ์"}, {"gf_amount": 15000000, "gf_province": "ส่วนกลาง", "bb_amount": null, "bb_province": "กรุงเทพมหานคร"}], "gf_amount_sum": 15000000}
{"bb_code": "1500786007420284", "bb_year": "2559", "amount": 15000000, "min_code": "15000", "agc_code": "15007", "name": "เขื่อนป้องกันตลิ่งริมแม่น้ำบางตะบูน บริเวณคุ้งตำหนัก ม.7 ต.บางตะบูน อ.บ้านแหลม จ.เพชรบุรี ความยาว 475 เมตร", "min": "กระทรวงมหาดไทย", "agc": "กรมโยธาธิการและผังเมือง", "plan_name": "ฟื้นฟู ป้องกัน และจัดการภัยพิบัติ ", "stg_name": "ยุทธศาสตร์การจัดการทรัพยากรธรรมชาติและสิ่งแวดล้อม", "objc_level1_name": "งบลงทุน", "compare": [{"bb_amount": 15000000, "bb_province": "เพชรบุรี"}, {"gf_amount": 6736000, "gf_province": "ส่วนกลาง", "bb_amount": null, "bb_province": "กรุงเทพมหานคร"}], "gf_amount_sum": 6736000}
{"bb_code": "1501183003600004", "bb_year": "2559", "amount": 15000000, "min_code": "15000", "agc_code": "15011", "name": "การจัดหาเครื่องมือและอุปกรณ์ทางการแพทย์ศูนย์ความดัน เบาหวาน สมอง กระดูกและข้อ โรงพยาบาลเมืองพัทยา", "min": "กระทรวงมหาดไทย", "agc": "เมืองพัทยา", "plan_name": "ส่งเสริมการกระจายอำนาจให้แก่องค์กรปกครองส่วนท้องถิ่น", "stg_name": "ยุทธศาสตร์การบริหารกิจการบ้านเมืองที่ดี", "objc_level1_name": "งบลงทุน", "compare": [{"bb_amount": 15000000, "bb_province": "ชลบุรี"}], "gf_amount_sum": 0}
{"bb_code": "1500795041700014", "bb_year": "2559", "amount": 15000000, "min_code": "15000", "agc_code": "15007", "name": "โครงการศึกษา ออกแบบวางผังพื้นที่เฉพาะชุมชนชายแดนบริเวณจุดผ่านแดนอำเภอท่าลี่ จังหวัดเลย", "min": "กระทรวงมหาดไทย", "agc": "กรมโยธาธิการและผังเมือง", "plan_name": "ส่งเสริมเขตพัฒนาเศรษฐกิจพิเศษ", "stg_name": "ยุทธศาสตร์เร่งรัดวางรากฐานการพัฒนาที่ยั่งยืนของประเทศ", "objc_level1_name": "งบลงทุน", "compare": [{"bb_amount": 15000000, "bb_province": "เลย"}], "gf_amount_sum": 0}
