{"bb_code": "1500822040600W15", "bb_year": "2559", "amount": 2710100, "min_code": "15000", "agc_code": "15008", "name": "ก่อสร้างประปาหมู่บ้านแบบบาดาลขนาดใหญ่ บ้านก่อ หมู่ที่ ๕ ตำบลหนองไฮ ตามแบบมาตรฐานกรมทรัพยากรน้ำ   อบต.หนองไฮ อ.เมือง จ.ศรีสะเกษ", "min": "กระทรวงมหาดไทย", "agc": "กรมส่งเสริมการปกครองท้องถิ่น", "plan_name": "บริหารจัดการทรัพยากรน้ำ", "stg_name": "ยุทธศาสตร์เร่งรัดวางรากฐานการพัฒนาที่ยั่งยืนของประเทศ", "objc_level1_name": "งบลงทุน", "compare": [{"bb_amount": 2710100, "bb_province": "ศรีสะเกษ"}], "gf_amount_sum": 0}
{"bb_code": "1500822040600W16", "bb_year": "2559", "amount": 2710100, "min_code": "15000", "agc_code": "15008", "name": "ก่อสร้างประปาหมู่บ้านแบบบาดาลขนาดใหญ่ บ้านโนนหล่อง หมู่ที่ ๖ ตำบลหนองไฮ ตามแบบมาตรฐานกรมทรัพยากรน้ำ อบต.หนองไฮ อ.เมือง จ.ศรีสะเกษ", "min": "กระทรวงมหาดไทย", "agc": "กรมส่งเสริมการปกครองท้องถิ่น", "plan_name": "บริหารจัดการทรัพยากรน้ำ", "stg_name": "ยุทธศาสตร์เร่งรัดวางรากฐานการพัฒนาที่ยั่งยืนของประเทศ", "objc_level1_name": "งบลงทุน", "compare": [{"bb_amount": 2710100, "bb_province": "ศรีสะเกษ"}], "gf_amount_sum": 0}
{"bb_code": "1500822040600DT7", "bb_year": "2559", "amount": 2709000, "min_code": "15000", "agc_code": "15008", "name": "ปรับปรุงซ่อมแซมสถานีสูบน้ำด้วยไฟฟ้า บ้านหัวหาด ทต.บ้านเดื่อ อ.เมือง จ.หนองคาย", "min": "กระทรวงมหาดไทย", "agc": "กรมส่งเสริมการปกครองท้องถิ่น", "plan_name": "บริหารจัดการทรัพยากรน้ำ", "stg_name": "ยุทธศาสตร์เร่งรัดวางรากฐานการพัฒนาที่ยั่งยืนของประเทศ", "objc_level1_name": "งบลงทุน", "compare": [{"bb_amount": 2709000, "bb_province": "หนองคาย"}], "gf_amount_sum": 0}
{"bb_code": "1500883002600EX3", "bb_year": "2559", "amount": 2706700, "min_code": "15000", "agc_code": "15008", "name": "ซ่อมสร้างถนนลาดยางแบบผิวเรียบ ( สาย อบจ.นม.๑๘๒๐๖ ) บ้านหนองตะไก้ - บ้านดอนกอก ขนาดกว้าง ๘ เมตร ยาว ๑,๒๑๖ เมตร  อบจ.นครราชสีมา อ.สูงเนิน จ.นครราชสีมา", "min": "กระทรวงมหาดไทย", "agc": "กรมส่งเสริมการปกครองท้องถิ่น", "plan_name": "ส่งเสริมการกระจายอำนาจให้แก่องค์กรปกครองส่วนท้องถิ่น", "stg_name": "ยุทธศาสตร์การบริหารกิจการบ้านเมืองที่ดี", "objc_level1_name": "งบลงทุน", "compare": [{"bb_amount": 2706700, "bb_province": "นครราชสีมา"}], "gf_amount_sum": 0}
{"bb_code": "1500822040600AP9", "bb_year": "2559", "amount": 2706200, "min_code": "15000", "agc_code": "15008", "name": "ก่อสร้างระบบประปาหมู่บ้านแบบผิวดินขนาดใหญ่ หมู่ที่ ๗ และหมู่ที่ ๙ บ้านโนนกลาง ตำบลเมืองแก ตามแบบแปลนมาตรฐานกรมทรัพยากรน้ำ อบต.เมืองแก อ.สตึก จ.บุรีรัมย์", "min": "กระทรวงมหาดไทย", "agc": "กรมส่งเสริมการปกครองท้องถิ่น", "plan_name": "บริหารจัดการทรัพยากรน้ำ", "stg_name": "ยุทธศาสตร์เร่งรัดวางรากฐานการพัฒนาที่ยั่งยืนของประเทศ", "objc_level1_name": "งบลงทุน", "compare": [{"bb_amount": 2706200, "bb_province": "บุรีรัมย์"}], "gf_amount_sum": 0}
{"bb_code": "1500822040600P46", "bb_year": "2559", "amount": 2706100, "min_code": "15000", "agc_code": "15008", "name": "ก่อสร้างประปาหมู่บ้าน แบบบาดาลขนาดใหญ่ หมู่ที่ ๕ บ้านวังพลาย ตำบลย่านยาว รายละเอียดตามปริมาณงานและแบบแปลนที่องค์การบริหารส่วนตำบลย่านยาวกำหนด อบต.ย่านยาว อ.คีรีรัฐนิคม จ.สุราษฎร์ธานี", "min": "กระทรวงมหาดไทย", "agc": "กรมส่งเสริมการปกครองท้องถิ่น", "plan_name": "บริหารจัดการทรัพยากรน้ำ", "stg_name": "ยุทธศาสตร์เร่งรัดวางรากฐานการพัฒนาที่ยั่งยืนของประเทศ", "objc_level1_name": "งบลงทุน", "compare": [{"bb_amount": 2706100, "bb_province": "สุราษฎร์ธานี"}], "gf_amount_sum": 0}
{"bb_code": "1500883002600GM5", "bb_year": "2559", "amount": 2704800, "min_code": "15000", "agc_code": "15008", "name": "ซ่อมสร้างแบบผิวแอสฟัลท์ติกคอนกรีต (โดยวิธี Pavement In - Place Recycling) บ้านปากปวน - วังเดื่อ หมู่ที่ ๑๐ - ๔ ตำบลปากปวน ขนาดกว้าง ๘ เมตร ยาว ๔๗๐ เมตร หนา ๐.๐๕ เมตร ไหล่ทางข้างละ ๐.๕๐ เมตร พร้อมงานตี", "min": "กระทรวงมหาดไทย", "agc": "กรมส่งเสริมการปกครองท้องถิ่น", "plan_name": "ส่งเสริมการกระจายอำนาจให้แก่องค์กรปกครองส่วนท้องถิ่น", "stg_name": "ยุทธศาสตร์การบริหารกิจการบ้านเมืองที่ดี", "objc_level1_name": "งบลงทุน", "compare": [{"bb_amount": 2704800, "bb_province": "เลย"}], "gf_amount_sum": 0}
{"bb_code": "1500883002600L50", "bb_year": "2559", "amount": 2704800, "min_code": "15000", "agc_code": "15008", "name": "ซ่อมสร้างถนนลาดยางผิวปูทางแอสฟัลท์ติกคอนกรีต (โดยวิธี Pavement In - Place Recycling) สายทางบ้านซับเจริญ - วัดถ้ำแก้ว ช่วง กม.๒+๘๐๐ ถึง กม.๓+๕๐๐ กว้าง ๖ เมตร ยาว ๗๐๐ เมตร หนา ๐.๐๔ เมตร ไหล่ทางกว้างข้าง", "min": "กระทรวงมหาดไทย", "agc": "กรมส่งเสริมการปกครองท้องถิ่น", "plan_name": "ส่งเสริมการกระจายอำนาจให้แก่องค์กรปกครองส่วนท้องถิ่น", "stg_name": "ยุทธศาสตร์การบริหารกิจการบ้านเมืองที่ดี", "objc_level1_name": "งบลงทุน", "compare": [{"bb_amount": 2704800, "bb_province": "ชัยภูมิ"}], "gf_amount_sum": 0}
{"bb_code": "1500883002600R41", "bb_year": "2559", "amount": 2704800, "min_code": "15000", "agc_code": "15008", "name": "ซ่อมสร้างถนนลาดยาง  ผิวจราจรเคพซีล (Cape Seal) สาย กพ.ถ ๑-๐๐๑๐ บ้านสลกบาตร ตำบลสลกบาตร  เชื่อมบ้านดงประดา  ตำบลดอนแตง กว้าง ๖ เมตร ยาว ๑,๒๕๐  เมตร  ไหล่ทางข้างละ ๑.๐๐ เมตร  อบจ.กำแพงเพชร อ.ขาณุวรลักษบ", "min": "กระทรวงมหาดไทย", "agc": "กรมส่งเสริมการปกครองท้องถิ่น", "plan_name": "ส่งเสริมการกระจายอำนาจให้แก่องค์กรปกครองส่วนท้องถิ่น", "stg_name": "ยุทธศาสตร์การบริหารกิจการบ้านเมืองที่ดี", "objc_level1_name": "งบลงทุน", "compare": [{"bb_amount": 2704800, "bb_province": "กำแพงเพชร"}], "gf_amount_sum": 0}
{"bb_code": "1500883002600FZ4", "bb_year": "2559", "amount": 2704800, "min_code": "15000", "agc_code": "15008", "name": "ปรับปรุงซ่อมแซมผิวทางแอสฟัลท์ติกคอนกรีต สาย พร ๒๐๕๔ บ้านร้องกวาง - บ้านแม่ยางโพธิ์ อำเภอร้องกวาง กว้าง ๖ - ๗ เมตร ยาว ๑,๒๕๐ เมตร หนา ๐.๐๔ เมตร อบจ.แพร่ อ.ร้องกวาง จ.แพร่", "min": "กระทรวงมหาดไทย", "agc": "กรมส่งเสริมการปกครองท้องถิ่น", "plan_name": "ส่งเสริมการกระจายอำนาจให้แก่องค์กรปกครองส่วนท้องถิ่น", "stg_name": "ยุทธศาสตร์การบริหารกิจการบ้านเมืองที่ดี", "objc_level1_name": "งบลงทุน", "compare": [{"bb_amount": 2704800, "bb_province": "แพร่"}], "gf_amount_sum": 0}
{"bb_code": "1500883002600DO5", "bb_year": "2559", "amount": 2704800, "min_code": "15000", "agc_code": "15008", "name": "ซ่อมสร้างผิวทางด้วยแอสฟัลท์ติกคอนกรีต (โดยวิธี Pavement In - Place Recycling) สายทางบ้านโป่งนก-บ้านสหกรณ์ ๒ หมู่ที่ ๘ ตำบลบ้านสหกรณ์ กว้าง ๕ เมตร ยาว ๙๐๐ เมตร หนา ๐.๐๕ เมตร  อบต.บ้านสหกรณ์ อ.แม่ออน จ.", "min": "กระทรวงมหาดไทย", "agc": "กรมส่งเสริมการปกครองท้องถิ่น", "plan_name": "ส่งเสริมการกระจายอำนาจให้แก่องค์กรปกครองส่วนท้องถิ่น", "stg_name": "ยุทธศาสตร์การบริหารกิจการบ้านเมืองที่ดี", "objc_level1_name": "งบลงทุน", "compare": [{"bb_amount": 2704800, "bb_province": "เชียงใหม่"}], "gf_amount_sum": 0}
{"bb_code": "1500883002600BU1", "bb_year": "2559", "amount": 2704800, "min_code": "15000", "agc_code": "15008", "name": "ซ่อมสร้างถนนลาดยางแอสฟัลท์ติกคอนกรีต สายบ้านเกาะใหญ่ - บ้านบูเก็ตยามู กว้าง ๖ เมตร ไหล่ทางข้างละ ๑ เมตร ยาว ๗๐๐ เมตร หนา ๐.๐๔ เมตร  อบจ.สตูล อ.ควนกาหลง จ.สตูล", "min": "กระทรวงมหาดไทย", "agc": "กรมส่งเสริมการปกครองท้องถิ่น", "plan_name": "ส่งเสริมการกระจายอำนาจให้แก่องค์กรปกครองส่วนท้องถิ่น", "stg_name": "ยุทธศาสตร์การบริหารกิจการบ้านเมืองที่ดี", "objc_level1_name": "งบลงทุน", "compare": [{"bb_amount": 2704800, "bb_province": "สตูล"}], "gf_amount_sum": 0}
{"bb_code": "1500822040600444", "bb_year": "2559", "amount": 2704200, "min_code": "15000", "agc_code": "15008", "name": "ก่อสร้างระบบประปาหมู่บ้านแบบบาดาลขนาดใหญ่ บ้านแม่นาป๊าก หมู่ที่ ๖ ตำบลแม่หอพระ ตามแบบมาตรฐานกรมทรัพยากรน้ำ  ทต.แม่หอพระ อ.แม่แตง จ.เชียงใหม่", "min": "กระทรวงมหาดไทย", "agc": "กรมส่งเสริมการปกครองท้องถิ่น", "plan_name": "บริหารจัดการทรัพยากรน้ำ", "stg_name": "ยุทธศาสตร์เร่งรัดวางรากฐานการพัฒนาที่ยั่งยืนของประเทศ", "objc_level1_name": "งบลงทุน", "compare": [{"bb_amount": 2704200, "bb_province": "เชียงใหม่"}], "gf_amount_sum": 0}
{"bb_code": "1500822040600177", "bb_year": "2559", "amount": 2703200, "min_code": "15000", "agc_code": "15008", "name": "ก่อสร้างประปาหมู่บ้าน แบบบาดาลขนาดใหญ่ หมู่ที่ ๑๑ บ้านดงตาจันทร์ ตำบลไตรตรึงษ์ ตามแบบมาตรฐานกรมทรัพยากรน้ำ อบต.ไตรตรึงษ์ อ.เมืองกำแพงเพชร จ.กำแพงเพชร", "min": "กระทรวงมหาดไทย", "agc": "กรมส่งเสริมการปกครองท้องถิ่น", "plan_name": "บริหารจัดการทรัพยากรน้ำ", "stg_name": "ยุทธศาสตร์เร่งรัดวางรากฐานการพัฒนาที่ยั่งยืนของประเทศ", "objc_level1_name": "งบลงทุน", "compare": [{"bb_amount": 2703200, "bb_province": "กำแพงเพชร"}], "gf_amount_sum": 0}
{"bb_code": "1500822040600732", "bb_year": "2559", "amount": 2703200, "min_code": "15000", "agc_code": "15008", "name": "ก่อสร้างระบบประปาหมู่บ้านแบบบาดาลขนาดใหญ่ บ้านแพะใหม่ หมู่ที่ ๙ ตำบลขุนคง ตามแบบมาตรฐานกรมทรัพยากรน้ำ อบต.ขุนคง อ.หางดง จ.เชียงใหม่", "min": "กระทรวงมหาดไทย", "agc": "กรมส่งเสริมการปกครองท้องถิ่น", "plan_name": "บริหารจัดการทรัพยากรน้ำ", "stg_name": "ยุทธศาสตร์เร่งรัดวางรากฐานการพัฒนาที่ยั่งยืนของประเทศ", "objc_level1_name": "งบลงทุน", "compare": [{"bb_amount": 2703200, "bb_province": "เชียงใหม่"}], "gf_amount_sum": 0}
{"bb_code": "1500822040600156", "bb_year": "2559", "amount": 2703100, "min_code": "15000", "agc_code": "15008", "name": "ก่อสร้างระบบประปาหมู่บ้าน แบบบาดาลขนาดใหญ่ หมู่ที่ ๔ บ้านเขาน้ำอุ่น ตำบลหินดาต ตามแบบมาตรฐานกรมทรัพยากรน้ำ อบต.หินดาต อ.ปางศิลาทอง จ.กำแพงเพชร", "min": "กระทรวงมหาดไทย", "agc": "กรมส่งเสริมการปกครองท้องถิ่น", "plan_name": "บริหารจัดการทรัพยากรน้ำ", "stg_name": "ยุทธศาสตร์เร่งรัดวางรากฐานการพัฒนาที่ยั่งยืนของประเทศ", "objc_level1_name": "งบลงทุน", "compare": [{"bb_amount": 2703100, "bb_province": "กำแพงเพชร"}], "gf_amount_sum": 0}
{"bb_code": "1500822040600W60", "bb_year": "2559", "amount": 2702300, "min_code": "15000", "agc_code": "15008", "name": "ก่อสร้างประปาหมู่บ้านแบบบาดาลขนาดใหญ่ บ้านกุดน้ำใส หมู่ที่ ๕ ตำบลกุดหมากไฟ ตามแบบมาตรฐานกรมทรัพยากรน้ำ ทต.กุดหมากไฟ อ.หนองวัวซอ จ.อุดรธานี", "min": "กระทรวงมหาดไทย", "agc": "กรมส่งเสริมการปกครองท้องถิ่น", "plan_name": "บริหารจัดการทรัพยากรน้ำ", "stg_name": "ยุทธศาสตร์เร่งรัดวางรากฐานการพัฒนาที่ยั่งยืนของประเทศ", "objc_level1_name": "งบลงทุน", "compare": [{"bb_amount": 2702300, "bb_province": "อุดรธานี"}], "gf_amount_sum": 0}
{"bb_code": "1500822040600X09", "bb_year": "2559", "amount": 2702300, "min_code": "15000", "agc_code": "15008", "name": "ก่อสร้างประปาหมู่บ้านแบบบาดาลขนาดใหญ่ บ้านน้ำท่วม หมู่ที่ ๓ ตำบลแข้ ตามแบบมาตรฐานกรมทรัพยากรน้ำ อบต.แข้ อ.อุทุมพรพิสัย จ.ศรีสะเกษ", "min": "กระทรวงมหาดไทย", "agc": "กรมส่งเสริมการปกครองท้องถิ่น", "plan_name": "บริหารจัดการทรัพยากรน้ำ", "stg_name": "ยุทธศาสตร์เร่งรัดวางรากฐานการพัฒนาที่ยั่งยืนของประเทศ", "objc_level1_name": "งบลงทุน", "compare": [{"bb_amount": 2702300, "bb_province": "ศรีสะเกษ"}], "gf_amount_sum": 0}
{"bb_code": "1500822040600T46", "bb_year": "2559", "amount": 2702300, "min_code": "15000", "agc_code": "15008", "name": "ก่อสร้างประปาหมู่บ้านแบบบาดาลขนาดใหญ่ บ้านโนนสำเริง หมู่ที่ ๙ ตำบลน้ำอ้อม  ตามแบบมาตรฐานกรมทรัพยากรน้ำ อบต.น้ำอ้อม อ.กันทรลักษ์ จ.ศรีสะเกษ", "min": "กระทรวงมหาดไทย", "agc": "กรมส่งเสริมการปกครองท้องถิ่น", "plan_name": "บริหารจัดการทรัพยากรน้ำ", "stg_name": "ยุทธศาสตร์เร่งรัดวางรากฐานการพัฒนาที่ยั่งยืนของประเทศ", "objc_level1_name": "งบลงทุน", "compare": [{"bb_amount": 2702300, "bb_province": "ศรีสะเกษ"}], "gf_amount_sum": 0}
{"bb_code": "1500822040600182", "bb_year": "2559", "amount": 2701300, "min_code": "15000", "agc_code": "15008", "name": "ก่อสร้างประปาหมู่บ้าน  แบบผิวดินขนาดใหญ่ หมู่ที่ ๑๘ บ้านเด่นแก้วพัฒนา ตำบลนาบ่อคำ ตามแบบมาตรฐานกรมทรัพยากรน้ำ อบต.นาบ่อคำ อ.เมืองกำแพงเพชร จ.กำแพงเพชร", "min": "กระทรวงมหาดไทย", "agc": "กรมส่งเสริมการปกครองท้องถิ่น", "plan_name": "บริหารจัดการทรัพยากรน้ำ", "stg_name": "ยุทธศาสตร์เร่งรัดวางรากฐานการพัฒนาที่ยั่งยืนของประเทศ", "objc_level1_name": "งบลงทุน", "compare": [{"bb_amount": 2701300, "bb_province": "กำแพงเพชร"}], "gf_amount_sum": 0}
