{"bb_code": "1500883002600EI3", "bb_year": "2559", "amount": 2610500, "min_code": "15000", "agc_code": "15008", "name": "ปรับปรุงซ่อมแซมถนนลาดยางแอสฟัลท์ติกคอนกรีต สายบ้านเชิงแส-เขาใน  หมู่ที่ ๒,๓  บ้านเชิงแส  เชื่อมบ้านเขาใน  หมู่ที่ ๑  ตำบลเชิงแส  ตำบลกระแสสินธุ์ กว้าง  ๖  เมตร  ยาว  ๑,๒๐๐  เมตร  หนา  ๐.๐๔  เมตร  ไหล่", "min": "กระทรวงมหาดไทย", "agc": "กรมส่งเสริมการปกครองท้องถิ่น", "plan_name": "ส่งเสริมการกระจายอำนาจให้แก่องค์กรปกครองส่วนท้องถิ่น", "stg_name": "ยุทธศาสตร์การบริหารกิจการบ้านเมืองที่ดี", "objc_level1_name": "งบลงทุน", "compare": [{"bb_amount": 2610500, "bb_province": "สงขลา"}], "gf_amount_sum": 0}
{"bb_code": "1500520004410006", "bb_year": "2559", "amount": 2610500, "min_code": "15000", "agc_code": "15005", "name": "ค่าก่อสร้างประกอบการจัดที่ดินทำกินและที่อยู่อาศัยให้กับประชาชนที่ยากจน ตำบลนาปู่ป้อม อำเภอปางมะผ้า จังหวัดแม่ฮ่องสอน", "min": "กระทรวงมหาดไทย", "agc": "กรมที่ดิน", "plan_name": "รักษาความมั่นคงของฐานทรัพยากรธรรมชาติและแก้ปัญหาที่ดินทำกิน", "stg_name": "ยุทธศาสตร์การจัดการทรัพยากรธรรมชาติและสิ่งแวดล้อม", "objc_level1_name": "งบลงทุน", "compare": [{"bb_amount": 2610500, "bb_province": "แม่ฮ่องสอน"}, {"gf_amount": 2544770, "gf_province": "ส่วนกลาง", "bb_amount": null, "bb_province": "กรุงเทพมหานคร"}], "gf_amount_sum": 2544770}
{"bb_code": "1500822040600CZ1", "bb_year": "2559", "amount": 2610000, "min_code": "15000", "agc_code": "15008", "name": "ปรับปรุงซ่อมแซมสถานีสูบน้ำด้วยไฟฟ้า บ้านปงป่าหวาย 1 ทต.ปงป่าหวาย อ.เด่นชัย จ.แพร่", "min": "กระทรวงมหาดไทย", "agc": "กรมส่งเสริมการปกครองท้องถิ่น", "plan_name": "บริหารจัดการทรัพยากรน้ำ", "stg_name": "ยุทธศาสตร์เร่งรัดวางรากฐานการพัฒนาที่ยั่งยืนของประเทศ", "objc_level1_name": "งบลงทุน", "compare": [{"bb_amount": 2610000, "bb_province": "แพร่"}], "gf_amount_sum": 0}
{"bb_code": "1500785013410048", "bb_year": "2559", "amount": 2609500, "min_code": "15000", "agc_code": "15007", "name": "โครงการปรับปรุงถนนในชุมชน สายซอยควนสำราญ - นาโต๊ะแจ หมู่ที่ 2 ตำบลละงู อำเภอละงู จังหวัดสตูล กว้าง 4 เมตร ระยะทาง 1.000 กิโลเมตร", "min": "กระทรวงมหาดไทย", "agc": "กรมโยธาธิการและผังเมือง", "plan_name": "แก้ไขปัญหาและพัฒนาจังหวัดชายแดนภาคใต้", "stg_name": "ยุทธศาสตร์เร่งรัดวางรากฐานการพัฒนาที่ยั่งยืนของประเทศ", "objc_level1_name": "งบลงทุน", "compare": [{"bb_amount": 2609500, "bb_province": "สตูล", "gf_amount": 2607000, "gf_province": "สตูล"}], "gf_amount_sum": 2607000}
{"bb_code": "1500785013410027", "bb_year": "2559", "amount": 2609500, "min_code": "15000", "agc_code": "15007", "name": "โครงการปรับปรุงถนนในชุมชน สายซอยสมานมิตร 3 ซอย 1 หมู่ที่ 2  ตำบลท่าเรือ อำเภอท่าแพ จังหวัดสตูล กว้าง 4 เมตร ระยะทาง  1.000  กิโลเมตร", "min": "กระทรวงมหาดไทย", "agc": "กรมโยธาธิการและผังเมือง", "plan_name": "แก้ไขปัญหาและพัฒนาจังหวัดชายแดนภาคใต้", "stg_name": "ยุทธศาสตร์เร่งรัดวางรากฐานการพัฒนาที่ยั่งยืนของประเทศ", "objc_level1_name": "งบลงทุน", "compare": [{"bb_amount": 2609500, "bb_province": "สตูล", "gf_amount": 2609000, "gf_province": "สตูล"}], "gf_amount_sum": 2609000}
{"bb_code": "1500785013410033", "bb_year": "2559", "amount": 2609500, "min_code": "15000", "agc_code": "15007", "name": "โครงการปรับปรุงถนนในชุมชน สายวังผาสามัคคี 1 หมู่ที่ 9 ตำบลควนกาหลง อำเภอควนกาหลง จังหวัดสตูล กว้าง 4 เมตร ระยะทาง 1.000 กิโลเมตร", "min": "กระทรวงมหาดไทย", "agc": "กรมโยธาธิการและผังเมือง", "plan_name": "แก้ไขปัญหาและพัฒนาจังหวัดชายแดนภาคใต้", "stg_name": "ยุทธศาสตร์เร่งรัดวางรากฐานการพัฒนาที่ยั่งยืนของประเทศ", "objc_level1_name": "งบลงทุน", "compare": [{"bb_amount": 2609500, "bb_province": "สตูล", "gf_amount": 2608000, "gf_province": "สตูล"}], "gf_amount_sum": 2608000}
{"bb_code": "1500822040600C93", "bb_year": "2559", "amount": 2608900, "min_code": "15000", "agc_code": "15008", "name": "ก่อสร้างระบบประปาหมู่บ้าน แบบผิวดินขนาดกลาง (สระบู่ทอง) บ้านโคกน้อยพัฒนา หมู่ที่ ๑๐ ตำบลโนนเต็ง ตามแบบมาตรฐานกรมทรัพยากรน้ำ อบต.โนนเต็ง อ.คง จ.นครราชสีมา", "min": "กระทรวงมหาดไทย", "agc": "กรมส่งเสริมการปกครองท้องถิ่น", "plan_name": "บริหารจัดการทรัพยากรน้ำ", "stg_name": "ยุทธศาสตร์เร่งรัดวางรากฐานการพัฒนาที่ยั่งยืนของประเทศ", "objc_level1_name": "งบลงทุน", "compare": [{"bb_amount": 2608900, "bb_province": "นครราชสีมา"}], "gf_amount_sum": 0}
{"bb_code": "1500883002600BW6", "bb_year": "2559", "amount": 2608200, "min_code": "15000", "agc_code": "15008", "name": "ปรับปรุงถนนสามแยก ทล.๔๐๑๘ (กม.ที่ ๙๖+๑๕๐) - บ้านทุ่งไคร หมู่ที่ ๔ และหมู่ที่ ๘ ตำบลเกาะขันธ์ เสริมผิวจราจรแอสฟัลท์ติกคอนกรีต กว้าง ๖ เมตร ยาว ๑,๒๕๐ เมตร หนา ๐.๐๔ เมตร หรือมีพื้นที่ไม่น้อยกว่า ๗,๕๐๐ ตา", "min": "กระทรวงมหาดไทย", "agc": "กรมส่งเสริมการปกครองท้องถิ่น", "plan_name": "ส่งเสริมการกระจายอำนาจให้แก่องค์กรปกครองส่วนท้องถิ่น", "stg_name": "ยุทธศาสตร์การบริหารกิจการบ้านเมืองที่ดี", "objc_level1_name": "งบลงทุน", "compare": [{"bb_amount": 2608200, "bb_province": "นครศรีธรรมราช"}], "gf_amount_sum": 0}
{"bb_code": "1500883002600P34", "bb_year": "2559", "amount": 2608200, "min_code": "15000", "agc_code": "15008", "name": "ซ่อมสร้างถนนลาดยางแบบ Asphaltic Concrete สายบ้านหนองไฮ ตำบลนนทรี – บ้านเกาะแดง ตำบลวังดาล อำเภอกบินทร์บุรี จำนวน ๒ ช่วง กว้าง ๖ เมตร ยาวรวม ๗๕๓ เมตร หนา ๐.๐๔ เมตร พื้นที่รวมไม่น้อยกว่า ๔,๖๓๘ ตารางเมตร", "min": "กระทรวงมหาดไทย", "agc": "กรมส่งเสริมการปกครองท้องถิ่น", "plan_name": "ส่งเสริมการกระจายอำนาจให้แก่องค์กรปกครองส่วนท้องถิ่น", "stg_name": "ยุทธศาสตร์การบริหารกิจการบ้านเมืองที่ดี", "objc_level1_name": "งบลงทุน", "compare": [{"bb_amount": 2608200, "bb_province": "ปราจีนบุรี"}], "gf_amount_sum": 0}
{"bb_code": "1500883002600O20", "bb_year": "2559", "amount": 2608200, "min_code": "15000", "agc_code": "15008", "name": "ซ่อมสร้างถนนลาดยางผิวจราจรแอสฟัลท์ติกคอนกรีตทางหลวงท้องถิ่น รหัสสายทาง นว.ถ. ๑ - ๐๐๑๓  บ้านวังยาง - บ้านสะพานมอญ ตำบลตะเคียนเลื่อน อำเภอเมืองนครสวรรค์ เชื่อมต่อ ตำบลบางประมุง อำเภอโกรกพระ กว้าง ๖ เมตร", "min": "กระทรวงมหาดไทย", "agc": "กรมส่งเสริมการปกครองท้องถิ่น", "plan_name": "ส่งเสริมการกระจายอำนาจให้แก่องค์กรปกครองส่วนท้องถิ่น", "stg_name": "ยุทธศาสตร์การบริหารกิจการบ้านเมืองที่ดี", "objc_level1_name": "งบลงทุน", "compare": [{"bb_amount": 2608200, "bb_province": "นครสวรรค์"}], "gf_amount_sum": 0}
{"bb_code": "1500883002600DD5", "bb_year": "2559", "amount": 2608200, "min_code": "15000", "agc_code": "15008", "name": "ซ่อมสร้างถนนลาดยางแอสฟัลท์ติกคอนกรีตสายบ้านลำพาย หมู่ที่ ๔ - หมู่ที่ ๘ ตำบลโคกชะงาย กว้าง ๕ เมตร ยาว ๑,๐๔๖ เมตร หนา ๐.๐๔ เมตร ทต.โคกชะงาย อ.เมืองพัทลุง จ.พัทลุง", "min": "กระทรวงมหาดไทย", "agc": "กรมส่งเสริมการปกครองท้องถิ่น", "plan_name": "ส่งเสริมการกระจายอำนาจให้แก่องค์กรปกครองส่วนท้องถิ่น", "stg_name": "ยุทธศาสตร์การบริหารกิจการบ้านเมืองที่ดี", "objc_level1_name": "งบลงทุน", "compare": [{"bb_amount": 2608200, "bb_province": "พัทลุง"}], "gf_amount_sum": 0}
{"bb_code": "1500883002600DT5", "bb_year": "2559", "amount": 2608200, "min_code": "15000", "agc_code": "15008", "name": "ปรับปรุงถนนแอสฟัลท์ติกคอนกรีตสายบ้านพน บ้านขาม หมู่ที่ ๗ กว้าง ๖ เมตร ยาว ๑,๐๐๐ เมตร หนา ๐.๐๔ เมตร ทต.ลำสินธุ์ อ.ศรีนครินทร์ จ.พัทลุง", "min": "กระทรวงมหาดไทย", "agc": "กรมส่งเสริมการปกครองท้องถิ่น", "plan_name": "ส่งเสริมการกระจายอำนาจให้แก่องค์กรปกครองส่วนท้องถิ่น", "stg_name": "ยุทธศาสตร์การบริหารกิจการบ้านเมืองที่ดี", "objc_level1_name": "งบลงทุน", "compare": [{"bb_amount": 2608200, "bb_province": "พัทลุง"}], "gf_amount_sum": 0}
{"bb_code": "1500883002600BZ8", "bb_year": "2559", "amount": 2608200, "min_code": "15000", "agc_code": "15008", "name": "ซ่อมสร้าง/ซ่อมแซมถนน คสล. สายบ้านหนองเงินฮ้อย - บ้านนากระแซง กว้าง ๖ เมตร ยาว ๙๗๐ เมตร หนา ๐.๑๕ เมตร  หรือมีพื้นที่ไม่น้อยกว่า ๕,๘๒๐ ตารางเมตร อบต.นากระแซง อ.เดชอุดม จ.อุบลราชธานี", "min": "กระทรวงมหาดไทย", "agc": "กรมส่งเสริมการปกครองท้องถิ่น", "plan_name": "ส่งเสริมการกระจายอำนาจให้แก่องค์กรปกครองส่วนท้องถิ่น", "stg_name": "ยุทธศาสตร์การบริหารกิจการบ้านเมืองที่ดี", "objc_level1_name": "งบลงทุน", "compare": [{"bb_amount": 2608200, "bb_province": "อุบลราชธานี"}], "gf_amount_sum": 0}
{"bb_code": "1500883002600U17", "bb_year": "2559", "amount": 2608200, "min_code": "15000", "agc_code": "15008", "name": "ซ่อมสร้างถนนลาดยางแบบชนิดแอสฟัลท์ติกคอนกรีตสายบ้านหนองบัวอาสา หมู่ที่ ๖ บ้านมนต์คีรี กว้าง ๖ เมตร ยาว ๘๖๐ เมตร หนา ๐.๐๕ เมตร หรือมีพื้นที่ไม่น้อยกว่า ๕,๑๖๐ ตารางเมตร อบต.เมืองเก่า อ.เมืองสุโขทัย จ.สุโ", "min": "กระทรวงมหาดไทย", "agc": "กรมส่งเสริมการปกครองท้องถิ่น", "plan_name": "ส่งเสริมการกระจายอำนาจให้แก่องค์กรปกครองส่วนท้องถิ่น", "stg_name": "ยุทธศาสตร์การบริหารกิจการบ้านเมืองที่ดี", "objc_level1_name": "งบลงทุน", "compare": [{"bb_amount": 2608200, "bb_province": "สุโขทัย"}], "gf_amount_sum": 0}
{"bb_code": "1500883002600Y54", "bb_year": "2559", "amount": 2608200, "min_code": "15000", "agc_code": "15008", "name": "ปรับปรุงถนนเสริมผิวทางแบบแอสฟัลท์ติกคอนกรีตถนนสายแยก ทล.๔ (กม.ที่ ๔๖๑ - ๕๐๐) บ้านโป่งบอน กว้าง ๖ เมตร ยาว ๑,๐๘๗ เมตร  ไหล่ทางข้างละ ๑.๕๐ เมตร  อบต.หงษ์เจริญ อ.ท่าแซะ จ.ชุมพร", "min": "กระทรวงมหาดไทย", "agc": "กรมส่งเสริมการปกครองท้องถิ่น", "plan_name": "ส่งเสริมการกระจายอำนาจให้แก่องค์กรปกครองส่วนท้องถิ่น", "stg_name": "ยุทธศาสตร์การบริหารกิจการบ้านเมืองที่ดี", "objc_level1_name": "งบลงทุน", "compare": [{"bb_amount": 2608200, "bb_province": "ชุมพร"}], "gf_amount_sum": 0}
{"bb_code": "1500883002600AS2", "bb_year": "2559", "amount": 2608200, "min_code": "15000", "agc_code": "15008", "name": "ปรับปรุงซ่อมสร้างถนนลาดยาง สายน้ำตกผาลั่น หมู่ที่ ๑ ตำบลช่องสะเดา กว้าง ๕ เมตร ยาว ๑,๑๐๐ เมตร หนา ๐.๐๕ เมตร ไหล่ทางกว้าง ๐.๕๐ เมตร  อบต.ช่องสะเดา อ.เมืองกาญจนบุรี จ.กาญจนบุรี", "min": "กระทรวงมหาดไทย", "agc": "กรมส่งเสริมการปกครองท้องถิ่น", "plan_name": "ส่งเสริมการกระจายอำนาจให้แก่องค์กรปกครองส่วนท้องถิ่น", "stg_name": "ยุทธศาสตร์การบริหารกิจการบ้านเมืองที่ดี", "objc_level1_name": "งบลงทุน", "compare": [{"bb_amount": 2608200, "bb_province": "กาญจนบุรี"}], "gf_amount_sum": 0}
{"bb_code": "1500883002600X87", "bb_year": "2559", "amount": 2608200, "min_code": "15000", "agc_code": "15008", "name": "ซ่อมแซมถนนลาดยางแอสฟัลท์ติกคอนกรีตสายบ้านน้ำฉา  - บ้านเขาล้าน กว้าง ๖ เมตร ยาว ๑,๙๒๕ เมตร หนา ๐.๐๓ เมตร หรือมีพื้นที่ไม่น้อยกว่า ๑๑,๕๕๐ ตารางเมตร อบต.ครน อ.สวี จ.ชุมพร", "min": "กระทรวงมหาดไทย", "agc": "กรมส่งเสริมการปกครองท้องถิ่น", "plan_name": "ส่งเสริมการกระจายอำนาจให้แก่องค์กรปกครองส่วนท้องถิ่น", "stg_name": "ยุทธศาสตร์การบริหารกิจการบ้านเมืองที่ดี", "objc_level1_name": "งบลงทุน", "compare": [{"bb_amount": 2608200, "bb_province": "ชุมพร"}], "gf_amount_sum": 0}
{"bb_code": "1500883002600HO8", "bb_year": "2559", "amount": 2608200, "min_code": "15000", "agc_code": "15008", "name": "ซ่อมสร้างบูรณะทางลูกรัง โดยวิธี Pavement In-Place Recyling ผิวทางแอสฟัลท์ติกคอนกรีต สายบ้านกุดกะเสียน หมู่ ๑๑ ตำบลเขื่องใน พื้นที่ไม่น้อยกว่า ๔,๕๖๖ ตารางเมตร ทต.ห้วยเรือ อ.เขื่องใน จ.อุบลราชธานี", "min": "กระทรวงมหาดไทย", "agc": "กรมส่งเสริมการปกครองท้องถิ่น", "plan_name": "ส่งเสริมการกระจายอำนาจให้แก่องค์กรปกครองส่วนท้องถิ่น", "stg_name": "ยุทธศาสตร์การบริหารกิจการบ้านเมืองที่ดี", "objc_level1_name": "งบลงทุน", "compare": [{"bb_amount": 2608200, "bb_province": "อุบลราชธานี"}], "gf_amount_sum": 0}
{"bb_code": "1500883002600O38", "bb_year": "2559", "amount": 2608200, "min_code": "15000", "agc_code": "15008", "name": "ซ่อมสร้างถนนแอสฟัลท์ติกคอนกรีตสายบ้านสมอเซฝั่งตะวันออก หมู่ที่ ๘ อนามัยสมอเซ - ทางรถไฟ ตำบลคลองเปรง  กว้าง ๖ เมตร ยาว ๑,๐๐๐ เมตร หนา ๐.๐๕ เมตร  อบต.คลองเปรง อ.เมืองฉะเชิงเทรา จ.ฉะเชิงเทรา", "min": "กระทรวงมหาดไทย", "agc": "กรมส่งเสริมการปกครองท้องถิ่น", "plan_name": "ส่งเสริมการกระจายอำนาจให้แก่องค์กรปกครองส่วนท้องถิ่น", "stg_name": "ยุทธศาสตร์การบริหารกิจการบ้านเมืองที่ดี", "objc_level1_name": "งบลงทุน", "compare": [{"bb_amount": 2608200, "bb_province": "ฉะเชิงเทรา"}], "gf_amount_sum": 0}
{"bb_code": "1500883002600HK6", "bb_year": "2559", "amount": 2608200, "min_code": "15000", "agc_code": "15008", "name": "ซ่อมสร้างถนนลาดยางแอสฟัลท์ติกคอนกรีต สายบ้านทุ่งพนมวัง -น้ำตกหินเพลิง ตำบลมิตรภาพ  ขนาดกว้าง ๖ เมตร ยาว ๖๑๐  เมตร  หนา ๐.๐๔ เมตร ไหล่ทางกว้างข้างละ ๑.๕๐ เมตร  อบต.มิตรภาพ อ.สีคิ้ว จ.นครราชสีมา", "min": "กระทรวงมหาดไทย", "agc": "กรมส่งเสริมการปกครองท้องถิ่น", "plan_name": "ส่งเสริมการกระจายอำนาจให้แก่องค์กรปกครองส่วนท้องถิ่น", "stg_name": "ยุทธศาสตร์การบริหารกิจการบ้านเมืองที่ดี", "objc_level1_name": "งบลงทุน", "compare": [{"bb_amount": 2608200, "bb_province": "นครราชสีมา"}], "gf_amount_sum": 0}
