{"bb_code": "1500822040600I95", "bb_year": "2559", "amount": 2555800, "min_code": "15000", "agc_code": "15008", "name": "ก่อสร้างระบบประปาแบบผิวดินขนาดใหญ่ บ้านโป่งดอยช้าง หมู่ที่ ๑๓ ตำบลบ้านกาศ ตามแบบมาตรฐานการประปานครหลวง อบต.บ้านกาศ อ.แม่สะเรียง จ.แม่ฮ่องสอน", "min": "กระทรวงมหาดไทย", "agc": "กรมส่งเสริมการปกครองท้องถิ่น", "plan_name": "บริหารจัดการทรัพยากรน้ำ", "stg_name": "ยุทธศาสตร์เร่งรัดวางรากฐานการพัฒนาที่ยั่งยืนของประเทศ", "objc_level1_name": "งบลงทุน", "compare": [{"bb_amount": 2555800, "bb_province": "แม่ฮ่องสอน"}], "gf_amount_sum": 0}
{"bb_code": "1500822040600C24", "bb_year": "2559", "amount": 2555800, "min_code": "15000", "agc_code": "15008", "name": "ก่อสร้างระบบประปาหมู่บ้าน แบบผิวดินขนาดใหญ่ บ้านสีพรม หมู่ที่ ๔ ตำบลควร ตามแบบมาตรฐานการประปานครหลวง อบต.ควร อ.ปง จ.พะเยา", "min": "กระทรวงมหาดไทย", "agc": "กรมส่งเสริมการปกครองท้องถิ่น", "plan_name": "บริหารจัดการทรัพยากรน้ำ", "stg_name": "ยุทธศาสตร์เร่งรัดวางรากฐานการพัฒนาที่ยั่งยืนของประเทศ", "objc_level1_name": "งบลงทุน", "compare": [{"bb_amount": 2555800, "bb_province": "พะเยา"}], "gf_amount_sum": 0}
{"bb_code": "1500822040600K11", "bb_year": "2559", "amount": 2555800, "min_code": "15000", "agc_code": "15008", "name": "ก่อสร้างระบบประปาหมู่บ้าน แบบผิวดินขนาดใหญ่ หมู่ที่ ๖ บ้านกกจั่น ตามแบบมาตรฐานการประปานครหลวง อบต.พุทธบาท อ.ชนแดน จ.เพชรบูรณ์", "min": "กระทรวงมหาดไทย", "agc": "กรมส่งเสริมการปกครองท้องถิ่น", "plan_name": "บริหารจัดการทรัพยากรน้ำ", "stg_name": "ยุทธศาสตร์เร่งรัดวางรากฐานการพัฒนาที่ยั่งยืนของประเทศ", "objc_level1_name": "งบลงทุน", "compare": [{"bb_amount": 2555800, "bb_province": "เพชรบูรณ์"}], "gf_amount_sum": 0}
{"bb_code": "1500822040600C56", "bb_year": "2559", "amount": 2555800, "min_code": "15000", "agc_code": "15008", "name": "ก่อสร้างประปาหมู่บ้าน แบบผิวดินขนาดใหญ่ หมู่ที่ ๖ ตำบลบางไทร ตามแบบการประปานครหลวง อบต.บางไทร อ.ตะกั่วป่า จ.พังงา", "min": "กระทรวงมหาดไทย", "agc": "กรมส่งเสริมการปกครองท้องถิ่น", "plan_name": "บริหารจัดการทรัพยากรน้ำ", "stg_name": "ยุทธศาสตร์เร่งรัดวางรากฐานการพัฒนาที่ยั่งยืนของประเทศ", "objc_level1_name": "งบลงทุน", "compare": [{"bb_amount": 2555800, "bb_province": "พังงา"}], "gf_amount_sum": 0}
{"bb_code": "1500822040600AV3", "bb_year": "2559", "amount": 2555800, "min_code": "15000", "agc_code": "15008", "name": "ก่อสร้างประปาหมู่บ้าน แบบผิวดินขนาดใหญ่ หมู่ที่ ๙ บ้านบางทองคำ ตำบลบ้านเนิน ตามแบบแปลนการประปานครหลวง อบต.บ้านเนิน อ.เชียรใหญ่ จ.นครศรีธรรมราช", "min": "กระทรวงมหาดไทย", "agc": "กรมส่งเสริมการปกครองท้องถิ่น", "plan_name": "บริหารจัดการทรัพยากรน้ำ", "stg_name": "ยุทธศาสตร์เร่งรัดวางรากฐานการพัฒนาที่ยั่งยืนของประเทศ", "objc_level1_name": "งบลงทุน", "compare": [{"bb_amount": 2555800, "bb_province": "นครศรีธรรมราช"}], "gf_amount_sum": 0}
{"bb_code": "1500822040600AY9", "bb_year": "2559", "amount": 2555800, "min_code": "15000", "agc_code": "15008", "name": "ก่อสร้างประปาหมู่บ้าน แบบผิวดินขนาดใหญ่ บ้านทวดลุง หมู่ที่ ๑ ตำบลชะเมา ตามแบบแปลนการประปานครหลวง ทต.ชะเมา อ.ปากพนัง จ.นครศรีธรรมราช", "min": "กระทรวงมหาดไทย", "agc": "กรมส่งเสริมการปกครองท้องถิ่น", "plan_name": "บริหารจัดการทรัพยากรน้ำ", "stg_name": "ยุทธศาสตร์เร่งรัดวางรากฐานการพัฒนาที่ยั่งยืนของประเทศ", "objc_level1_name": "งบลงทุน", "compare": [{"bb_amount": 2555800, "bb_province": "นครศรีธรรมราช"}], "gf_amount_sum": 0}
{"bb_code": "1500822040600BA6", "bb_year": "2559", "amount": 2555800, "min_code": "15000", "agc_code": "15008", "name": "ก่อสร้างระบบประปาหมู่บ้าน แบบผิวดินขนาดใหญ่ บ้านหนองดี หมู่ที่ ๗ , ๑๐ ตำบลป่าระกำ ตามแบบแปลนการประปานครหลวง อบต.ป่าระกำ อ.ปากพนัง จ.นครศรีธรรมราช", "min": "กระทรวงมหาดไทย", "agc": "กรมส่งเสริมการปกครองท้องถิ่น", "plan_name": "บริหารจัดการทรัพยากรน้ำ", "stg_name": "ยุทธศาสตร์เร่งรัดวางรากฐานการพัฒนาที่ยั่งยืนของประเทศ", "objc_level1_name": "งบลงทุน", "compare": [{"bb_amount": 2555800, "bb_province": "นครศรีธรรมราช"}], "gf_amount_sum": 0}
{"bb_code": "1500822040600BJ3", "bb_year": "2559", "amount": 2555800, "min_code": "15000", "agc_code": "15008", "name": "ก่อสร้างระบบประปาหมู่บ้าน แบบผิวดินขนาดใหญ่ หมู่ที่ ๕ บ้านคลองใหม่ ตำบลเสาธง ตามแบบแปลนการประปานครหลวง อบต.เสาธง อ.ร่อนพิบูลย์ จ.นครศรีธรรมราช", "min": "กระทรวงมหาดไทย", "agc": "กรมส่งเสริมการปกครองท้องถิ่น", "plan_name": "บริหารจัดการทรัพยากรน้ำ", "stg_name": "ยุทธศาสตร์เร่งรัดวางรากฐานการพัฒนาที่ยั่งยืนของประเทศ", "objc_level1_name": "งบลงทุน", "compare": [{"bb_amount": 2555800, "bb_province": "นครศรีธรรมราช"}], "gf_amount_sum": 0}
{"bb_code": "1500822040600C18", "bb_year": "2559", "amount": 2555800, "min_code": "15000", "agc_code": "15008", "name": "ก่อสร้างระบบประปาหมู่บ้าน แบบผิวดินขนาดใหญ่ บ้านนาบัว หมู่ที่ ๙ ตำบลสระ ตามแบบมาตรฐานการประปานครหลวง อบต.สระ อ.เชียงม่วน จ.พะเยา", "min": "กระทรวงมหาดไทย", "agc": "กรมส่งเสริมการปกครองท้องถิ่น", "plan_name": "บริหารจัดการทรัพยากรน้ำ", "stg_name": "ยุทธศาสตร์เร่งรัดวางรากฐานการพัฒนาที่ยั่งยืนของประเทศ", "objc_level1_name": "งบลงทุน", "compare": [{"bb_amount": 2555800, "bb_province": "พะเยา"}], "gf_amount_sum": 0}
{"bb_code": "1500822040600D07", "bb_year": "2559", "amount": 2555800, "min_code": "15000", "agc_code": "15008", "name": "ก่อสร้างประปาหมู่บ้าน แบบผิวดินขนาดใหญ่ หมู่ที่ ๔ ตำบลสมหวัง ตามแบบมาตรฐานการประปานครหลวง ทต.สมหวัง อ.กงหรา จ.พัทลุง", "min": "กระทรวงมหาดไทย", "agc": "กรมส่งเสริมการปกครองท้องถิ่น", "plan_name": "บริหารจัดการทรัพยากรน้ำ", "stg_name": "ยุทธศาสตร์เร่งรัดวางรากฐานการพัฒนาที่ยั่งยืนของประเทศ", "objc_level1_name": "งบลงทุน", "compare": [{"bb_amount": 2555800, "bb_province": "พัทลุง"}], "gf_amount_sum": 0}
{"bb_code": "1500822040600C17", "bb_year": "2559", "amount": 2555800, "min_code": "15000", "agc_code": "15008", "name": "ก่อสร้างระบบประปาหมู่บ้าน แบบผิวดินขนาดใหญ่ บ้านทุ่งหนอง หมู่ที่ ๕ ตำบลสระ ตามแบบมาตรฐานการประปานครหลวง อบต.สระ อ.เชียงม่วน จ.พะเยา", "min": "กระทรวงมหาดไทย", "agc": "กรมส่งเสริมการปกครองท้องถิ่น", "plan_name": "บริหารจัดการทรัพยากรน้ำ", "stg_name": "ยุทธศาสตร์เร่งรัดวางรากฐานการพัฒนาที่ยั่งยืนของประเทศ", "objc_level1_name": "งบลงทุน", "compare": [{"bb_amount": 2555800, "bb_province": "พะเยา"}], "gf_amount_sum": 0}
{"bb_code": "1500822040600BA4", "bb_year": "2559", "amount": 2555800, "min_code": "15000", "agc_code": "15008", "name": "ก่อสร้างระบบประปาหมู่บ้าน แบบผิวดินขนาดใหญ่ บ้านเหมก หมู่ที่ ๘ , ๑๑ ตำบลป่าระกำ ตามแบบแปลนการประปานครหลวง อบต.ป่าระกำ อ.ปากพนัง จ.นครศรีธรรมราช", "min": "กระทรวงมหาดไทย", "agc": "กรมส่งเสริมการปกครองท้องถิ่น", "plan_name": "บริหารจัดการทรัพยากรน้ำ", "stg_name": "ยุทธศาสตร์เร่งรัดวางรากฐานการพัฒนาที่ยั่งยืนของประเทศ", "objc_level1_name": "งบลงทุน", "compare": [{"bb_amount": 2555800, "bb_province": "นครศรีธรรมราช"}], "gf_amount_sum": 0}
{"bb_code": "1500822040600AV5", "bb_year": "2559", "amount": 2555800, "min_code": "15000", "agc_code": "15008", "name": "ก่อสร้างระบบประปาหมู่บ้าน แบบผิวดินขนาดใหญ่ บ้านบ่อหมู่ หมู่ที่ ๑๐ ตำบลแม่เจ้าอยู่หัว ตามแบบการประปานครหลวง อบต.แม่เจ้าอยู่หัว อ.เชียรใหญ่ จ.นครศรีธรรมราช", "min": "กระทรวงมหาดไทย", "agc": "กรมส่งเสริมการปกครองท้องถิ่น", "plan_name": "บริหารจัดการทรัพยากรน้ำ", "stg_name": "ยุทธศาสตร์เร่งรัดวางรากฐานการพัฒนาที่ยั่งยืนของประเทศ", "objc_level1_name": "งบลงทุน", "compare": [{"bb_amount": 2555800, "bb_province": "นครศรีธรรมราช"}], "gf_amount_sum": 0}
{"bb_code": "1500822040600BA9", "bb_year": "2559", "amount": 2555800, "min_code": "15000", "agc_code": "15008", "name": "ก่อสร้างระบบประปาหมู่บ้าน แบบผิวดินขนาดใหญ่ บ้านป่าระกำ หมู่ที่ ๔ , ๖ ตำบลป่าระกำ ตามแบบแปลนการประปานครหลวง อบต.ป่าระกำ อ.ปากพนัง จ.นครศรีธรรมราช", "min": "กระทรวงมหาดไทย", "agc": "กรมส่งเสริมการปกครองท้องถิ่น", "plan_name": "บริหารจัดการทรัพยากรน้ำ", "stg_name": "ยุทธศาสตร์เร่งรัดวางรากฐานการพัฒนาที่ยั่งยืนของประเทศ", "objc_level1_name": "งบลงทุน", "compare": [{"bb_amount": 2555800, "bb_province": "นครศรีธรรมราช"}], "gf_amount_sum": 0}
{"bb_code": "1500822040600BJ9", "bb_year": "2559", "amount": 2555800, "min_code": "15000", "agc_code": "15008", "name": "ก่อสร้างระบบประปาหมู่บ้าน แบบผิวดินขนาดใหญ่ หมู่ที่ ๕ บ้านป่าคลองกรุงหยัน ตำบลกรุงหยัน ตามแบบมาตรฐานการประปานครหลวง อบต.กรุงหยัน อ.ทุ่งใหญ่ จ.นครศรีธรรมราช", "min": "กระทรวงมหาดไทย", "agc": "กรมส่งเสริมการปกครองท้องถิ่น", "plan_name": "บริหารจัดการทรัพยากรน้ำ", "stg_name": "ยุทธศาสตร์เร่งรัดวางรากฐานการพัฒนาที่ยั่งยืนของประเทศ", "objc_level1_name": "งบลงทุน", "compare": [{"bb_amount": 2555800, "bb_province": "นครศรีธรรมราช"}], "gf_amount_sum": 0}
{"bb_code": "1500817036600767", "bb_year": "2559", "amount": 2553800, "min_code": "15000", "agc_code": "15008", "name": "ก่อสร้างสนามฟุตซอล  ขนาดกว้าง 20 เมตร ยาว  40 เมตร ในพื้นที่โรงเรียนบ้านเขากำแพง หมู่ที่ 9 องค์การบริหารส่วนตำบลดอนคา อำเภออู่ทอง จังหวัดสุพรรณบุรี", "min": "กระทรวงมหาดไทย", "agc": "กรมส่งเสริมการปกครองท้องถิ่น", "plan_name": "ป้องกัน ปราบปราม และบําบัดรักษาผู้ติดยาเสพติด ", "stg_name": "ยุทธศาสตร์การศึกษา สาธารณสุข คุณธรรม จริยธรรม และคุณภาพชีวิต", "objc_level1_name": "งบลงทุน", "compare": [{"bb_amount": 2553800, "bb_province": "สุพรรณบุรี"}], "gf_amount_sum": 0}
{"bb_code": "1500817036600774", "bb_year": "2559", "amount": 2553800, "min_code": "15000", "agc_code": "15008", "name": "ก่อสร้างสนามฟุตซอล  ขนาดกว้าง 20 เมตร ยาว  40 เมตร  หมู่ที่ 5 บ้านห้วยหิน  องค์การบริหารส่วนตำบลหนองโอ่ง อำเภออู่ทอง จังหวัดสุพรรณบุรี", "min": "กระทรวงมหาดไทย", "agc": "กรมส่งเสริมการปกครองท้องถิ่น", "plan_name": "ป้องกัน ปราบปราม และบําบัดรักษาผู้ติดยาเสพติด ", "stg_name": "ยุทธศาสตร์การศึกษา สาธารณสุข คุณธรรม จริยธรรม และคุณภาพชีวิต", "objc_level1_name": "งบลงทุน", "compare": [{"bb_amount": 2553800, "bb_province": "สุพรรณบุรี"}], "gf_amount_sum": 0}
{"bb_code": "1500822040600N58", "bb_year": "2559", "amount": 2551900, "min_code": "15000", "agc_code": "15008", "name": "ก่อสร้างประปาหมู่บ้าน แบบบาดาลขนาดใหญ่ บ้านน้ำแคม หมู่ที่ ๑ อบต.น้ำแคม อ.ท่าลี่ จ.เลย", "min": "กระทรวงมหาดไทย", "agc": "กรมส่งเสริมการปกครองท้องถิ่น", "plan_name": "บริหารจัดการทรัพยากรน้ำ", "stg_name": "ยุทธศาสตร์เร่งรัดวางรากฐานการพัฒนาที่ยั่งยืนของประเทศ", "objc_level1_name": "งบลงทุน", "compare": [{"bb_amount": 2551900, "bb_province": "เลย"}], "gf_amount_sum": 0}
{"bb_code": "1500822040600N62", "bb_year": "2559", "amount": 2551900, "min_code": "15000", "agc_code": "15008", "name": "ก่อสร้างประปาหมู่บ้าน แบบบาดาลขนาดใหญ่ บ้านน้ำแคม หมู่ที่ ๓ อบต.น้ำแคม อ.ท่าลี่ จ.เลย", "min": "กระทรวงมหาดไทย", "agc": "กรมส่งเสริมการปกครองท้องถิ่น", "plan_name": "บริหารจัดการทรัพยากรน้ำ", "stg_name": "ยุทธศาสตร์เร่งรัดวางรากฐานการพัฒนาที่ยั่งยืนของประเทศ", "objc_level1_name": "งบลงทุน", "compare": [{"bb_amount": 2551900, "bb_province": "เลย"}], "gf_amount_sum": 0}
{"bb_code": "1500822040600N64", "bb_year": "2559", "amount": 2551900, "min_code": "15000", "agc_code": "15008", "name": "ก่อสร้างประปาหมู่บ้าน แบบบาดาลขนาดใหญ่ บ้านปากยาง หมู่ที่ ๖ อบต.น้ำแคม อ.ท่าลี่ จ.เลย", "min": "กระทรวงมหาดไทย", "agc": "กรมส่งเสริมการปกครองท้องถิ่น", "plan_name": "บริหารจัดการทรัพยากรน้ำ", "stg_name": "ยุทธศาสตร์เร่งรัดวางรากฐานการพัฒนาที่ยั่งยืนของประเทศ", "objc_level1_name": "งบลงทุน", "compare": [{"bb_amount": 2551900, "bb_province": "เลย"}], "gf_amount_sum": 0}
