{"bb_code": "1500883002600N53", "bb_year": "2559", "amount": 2535700, "min_code": "15000", "agc_code": "15008", "name": "ซ่อมสร้างถนนลาดยางผิวจราจรแอสฟัลท์ติกคอนกรีตทางหลวงท้องถิ่น รหัสสายทาง นว.ถ. ๑ - ๐๐๔๑ บ้านหนองสีนวล - บ้านหนองยอ ตำบลตาคลี เชื่อมต่อ ตำบลหัวหวาย อำเภอตาคลี กว้าง ๖ เมตร ยาว ๘๙๗ เมตร หนา ๐.๐๔ เมตร ไหล่", "min": "กระทรวงมหาดไทย", "agc": "กรมส่งเสริมการปกครองท้องถิ่น", "plan_name": "ส่งเสริมการกระจายอำนาจให้แก่องค์กรปกครองส่วนท้องถิ่น", "stg_name": "ยุทธศาสตร์การบริหารกิจการบ้านเมืองที่ดี", "objc_level1_name": "งบลงทุน", "compare": [{"bb_amount": 2535700, "bb_province": "นครสวรรค์"}], "gf_amount_sum": 0}
{"bb_code": "1500883002600O12", "bb_year": "2559", "amount": 2535700, "min_code": "15000", "agc_code": "15008", "name": "ซ่อมสร้างถนนลาดยางผิวจราจรแอสฟัลท์ติกคอนกรีตทางหลวงท้องถิ่น รหัสสายทาง นว.ถ. ๑ - ๐๐๔๕ บ้านเขาดิน - บ้านโคกเดื่อ ตำบลวังน้ำลัด เชื่อมต่อ ตำบลโคกเดื่อ อำเภอไพศาลี กว้าง ๖ เมตร ยาว ๘๘๖ เมตร หนา ๐.๐๔ เมตร", "min": "กระทรวงมหาดไทย", "agc": "กรมส่งเสริมการปกครองท้องถิ่น", "plan_name": "ส่งเสริมการกระจายอำนาจให้แก่องค์กรปกครองส่วนท้องถิ่น", "stg_name": "ยุทธศาสตร์การบริหารกิจการบ้านเมืองที่ดี", "objc_level1_name": "งบลงทุน", "compare": [{"bb_amount": 2535700, "bb_province": "นครสวรรค์"}], "gf_amount_sum": 0}
{"bb_code": "1500883002600O96", "bb_year": "2559", "amount": 2535700, "min_code": "15000", "agc_code": "15008", "name": "ซ่อมแซมถนนลาดยางผิวจราจรแอสฟัลท์ติกคอนกรีตสายบ้านบึงน้ำใส หมู่ที่ ๙ ตำบลบ้านมะเกลือ กว้าง ๖ เมตร ยาว ๑,๒๒๐ เมตร หนา ๐.๐๔ เมตร ไหล่ทางแอสฟัลท์ติกคอนกรีตกว้างข้างละ ๐.๕๐ เมตร พื้นที่ไม่น้อยกว่า ๘,๕๔๐ ตา", "min": "กระทรวงมหาดไทย", "agc": "กรมส่งเสริมการปกครองท้องถิ่น", "plan_name": "ส่งเสริมการกระจายอำนาจให้แก่องค์กรปกครองส่วนท้องถิ่น", "stg_name": "ยุทธศาสตร์การบริหารกิจการบ้านเมืองที่ดี", "objc_level1_name": "งบลงทุน", "compare": [{"bb_amount": 2535700, "bb_province": "นครสวรรค์"}], "gf_amount_sum": 0}
{"bb_code": "1500883002600O43", "bb_year": "2559", "amount": 2535700, "min_code": "15000", "agc_code": "15008", "name": "ซ่อมสร้างถนนลาดยางผิวจราจรแอสฟัลท์ติกคอนกรีตทางหลวงท้องถิ่น รหัสสายทาง นว.ถ. ๑ - ๐๐๒๔  บ้านไทรทอง - บ้านหนองขี้ใต้ ตำบลบ้านไร่ เชื่อมต่อ ตำบลลาดยาว อำเภอลาดยาว กว้าง ๖ เมตร ยาว ๘๖๗ เมตร หนา ๐.๐๔ เมตร", "min": "กระทรวงมหาดไทย", "agc": "กรมส่งเสริมการปกครองท้องถิ่น", "plan_name": "ส่งเสริมการกระจายอำนาจให้แก่องค์กรปกครองส่วนท้องถิ่น", "stg_name": "ยุทธศาสตร์การบริหารกิจการบ้านเมืองที่ดี", "objc_level1_name": "งบลงทุน", "compare": [{"bb_amount": 2535700, "bb_province": "นครสวรรค์"}], "gf_amount_sum": 0}
{"bb_code": "1500883002600N16", "bb_year": "2559", "amount": 2535700, "min_code": "15000", "agc_code": "15008", "name": "ซ่อมสร้างถนนลาดยางผิวจราจรแอสฟัลท์ติกคอนกรีตทางหลวงท้องถิ่น รหัสสายทาง นว.ถ. ๑ - ๐๐๓๔ บ้านเนินกระพี้ - บ้านหาดสูง ตำบลเนินศาลา เชื่อมต่อ ตำบลหาดสูง อำเภอโกรกพระ กว้าง ๖ เมตร  ยาว ๙๔๕ เมตร หนา ๐.๐๔ เมต", "min": "กระทรวงมหาดไทย", "agc": "กรมส่งเสริมการปกครองท้องถิ่น", "plan_name": "ส่งเสริมการกระจายอำนาจให้แก่องค์กรปกครองส่วนท้องถิ่น", "stg_name": "ยุทธศาสตร์การบริหารกิจการบ้านเมืองที่ดี", "objc_level1_name": "งบลงทุน", "compare": [{"bb_amount": 2535700, "bb_province": "นครสวรรค์"}], "gf_amount_sum": 0}
{"bb_code": "1500883002600O48", "bb_year": "2559", "amount": 2535700, "min_code": "15000", "agc_code": "15008", "name": "ซ่อมสร้างถนนลาดยางผิวจราจรแอสฟัลท์ติกคอนกรีตทางหลวงท้องถิ่น รหัสสายทาง นว.ถ. ๑ - ๐๐๓๐  บ้านหนองโขมง - บ้านบึงหล่ม ตำบลลาดยาว อำเภอลาดยาว กว้าง ๖ เมตร ยาว ๘๘๕ เมตร หนา ๐.๐๔ เมตร ไหล่ทางแอสฟัลท์ติกคอนกร", "min": "กระทรวงมหาดไทย", "agc": "กรมส่งเสริมการปกครองท้องถิ่น", "plan_name": "ส่งเสริมการกระจายอำนาจให้แก่องค์กรปกครองส่วนท้องถิ่น", "stg_name": "ยุทธศาสตร์การบริหารกิจการบ้านเมืองที่ดี", "objc_level1_name": "งบลงทุน", "compare": [{"bb_amount": 2535700, "bb_province": "นครสวรรค์"}], "gf_amount_sum": 0}
{"bb_code": "1500883002600N27", "bb_year": "2559", "amount": 2535700, "min_code": "15000", "agc_code": "15008", "name": "ซ่อมสร้างถนนลาดยางผิวจราจรแอสฟัลท์ติกคอนกรีตทางหลวงท้องถิ่น รหัสสายทาง นว.ถ. ๑ - ๐๐๐๖ บ้านไผ่สิงห์ - บ้านสันติสุข ตำบลไผ่สิงห์ เชื่อมต่อ ตำบลหนองกระเจา อำเภอชุมแสง กว้าง ๖ เมตร ยาว ๘๗๓ เมตร หนา ๐.๐๔ เ", "min": "กระทรวงมหาดไทย", "agc": "กรมส่งเสริมการปกครองท้องถิ่น", "plan_name": "ส่งเสริมการกระจายอำนาจให้แก่องค์กรปกครองส่วนท้องถิ่น", "stg_name": "ยุทธศาสตร์การบริหารกิจการบ้านเมืองที่ดี", "objc_level1_name": "งบลงทุน", "compare": [{"bb_amount": 2535700, "bb_province": "นครสวรรค์"}], "gf_amount_sum": 0}
{"bb_code": "1500883002600JB8", "bb_year": "2559", "amount": 2535000, "min_code": "15000", "agc_code": "15008", "name": "ก่อสร้างอาคารเก็บพัสดุ คสล. 2 ชั้น สถานสงเคราะห์คนชราบ้านจันทบุรี องค์การบริหารจังหวัดจันทบุรี อำเภอเมืองจันทบุรี จังหวัดจันทบุรี", "min": "กระทรวงมหาดไทย", "agc": "กรมส่งเสริมการปกครองท้องถิ่น", "plan_name": "ส่งเสริมการกระจายอำนาจให้แก่องค์กรปกครองส่วนท้องถิ่น", "stg_name": "ยุทธศาสตร์การบริหารกิจการบ้านเมืองที่ดี", "objc_level1_name": "งบลงทุน", "compare": [{"bb_amount": 2535000, "bb_province": "จันทบุรี"}], "gf_amount_sum": 0}
{"bb_code": "1500822040600BQ3", "bb_year": "2559", "amount": 2531000, "min_code": "15000", "agc_code": "15008", "name": "ปรับปรุงซ่อมแซมสถานีสูบน้ำด้วยไฟฟ้า บ้านหนองไผ่ ม.3 อบต.เสาเล้า อ.หนองกุงศรี  จ.กาฬสินธุ์", "min": "กระทรวงมหาดไทย", "agc": "กรมส่งเสริมการปกครองท้องถิ่น", "plan_name": "บริหารจัดการทรัพยากรน้ำ", "stg_name": "ยุทธศาสตร์เร่งรัดวางรากฐานการพัฒนาที่ยั่งยืนของประเทศ", "objc_level1_name": "งบลงทุน", "compare": [{"bb_amount": 2531000, "bb_province": "กาฬสินธุ์"}], "gf_amount_sum": 0}
{"bb_code": "1500822040600CO1", "bb_year": "2559", "amount": 2529000, "min_code": "15000", "agc_code": "15008", "name": "ปรับปรุงซ่อมแซมสถานีสูบน้ำด้วยไฟฟ้า  บ้านท่าจำปา 2 อบต.ท่าจำปา อ.ท่าอุเทน จ.นครพนม", "min": "กระทรวงมหาดไทย", "agc": "กรมส่งเสริมการปกครองท้องถิ่น", "plan_name": "บริหารจัดการทรัพยากรน้ำ", "stg_name": "ยุทธศาสตร์เร่งรัดวางรากฐานการพัฒนาที่ยั่งยืนของประเทศ", "objc_level1_name": "งบลงทุน", "compare": [{"bb_amount": 2529000, "bb_province": "นครพนม"}], "gf_amount_sum": 0}
{"bb_code": "1500822040600CY5", "bb_year": "2559", "amount": 2529000, "min_code": "15000", "agc_code": "15008", "name": "ปรับปรุงซ่อมแซมสถานีสูบน้ำด้วยไฟฟ้า บ้านท่าเริงรมย์ ม.4 อบต.ทุ่งพระ อ.คอนสาร จ.ชัยภูมิ", "min": "กระทรวงมหาดไทย", "agc": "กรมส่งเสริมการปกครองท้องถิ่น", "plan_name": "บริหารจัดการทรัพยากรน้ำ", "stg_name": "ยุทธศาสตร์เร่งรัดวางรากฐานการพัฒนาที่ยั่งยืนของประเทศ", "objc_level1_name": "งบลงทุน", "compare": [{"bb_amount": 2529000, "bb_province": "ชัยภูมิ"}], "gf_amount_sum": 0}
{"bb_code": "1500822040600V00", "bb_year": "2559", "amount": 2527300, "min_code": "15000", "agc_code": "15008", "name": "ก่อสร้างประปาหมู่บ้านแบบบาดาลขนาดใหญ่ บ้านฮ่องขาด หมู่ที่ ๖  ตำบลจาน ตามแบบมาตรฐานกรมทรัพยากรน้ำ อบต.จาน อ.เมือง จ.ศรีสะเกษ", "min": "กระทรวงมหาดไทย", "agc": "กรมส่งเสริมการปกครองท้องถิ่น", "plan_name": "บริหารจัดการทรัพยากรน้ำ", "stg_name": "ยุทธศาสตร์เร่งรัดวางรากฐานการพัฒนาที่ยั่งยืนของประเทศ", "objc_level1_name": "งบลงทุน", "compare": [{"bb_amount": 2527300, "bb_province": "ศรีสะเกษ"}], "gf_amount_sum": 0}
{"bb_code": "1500883002600ES8", "bb_year": "2559", "amount": 2527100, "min_code": "15000", "agc_code": "15008", "name": "ซ่อมสร้างถนนลาดยางผิวจราจรแอสฟัลท์ติกคอนกรีต สาย พล ๔๐๑๔ สายทางบ้านห้วย - บ้านบึง - บ้านคลองมะแพลบ จำนวน ๒ ช่วง มีพื้นที่รวมไม่น้อยกว่า ๗,๒๘๑ ตารางเมตร อบต.ศรีภิรมย์ อ.พรหมพิราม จ.พิษณุโลก", "min": "กระทรวงมหาดไทย", "agc": "กรมส่งเสริมการปกครองท้องถิ่น", "plan_name": "ส่งเสริมการกระจายอำนาจให้แก่องค์กรปกครองส่วนท้องถิ่น", "stg_name": "ยุทธศาสตร์การบริหารกิจการบ้านเมืองที่ดี", "objc_level1_name": "งบลงทุน", "compare": [{"bb_amount": 2527100, "bb_province": "พิษณุโลก"}], "gf_amount_sum": 0}
{"bb_code": "1500822040600F75", "bb_year": "2559", "amount": 2525300, "min_code": "15000", "agc_code": "15008", "name": "ก่อสร้างประปาหมู่บ้านแบบบาดาลขนาดใหญ่ หมู่ที่ ๕ บ้านหนองบัวทอง ตำบลห้วยหอม ตามแบบมาตรฐานกรมทรัพยากรน้ำกำหนด อบต.ห้วยหอม อ.ตาคลี จ.นครสวรรค์", "min": "กระทรวงมหาดไทย", "agc": "กรมส่งเสริมการปกครองท้องถิ่น", "plan_name": "บริหารจัดการทรัพยากรน้ำ", "stg_name": "ยุทธศาสตร์เร่งรัดวางรากฐานการพัฒนาที่ยั่งยืนของประเทศ", "objc_level1_name": "งบลงทุน", "compare": [{"bb_amount": 2525300, "bb_province": "นครสวรรค์"}], "gf_amount_sum": 0}
{"bb_code": "1500883002600CM7", "bb_year": "2559", "amount": 2525100, "min_code": "15000", "agc_code": "15008", "name": "ซ่อมสร้างผิวแอสฟัลท์ติกคอนกรีต สาย ลบ.๓๐๙๓ บ้านโคกเจริญ - หนองร่าเริง หมู่ที่ ๒ กว้าง ๖ เมตร ยาว ๕๕๐ เมตร หนา ๐.๐๔ เมตร ไหล่ทางกว้างข้างละ ๑ เมตร อบต.โคกเจริญ อ.โคกเจริญ จ.ลพบุรี", "min": "กระทรวงมหาดไทย", "agc": "กรมส่งเสริมการปกครองท้องถิ่น", "plan_name": "ส่งเสริมการกระจายอำนาจให้แก่องค์กรปกครองส่วนท้องถิ่น", "stg_name": "ยุทธศาสตร์การบริหารกิจการบ้านเมืองที่ดี", "objc_level1_name": "งบลงทุน", "compare": [{"bb_amount": 2525100, "bb_province": "ลพบุรี"}], "gf_amount_sum": 0}
{"bb_code": "1500822040600R24", "bb_year": "2559", "amount": 2522600, "min_code": "15000", "agc_code": "15008", "name": "ก่อสร้างระบบประปาหมู่บ้าน แบบบาดาลขนาดใหญ่ หมู่ที่ ๑๐ บ้านหนองไผ่ล้อม ตำบลไกรใน รายละเอียดตามปริมาณงานและแบบแปลนที่องค์การบริหารส่วนตำบลไกรในกำหนด อบต.ไกรใน อ.กงไกรลาศ จ.สุโขทัย", "min": "กระทรวงมหาดไทย", "agc": "กรมส่งเสริมการปกครองท้องถิ่น", "plan_name": "บริหารจัดการทรัพยากรน้ำ", "stg_name": "ยุทธศาสตร์เร่งรัดวางรากฐานการพัฒนาที่ยั่งยืนของประเทศ", "objc_level1_name": "งบลงทุน", "compare": [{"bb_amount": 2522600, "bb_province": "สุโขทัย"}], "gf_amount_sum": 0}
{"bb_code": "1500883002600K62", "bb_year": "2559", "amount": 2521300, "min_code": "15000", "agc_code": "15008", "name": "ซ่อมแซมถนนลาดยางแบบแอสฟัลท์ติกคอนกรีต บ้านสามขา - บ้านโนนสมบูรณ์ กว้าง ๖ เมตร ยาว ๑,๐๖๓ เมตร หนา ๐.๐๕ เมตร อบต.สามขา อ.กุฉินารายณ์ จ.กาฬสินธุ์", "min": "กระทรวงมหาดไทย", "agc": "กรมส่งเสริมการปกครองท้องถิ่น", "plan_name": "ส่งเสริมการกระจายอำนาจให้แก่องค์กรปกครองส่วนท้องถิ่น", "stg_name": "ยุทธศาสตร์การบริหารกิจการบ้านเมืองที่ดี", "objc_level1_name": "งบลงทุน", "compare": [{"bb_amount": 2521300, "bb_province": "กาฬสินธุ์"}], "gf_amount_sum": 0}
{"bb_code": "1500883002600GP6", "bb_year": "2559", "amount": 2521300, "min_code": "15000", "agc_code": "15008", "name": "ปรับปรุงเสริมผิวแอสฟัลท์ติกคอนกรีต สายถนนแจ้งสนิท - บ้านเชือก กว้าง ๖ เมตร ยาว ๑,๐๕๕ เมตร หนา ๐.๐๔ เมตร ทม.แจระแม อ.เมืองอุบลราชธานี จ.อุบลราชธานี", "min": "กระทรวงมหาดไทย", "agc": "กรมส่งเสริมการปกครองท้องถิ่น", "plan_name": "ส่งเสริมการกระจายอำนาจให้แก่องค์กรปกครองส่วนท้องถิ่น", "stg_name": "ยุทธศาสตร์การบริหารกิจการบ้านเมืองที่ดี", "objc_level1_name": "งบลงทุน", "compare": [{"bb_amount": 2521300, "bb_province": "อุบลราชธานี"}], "gf_amount_sum": 0}
{"bb_code": "1500883002600ED4", "bb_year": "2559", "amount": 2521300, "min_code": "15000", "agc_code": "15008", "name": "ซ่อมสร้างถนนลาดยางผิวจราจรแบบแอสฟัลท์ติกคอนกรีต สายทาง ลป. ถ. ๑- ๐๐๑๑ บ้านจู๊ด - บ้านแม่กืย ช่วงบ้านแม่กืย หมู่ที่ ๙ ตำบลปงแสนทอง กว้าง ๕ เมตร ยาว ๑,๒๗๕ เมตร หนา ๐.๐๕ เมตร  อบจ.ลำปาง อ.เมืองลำปาง จ.ลำ", "min": "กระทรวงมหาดไทย", "agc": "กรมส่งเสริมการปกครองท้องถิ่น", "plan_name": "ส่งเสริมการกระจายอำนาจให้แก่องค์กรปกครองส่วนท้องถิ่น", "stg_name": "ยุทธศาสตร์การบริหารกิจการบ้านเมืองที่ดี", "objc_level1_name": "งบลงทุน", "compare": [{"bb_amount": 2521300, "bb_province": "ลำปาง"}], "gf_amount_sum": 0}
{"bb_code": "1500883002600M89", "bb_year": "2559", "amount": 2521300, "min_code": "15000", "agc_code": "15008", "name": "ซ่อมสร้างถนนลาดยาง Cape Seal สายบ้านปากเหมือง - บ้านป่าอ้อ ตำบลลานสัก มีพื้นที่ไม่น้อยกว่า ๑๐,๒๐๐ ตารางเมตร อบจ.อุทัยธานี อ.ลานสัก จ.อุทัยธานี", "min": "กระทรวงมหาดไทย", "agc": "กรมส่งเสริมการปกครองท้องถิ่น", "plan_name": "ส่งเสริมการกระจายอำนาจให้แก่องค์กรปกครองส่วนท้องถิ่น", "stg_name": "ยุทธศาสตร์การบริหารกิจการบ้านเมืองที่ดี", "objc_level1_name": "งบลงทุน", "compare": [{"bb_amount": 2521300, "bb_province": "อุทัยธานี"}], "gf_amount_sum": 0}
