{"bb_code": "1500822040600DI4", "bb_year": "2559", "amount": 2520000, "min_code": "15000", "agc_code": "15008", "name": "ปรับปรุงซ่อมแซมสถานีสูบน้ำด้วยไฟฟ้า บ้านร่องริว ม.12 อบต.เวียง อ.เทิง จ.เชียงราย", "min": "กระทรวงมหาดไทย", "agc": "กรมส่งเสริมการปกครองท้องถิ่น", "plan_name": "บริหารจัดการทรัพยากรน้ำ", "stg_name": "ยุทธศาสตร์เร่งรัดวางรากฐานการพัฒนาที่ยั่งยืนของประเทศ", "objc_level1_name": "งบลงทุน", "compare": [{"bb_amount": 2520000, "bb_province": "เชียงราย"}], "gf_amount_sum": 0}
{"bb_code": "1500822040600U46", "bb_year": "2559", "amount": 2519400, "min_code": "15000", "agc_code": "15008", "name": "ก่อสร้างประปาหมู่บ้านแบบประปาผิวดินขนาดกลาง หมู่ที่ ๒ บ้านห้วยเหล่า ตำบลนาขุม ตามแบบมาตรฐานกรมทรัพยากรน้ำ อบต.นาขุม อ.บ้านโคก จ.อุตรดิตถ์", "min": "กระทรวงมหาดไทย", "agc": "กรมส่งเสริมการปกครองท้องถิ่น", "plan_name": "บริหารจัดการทรัพยากรน้ำ", "stg_name": "ยุทธศาสตร์เร่งรัดวางรากฐานการพัฒนาที่ยั่งยืนของประเทศ", "objc_level1_name": "งบลงทุน", "compare": [{"bb_amount": 2519400, "bb_province": "อุตรดิตถ์"}], "gf_amount_sum": 0}
{"bb_code": "1500883002600CW6", "bb_year": "2559", "amount": 2517400, "min_code": "15000", "agc_code": "15008", "name": "ซ่อมแซมปรับปรุงเสริมผิวแอสฟัลท์ติกคอนกรีต (Over - Lay) สายทางบ้านทุ่งข้าวพวง หมู่ที่ ๓ ตำบลทุ่งข้าวพวง กว้าง ๔ เมตร ยาว ๑,๔๘๕ เมตร หนา ๐.๐๕ เมตร ทต.ทุ่งข้าวพวง อ.เชียงดาว จ.เชียงใหม่", "min": "กระทรวงมหาดไทย", "agc": "กรมส่งเสริมการปกครองท้องถิ่น", "plan_name": "ส่งเสริมการกระจายอำนาจให้แก่องค์กรปกครองส่วนท้องถิ่น", "stg_name": "ยุทธศาสตร์การบริหารกิจการบ้านเมืองที่ดี", "objc_level1_name": "งบลงทุน", "compare": [{"bb_amount": 2517400, "bb_province": "เชียงใหม่"}], "gf_amount_sum": 0}
{"bb_code": "1500822040600141", "bb_year": "2559", "amount": 2516500, "min_code": "15000", "agc_code": "15008", "name": "ก่อสร้างประปาหมู่บ้าน แบบบาดาลขนาดใหญ่ หมู่ที่ ๔ บ้านทุ่งรวงทอง ตำบลหนองไม้กอง ตามแบบมาตรฐานกรมทรัพยากรน้ำ อบต.หนองไม้กอง อ.ไทรงาม จ.กำแพงเพชร", "min": "กระทรวงมหาดไทย", "agc": "กรมส่งเสริมการปกครองท้องถิ่น", "plan_name": "บริหารจัดการทรัพยากรน้ำ", "stg_name": "ยุทธศาสตร์เร่งรัดวางรากฐานการพัฒนาที่ยั่งยืนของประเทศ", "objc_level1_name": "งบลงทุน", "compare": [{"bb_amount": 2516500, "bb_province": "กำแพงเพชร"}], "gf_amount_sum": 0}
{"bb_code": "1500822040600J04", "bb_year": "2559", "amount": 2516500, "min_code": "15000", "agc_code": "15008", "name": "ก่อสร้างระบบประปาหมู่บ้านแบบผิวดินขนาดใหญ่ หมู่ที่ ๕ บ้านเนินยาง ตำบลคลองปูน ตามแบบมาตรฐานกรมทรัพยากรน้ำ อบต.คลองปูน อ.แกลง จ.ระยอง", "min": "กระทรวงมหาดไทย", "agc": "กรมส่งเสริมการปกครองท้องถิ่น", "plan_name": "บริหารจัดการทรัพยากรน้ำ", "stg_name": "ยุทธศาสตร์เร่งรัดวางรากฐานการพัฒนาที่ยั่งยืนของประเทศ", "objc_level1_name": "งบลงทุน", "compare": [{"bb_amount": 2516500, "bb_province": "ระยอง"}], "gf_amount_sum": 0}
{"bb_code": "1500817036600590", "bb_year": "2559", "amount": 2515500, "min_code": "15000", "agc_code": "15008", "name": "ก่อสร้างสนามฟุตซอล ขนาดกว้าง 22 เมตร ยาว 42 เมตร หมู่ที่ 1 บ้านลำพยนต์ องค์การบริหารส่วนตำบลลำพยนต์ อำเภอตากฟ้า จังหวัดนครสวรรค์", "min": "กระทรวงมหาดไทย", "agc": "กรมส่งเสริมการปกครองท้องถิ่น", "plan_name": "ป้องกัน ปราบปราม และบําบัดรักษาผู้ติดยาเสพติด ", "stg_name": "ยุทธศาสตร์การศึกษา สาธารณสุข คุณธรรม จริยธรรม และคุณภาพชีวิต", "objc_level1_name": "งบลงทุน", "compare": [{"bb_amount": 2515500, "bb_province": "นครสวรรค์"}], "gf_amount_sum": 0}
{"bb_code": "1500822040600984", "bb_year": "2559", "amount": 2515500, "min_code": "15000", "agc_code": "15008", "name": "ก่อสร้างระบบประปาบาดาลขนาดใหญ่ หมู่ที่ ๑๒ บ้านวังยาว ตำบลแพรกศรีราชา ตามแบบมาตรฐานกรมทรัพยากรน้ำกำหนด ทต.สรรคบุรี อ.สรรคบุรี จ.ชัยนาท", "min": "กระทรวงมหาดไทย", "agc": "กรมส่งเสริมการปกครองท้องถิ่น", "plan_name": "บริหารจัดการทรัพยากรน้ำ", "stg_name": "ยุทธศาสตร์เร่งรัดวางรากฐานการพัฒนาที่ยั่งยืนของประเทศ", "objc_level1_name": "งบลงทุน", "compare": [{"bb_amount": 2515500, "bb_province": "ชัยนาท"}], "gf_amount_sum": 0}
{"bb_code": "1500883002600CI0", "bb_year": "2559", "amount": 2514500, "min_code": "15000", "agc_code": "15008", "name": "ซ่อมสร้างถนนลาดยางแบบผิวจราจร Para Cape Seal (Type ๓) โดยวิธี pavement In - place Recycling สายบ้านโคก ตำบลบ้านโคก - บ้านดงมะไฟ ตำบลดงมะไฟ ขนาดผิวจราจรกว้าง ๖.๐๐ เมตร ไหล่ทางข้างละ ๑.๐๐ เมตร ยาว ๑,๐๐๐", "min": "กระทรวงมหาดไทย", "agc": "กรมส่งเสริมการปกครองท้องถิ่น", "plan_name": "ส่งเสริมการกระจายอำนาจให้แก่องค์กรปกครองส่วนท้องถิ่น", "stg_name": "ยุทธศาสตร์การบริหารกิจการบ้านเมืองที่ดี", "objc_level1_name": "งบลงทุน", "compare": [{"bb_amount": 2514500, "bb_province": "หนองบัวลำภู"}], "gf_amount_sum": 0}
{"bb_code": "1500822040600CU5", "bb_year": "2559", "amount": 2512000, "min_code": "15000", "agc_code": "15008", "name": "ปรับปรุงซ่อมแซมสถานีสูบน้ำด้วยไฟฟ้า บ้านไผ่ค่อม  ม.1 อบต.ปากโทก อ.เมือง จ.พิษณุโลก", "min": "กระทรวงมหาดไทย", "agc": "กรมส่งเสริมการปกครองท้องถิ่น", "plan_name": "บริหารจัดการทรัพยากรน้ำ", "stg_name": "ยุทธศาสตร์เร่งรัดวางรากฐานการพัฒนาที่ยั่งยืนของประเทศ", "objc_level1_name": "งบลงทุน", "compare": [{"bb_amount": 2512000, "bb_province": "พิษณุโลก"}], "gf_amount_sum": 0}
{"bb_code": "1500883002600GA7", "bb_year": "2559", "amount": 2511600, "min_code": "15000", "agc_code": "15008", "name": "ปรับปรุงซ่อมแซมผิวทางแอสฟัลท์ติกคอนกรีต สาย พร ๒๐๐๔ บ้านศรีมูลเรือง - บ้านต้นผึ้ง อำเภอสอง กว้าง ๖ เมตร ยาว ๑,๓๒๐ เมตร หนา ๐.๐๔ เมตร อบจ.แพร่ อ.สอง จ.แพร่", "min": "กระทรวงมหาดไทย", "agc": "กรมส่งเสริมการปกครองท้องถิ่น", "plan_name": "ส่งเสริมการกระจายอำนาจให้แก่องค์กรปกครองส่วนท้องถิ่น", "stg_name": "ยุทธศาสตร์การบริหารกิจการบ้านเมืองที่ดี", "objc_level1_name": "งบลงทุน", "compare": [{"bb_amount": 2511600, "bb_province": "แพร่"}], "gf_amount_sum": 0}
{"bb_code": "1500785013410019", "bb_year": "2559", "amount": 2511300, "min_code": "15000", "agc_code": "15007", "name": "โครงการปรับปรุงถนนในชุมชน สายบ้านมือบา - โคกตีมุง หมู่ที่ 4 ตำบลปาเสมัส อำเภอสุไหงโกลก จังหวัดนราธิวาส กว้าง 4 เมตร ระยะทาง 0.800 กิโลเมตร", "min": "กระทรวงมหาดไทย", "agc": "กรมโยธาธิการและผังเมือง", "plan_name": "แก้ไขปัญหาและพัฒนาจังหวัดชายแดนภาคใต้", "stg_name": "ยุทธศาสตร์เร่งรัดวางรากฐานการพัฒนาที่ยั่งยืนของประเทศ", "objc_level1_name": "งบลงทุน", "compare": [{"bb_amount": 2511300, "bb_province": "นราธิวาส", "gf_amount": 2510000, "gf_province": "นราธิวาส"}], "gf_amount_sum": 2510000}
{"bb_code": "1500883002600DM0", "bb_year": "2559", "amount": 2509700, "min_code": "15000", "agc_code": "15008", "name": "ซ่อมสร้างถนนลาดยางแอสฟัลท์ติกคอนกรีต ( สาย อบจ.นม.๑๗๓๐๔ ) บ้านประสุข - บ้านหนองจิก ขนาดกว้าง ๘ เมตร ยาว ๖๙๘ เมตร หนา ๐.๐๔ เมตร  อบจ.นครราชสีมา อ.ชุมพวง จ.นครราชสีมา", "min": "กระทรวงมหาดไทย", "agc": "กรมส่งเสริมการปกครองท้องถิ่น", "plan_name": "ส่งเสริมการกระจายอำนาจให้แก่องค์กรปกครองส่วนท้องถิ่น", "stg_name": "ยุทธศาสตร์การบริหารกิจการบ้านเมืองที่ดี", "objc_level1_name": "งบลงทุน", "compare": [{"bb_amount": 2509700, "bb_province": "นครราชสีมา"}], "gf_amount_sum": 0}
{"bb_code": "1500282003410005", "bb_year": "2559", "amount": 2506700, "min_code": "15000", "agc_code": "15002", "name": "ค่าก่อสร้างโรงจอดรถและอาคารเก็บพัสดุศาลากลางจังหวัดพิษณุโลก ตำบลในเมือง อำเภอเมืองพิษณุโลก จังหวัดพิษณุโลก", "min": "กระทรวงมหาดไทย", "agc": "สนง.ปลัดกระทรวงมหาดไทย", "plan_name": "พัฒนาประสิทธิภาพการบริหารราชการแผ่นดิน", "stg_name": "ยุทธศาสตร์การบริหารกิจการบ้านเมืองที่ดี", "objc_level1_name": "งบลงทุน", "compare": [{"bb_amount": 2506700, "bb_province": "พิษณุโลก", "gf_amount": 2300000, "gf_province": "พิษณุโลก"}], "gf_amount_sum": 2300000}
{"bb_code": "1500822040600983", "bb_year": "2559", "amount": 2506600, "min_code": "15000", "agc_code": "15008", "name": "ก่อสร้างระบบประปาบาดาลขนาดใหญ่ หมู่ที่ ๘ บ้านแพรกศรีราชา ตำบลแพรกศรีราชา ตามแบบมาตรฐานกรมทรัพยากรน้ำกำหนด ทต.สรรคบุรี อ.สรรคบุรี จ.ชัยนาท", "min": "กระทรวงมหาดไทย", "agc": "กรมส่งเสริมการปกครองท้องถิ่น", "plan_name": "บริหารจัดการทรัพยากรน้ำ", "stg_name": "ยุทธศาสตร์เร่งรัดวางรากฐานการพัฒนาที่ยั่งยืนของประเทศ", "objc_level1_name": "งบลงทุน", "compare": [{"bb_amount": 2506600, "bb_province": "ชัยนาท"}], "gf_amount_sum": 0}
{"bb_code": "1500883002600DJ2", "bb_year": "2559", "amount": 2503900, "min_code": "15000", "agc_code": "15008", "name": "ซ่อมสร้างถนนลาดยางแบบผิวเรียบ ( สาย อบจ.นม.๐๒๑๐๑ ) บ้านมาบพิมาน - บ้านตลิ่งชัน ขนาดกว้าง ๖ เมตร ยาว ๑,๕๖๓ เมตร  อบจ.นครราชสีมา อ.ครบุรี จ.นครราชสีมา", "min": "กระทรวงมหาดไทย", "agc": "กรมส่งเสริมการปกครองท้องถิ่น", "plan_name": "ส่งเสริมการกระจายอำนาจให้แก่องค์กรปกครองส่วนท้องถิ่น", "stg_name": "ยุทธศาสตร์การบริหารกิจการบ้านเมืองที่ดี", "objc_level1_name": "งบลงทุน", "compare": [{"bb_amount": 2503900, "bb_province": "นครราชสีมา"}], "gf_amount_sum": 0}
{"bb_code": "1500883002600BY9", "bb_year": "2559", "amount": 2503800, "min_code": "15000", "agc_code": "15008", "name": "ปรับปรุงถนนแอสฟัลท์ติกคอนกรีตสายมัสยิด-หัวสะพาน หมู่ที่ ๔ บ้านควนโต๊ะเหลง ต.ควนโดน จำนวน ๓ ช่วง กว้าง ๖ เมตร ยาวรวม ๙๘๒ เมตร หนา ๐.๐๕ เมตร  อบต.ควนโดน อ.ควนโดน จ.สตูล", "min": "กระทรวงมหาดไทย", "agc": "กรมส่งเสริมการปกครองท้องถิ่น", "plan_name": "ส่งเสริมการกระจายอำนาจให้แก่องค์กรปกครองส่วนท้องถิ่น", "stg_name": "ยุทธศาสตร์การบริหารกิจการบ้านเมืองที่ดี", "objc_level1_name": "งบลงทุน", "compare": [{"bb_amount": 2503800, "bb_province": "สตูล"}], "gf_amount_sum": 0}
{"bb_code": "1500822040600350", "bb_year": "2559", "amount": 2502700, "min_code": "15000", "agc_code": "15008", "name": "ก่อสร้างระบบประปาหมู่บ้าน แบบบาดาลขนาดใหญ่ หมู่ที่ ๔  บ้านท่าหล่ม  ตามแบบมตรฐานกรม     ทรัพยากรน้ำ อบต.ทานตะวัน อ.พาน จ.เชียงราย", "min": "กระทรวงมหาดไทย", "agc": "กรมส่งเสริมการปกครองท้องถิ่น", "plan_name": "บริหารจัดการทรัพยากรน้ำ", "stg_name": "ยุทธศาสตร์เร่งรัดวางรากฐานการพัฒนาที่ยั่งยืนของประเทศ", "objc_level1_name": "งบลงทุน", "compare": [{"bb_amount": 2502700, "bb_province": "เชียงราย"}], "gf_amount_sum": 0}
{"bb_code": "1500582001410003", "bb_year": "2559", "amount": 2500700, "min_code": "15000", "agc_code": "15005", "name": "ค่าปรับปรุงอาคารที่ทำการและสิ่งก่อสร้างประกอบ  ตำบลเชิงดอย อำเภอดอยสะเก็ด จังหวัดเชียงใหม่", "min": "กระทรวงมหาดไทย", "agc": "กรมที่ดิน", "plan_name": "พัฒนาประสิทธิภาพการบริหารราชการแผ่นดิน", "stg_name": "ยุทธศาสตร์การบริหารกิจการบ้านเมืองที่ดี", "objc_level1_name": "งบลงทุน", "compare": [{"bb_amount": 2500700, "bb_province": "เชียงใหม่", "gf_amount": 2500000, "gf_province": "เชียงใหม่"}], "gf_amount_sum": 2500000}
{"bb_code": "1500883002600JK7", "bb_year": "2559", "amount": 2500000, "min_code": "15000", "agc_code": "15008", "name": "ปรับปรุงทางเดินเท้าบริเวณหน้าที่ว่าการอำเภอไทรน้อย ถนนเทศบาล 2 ถึงหน้าสำนักงานเทศบาลตำบลไทรน้อย ถนนเทศบาล 5 หมู่ 1 เทศบาลตำบลไทรน้อย อำเภอไทรน้อย จังหวัดนนทบุรี", "min": "กระทรวงมหาดไทย", "agc": "กรมส่งเสริมการปกครองท้องถิ่น", "plan_name": "ส่งเสริมการกระจายอำนาจให้แก่องค์กรปกครองส่วนท้องถิ่น", "stg_name": "ยุทธศาสตร์การบริหารกิจการบ้านเมืองที่ดี", "objc_level1_name": "งบลงทุน", "compare": [{"bb_amount": 2500000, "bb_province": "นนทบุรี"}], "gf_amount_sum": 0}
{"bb_code": "1500822040600DA2", "bb_year": "2559", "amount": 2500000, "min_code": "15000", "agc_code": "15008", "name": "ปรับปรุงซ่อมแซมสถานีสูบน้ำด้วยไฟฟ้า บ้านผาหมอก อบต.ต้าผาหมอก อ.ลอง จ.แพร่", "min": "กระทรวงมหาดไทย", "agc": "กรมส่งเสริมการปกครองท้องถิ่น", "plan_name": "บริหารจัดการทรัพยากรน้ำ", "stg_name": "ยุทธศาสตร์เร่งรัดวางรากฐานการพัฒนาที่ยั่งยืนของประเทศ", "objc_level1_name": "งบลงทุน", "compare": [{"bb_amount": 2500000, "bb_province": "แพร่"}], "gf_amount_sum": 0}
