{"bb_code": "1500822040600373", "bb_year": "2559", "amount": 2484000, "min_code": "15000", "agc_code": "15008", "name": "ก่อสร้างระบบประปาหมู่บ้าน แบบผิวดินขนาดกลาง บ้านแม่อ้อหลวง หมู่ที่ 11 รายละเอียดตามปริมาณงานและแบบแปลนที่กำหนด อบต.แม่อ้อ อ.พาน จ.เชียงราย", "min": "กระทรวงมหาดไทย", "agc": "กรมส่งเสริมการปกครองท้องถิ่น", "plan_name": "บริหารจัดการทรัพยากรน้ำ", "stg_name": "ยุทธศาสตร์เร่งรัดวางรากฐานการพัฒนาที่ยั่งยืนของประเทศ", "objc_level1_name": "งบลงทุน", "compare": [{"bb_amount": 2484000, "bb_province": "เชียงราย"}], "gf_amount_sum": 0}
{"bb_code": "1500822040600F27", "bb_year": "2559", "amount": 2484000, "min_code": "15000", "agc_code": "15008", "name": "ก่อสร้างระบบประปาบาหมู่บ้านแบบบาดาลขนาดใหญ่ หมู่ ๔ บ้านขมิ้น ตำบลนาโพธิ์  แบบรวมทุกระบบอยู่ในชุดเดียวกัน ตามแบบมาตรฐานการประปานครหลวง ทต.นาโพธิ์ อ.นาโพธิ์ จ.บุรีรัมย์", "min": "กระทรวงมหาดไทย", "agc": "กรมส่งเสริมการปกครองท้องถิ่น", "plan_name": "บริหารจัดการทรัพยากรน้ำ", "stg_name": "ยุทธศาสตร์เร่งรัดวางรากฐานการพัฒนาที่ยั่งยืนของประเทศ", "objc_level1_name": "งบลงทุน", "compare": [{"bb_amount": 2484000, "bb_province": "บุรีรัมย์"}], "gf_amount_sum": 0}
{"bb_code": "1500883002600P62", "bb_year": "2559", "amount": 2483600, "min_code": "15000", "agc_code": "15008", "name": "ซ่อมสร้างถนนแอสฟัลท์ติกคอนกรีต สายบ้านสุขทวี - กรอกตากแดด  หมู่ที่ ๕ ตำบลดงพระราม กว้าง ๖ เมตร ยาว ๙๗๘ เมตร หนา ๐.๐๕ เมตร พื้นที่ไม่น้อยกว่า ๕,๘๖๘ ตารางเมตร  อบต.ดงพระราม อ.เมืองปราจีนบุรี จ.ปราจีนบุร", "min": "กระทรวงมหาดไทย", "agc": "กรมส่งเสริมการปกครองท้องถิ่น", "plan_name": "ส่งเสริมการกระจายอำนาจให้แก่องค์กรปกครองส่วนท้องถิ่น", "stg_name": "ยุทธศาสตร์การบริหารกิจการบ้านเมืองที่ดี", "objc_level1_name": "งบลงทุน", "compare": [{"bb_amount": 2483600, "bb_province": "ปราจีนบุรี"}], "gf_amount_sum": 0}
{"bb_code": "1500822040600Q57", "bb_year": "2559", "amount": 2483100, "min_code": "15000", "agc_code": "15008", "name": "ก่อสร้างระบบประปาหมู่บ้าน แบบประปาผิวดินขนาดกลาง บ้านสำโรง หมู่ที่ ๑ ตำบลยางท่าแจ้ง ตามแบบแปลนกรมทรัพยากรน้ำ อบต.ยางท่าแจ้ง อ.โกสุมพิสัย จ.มหาสารคาม", "min": "กระทรวงมหาดไทย", "agc": "กรมส่งเสริมการปกครองท้องถิ่น", "plan_name": "บริหารจัดการทรัพยากรน้ำ", "stg_name": "ยุทธศาสตร์เร่งรัดวางรากฐานการพัฒนาที่ยั่งยืนของประเทศ", "objc_level1_name": "งบลงทุน", "compare": [{"bb_amount": 2483100, "bb_province": "มหาสารคาม"}], "gf_amount_sum": 0}
{"bb_code": "1500822040600A97", "bb_year": "2559", "amount": 2482100, "min_code": "15000", "agc_code": "15008", "name": "ก่อสร้างประปาหมู่บ้านแบบหอถัง หมู่ที่ ๑๓ บ้านคลองบางบอน ตำบลบางระกำ รายละเอียดตามปริมาณงานและแบบแปลนที่องค์การบริหารบางระกำกำหนด อบต.บางระกำ อ.บางเลน จ.นครปฐม", "min": "กระทรวงมหาดไทย", "agc": "กรมส่งเสริมการปกครองท้องถิ่น", "plan_name": "บริหารจัดการทรัพยากรน้ำ", "stg_name": "ยุทธศาสตร์เร่งรัดวางรากฐานการพัฒนาที่ยั่งยืนของประเทศ", "objc_level1_name": "งบลงทุน", "compare": [{"bb_amount": 2482100, "bb_province": "นครปฐม"}], "gf_amount_sum": 0}
{"bb_code": "1500883002600BI7", "bb_year": "2559", "amount": 2480700, "min_code": "15000", "agc_code": "15008", "name": "ปรับปรุงผิวจราจรถนนลาดยางแอสฟัลท์ติกคอนกรีตสายวัดเขาลำปะ – บ้านนายเลียง ตำบลท่าประจะ หนา ๐.๐๔ เมตร หรือมีพื้นที่ไม่น้อยกว่า ๗,๓๑๔ ตารางเมตร อบจ.นครศรีธรรมราช อ.ชะอวด จ.นครศรีธรรมราช", "min": "กระทรวงมหาดไทย", "agc": "กรมส่งเสริมการปกครองท้องถิ่น", "plan_name": "ส่งเสริมการกระจายอำนาจให้แก่องค์กรปกครองส่วนท้องถิ่น", "stg_name": "ยุทธศาสตร์การบริหารกิจการบ้านเมืองที่ดี", "objc_level1_name": "งบลงทุน", "compare": [{"bb_amount": 2480700, "bb_province": "นครศรีธรรมราช"}], "gf_amount_sum": 0}
{"bb_code": "1500883002600Y46", "bb_year": "2559", "amount": 2478000, "min_code": "15000", "agc_code": "15008", "name": "ซ่อมสร้างถนนคอนกรีตเสริมเหล็ก สายบ้านนากระเสริม หมู่ที่ ๑๐ กว้าง ๕ เมตร ยาว ๑,๐๑๘ เมตร หนา ๐.๑๕ เมตร อบต.พนอม อ.ท่าอุเทน จ.นครพนม", "min": "กระทรวงมหาดไทย", "agc": "กรมส่งเสริมการปกครองท้องถิ่น", "plan_name": "ส่งเสริมการกระจายอำนาจให้แก่องค์กรปกครองส่วนท้องถิ่น", "stg_name": "ยุทธศาสตร์การบริหารกิจการบ้านเมืองที่ดี", "objc_level1_name": "งบลงทุน", "compare": [{"bb_amount": 2478000, "bb_province": "นครพนม"}], "gf_amount_sum": 0}
{"bb_code": "1500822040600977", "bb_year": "2559", "amount": 2476200, "min_code": "15000", "agc_code": "15008", "name": "ก่อสร้างระบบประปาบาดาลขนาดใหญ่ หมู่ที่ ๑๓ บ้านหนองพังนาค ตำบลเสือโฮก ตามแบบมาตรฐานกรมทรัพยากรน้ำกำหนด ทต.เสือโฮก อ.เมืองชัยนาท จ.ชัยนาท", "min": "กระทรวงมหาดไทย", "agc": "กรมส่งเสริมการปกครองท้องถิ่น", "plan_name": "บริหารจัดการทรัพยากรน้ำ", "stg_name": "ยุทธศาสตร์เร่งรัดวางรากฐานการพัฒนาที่ยั่งยืนของประเทศ", "objc_level1_name": "งบลงทุน", "compare": [{"bb_amount": 2476200, "bb_province": "ชัยนาท"}], "gf_amount_sum": 0}
{"bb_code": "1500883002600T11", "bb_year": "2559", "amount": 2473900, "min_code": "15000", "agc_code": "15008", "name": "ปรับปรุงถนนลาดยางแอสฟัลท์ติกคอนกรีตสาย สพ. ๓๒๑๓ บ้านวัดดาว - บ้านรางทอง หมู่ที่ ๔ บ้านวัดดาว ตำบลวัดดาว พื้นที่ไม่น้อยกว่า ๖,๑๒๐ ตารางเมตร อบต.วัดดาว อ.บางปลาม้า จ.สุพรรณบุรี", "min": "กระทรวงมหาดไทย", "agc": "กรมส่งเสริมการปกครองท้องถิ่น", "plan_name": "ส่งเสริมการกระจายอำนาจให้แก่องค์กรปกครองส่วนท้องถิ่น", "stg_name": "ยุทธศาสตร์การบริหารกิจการบ้านเมืองที่ดี", "objc_level1_name": "งบลงทุน", "compare": [{"bb_amount": 2473900, "bb_province": "สุพรรณบุรี"}], "gf_amount_sum": 0}
{"bb_code": "1500883002600AY2", "bb_year": "2559", "amount": 2473700, "min_code": "15000", "agc_code": "15008", "name": "งานบำรุงรักษาทาง (ฉาบผิวลาดยางแบบ Slurry Seal) บ้านดอนมะละกอ หมู่ที่ ๑๔ ตำบลพังตรุ อำเภอพนมทวน กว้าง ๖ เมตร ยาว ๔,๒๖๘ เมตร  อบต.พังตรุ อ.พนมทวน จ.กาญจนบุรี", "min": "กระทรวงมหาดไทย", "agc": "กรมส่งเสริมการปกครองท้องถิ่น", "plan_name": "ส่งเสริมการกระจายอำนาจให้แก่องค์กรปกครองส่วนท้องถิ่น", "stg_name": "ยุทธศาสตร์การบริหารกิจการบ้านเมืองที่ดี", "objc_level1_name": "งบลงทุน", "compare": [{"bb_amount": 2473700, "bb_province": "กาญจนบุรี"}], "gf_amount_sum": 0}
{"bb_code": "1500822040600091", "bb_year": "2559", "amount": 2472200, "min_code": "15000", "agc_code": "15008", "name": "ก่อสร้างประปาหมู่บ้าน แบบบาดาลขนาดใหญ่ หมู่ที่ ๑ บ้านนาเหนือ ตำบลวังชะพลู อำเภอขาณุวรลักษบุรี จังหวัดกำแพงเพชร ตามแบบมาตรฐานกรมทรัพยากรน้ำ อบต.วังชะพลู อ.ขาณุวรลักษบุรี จ.กำแพงเพชร", "min": "กระทรวงมหาดไทย", "agc": "กรมส่งเสริมการปกครองท้องถิ่น", "plan_name": "บริหารจัดการทรัพยากรน้ำ", "stg_name": "ยุทธศาสตร์เร่งรัดวางรากฐานการพัฒนาที่ยั่งยืนของประเทศ", "objc_level1_name": "งบลงทุน", "compare": [{"bb_amount": 2472200, "bb_province": "กำแพงเพชร"}], "gf_amount_sum": 0}
{"bb_code": "1500883002600K64", "bb_year": "2559", "amount": 2472100, "min_code": "15000", "agc_code": "15008", "name": "ซ่อมสร้างถนนคอนกรีตเสริมเหล็ก บ้านหนองกุงน้อย หมู่ที่ ๗ - บ้านท่าช้าง หมู่ที่ ๘ (๒) กว้าง ๖ เมตร ยาว ๗๓๒ เมตร หนา ๐.๑๕ เมตร อบต.สำราญใต้ อ.สามชัย จ.กาฬสินธุ์", "min": "กระทรวงมหาดไทย", "agc": "กรมส่งเสริมการปกครองท้องถิ่น", "plan_name": "ส่งเสริมการกระจายอำนาจให้แก่องค์กรปกครองส่วนท้องถิ่น", "stg_name": "ยุทธศาสตร์การบริหารกิจการบ้านเมืองที่ดี", "objc_level1_name": "งบลงทุน", "compare": [{"bb_amount": 2472100, "bb_province": "กาฬสินธุ์"}], "gf_amount_sum": 0}
{"bb_code": "1500822040600J64", "bb_year": "2559", "amount": 2472000, "min_code": "15000", "agc_code": "15008", "name": "ก่อสร้างระบบประปาหมู่บ้าน แบบผิวดินขนาดกลาง บ้านป่าแพง หมู่ที่ ๙  ตามแบบแปลนมาตรฐานกรมทรัพยากรน้ำ อบต.ดงชน อ.เมืองสกลนคร จ.สกลนคร", "min": "กระทรวงมหาดไทย", "agc": "กรมส่งเสริมการปกครองท้องถิ่น", "plan_name": "บริหารจัดการทรัพยากรน้ำ", "stg_name": "ยุทธศาสตร์เร่งรัดวางรากฐานการพัฒนาที่ยั่งยืนของประเทศ", "objc_level1_name": "งบลงทุน", "compare": [{"bb_amount": 2472000, "bb_province": "สกลนคร"}], "gf_amount_sum": 0}
{"bb_code": "1500822040600DU3", "bb_year": "2559", "amount": 2468000, "min_code": "15000", "agc_code": "15008", "name": "ปรับปรุงซ่อมแซมสถานีสูบน้ำด้วยไฟฟ้า บ้านใหม่ ๑ ม.๓ อบต.กุดบง อ.โพนพิสัย จ.หนองคาย", "min": "กระทรวงมหาดไทย", "agc": "กรมส่งเสริมการปกครองท้องถิ่น", "plan_name": "บริหารจัดการทรัพยากรน้ำ", "stg_name": "ยุทธศาสตร์เร่งรัดวางรากฐานการพัฒนาที่ยั่งยืนของประเทศ", "objc_level1_name": "งบลงทุน", "compare": [{"bb_amount": 2468000, "bb_province": "หนองคาย"}], "gf_amount_sum": 0}
{"bb_code": "1500883002600J99", "bb_year": "2559", "amount": 2466500, "min_code": "15000", "agc_code": "15008", "name": "ปรับปรุงผิวจราจรแบบแอสฟัลท์ติกคอนกรีต ถนนสายบ้านดงเมือง - วังยูง จำนวน ๒ ช่วง มีพื้นที่รวมไม่น้อยกว่า ๗,๒๖๐ ตารางเมตร ทต.ลำพาน อ.เมืองกาฬสินธุ์ จ.กาฬสินธุ์", "min": "กระทรวงมหาดไทย", "agc": "กรมส่งเสริมการปกครองท้องถิ่น", "plan_name": "ส่งเสริมการกระจายอำนาจให้แก่องค์กรปกครองส่วนท้องถิ่น", "stg_name": "ยุทธศาสตร์การบริหารกิจการบ้านเมืองที่ดี", "objc_level1_name": "งบลงทุน", "compare": [{"bb_amount": 2466500, "bb_province": "กาฬสินธุ์"}], "gf_amount_sum": 0}
{"bb_code": "1500822040600EE6", "bb_year": "2559", "amount": 2466000, "min_code": "15000", "agc_code": "15008", "name": "ปรับปรุงซ่อมแซมสถานีสูบน้ำด้วยไฟฟ้า บ้านหุแตมาแจ ม.1 อบต.กะดุนง อ.สายบุรี จ.ปัตตานี", "min": "กระทรวงมหาดไทย", "agc": "กรมส่งเสริมการปกครองท้องถิ่น", "plan_name": "บริหารจัดการทรัพยากรน้ำ", "stg_name": "ยุทธศาสตร์เร่งรัดวางรากฐานการพัฒนาที่ยั่งยืนของประเทศ", "objc_level1_name": "งบลงทุน", "compare": [{"bb_amount": 2466000, "bb_province": "ปัตตานี"}], "gf_amount_sum": 0}
{"bb_code": "1500822040600O32", "bb_year": "2559", "amount": 2463400, "min_code": "15000", "agc_code": "15008", "name": "ก่อสร้างระบบประปาหมู่บ้านแบบบาดาลขนาดกลาง บ้านเขาดิน หมู่ที่ ๒ (กลุ่มบ้านนายก้องภพ ฝั้นปัญญา) ตำบลเขาดินพัฒนา ตามแบบมาตรฐานกรมทรัพยากรน้ำ อบต.เขาดินพัฒนา อ.เฉลิมพระเกียรติ จ.สระบุรี", "min": "กระทรวงมหาดไทย", "agc": "กรมส่งเสริมการปกครองท้องถิ่น", "plan_name": "บริหารจัดการทรัพยากรน้ำ", "stg_name": "ยุทธศาสตร์เร่งรัดวางรากฐานการพัฒนาที่ยั่งยืนของประเทศ", "objc_level1_name": "งบลงทุน", "compare": [{"bb_amount": 2463400, "bb_province": "สระบุรี"}], "gf_amount_sum": 0}
{"bb_code": "1500883002600DB4", "bb_year": "2559", "amount": 2463300, "min_code": "15000", "agc_code": "15008", "name": "เสริมผิวลาดยางแอสฟัลต์ติกคอนกรีต สายทาง บ้านแพะ- บ้านดอนไชย ตำบลเมืองปาน พื้นที่ไม่น้อยกว่า ๔,๖๖๒ ตารางเมตร  ทต.เมืองปาน อ.เมืองปาน จ.ลำปาง", "min": "กระทรวงมหาดไทย", "agc": "กรมส่งเสริมการปกครองท้องถิ่น", "plan_name": "ส่งเสริมการกระจายอำนาจให้แก่องค์กรปกครองส่วนท้องถิ่น", "stg_name": "ยุทธศาสตร์การบริหารกิจการบ้านเมืองที่ดี", "objc_level1_name": "งบลงทุน", "compare": [{"bb_amount": 2463300, "bb_province": "ลำปาง"}], "gf_amount_sum": 0}
{"bb_code": "1500883002600U25", "bb_year": "2559", "amount": 2463300, "min_code": "15000", "agc_code": "15008", "name": "ซ่อมแซมถนนลาดยาง Cape Seal เป็นผิวจราจรชนิดแอสฟัลท์ติกคอนกรีตสายบ้านตะเข้ขาน หมู่ที่ ๒ - หมู่ที่ ๗ กว้าง ๕ เมตร ยาว ๘๕๐ เมตร หรือมีพื้นที่ไม่น้อยกว่า ๔,๒๕๐ ตารางเมตร อบต.สามพวง อ.คีรีมาศ จ.สุโขทัย", "min": "กระทรวงมหาดไทย", "agc": "กรมส่งเสริมการปกครองท้องถิ่น", "plan_name": "ส่งเสริมการกระจายอำนาจให้แก่องค์กรปกครองส่วนท้องถิ่น", "stg_name": "ยุทธศาสตร์การบริหารกิจการบ้านเมืองที่ดี", "objc_level1_name": "งบลงทุน", "compare": [{"bb_amount": 2463300, "bb_province": "สุโขทัย"}], "gf_amount_sum": 0}
{"bb_code": "1500883002600U10", "bb_year": "2559", "amount": 2463300, "min_code": "15000", "agc_code": "15008", "name": "ซ่อมสร้างถนนลาดยางผิวจราจรแอสฟัลท์ติกคอนกรีตสายบ้านนากาหลง หมู่ที่ ๑ บ้านนากาหลง กว้าง ๕ เมตร ยาว ๘๙๓ เมตร หนา ๐.๐๔ เมตร หรือมีพื้นที่ไม่น้อยกว่า ๔,๔๖๕ ตารางเมตร อบต.นาเชิงคีรี อ.คีรีมาศ จ.สุโขทัย", "min": "กระทรวงมหาดไทย", "agc": "กรมส่งเสริมการปกครองท้องถิ่น", "plan_name": "ส่งเสริมการกระจายอำนาจให้แก่องค์กรปกครองส่วนท้องถิ่น", "stg_name": "ยุทธศาสตร์การบริหารกิจการบ้านเมืองที่ดี", "objc_level1_name": "งบลงทุน", "compare": [{"bb_amount": 2463300, "bb_province": "สุโขทัย"}], "gf_amount_sum": 0}
