{"bb_code": "1500785013420052", "bb_year": "2559", "amount": 13734000, "min_code": "15000", "agc_code": "15007", "name": "โครงการก่อสร้างเขื่อนป้องกันตลิ่งริมชายฝั่งทะเลบ้านคลองเลย บ้านคลองเลย หมู่ที่ 7 ต.ศาลาใหม่ อ.ตากใบ จ.นราธิวาส ความยาว 200 เมตร", "min": "กระทรวงมหาดไทย", "agc": "กรมโยธาธิการและผังเมือง", "plan_name": "แก้ไขปัญหาและพัฒนาจังหวัดชายแดนภาคใต้", "stg_name": "ยุทธศาสตร์เร่งรัดวางรากฐานการพัฒนาที่ยั่งยืนของประเทศ", "objc_level1_name": "งบลงทุน", "compare": [{"bb_amount": 13734000, "bb_province": "นราธิวาส", "gf_amount": 13700000, "gf_province": "นราธิวาส"}], "gf_amount_sum": 13700000}
{"bb_code": "1500785013420053", "bb_year": "2559", "amount": 13734000, "min_code": "15000", "agc_code": "15007", "name": "โครงการก่อสร้างเขื่อนป้องกันตลิ่งริมชายฝั่งทะเลบ้านบึงฉลาม หมู่ที่ 10 ตำบลไพรวัน อำเภอตากใบ จังหวัดนราธิวาส ความยาว 200 เมตร", "min": "กระทรวงมหาดไทย", "agc": "กรมโยธาธิการและผังเมือง", "plan_name": "แก้ไขปัญหาและพัฒนาจังหวัดชายแดนภาคใต้", "stg_name": "ยุทธศาสตร์เร่งรัดวางรากฐานการพัฒนาที่ยั่งยืนของประเทศ", "objc_level1_name": "งบลงทุน", "compare": [{"bb_amount": 13734000, "bb_province": "นราธิวาส", "gf_amount": 13700000, "gf_province": "นราธิวาส"}], "gf_amount_sum": 13700000}
{"bb_code": "1500785013420054", "bb_year": "2559", "amount": 13734000, "min_code": "15000", "agc_code": "15007", "name": "โครงการก่อสร้างเขื่อนป้องกันตลิ่งริมชายฝั่งทะเลบ้านกูบู หมู่ที่ 6 ตำบลไพรวัน อำเภอตากใบ จังหวัดนราธิวาส ความยาว 200 เมตร", "min": "กระทรวงมหาดไทย", "agc": "กรมโยธาธิการและผังเมือง", "plan_name": "แก้ไขปัญหาและพัฒนาจังหวัดชายแดนภาคใต้", "stg_name": "ยุทธศาสตร์เร่งรัดวางรากฐานการพัฒนาที่ยั่งยืนของประเทศ", "objc_level1_name": "งบลงทุน", "compare": [{"bb_amount": 13734000, "bb_province": "นราธิวาส", "gf_amount": 13700000, "gf_province": "นราธิวาส"}], "gf_amount_sum": 13700000}
{"bb_code": "1500786007420046", "bb_year": "2559", "amount": 13686300, "min_code": "15000", "agc_code": "15007", "name": "เขื่อนป้องกันตลิ่งริมแม่น้ำเจ้าพระยา วัดป่าโมกวรวิหาร ต.ป่าโมก อ.ป่าโมก จ.อ่างทอง ความยาว 156 เมตร", "min": "กระทรวงมหาดไทย", "agc": "กรมโยธาธิการและผังเมือง", "plan_name": "ฟื้นฟู ป้องกัน และจัดการภัยพิบัติ ", "stg_name": "ยุทธศาสตร์การจัดการทรัพยากรธรรมชาติและสิ่งแวดล้อม", "objc_level1_name": "งบลงทุน", "compare": [{"bb_amount": 13686300, "bb_province": "อ่างทอง"}, {"gf_amount": 13128000, "gf_province": "ส่วนกลาง", "bb_amount": null, "bb_province": "กรุงเทพมหานคร"}], "gf_amount_sum": 13128000}
{"bb_code": "1500786007420196", "bb_year": "2559", "amount": 13679000, "min_code": "15000", "agc_code": "15007", "name": "เขื่อนป้องกันตลิ่งริมแม่น้ำปาย (ช่วงที่1) บริเวณศูนย์บริการและพัฒนาลุ่มน้ำปายตามพระราชดำริ ม.5 ต.ผาบ่อง อ.เมือง จ.แม่ฮ่องสอน ความยาว 314 เมตร", "min": "กระทรวงมหาดไทย", "agc": "กรมโยธาธิการและผังเมือง", "plan_name": "ฟื้นฟู ป้องกัน และจัดการภัยพิบัติ ", "stg_name": "ยุทธศาสตร์การจัดการทรัพยากรธรรมชาติและสิ่งแวดล้อม", "objc_level1_name": "งบลงทุน", "compare": [{"bb_amount": 13679000, "bb_province": "แม่ฮ่องสอน", "gf_amount": 12827000, "gf_province": "แม่ฮ่องสอน"}], "gf_amount_sum": 12827000}
{"bb_code": "1500786020420169", "bb_year": "2559", "amount": 13650000, "min_code": "15000", "agc_code": "15007", "name": "เขื่อนป้องกันตลิ่งริมแม่น้ำโขง บ้านปงของ หมู่ 5 (ต่อเนื่องเขื่อนเดิมไปเหนือน้ำ) ต.แม่เงิน อ.เชียงแสน จ.เชียงราย ความยาว 600 เมตร", "min": "กระทรวงมหาดไทย", "agc": "กรมโยธาธิการและผังเมือง", "plan_name": "ฟื้นฟู ป้องกัน และจัดการภัยพิบัติ ", "stg_name": "ยุทธศาสตร์การจัดการทรัพยากรธรรมชาติและสิ่งแวดล้อม", "objc_level1_name": "งบลงทุน", "compare": [{"bb_amount": 13650000, "bb_province": "เชียงราย"}, {"gf_amount": 10034340, "gf_province": "ส่วนกลาง", "bb_amount": null, "bb_province": "กรุงเทพมหานคร"}], "gf_amount_sum": 10034340}
{"bb_code": "1500786020420240", "bb_year": "2559", "amount": 13650000, "min_code": "15000", "agc_code": "15007", "name": "เขื่อนป้องกันตลิ่งริมแม่น้ำโขง บ้านหนองวิไล (ต่อเนื่องเขื่อนเดิม) ต.เขมราฐ อ.เขมราฐ จ.อุบลราชธานี ความยาว 500 เมตร", "min": "กระทรวงมหาดไทย", "agc": "กรมโยธาธิการและผังเมือง", "plan_name": "ฟื้นฟู ป้องกัน และจัดการภัยพิบัติ ", "stg_name": "ยุทธศาสตร์การจัดการทรัพยากรธรรมชาติและสิ่งแวดล้อม", "objc_level1_name": "งบลงทุน", "compare": [{"bb_amount": 13650000, "bb_province": "อุบลราชธานี"}, {"gf_amount": 10112460, "gf_province": "ส่วนกลาง", "bb_amount": null, "bb_province": "กรุงเทพมหานคร"}], "gf_amount_sum": 10112460}
{"bb_code": "1500786006420040", "bb_year": "2559", "amount": 13650000, "min_code": "15000", "agc_code": "15007", "name": "ก่อสร้างระบบป้องกันน้ำท่วมพื้นที่ชุมชนปะคำ อำเภอปะคำ จังหวัดบุรีรัมย์", "min": "กระทรวงมหาดไทย", "agc": "กรมโยธาธิการและผังเมือง", "plan_name": "ฟื้นฟู ป้องกัน และจัดการภัยพิบัติ ", "stg_name": "ยุทธศาสตร์การจัดการทรัพยากรธรรมชาติและสิ่งแวดล้อม", "objc_level1_name": "งบลงทุน", "compare": [{"bb_amount": 13650000, "bb_province": "บุรีรัมย์"}, {"gf_amount": 13650000, "gf_province": "ส่วนกลาง", "bb_amount": null, "bb_province": "กรุงเทพมหานคร"}], "gf_amount_sum": 13650000}
{"bb_code": "1500786007420467", "bb_year": "2559", "amount": 13650000, "min_code": "15000", "agc_code": "15007", "name": "เขื่อนป้องกันตลิ่งริมแม่น้ำปราจีน จากเขื่อนเดิมถึงบริเวณปากคลองตะเคียนทอง ม.3 ต.หาดนางแก้ว อ.กบินทร์บุรี จ.ปราจีนบุรี ความยาว 700 เมตร", "min": "กระทรวงมหาดไทย", "agc": "กรมโยธาธิการและผังเมือง", "plan_name": "ฟื้นฟู ป้องกัน และจัดการภัยพิบัติ ", "stg_name": "ยุทธศาสตร์การจัดการทรัพยากรธรรมชาติและสิ่งแวดล้อม", "objc_level1_name": "งบลงทุน", "compare": [{"bb_amount": 13650000, "bb_province": "ปราจีนบุรี"}, {"gf_amount": 10140810, "gf_province": "ส่วนกลาง", "bb_amount": null, "bb_province": "กรุงเทพมหานคร"}], "gf_amount_sum": 10140810}
{"bb_code": "1500786020420241", "bb_year": "2559", "amount": 13650000, "min_code": "15000", "agc_code": "15007", "name": "เขื่อนป้องกันตลิ่งริมแม่น้ำโขง บ้านห้วยยาง ต.เขมราฐ อ.เขมราฐ จ.อุบลราชธานี ความยาว 500 เมตร", "min": "กระทรวงมหาดไทย", "agc": "กรมโยธาธิการและผังเมือง", "plan_name": "ฟื้นฟู ป้องกัน และจัดการภัยพิบัติ ", "stg_name": "ยุทธศาสตร์การจัดการทรัพยากรธรรมชาติและสิ่งแวดล้อม", "objc_level1_name": "งบลงทุน", "compare": [{"bb_amount": 13650000, "bb_province": "อุบลราชธานี"}, {"gf_amount": 10076145, "gf_province": "ส่วนกลาง", "bb_amount": null, "bb_province": "กรุงเทพมหานคร"}], "gf_amount_sum": 10076145}
{"bb_code": "1500786020420231", "bb_year": "2559", "amount": 13650000, "min_code": "15000", "agc_code": "15007", "name": "เขื่อนป้องกันตลิ่งริมแม่น้ำโขง ห้วยสะคาม (ต่อเนื่องเขื่อนเดิม) ต.โขงเจียม และบ้านถ้ำป่อง ต.ห้วยไผ่  อ.โขงเจียม จ.อุบลราชธานี ความยาว 500 เมตร", "min": "กระทรวงมหาดไทย", "agc": "กรมโยธาธิการและผังเมือง", "plan_name": "ฟื้นฟู ป้องกัน และจัดการภัยพิบัติ ", "stg_name": "ยุทธศาสตร์การจัดการทรัพยากรธรรมชาติและสิ่งแวดล้อม", "objc_level1_name": "งบลงทุน", "compare": [{"bb_amount": 13650000, "bb_province": "อุบลราชธานี"}, {"gf_amount": 13650000, "gf_province": "ส่วนกลาง", "bb_amount": null, "bb_province": "กรุงเทพมหานคร"}], "gf_amount_sum": 13650000}
{"bb_code": "1500786020420232", "bb_year": "2559", "amount": 13650000, "min_code": "15000", "agc_code": "15007", "name": "เขื่อนป้องกันตลิ่งริมแม่น้ำโขง บ้านห้วยไผ่ ต.ห้วยไผ่ อ.โขงเจียม จ.อุบลราชธานี ความยาว 500 เมตร", "min": "กระทรวงมหาดไทย", "agc": "กรมโยธาธิการและผังเมือง", "plan_name": "ฟื้นฟู ป้องกัน และจัดการภัยพิบัติ ", "stg_name": "ยุทธศาสตร์การจัดการทรัพยากรธรรมชาติและสิ่งแวดล้อม", "objc_level1_name": "งบลงทุน", "compare": [{"bb_amount": 13650000, "bb_province": "อุบลราชธานี"}, {"gf_amount": 10182450, "gf_province": "ส่วนกลาง", "bb_amount": null, "bb_province": "กรุงเทพมหานคร"}], "gf_amount_sum": 10182450}
{"bb_code": "1500786020420233", "bb_year": "2559", "amount": 13650000, "min_code": "15000", "agc_code": "15007", "name": "เขื่อนป้องกันตลิ่งริมแม่น้ำโขง บ้านกุ่ม ต.ห้วยไผ่ อ.โขงเจียม จ.อุบลราชธานี ความยาว 500 เมตร", "min": "กระทรวงมหาดไทย", "agc": "กรมโยธาธิการและผังเมือง", "plan_name": "ฟื้นฟู ป้องกัน และจัดการภัยพิบัติ ", "stg_name": "ยุทธศาสตร์การจัดการทรัพยากรธรรมชาติและสิ่งแวดล้อม", "objc_level1_name": "งบลงทุน", "compare": [{"bb_amount": 13650000, "bb_province": "อุบลราชธานี"}, {"gf_amount": 10165500, "gf_province": "ส่วนกลาง", "bb_amount": null, "bb_province": "กรุงเทพมหานคร"}], "gf_amount_sum": 10165500}
{"bb_code": "1500786020420242", "bb_year": "2559", "amount": 13650000, "min_code": "15000", "agc_code": "15007", "name": "เขื่อนป้องกันตลิ่งริมแม่น้ำโขง บ้านโชคชัย ต.เขมราฐ อ.เขมราฐ จ.อุบลราชธานี ความยาว 500 เมตร", "min": "กระทรวงมหาดไทย", "agc": "กรมโยธาธิการและผังเมือง", "plan_name": "ฟื้นฟู ป้องกัน และจัดการภัยพิบัติ ", "stg_name": "ยุทธศาสตร์การจัดการทรัพยากรธรรมชาติและสิ่งแวดล้อม", "objc_level1_name": "งบลงทุน", "compare": [{"bb_amount": 13650000, "bb_province": "อุบลราชธานี"}, {"gf_amount": 10169400, "gf_province": "ส่วนกลาง", "bb_amount": null, "bb_province": "กรุงเทพมหานคร"}], "gf_amount_sum": 10169400}
{"bb_code": "1500785013420037", "bb_year": "2559", "amount": 13600000, "min_code": "15000", "agc_code": "15007", "name": "โครงการพัฒนาศักยภาพด่านพรมแดนไทยมาเลเซีย (ด่านเบตง)  ระยะที่ 3 อำเภอเบตง จังหวัดยะลา", "min": "กระทรวงมหาดไทย", "agc": "กรมโยธาธิการและผังเมือง", "plan_name": "แก้ไขปัญหาและพัฒนาจังหวัดชายแดนภาคใต้", "stg_name": "ยุทธศาสตร์เร่งรัดวางรากฐานการพัฒนาที่ยั่งยืนของประเทศ", "objc_level1_name": "งบลงทุน", "compare": [{"bb_amount": 13600000, "bb_province": "ยะลา", "gf_amount": 13600000, "gf_province": "ยะลา"}], "gf_amount_sum": 13600000}
{"bb_code": "1500786007420075", "bb_year": "2559", "amount": 13576700, "min_code": "15000", "agc_code": "15007", "name": "เขื่อนป้องกันตลิ่งริมแม่น้ำท่าจีน  หน้าวัดบางใหญ่  หมู่ที่ 8 ต.บางใหญ่ อ.บางปลาม้า จ.สุพรรณบุรี ความยาว 370 เมตร", "min": "กระทรวงมหาดไทย", "agc": "กรมโยธาธิการและผังเมือง", "plan_name": "ฟื้นฟู ป้องกัน และจัดการภัยพิบัติ ", "stg_name": "ยุทธศาสตร์การจัดการทรัพยากรธรรมชาติและสิ่งแวดล้อม", "objc_level1_name": "งบลงทุน", "compare": [{"bb_amount": 13576700, "bb_province": "สุพรรณบุรี"}], "gf_amount_sum": 0}
{"bb_code": "1500883002600JQ0", "bb_year": "2559", "amount": 13508000, "min_code": "15000", "agc_code": "15008", "name": "ก่อสร้างถนนลาดยางสายคู่ขนานริมหาดปากเมง บ้านหาดปากเมง หมู่ที่ 4 ตำบลไม้ฝาด องค์การบริหารส่วนตำบลไม้ฝาด อำเภอสิเกา จังหวัดตรัง", "min": "กระทรวงมหาดไทย", "agc": "กรมส่งเสริมการปกครองท้องถิ่น", "plan_name": "ส่งเสริมการกระจายอำนาจให้แก่องค์กรปกครองส่วนท้องถิ่น", "stg_name": "ยุทธศาสตร์การบริหารกิจการบ้านเมืองที่ดี", "objc_level1_name": "งบลงทุน", "compare": [{"bb_amount": 13508000, "bb_province": "ตรัง"}], "gf_amount_sum": 0}
{"bb_code": "1500720001700002", "bb_year": "2559", "amount": 13500000, "min_code": "15000", "agc_code": "15007", "name": "โครงการวางและจัดทำผังเมืองรวมจังหวัดลำพูน", "min": "กระทรวงมหาดไทย", "agc": "กรมโยธาธิการและผังเมือง", "plan_name": "รักษาความมั่นคงของฐานทรัพยากรธรรมชาติและแก้ปัญหาที่ดินทำกิน", "stg_name": "ยุทธศาสตร์การจัดการทรัพยากรธรรมชาติและสิ่งแวดล้อม", "objc_level1_name": "งบลงทุน", "compare": [{"bb_amount": 13500000, "bb_province": "ลำพูน"}], "gf_amount_sum": 0}
{"bb_code": "1500786007420142", "bb_year": "2559", "amount": 13500000, "min_code": "15000", "agc_code": "15007", "name": "เขื่อนป้องกันตลิ่งริมแม่น้ำเจ้าพระยา ม.5,6,7 ต.ท่าน้ำอ้อย อ.พยุหะคีรี จ.นครสวรรค์ ความยาว 280 เมตร", "min": "กระทรวงมหาดไทย", "agc": "กรมโยธาธิการและผังเมือง", "plan_name": "ฟื้นฟู ป้องกัน และจัดการภัยพิบัติ ", "stg_name": "ยุทธศาสตร์การจัดการทรัพยากรธรรมชาติและสิ่งแวดล้อม", "objc_level1_name": "งบลงทุน", "compare": [{"bb_amount": 13500000, "bb_province": "นครสวรรค์"}], "gf_amount_sum": 0}
{"bb_code": "1500786007420257", "bb_year": "2559", "amount": 13500000, "min_code": "15000", "agc_code": "15007", "name": "เขื่อนป้องกันตลิ่งริมแม่น้ำท่าจีน บริเวณวัดวังหว้า ต.ย่านยาว อ.สามชุก จ.สุพรรณบุรี ความยาว 345 เมตร", "min": "กระทรวงมหาดไทย", "agc": "กรมโยธาธิการและผังเมือง", "plan_name": "ฟื้นฟู ป้องกัน และจัดการภัยพิบัติ ", "stg_name": "ยุทธศาสตร์การจัดการทรัพยากรธรรมชาติและสิ่งแวดล้อม", "objc_level1_name": "งบลงทุน", "compare": [{"bb_amount": 13500000, "bb_province": "สุพรรณบุรี"}], "gf_amount_sum": 0}
