{"bb_code": "1500720001700016", "bb_year": "2559", "amount": 13490000, "min_code": "15000", "agc_code": "15007", "name": "โครงการวางและจัดทำผังเมืองรวมจังหวัดระยอง", "min": "กระทรวงมหาดไทย", "agc": "กรมโยธาธิการและผังเมือง", "plan_name": "รักษาความมั่นคงของฐานทรัพยากรธรรมชาติและแก้ปัญหาที่ดินทำกิน", "stg_name": "ยุทธศาสตร์การจัดการทรัพยากรธรรมชาติและสิ่งแวดล้อม", "objc_level1_name": "งบลงทุน", "compare": [{"bb_amount": 13490000, "bb_province": "ระยอง"}], "gf_amount_sum": 0}
{"bb_code": "1500882005700002", "bb_year": "2559", "amount": 13484500, "min_code": "15000", "agc_code": "15008", "name": "โครงการจัดตั้งศูนย์ข้อมูลบุคคลากรท้องถิ่นแห่งชาติ ระยะที่ 1", "min": "กระทรวงมหาดไทย", "agc": "กรมส่งเสริมการปกครองท้องถิ่น", "plan_name": "พัฒนาประสิทธิภาพการบริหารราชการแผ่นดิน", "stg_name": "ยุทธศาสตร์การบริหารกิจการบ้านเมืองที่ดี", "objc_level1_name": "งบลงทุน", "compare": [{"bb_amount": 13484500, "bb_province": "กรุงเทพมหานคร"}], "gf_amount_sum": 0}
{"bb_code": "1500786007420135", "bb_year": "2559", "amount": 13403300, "min_code": "15000", "agc_code": "15007", "name": "เขื่อนป้องกันตลิ่งริมลำน้ำห้วยใหญ่ ม.16 ต.บ้านโคก อ.เมือง จ.เพชรบูรณ์ ความยาว 325 เมตร", "min": "กระทรวงมหาดไทย", "agc": "กรมโยธาธิการและผังเมือง", "plan_name": "ฟื้นฟู ป้องกัน และจัดการภัยพิบัติ ", "stg_name": "ยุทธศาสตร์การจัดการทรัพยากรธรรมชาติและสิ่งแวดล้อม", "objc_level1_name": "งบลงทุน", "compare": [{"bb_amount": 13403300, "bb_province": "เพชรบูรณ์", "gf_amount": 13129200, "gf_province": "เพชรบูรณ์"}], "gf_amount_sum": 13129200}
{"bb_code": "1500720001700010", "bb_year": "2559", "amount": 13365800, "min_code": "15000", "agc_code": "15007", "name": "โครงการวางและจัดทำผังเมืองรวมจังหวัดสตูล", "min": "กระทรวงมหาดไทย", "agc": "กรมโยธาธิการและผังเมือง", "plan_name": "รักษาความมั่นคงของฐานทรัพยากรธรรมชาติและแก้ปัญหาที่ดินทำกิน", "stg_name": "ยุทธศาสตร์การจัดการทรัพยากรธรรมชาติและสิ่งแวดล้อม", "objc_level1_name": "งบลงทุน", "compare": [{"bb_amount": 13365800, "bb_province": "สตูล"}], "gf_amount_sum": 0}
{"bb_code": "1500720002420033", "bb_year": "2559", "amount": 13364600, "min_code": "15000", "agc_code": "15007", "name": "โครงการพัฒนาพื้นที่เฉพาะเพื่อการท่องเที่ยวชุมชนโขงเจียม เทศบาลตำบลบ้านด่าน อำเภอโขงเจียม จังหวัดอุบลราชธานี  ระยะที่ 2", "min": "กระทรวงมหาดไทย", "agc": "กรมโยธาธิการและผังเมือง", "plan_name": "รักษาความมั่นคงของฐานทรัพยากรธรรมชาติและแก้ปัญหาที่ดินทำกิน", "stg_name": "ยุทธศาสตร์การจัดการทรัพยากรธรรมชาติและสิ่งแวดล้อม", "objc_level1_name": "งบลงทุน", "compare": [{"bb_amount": 13364600, "bb_province": "อุบลราชธานี"}], "gf_amount_sum": 0}
{"bb_code": "1500720001700035", "bb_year": "2559", "amount": 13280000, "min_code": "15000", "agc_code": "15007", "name": "โครงการวางและจัดทำผังเมืองรวมจังหวัดขอนแก่น", "min": "กระทรวงมหาดไทย", "agc": "กรมโยธาธิการและผังเมือง", "plan_name": "รักษาความมั่นคงของฐานทรัพยากรธรรมชาติและแก้ปัญหาที่ดินทำกิน", "stg_name": "ยุทธศาสตร์การจัดการทรัพยากรธรรมชาติและสิ่งแวดล้อม", "objc_level1_name": "งบลงทุน", "compare": [{"bb_amount": 13280000, "bb_province": "ขอนแก่น"}], "gf_amount_sum": 0}
{"bb_code": "1500786007420028", "bb_year": "2559", "amount": 13206500, "min_code": "15000", "agc_code": "15007", "name": "เขื่อนป้องกันตลิ่งริมแม่น้ำท่าจีน วัดสัปรสเทศ ต.วังยาง อ.ศรีประจันต์ จ.สุพรรณบุรี ความยาว 410 เมตร", "min": "กระทรวงมหาดไทย", "agc": "กรมโยธาธิการและผังเมือง", "plan_name": "ฟื้นฟู ป้องกัน และจัดการภัยพิบัติ ", "stg_name": "ยุทธศาสตร์การจัดการทรัพยากรธรรมชาติและสิ่งแวดล้อม", "objc_level1_name": "งบลงทุน", "compare": [{"bb_amount": 13206500, "bb_province": "สุพรรณบุรี"}, {"gf_amount": 13206500, "gf_province": "ส่วนกลาง", "bb_amount": null, "bb_province": "กรุงเทพมหานคร"}], "gf_amount_sum": 13206500}
{"bb_code": "1500786007420174", "bb_year": "2559", "amount": 13200000, "min_code": "15000", "agc_code": "15007", "name": "เขื่อนป้องกันตลิ่งบริเวณริมสระน้ำพระตำหนักทรงงานและบริเวณริมคลองร่มไทร ศูนย์ศิลปาชีพบางไทร (แห่งที่ 1) อ.บางไทร จ.พระนครศรีอยุธยา ความยาว 300 เมตร", "min": "กระทรวงมหาดไทย", "agc": "กรมโยธาธิการและผังเมือง", "plan_name": "ฟื้นฟู ป้องกัน และจัดการภัยพิบัติ ", "stg_name": "ยุทธศาสตร์การจัดการทรัพยากรธรรมชาติและสิ่งแวดล้อม", "objc_level1_name": "งบลงทุน", "compare": [{"bb_amount": 13200000, "bb_province": "พระนครศรีอยุธยา"}], "gf_amount_sum": 0}
{"bb_code": "1500883002600JP9", "bb_year": "2559", "amount": 13161000, "min_code": "15000", "agc_code": "15008", "name": "ก่อสร้างอาคารพลาซ่า บ้านหาดปากเมง หมู่ที่ 4 ตำบลไม้ฝาด องค์การบริหารส่วนตำบลไม้ฝาด อำเภอสิเกา จังหวัดตรัง", "min": "กระทรวงมหาดไทย", "agc": "กรมส่งเสริมการปกครองท้องถิ่น", "plan_name": "ส่งเสริมการกระจายอำนาจให้แก่องค์กรปกครองส่วนท้องถิ่น", "stg_name": "ยุทธศาสตร์การบริหารกิจการบ้านเมืองที่ดี", "objc_level1_name": "งบลงทุน", "compare": [{"bb_amount": 13161000, "bb_province": "ตรัง"}], "gf_amount_sum": 0}
{"bb_code": "1500720004000000", "bb_year": "2559", "amount": 13089500, "min_code": "15000", "agc_code": "15007", "name": "ค่าเช่าบ้าน", "min": "กระทรวงมหาดไทย", "agc": "กรมโยธาธิการและผังเมือง", "plan_name": "รักษาความมั่นคงของฐานทรัพยากรธรรมชาติและแก้ปัญหาที่ดินทำกิน", "stg_name": "ยุทธศาสตร์การจัดการทรัพยากรธรรมชาติและสิ่งแวดล้อม", "objc_level1_name": "งบบุคลากร", "compare": [{"bb_amount": 13089500, "bb_province": "กรุงเทพมหานคร", "gf_amount": 13292901.94, "gf_province": "ส่วนกลาง"}], "gf_amount_sum": 13292901.94}
{"bb_code": "1500785013420041", "bb_year": "2559", "amount": 13080000, "min_code": "15000", "agc_code": "15007", "name": "โครงการก่อสร้างเขื่อนป้องกันตลิ่งริมทะเล ชายหาดบางศิลา หมู่ที่ 1 ตำบลละงู อำเภอละงู จังหวัดสตูล ความยาว 200 เมตร", "min": "กระทรวงมหาดไทย", "agc": "กรมโยธาธิการและผังเมือง", "plan_name": "แก้ไขปัญหาและพัฒนาจังหวัดชายแดนภาคใต้", "stg_name": "ยุทธศาสตร์เร่งรัดวางรากฐานการพัฒนาที่ยั่งยืนของประเทศ", "objc_level1_name": "งบลงทุน", "compare": [{"bb_amount": 13080000, "bb_province": "สตูล", "gf_amount": 13075000, "gf_province": "สตูล"}], "gf_amount_sum": 13075000}
{"bb_code": "1500520004420001", "bb_year": "2559", "amount": 13052100, "min_code": "15000", "agc_code": "15005", "name": "ค่าก่อสร้างประกอบการใช้ประโยชน์ที่ดินของรัฐเพื่อแก้ไขปัญหาความยากจน ตำบลตาเบา อำเภอปราสาท จังหวัดสุรินทร์", "min": "กระทรวงมหาดไทย", "agc": "กรมที่ดิน", "plan_name": "รักษาความมั่นคงของฐานทรัพยากรธรรมชาติและแก้ปัญหาที่ดินทำกิน", "stg_name": "ยุทธศาสตร์การจัดการทรัพยากรธรรมชาติและสิ่งแวดล้อม", "objc_level1_name": "งบลงทุน", "compare": [{"bb_amount": 13052100, "bb_province": "สุรินทร์", "gf_amount": 1360800, "gf_province": "สุรินทร์"}, {"gf_amount": 5191934, "gf_province": "ส่วนกลาง", "bb_amount": null, "bb_province": "กรุงเทพมหานคร"}], "gf_amount_sum": 6552734}
{"bb_code": "1500786007420283", "bb_year": "2559", "amount": 13040000, "min_code": "15000", "agc_code": "15007", "name": "เขื่อนป้องกันตลิ่งริมแม่น้ำบางปะกง พร้อมท่าจอดเรือบริเวณตลาดลาว ม.1 ต.บางปะกง อ.บางปะกง จ.ฉะเชิงเทรา ความยาว 102 เมตร", "min": "กระทรวงมหาดไทย", "agc": "กรมโยธาธิการและผังเมือง", "plan_name": "ฟื้นฟู ป้องกัน และจัดการภัยพิบัติ ", "stg_name": "ยุทธศาสตร์การจัดการทรัพยากรธรรมชาติและสิ่งแวดล้อม", "objc_level1_name": "งบลงทุน", "compare": [{"bb_amount": 13040000, "bb_province": "ฉะเชิงเทรา", "gf_amount": 4222560, "gf_province": "ฉะเชิงเทรา"}], "gf_amount_sum": 4222560}
{"bb_code": "1501174010500001", "bb_year": "2559", "amount": 13008000, "min_code": "15000", "agc_code": "15011", "name": "สนับสนุนสังคมสงเคราะห์เบี้ยผู้พิการ", "min": "กระทรวงมหาดไทย", "agc": "เมืองพัทยา", "plan_name": "เสริมสร้างสวัสดิการสังคมและยกระดับคุณภาพชีวิต", "stg_name": "ยุทธศาสตร์การศึกษา สาธารณสุข คุณธรรม จริยธรรม และคุณภาพชีวิต", "objc_level1_name": "งบอุดหนุน", "compare": [{"bb_amount": 13008000, "bb_province": "ชลบุรี", "gf_amount": 13008000, "gf_province": "ชลบุรี"}], "gf_amount_sum": 13008000}
{"bb_code": "1501183003600008", "bb_year": "2559", "amount": 13000000, "min_code": "15000", "agc_code": "15011", "name": "การจัดหาเรือตรวจการณ์กู้ภัยชายฝั่ง (เรือยางไฟเบอร์กลาส) จำนวน 5 ลำ", "min": "กระทรวงมหาดไทย", "agc": "เมืองพัทยา", "plan_name": "ส่งเสริมการกระจายอำนาจให้แก่องค์กรปกครองส่วนท้องถิ่น", "stg_name": "ยุทธศาสตร์การบริหารกิจการบ้านเมืองที่ดี", "objc_level1_name": "งบลงทุน", "compare": [{"bb_amount": 13000000, "bb_province": "ชลบุรี"}], "gf_amount_sum": 0}
{"bb_code": "1500720002420036", "bb_year": "2559", "amount": 13000000, "min_code": "15000", "agc_code": "15007", "name": "โครงการพื้นที่ห้วยวังนอง  ตามผังเมืองรวมเมืองอุบลราชธานี เทศบาลนครอุบลราชธานี จังหวัดอุบลราชธานี ระยะที่ 2", "min": "กระทรวงมหาดไทย", "agc": "กรมโยธาธิการและผังเมือง", "plan_name": "รักษาความมั่นคงของฐานทรัพยากรธรรมชาติและแก้ปัญหาที่ดินทำกิน", "stg_name": "ยุทธศาสตร์การจัดการทรัพยากรธรรมชาติและสิ่งแวดล้อม", "objc_level1_name": "งบลงทุน", "compare": [{"bb_amount": 13000000, "bb_province": "อุบลราชธานี"}], "gf_amount_sum": 0}
{"bb_code": "1500785013420044", "bb_year": "2559", "amount": 13000000, "min_code": "15000", "agc_code": "15007", "name": "โครงการก่อสร้างเขื่อนป้องกันตลิ่งริมทะเล ชายหาดบางศิลา หมู่ที่ 2 ตำบลละงู อำเภอละงู จังหวัดสตูล ความยาว 1,000 เมตร", "min": "กระทรวงมหาดไทย", "agc": "กรมโยธาธิการและผังเมือง", "plan_name": "แก้ไขปัญหาและพัฒนาจังหวัดชายแดนภาคใต้", "stg_name": "ยุทธศาสตร์เร่งรัดวางรากฐานการพัฒนาที่ยั่งยืนของประเทศ", "objc_level1_name": "งบลงทุน", "compare": [{"bb_amount": 13000000, "bb_province": "สตูล", "gf_amount": 13000000, "gf_province": "สตูล"}], "gf_amount_sum": 13000000}
{"bb_code": "1500720001700019", "bb_year": "2559", "amount": 12911900, "min_code": "15000", "agc_code": "15007", "name": "โครงการวางและจัดทำผังเมืองรวมจังหวัดพิษณุโลก", "min": "กระทรวงมหาดไทย", "agc": "กรมโยธาธิการและผังเมือง", "plan_name": "รักษาความมั่นคงของฐานทรัพยากรธรรมชาติและแก้ปัญหาที่ดินทำกิน", "stg_name": "ยุทธศาสตร์การจัดการทรัพยากรธรรมชาติและสิ่งแวดล้อม", "objc_level1_name": "งบลงทุน", "compare": [{"bb_amount": 12911900, "bb_province": "พิษณุโลก"}], "gf_amount_sum": 0}
{"bb_code": "1500786020420210", "bb_year": "2559", "amount": 12870000, "min_code": "15000", "agc_code": "15007", "name": "เขื่อนป้องกันตลิ่งริมแม่น้ำโขง บ้านคกงิ้ว (ต่อเนื่องเขื่อนเดิมไปเหนือน้ำ) ต.ปากตม อ.เชียงคาน จ.เลย ความยาว 600 เมตร", "min": "กระทรวงมหาดไทย", "agc": "กรมโยธาธิการและผังเมือง", "plan_name": "ฟื้นฟู ป้องกัน และจัดการภัยพิบัติ ", "stg_name": "ยุทธศาสตร์การจัดการทรัพยากรธรรมชาติและสิ่งแวดล้อม", "objc_level1_name": "งบลงทุน", "compare": [{"bb_amount": 12870000, "bb_province": "เลย"}, {"gf_amount": 9572925, "gf_province": "ส่วนกลาง", "bb_amount": null, "bb_province": "กรุงเทพมหานคร"}], "gf_amount_sum": 9572925}
{"bb_code": "1500720004420019", "bb_year": "2559", "amount": 12812900, "min_code": "15000", "agc_code": "15007", "name": "โครงการจัดรูปที่ดินเพื่อพัฒนาพื้นที่ จังหวัดระยอง", "min": "กระทรวงมหาดไทย", "agc": "กรมโยธาธิการและผังเมือง", "plan_name": "รักษาความมั่นคงของฐานทรัพยากรธรรมชาติและแก้ปัญหาที่ดินทำกิน", "stg_name": "ยุทธศาสตร์การจัดการทรัพยากรธรรมชาติและสิ่งแวดล้อม", "objc_level1_name": "งบลงทุน", "compare": [{"bb_amount": 12812900, "bb_province": "ระยอง", "gf_amount": 12812900, "gf_province": "ระยอง"}], "gf_amount_sum": 12812900}
