{"bb_code": "1500786007420157", "bb_year": "2559", "amount": 12340000, "min_code": "15000", "agc_code": "15007", "name": "เขื่อนป้องกันตลิ่งริมลำน้ำฮี้ บ้านท่าม่วง ม.3 ต.น้ำจั้น อ.เซกา จ.บึงกาฬ ความยาว 100 เมตร", "min": "กระทรวงมหาดไทย", "agc": "กรมโยธาธิการและผังเมือง", "plan_name": "ฟื้นฟู ป้องกัน และจัดการภัยพิบัติ ", "stg_name": "ยุทธศาสตร์การจัดการทรัพยากรธรรมชาติและสิ่งแวดล้อม", "objc_level1_name": "งบลงทุน", "compare": [{"bb_amount": 12340000, "bb_province": "บึงกาฬ", "gf_amount": 12340000, "gf_province": "บึงกาฬ"}], "gf_amount_sum": 12340000}
{"bb_code": "1501183003600003", "bb_year": "2559", "amount": 12333700, "min_code": "15000", "agc_code": "15011", "name": "การปรับปรุงระบบเครือข่ายศาลาว่าการเมืองพัทยา", "min": "กระทรวงมหาดไทย", "agc": "เมืองพัทยา", "plan_name": "ส่งเสริมการกระจายอำนาจให้แก่องค์กรปกครองส่วนท้องถิ่น", "stg_name": "ยุทธศาสตร์การบริหารกิจการบ้านเมืองที่ดี", "objc_level1_name": "งบลงทุน", "compare": [{"bb_amount": 12333700, "bb_province": "ชลบุรี"}], "gf_amount_sum": 0}
{"bb_code": "1500720001700005", "bb_year": "2559", "amount": 12300000, "min_code": "15000", "agc_code": "15007", "name": "โครงการวางและจัดทำผังเมืองรวมจังหวัดนครนายก", "min": "กระทรวงมหาดไทย", "agc": "กรมโยธาธิการและผังเมือง", "plan_name": "รักษาความมั่นคงของฐานทรัพยากรธรรมชาติและแก้ปัญหาที่ดินทำกิน", "stg_name": "ยุทธศาสตร์การจัดการทรัพยากรธรรมชาติและสิ่งแวดล้อม", "objc_level1_name": "งบลงทุน", "compare": [{"bb_amount": 12300000, "bb_province": "นครนายก"}], "gf_amount_sum": 0}
{"bb_code": "1500785013420022", "bb_year": "2559", "amount": 12285000, "min_code": "15000", "agc_code": "15007", "name": "โครงการพัฒนาเมืองเฉพาะพื้นที่เทศบาลเมืองสะเตงนอก ตำบลสะเตงนอก อำเภอเมือง จังหวัดยะลา", "min": "กระทรวงมหาดไทย", "agc": "กรมโยธาธิการและผังเมือง", "plan_name": "แก้ไขปัญหาและพัฒนาจังหวัดชายแดนภาคใต้", "stg_name": "ยุทธศาสตร์เร่งรัดวางรากฐานการพัฒนาที่ยั่งยืนของประเทศ", "objc_level1_name": "งบลงทุน", "compare": [{"bb_amount": 12285000, "bb_province": "ปัตตานี"}, {"gf_amount": 9045750, "gf_province": "ยะลา", "bb_amount": null, "bb_province": "ยะลา"}], "gf_amount_sum": 9045750}
{"bb_code": "1500786007420425", "bb_year": "2559", "amount": 12285000, "min_code": "15000", "agc_code": "15007", "name": "เขื่อนป้องกันตลิ่งริมแม่น้ำเจ้าพระยา ม.4 ต.จรเข้ร้อง อ.ไชโย จ.อ่างทอง ความยาว 350 เมตร", "min": "กระทรวงมหาดไทย", "agc": "กรมโยธาธิการและผังเมือง", "plan_name": "ฟื้นฟู ป้องกัน และจัดการภัยพิบัติ ", "stg_name": "ยุทธศาสตร์การจัดการทรัพยากรธรรมชาติและสิ่งแวดล้อม", "objc_level1_name": "งบลงทุน", "compare": [{"bb_amount": 12285000, "bb_province": "อ่างทอง"}, {"gf_amount": 9105000, "gf_province": "ส่วนกลาง", "bb_amount": null, "bb_province": "กรุงเทพมหานคร"}], "gf_amount_sum": 9105000}
{"bb_code": "1500720002410090", "bb_year": "2559", "amount": 12267800, "min_code": "15000", "agc_code": "15007", "name": "ค่าบำรุงรักษาและปรับปรุงซ่อมแซมเขื่อนป้องกันตลิ่ง สำนักงานโยธาธิการและผังเมืองจังหวัดปราจีนบุรี ตำบลไม้เค็ด อำเภอเมืองปราจีนบุรี จังหวัดปราจีนบุรี", "min": "กระทรวงมหาดไทย", "agc": "กรมโยธาธิการและผังเมือง", "plan_name": "รักษาความมั่นคงของฐานทรัพยากรธรรมชาติและแก้ปัญหาที่ดินทำกิน", "stg_name": "ยุทธศาสตร์การจัดการทรัพยากรธรรมชาติและสิ่งแวดล้อม", "objc_level1_name": "งบลงทุน", "compare": [{"bb_amount": 12267800, "bb_province": "ปราจีนบุรี", "gf_amount": 2290196.28, "gf_province": "ปราจีนบุรี"}], "gf_amount_sum": 2290196.28}
{"bb_code": "1500786020420087", "bb_year": "2559", "amount": 12266100, "min_code": "15000", "agc_code": "15007", "name": "เขื่อนป้องกันตลิ่งริมแม่น้ำโขง บ้านหนอง หมู่ที่ 3 ต.บ้านม่วง อ.สังคม จ.หนองคาย ความยาว 280 เมตร", "min": "กระทรวงมหาดไทย", "agc": "กรมโยธาธิการและผังเมือง", "plan_name": "ฟื้นฟู ป้องกัน และจัดการภัยพิบัติ ", "stg_name": "ยุทธศาสตร์การจัดการทรัพยากรธรรมชาติและสิ่งแวดล้อม", "objc_level1_name": "งบลงทุน", "compare": [{"bb_amount": 12266100, "bb_province": "หนองคาย"}], "gf_amount_sum": 0}
{"bb_code": "1500786020000000", "bb_year": "2559", "amount": 12218700, "min_code": "15000", "agc_code": "15007", "name": "ค่าเบี้ยประชุมคณะกรรมการฯ", "min": "กระทรวงมหาดไทย", "agc": "กรมโยธาธิการและผังเมือง", "plan_name": "ฟื้นฟู ป้องกัน และจัดการภัยพิบัติ ", "stg_name": "ยุทธศาสตร์การจัดการทรัพยากรธรรมชาติและสิ่งแวดล้อม", "objc_level1_name": "งบดำเนินงาน", "compare": [{"bb_amount": 12218700, "bb_province": "กรุงเทพมหานคร", "gf_amount": 9222039.51, "gf_province": "ส่วนกลาง"}, {"gf_amount": 299999.06, "gf_province": "มุกดาหาร", "bb_amount": null, "bb_province": "มุกดาหาร"}, {"gf_amount": 224935.74, "gf_province": "ระนอง", "bb_amount": null, "bb_province": "ระนอง"}, {"gf_amount": 174000, "gf_province": "ตาก", "bb_amount": null, "bb_province": "ตาก"}, {"gf_amount": 49996.68, "gf_province": "อุบลราชธานี", "bb_amount": null, "bb_province": "อุบลราชธานี"}, {"gf_amount": 34999.34, "gf_province": "เลย", "bb_amount": null, "bb_province": "เลย"}], "gf_amount_sum": 10005970.33}
{"bb_code": "1500786020420072", "bb_year": "2559", "amount": 12160800, "min_code": "15000", "agc_code": "15007", "name": "เขื่อนป้องกันตลิ่งริมแม่น้ำโขง บ้านน้ำก่ำน้อย หมู่ 17 (ต่อเนื่องเขื่อนเดิมด้านเหนือน้ำ) ต.น้ำก่ำ อ.ธาตุพนม จ.นครพนม ความยาว 180 เมตร", "min": "กระทรวงมหาดไทย", "agc": "กรมโยธาธิการและผังเมือง", "plan_name": "ฟื้นฟู ป้องกัน และจัดการภัยพิบัติ ", "stg_name": "ยุทธศาสตร์การจัดการทรัพยากรธรรมชาติและสิ่งแวดล้อม", "objc_level1_name": "งบลงทุน", "compare": [{"bb_amount": 12160800, "bb_province": "นครพนม"}, {"gf_amount": 15653000, "gf_province": "ส่วนกลาง", "bb_amount": null, "bb_province": "กรุงเทพมหานคร"}], "gf_amount_sum": 15653000}
{"bb_code": "1500786007420109", "bb_year": "2559", "amount": 12150000, "min_code": "15000", "agc_code": "15007", "name": "เขื่อนป้องกันตลิ่งริมแม่น้ำพอง บ้านท่าพระทราย ม.11 ต.โคกสี อ.เมือง จ.ขอนแก่น ความยาว 200 เมตร", "min": "กระทรวงมหาดไทย", "agc": "กรมโยธาธิการและผังเมือง", "plan_name": "ฟื้นฟู ป้องกัน และจัดการภัยพิบัติ ", "stg_name": "ยุทธศาสตร์การจัดการทรัพยากรธรรมชาติและสิ่งแวดล้อม", "objc_level1_name": "งบลงทุน", "compare": [{"bb_amount": 12150000, "bb_province": "ขอนแก่น", "gf_amount": 12150000, "gf_province": "ขอนแก่น"}], "gf_amount_sum": 12150000}
{"bb_code": "1500786006000000", "bb_year": "2559", "amount": 12032600, "min_code": "15000", "agc_code": "15007", "name": "วัสดุก่อสร้าง", "min": "กระทรวงมหาดไทย", "agc": "กรมโยธาธิการและผังเมือง", "plan_name": "ฟื้นฟู ป้องกัน และจัดการภัยพิบัติ ", "stg_name": "ยุทธศาสตร์การจัดการทรัพยากรธรรมชาติและสิ่งแวดล้อม", "objc_level1_name": "งบดำเนินงาน", "compare": [{"bb_amount": 12032600, "bb_province": "กรุงเทพมหานคร", "gf_amount": 11174727.19, "gf_province": "ส่วนกลาง"}], "gf_amount_sum": 11174727.19}
{"bb_code": "1500786007420391", "bb_year": "2559", "amount": 12025700, "min_code": "15000", "agc_code": "15007", "name": "เขื่อนป้องกันตลิ่งริมแม่น้ำมูล (ช่วงท่าลานข้าว) บ้านหนองแก้ว ต.หนองแก้ว อ.กันทรารมย์ จ.ศรีสะเกษ ความยาว 700 เมตร", "min": "กระทรวงมหาดไทย", "agc": "กรมโยธาธิการและผังเมือง", "plan_name": "ฟื้นฟู ป้องกัน และจัดการภัยพิบัติ ", "stg_name": "ยุทธศาสตร์การจัดการทรัพยากรธรรมชาติและสิ่งแวดล้อม", "objc_level1_name": "งบลงทุน", "compare": [{"bb_amount": 12025700, "bb_province": "ศรีสะเกษ"}, {"gf_amount": 8863560, "gf_province": "ส่วนกลาง", "bb_amount": null, "bb_province": "กรุงเทพมหานคร"}], "gf_amount_sum": 8863560}
{"bb_code": "1500785013420064", "bb_year": "2559", "amount": 12017200, "min_code": "15000", "agc_code": "15007", "name": "โครงการปรับปรุงถนนในชุมชน สายบ้านไม้พอก - ม่วงงาม ตำบลคู อำเภอจะนะ จังหวัดสงขลา ระยะทาง 3.50 กม.", "min": "กระทรวงมหาดไทย", "agc": "กรมโยธาธิการและผังเมือง", "plan_name": "แก้ไขปัญหาและพัฒนาจังหวัดชายแดนภาคใต้", "stg_name": "ยุทธศาสตร์เร่งรัดวางรากฐานการพัฒนาที่ยั่งยืนของประเทศ", "objc_level1_name": "งบลงทุน", "compare": [{"bb_amount": 12017200, "bb_province": "สงขลา", "gf_amount": 12012000, "gf_province": "สงขลา"}], "gf_amount_sum": 12012000}
{"bb_code": "1500720002420082", "bb_year": "2559", "amount": 12000000, "min_code": "15000", "agc_code": "15007", "name": "งานศึกษาความเหมาะสมและออกแบบรายละเอียดโครงการพัฒนาพื้นที่เฉพาะอ่าวนาง อำเภอเมือง จังหวัดกระบี่", "min": "กระทรวงมหาดไทย", "agc": "กรมโยธาธิการและผังเมือง", "plan_name": "รักษาความมั่นคงของฐานทรัพยากรธรรมชาติและแก้ปัญหาที่ดินทำกิน", "stg_name": "ยุทธศาสตร์การจัดการทรัพยากรธรรมชาติและสิ่งแวดล้อม", "objc_level1_name": "งบลงทุน", "compare": [{"bb_amount": 12000000, "bb_province": "กระบี่"}, {"gf_amount": 9720250, "gf_province": "ส่วนกลาง", "bb_amount": null, "bb_province": "กรุงเทพมหานคร"}], "gf_amount_sum": 9720250}
{"bb_code": "1500786007420183", "bb_year": "2559", "amount": 12000000, "min_code": "15000", "agc_code": "15007", "name": "เขื่อนป้องกันตลิ่งริมแม่น้ำชี บ้านแสงน้อย ม.7 ต.นาคำใหญ่ อ.เขื่องใน จ.อุบลราชธานี ความยาว 336 เมตร", "min": "กระทรวงมหาดไทย", "agc": "กรมโยธาธิการและผังเมือง", "plan_name": "ฟื้นฟู ป้องกัน และจัดการภัยพิบัติ ", "stg_name": "ยุทธศาสตร์การจัดการทรัพยากรธรรมชาติและสิ่งแวดล้อม", "objc_level1_name": "งบลงทุน", "compare": [{"bb_amount": 12000000, "bb_province": "อุบลราชธานี"}, {"gf_amount": 14384850, "gf_province": "ส่วนกลาง", "bb_amount": null, "bb_province": "กรุงเทพมหานคร"}], "gf_amount_sum": 14384850}
{"bb_code": "1500786020420112", "bb_year": "2559", "amount": 12000000, "min_code": "15000", "agc_code": "15007", "name": "เขื่อนป้องกันตลิ่งริมแม่น้ำโขง บ้านนาคำเจริญ หมู่ 18 (ต่อเนื่องเขื่อนเดิมเหนือและท้ายน้ำ) ต.น้ำก่ำ อ.ธาตุพนม จ.นครพนม ความยาว 240 เมตร", "min": "กระทรวงมหาดไทย", "agc": "กรมโยธาธิการและผังเมือง", "plan_name": "ฟื้นฟู ป้องกัน และจัดการภัยพิบัติ ", "stg_name": "ยุทธศาสตร์การจัดการทรัพยากรธรรมชาติและสิ่งแวดล้อม", "objc_level1_name": "งบลงทุน", "compare": [{"bb_amount": 12000000, "bb_province": "นครพนม"}, {"gf_amount": 15890000, "gf_province": "ส่วนกลาง", "bb_amount": null, "bb_province": "กรุงเทพมหานคร"}], "gf_amount_sum": 15890000}
{"bb_code": "1500786007420231", "bb_year": "2559", "amount": 12000000, "min_code": "15000", "agc_code": "15007", "name": "เขื่อนป้องกันตลิ่งพร้อมก่อสร้างปรับปรุงภูมิทัศน์ริมคลองกุดนกเปล้า บริเวณวัดกุดนกเปล้า ต.กุดนกเปล้า อ.เมือง จ.สระบุรี ความยาว 500 เมตร", "min": "กระทรวงมหาดไทย", "agc": "กรมโยธาธิการและผังเมือง", "plan_name": "ฟื้นฟู ป้องกัน และจัดการภัยพิบัติ ", "stg_name": "ยุทธศาสตร์การจัดการทรัพยากรธรรมชาติและสิ่งแวดล้อม", "objc_level1_name": "งบลงทุน", "compare": [{"bb_amount": 12000000, "bb_province": "สระบุรี", "gf_amount": 15998000, "gf_province": "สระบุรี"}], "gf_amount_sum": 15998000}
{"bb_code": "1500786007420008", "bb_year": "2559", "amount": 12000000, "min_code": "15000", "agc_code": "15007", "name": "เขื่อนป้องกันตลิ่งริมแม่น้ำแม่กลอง บริเวณถนนวรเดช (ต่อเนื่องเขื่อนเดิมท้ายน้ำ) ต.หน้าเมือง อ.เมือง จ.ราชบุรี ความยาว 190 เมตร", "min": "กระทรวงมหาดไทย", "agc": "กรมโยธาธิการและผังเมือง", "plan_name": "ฟื้นฟู ป้องกัน และจัดการภัยพิบัติ ", "stg_name": "ยุทธศาสตร์การจัดการทรัพยากรธรรมชาติและสิ่งแวดล้อม", "objc_level1_name": "งบลงทุน", "compare": [{"bb_amount": 12000000, "bb_province": "ราชบุรี"}], "gf_amount_sum": 0}
{"bb_code": "1500786007420232", "bb_year": "2559", "amount": 12000000, "min_code": "15000", "agc_code": "15007", "name": "เขื่อนป้องกันตลิ่งพร้อมปรับปรุงภูมิทัศน์ริมแม่น้ำท่าจีน บริเวณวัดไร่ขิง (ระยะที่ 2) อ.สามพราน จ.นครปฐม ความยาว 200 เมตร", "min": "กระทรวงมหาดไทย", "agc": "กรมโยธาธิการและผังเมือง", "plan_name": "ฟื้นฟู ป้องกัน และจัดการภัยพิบัติ ", "stg_name": "ยุทธศาสตร์การจัดการทรัพยากรธรรมชาติและสิ่งแวดล้อม", "objc_level1_name": "งบลงทุน", "compare": [{"bb_amount": 12000000, "bb_province": "นครปฐม"}], "gf_amount_sum": 0}
{"bb_code": "1500720002420085", "bb_year": "2559", "amount": 12000000, "min_code": "15000", "agc_code": "15007", "name": "งานศึกษาความเหมาะสมและออกแบบรายละเอียดโครงการพัฒนาพื้นที่ชุมชนเมืองยโสธร อำเภอเมือง จังหวัดยโสธร", "min": "กระทรวงมหาดไทย", "agc": "กรมโยธาธิการและผังเมือง", "plan_name": "รักษาความมั่นคงของฐานทรัพยากรธรรมชาติและแก้ปัญหาที่ดินทำกิน", "stg_name": "ยุทธศาสตร์การจัดการทรัพยากรธรรมชาติและสิ่งแวดล้อม", "objc_level1_name": "งบลงทุน", "compare": [{"bb_amount": 12000000, "bb_province": "ยโสธร"}, {"gf_amount": 2238800, "gf_province": "ส่วนกลาง", "bb_amount": null, "bb_province": "กรุงเทพมหานคร"}], "gf_amount_sum": 2238800}
