{"bb_code": "1500786007420118", "bb_year": "2559", "amount": 12000000, "min_code": "15000", "agc_code": "15007", "name": "เขื่อนป้องกันตลิ่งริมแม่น้ำเจ้าพระยา หน้าวัดสมอ ม.3 ต.โพนางดำออก อ.สรรพยา จ.ชัยนาท ความยาว 395 เมตร", "min": "กระทรวงมหาดไทย", "agc": "กรมโยธาธิการและผังเมือง", "plan_name": "ฟื้นฟู ป้องกัน และจัดการภัยพิบัติ ", "stg_name": "ยุทธศาสตร์การจัดการทรัพยากรธรรมชาติและสิ่งแวดล้อม", "objc_level1_name": "งบลงทุน", "compare": [{"bb_amount": 12000000, "bb_province": "ชัยนาท"}, {"gf_amount": 12000000, "gf_province": "ส่วนกลาง", "bb_amount": null, "bb_province": "กรุงเทพมหานคร"}], "gf_amount_sum": 12000000}
{"bb_code": "1500786007420129", "bb_year": "2559", "amount": 12000000, "min_code": "15000", "agc_code": "15007", "name": "เขื่อนป้องกันตลิ่งริมแม่น้ำออน บ้านดอนมูล ม.1 ต.ทรายมูล และ ม.9 ต.แช่ช้าง อ.สันกำแพง จ.เชียงใหม่ ความยาว 500 เมตร", "min": "กระทรวงมหาดไทย", "agc": "กรมโยธาธิการและผังเมือง", "plan_name": "ฟื้นฟู ป้องกัน และจัดการภัยพิบัติ ", "stg_name": "ยุทธศาสตร์การจัดการทรัพยากรธรรมชาติและสิ่งแวดล้อม", "objc_level1_name": "งบลงทุน", "compare": [{"bb_amount": 12000000, "bb_province": "เชียงใหม่", "gf_amount": 23780000, "gf_province": "เชียงใหม่"}], "gf_amount_sum": 23780000}
{"bb_code": "1500786007420210", "bb_year": "2559", "amount": 12000000, "min_code": "15000", "agc_code": "15007", "name": "เขื่อนป้องกันตลิ่งริมแม่น้ำลพบุรี หน้าวัดชีแวะ ต.งิ้วราย อ.เมือง จ.ลพบุรี ความยาว 200 เมตร", "min": "กระทรวงมหาดไทย", "agc": "กรมโยธาธิการและผังเมือง", "plan_name": "ฟื้นฟู ป้องกัน และจัดการภัยพิบัติ ", "stg_name": "ยุทธศาสตร์การจัดการทรัพยากรธรรมชาติและสิ่งแวดล้อม", "objc_level1_name": "งบลงทุน", "compare": [{"bb_amount": 12000000, "bb_province": "ลพบุรี", "gf_amount": 9135000, "gf_province": "ลพบุรี"}], "gf_amount_sum": 9135000}
{"bb_code": "1500786007420221", "bb_year": "2559", "amount": 12000000, "min_code": "15000", "agc_code": "15007", "name": "เขื่อนป้องกันตลิ่งริมแม่น้ำบางปะกง บริเวณถนนวนะภูติ 5 ม.10 บริเวณท่าตาแช่ม ต.ปากน้ำ อ.บางคล้า จ.ฉะเชิงเทรา ความยาว 250 เมตร", "min": "กระทรวงมหาดไทย", "agc": "กรมโยธาธิการและผังเมือง", "plan_name": "ฟื้นฟู ป้องกัน และจัดการภัยพิบัติ ", "stg_name": "ยุทธศาสตร์การจัดการทรัพยากรธรรมชาติและสิ่งแวดล้อม", "objc_level1_name": "งบลงทุน", "compare": [{"bb_amount": 12000000, "bb_province": "ฉะเชิงเทรา"}, {"gf_amount": 10277000, "gf_province": "ส่วนกลาง", "bb_amount": null, "bb_province": "กรุงเทพมหานคร"}], "gf_amount_sum": 10277000}
{"bb_code": "1500786007420231", "bb_year": "2559", "amount": 12000000, "min_code": "15000", "agc_code": "15007", "name": "เขื่อนป้องกันตลิ่งพร้อมก่อสร้างปรับปรุงภูมิทัศน์ริมคลองกุดนกเปล้า บริเวณวัดกุดนกเปล้า ต.กุดนกเปล้า อ.เมือง จ.สระบุรี ความยาว 500 เมตร", "min": "กระทรวงมหาดไทย", "agc": "กรมโยธาธิการและผังเมือง", "plan_name": "ฟื้นฟู ป้องกัน และจัดการภัยพิบัติ ", "stg_name": "ยุทธศาสตร์การจัดการทรัพยากรธรรมชาติและสิ่งแวดล้อม", "objc_level1_name": "งบลงทุน", "compare": [{"bb_amount": 12000000, "bb_province": "สระบุรี", "gf_amount": 15998000, "gf_province": "สระบุรี"}], "gf_amount_sum": 15998000}
{"bb_code": "1500786007420240", "bb_year": "2559", "amount": 12000000, "min_code": "15000", "agc_code": "15007", "name": "เขื่อนป้องกันตลิ่งริมแม่น้ำท่าจีน บริเวณวัดอ่างทอง ม.11 ต.บางยาง อ.กระทุ่มแบน จ.สมุทรสาคร ความยาว 163 เมตร", "min": "กระทรวงมหาดไทย", "agc": "กรมโยธาธิการและผังเมือง", "plan_name": "ฟื้นฟู ป้องกัน และจัดการภัยพิบัติ ", "stg_name": "ยุทธศาสตร์การจัดการทรัพยากรธรรมชาติและสิ่งแวดล้อม", "objc_level1_name": "งบลงทุน", "compare": [{"bb_amount": 12000000, "bb_province": "สมุทรสาคร"}, {"gf_amount": 9021000, "gf_province": "ส่วนกลาง", "bb_amount": null, "bb_province": "กรุงเทพมหานคร"}], "gf_amount_sum": 9021000}
{"bb_code": "1500786007420241", "bb_year": "2559", "amount": 12000000, "min_code": "15000", "agc_code": "15007", "name": "เขื่อนป้องกันตลิ่งริมแม่น้ำท่าจีน บริเวณบ้านคลองสำโรง ม.5 ต.สวนส้ม อ.บ้านแพ้ว จ.สมุทรสาคร ความยาว 217 เมตร", "min": "กระทรวงมหาดไทย", "agc": "กรมโยธาธิการและผังเมือง", "plan_name": "ฟื้นฟู ป้องกัน และจัดการภัยพิบัติ ", "stg_name": "ยุทธศาสตร์การจัดการทรัพยากรธรรมชาติและสิ่งแวดล้อม", "objc_level1_name": "งบลงทุน", "compare": [{"bb_amount": 12000000, "bb_province": "สมุทรสาคร"}, {"gf_amount": 10197000, "gf_province": "ส่วนกลาง", "bb_amount": null, "bb_province": "กรุงเทพมหานคร"}], "gf_amount_sum": 10197000}
{"bb_code": "1500786007420164", "bb_year": "2559", "amount": 12000000, "min_code": "15000", "agc_code": "15007", "name": "เขื่อนป้องกันตลิ่งริมแม่น้ำปราจีนบุรี บริเวณบ้านอ่อนช้อย ม.4 ต.หาดยาง อ.ศรีมหาโพธิ จ.ปราจีนบุรี ความยาว 186 เมตร", "min": "กระทรวงมหาดไทย", "agc": "กรมโยธาธิการและผังเมือง", "plan_name": "ฟื้นฟู ป้องกัน และจัดการภัยพิบัติ ", "stg_name": "ยุทธศาสตร์การจัดการทรัพยากรธรรมชาติและสิ่งแวดล้อม", "objc_level1_name": "งบลงทุน", "compare": [{"bb_amount": 12000000, "bb_province": "ปราจีนบุรี"}], "gf_amount_sum": 0}
{"bb_code": "1500786007420008", "bb_year": "2559", "amount": 12000000, "min_code": "15000", "agc_code": "15007", "name": "เขื่อนป้องกันตลิ่งริมแม่น้ำแม่กลอง บริเวณถนนวรเดช (ต่อเนื่องเขื่อนเดิมท้ายน้ำ) ต.หน้าเมือง อ.เมือง จ.ราชบุรี ความยาว 190 เมตร", "min": "กระทรวงมหาดไทย", "agc": "กรมโยธาธิการและผังเมือง", "plan_name": "ฟื้นฟู ป้องกัน และจัดการภัยพิบัติ ", "stg_name": "ยุทธศาสตร์การจัดการทรัพยากรธรรมชาติและสิ่งแวดล้อม", "objc_level1_name": "งบลงทุน", "compare": [{"bb_amount": 12000000, "bb_province": "ราชบุรี"}], "gf_amount_sum": 0}
{"bb_code": "1500786007420176", "bb_year": "2559", "amount": 12000000, "min_code": "15000", "agc_code": "15007", "name": "เขื่อนป้องกันตลิ่งริมแม่น้ำเจ้าพระยา บริเวณวัดนักบุญยอแซฟอยุธยา ม.10 ต.สำเภาล่ม อ.พระนครศรีอยุธยา จ.พระนครศรีอยุธยา ความยาว 200 เมตร", "min": "กระทรวงมหาดไทย", "agc": "กรมโยธาธิการและผังเมือง", "plan_name": "ฟื้นฟู ป้องกัน และจัดการภัยพิบัติ ", "stg_name": "ยุทธศาสตร์การจัดการทรัพยากรธรรมชาติและสิ่งแวดล้อม", "objc_level1_name": "งบลงทุน", "compare": [{"bb_amount": 12000000, "bb_province": "พระนครศรีอยุธยา", "gf_amount": 9887993.82, "gf_province": "พระนครศรีอยุธยา"}], "gf_amount_sum": 9887993.82}
{"bb_code": "1500786007420239", "bb_year": "2559", "amount": 12000000, "min_code": "15000", "agc_code": "15007", "name": "เขื่อนป้องกันตลิ่งริมลำตะคอง เทศบาลเมืองปากช่อง (ตอน 4) อ.ปากช่อง จ.นครราชสีมา ความยาว 360 เมตร", "min": "กระทรวงมหาดไทย", "agc": "กรมโยธาธิการและผังเมือง", "plan_name": "ฟื้นฟู ป้องกัน และจัดการภัยพิบัติ ", "stg_name": "ยุทธศาสตร์การจัดการทรัพยากรธรรมชาติและสิ่งแวดล้อม", "objc_level1_name": "งบลงทุน", "compare": [{"bb_amount": 12000000, "bb_province": "นครราชสีมา"}, {"gf_amount": 12000000, "gf_province": "ส่วนกลาง", "bb_amount": null, "bb_province": "กรุงเทพมหานคร"}], "gf_amount_sum": 12000000}
{"bb_code": "1500720002420082", "bb_year": "2559", "amount": 12000000, "min_code": "15000", "agc_code": "15007", "name": "งานศึกษาความเหมาะสมและออกแบบรายละเอียดโครงการพัฒนาพื้นที่เฉพาะอ่าวนาง อำเภอเมือง จังหวัดกระบี่", "min": "กระทรวงมหาดไทย", "agc": "กรมโยธาธิการและผังเมือง", "plan_name": "รักษาความมั่นคงของฐานทรัพยากรธรรมชาติและแก้ปัญหาที่ดินทำกิน", "stg_name": "ยุทธศาสตร์การจัดการทรัพยากรธรรมชาติและสิ่งแวดล้อม", "objc_level1_name": "งบลงทุน", "compare": [{"bb_amount": 12000000, "bb_province": "กระบี่"}, {"gf_amount": 9720250, "gf_province": "ส่วนกลาง", "bb_amount": null, "bb_province": "กรุงเทพมหานคร"}], "gf_amount_sum": 9720250}
{"bb_code": "1500786007420178", "bb_year": "2559", "amount": 12000000, "min_code": "15000", "agc_code": "15007", "name": "เขื่อนป้องกันตลิ่งริมแม่น้ำปิง ม.12 ต.ป่าพุทรา อ.ขาณุวรลักษบุรี จ.กำแพงเพชร ความยาว 360 เมตร", "min": "กระทรวงมหาดไทย", "agc": "กรมโยธาธิการและผังเมือง", "plan_name": "ฟื้นฟู ป้องกัน และจัดการภัยพิบัติ ", "stg_name": "ยุทธศาสตร์การจัดการทรัพยากรธรรมชาติและสิ่งแวดล้อม", "objc_level1_name": "งบลงทุน", "compare": [{"bb_amount": 12000000, "bb_province": "กำแพงเพชร"}], "gf_amount_sum": 0}
{"bb_code": "1500786007420244", "bb_year": "2559", "amount": 12000000, "min_code": "15000", "agc_code": "15007", "name": "เขื่อนป้องกันตลิ่งริมแม่น้ำเจ้าพระยา บ้านท้ายเกาะ ม.3 ต.ทับยา อ.อินทร์บุรี จ.สิงห์บุรี ความยาว 112 เมตร", "min": "กระทรวงมหาดไทย", "agc": "กรมโยธาธิการและผังเมือง", "plan_name": "ฟื้นฟู ป้องกัน และจัดการภัยพิบัติ ", "stg_name": "ยุทธศาสตร์การจัดการทรัพยากรธรรมชาติและสิ่งแวดล้อม", "objc_level1_name": "งบลงทุน", "compare": [{"bb_amount": 12000000, "bb_province": "สิงห์บุรี", "gf_amount": 11532600, "gf_province": "สิงห์บุรี"}], "gf_amount_sum": 11532600}
{"bb_code": "1500786007420180", "bb_year": "2559", "amount": 12000000, "min_code": "15000", "agc_code": "15007", "name": "เขื่อนป้องกันตลิ่งริมคลองหน้าเมือง เทศบาลนครศรีธรรมราช อ.เมือง จ.นครศรีธรรมราช ความยาว 400 เมตร", "min": "กระทรวงมหาดไทย", "agc": "กรมโยธาธิการและผังเมือง", "plan_name": "ฟื้นฟู ป้องกัน และจัดการภัยพิบัติ ", "stg_name": "ยุทธศาสตร์การจัดการทรัพยากรธรรมชาติและสิ่งแวดล้อม", "objc_level1_name": "งบลงทุน", "compare": [{"bb_amount": 12000000, "bb_province": "นครศรีธรรมราช"}], "gf_amount_sum": 0}
{"bb_code": "1500786020420112", "bb_year": "2559", "amount": 12000000, "min_code": "15000", "agc_code": "15007", "name": "เขื่อนป้องกันตลิ่งริมแม่น้ำโขง บ้านนาคำเจริญ หมู่ 18 (ต่อเนื่องเขื่อนเดิมเหนือและท้ายน้ำ) ต.น้ำก่ำ อ.ธาตุพนม จ.นครพนม ความยาว 240 เมตร", "min": "กระทรวงมหาดไทย", "agc": "กรมโยธาธิการและผังเมือง", "plan_name": "ฟื้นฟู ป้องกัน และจัดการภัยพิบัติ ", "stg_name": "ยุทธศาสตร์การจัดการทรัพยากรธรรมชาติและสิ่งแวดล้อม", "objc_level1_name": "งบลงทุน", "compare": [{"bb_amount": 12000000, "bb_province": "นครพนม"}, {"gf_amount": 15890000, "gf_province": "ส่วนกลาง", "bb_amount": null, "bb_province": "กรุงเทพมหานคร"}], "gf_amount_sum": 15890000}
{"bb_code": "1500786007420219", "bb_year": "2559", "amount": 12000000, "min_code": "15000", "agc_code": "15007", "name": "เขื่อนป้องกันตลิ่งริมแม่น้ำตรัง ม.2 ต.โพรงจระเข้ อ.ย่านตาขาว จ.ตรัง ความยาว 200 เมตร", "min": "กระทรวงมหาดไทย", "agc": "กรมโยธาธิการและผังเมือง", "plan_name": "ฟื้นฟู ป้องกัน และจัดการภัยพิบัติ ", "stg_name": "ยุทธศาสตร์การจัดการทรัพยากรธรรมชาติและสิ่งแวดล้อม", "objc_level1_name": "งบลงทุน", "compare": [{"bb_amount": 12000000, "bb_province": "ตรัง", "gf_amount": 16000000, "gf_province": "ตรัง"}], "gf_amount_sum": 16000000}
{"bb_code": "1500786007420140", "bb_year": "2559", "amount": 12000000, "min_code": "15000", "agc_code": "15007", "name": "เขื่อนป้องกันตลิ่งแม่น้ำสวีหนุ่ม บ้านดอนสะท้อน ม.6 ต.ปากแพรก อ.สวี จ.ชุมพร ความยาว 200 เมตร", "min": "กระทรวงมหาดไทย", "agc": "กรมโยธาธิการและผังเมือง", "plan_name": "ฟื้นฟู ป้องกัน และจัดการภัยพิบัติ ", "stg_name": "ยุทธศาสตร์การจัดการทรัพยากรธรรมชาติและสิ่งแวดล้อม", "objc_level1_name": "งบลงทุน", "compare": [{"bb_amount": 12000000, "bb_province": "ชุมพร", "gf_amount": 15800000, "gf_province": "ชุมพร"}], "gf_amount_sum": 15800000}
{"bb_code": "1500786007420188", "bb_year": "2559", "amount": 12000000, "min_code": "15000", "agc_code": "15007", "name": "เขื่อนป้องกันตลิ่งริมคลองนาเตย ม.1,3,4 ต.นาเตย อ.ท้ายเหมือง จ.พังงา ความยาว 458 เมตร", "min": "กระทรวงมหาดไทย", "agc": "กรมโยธาธิการและผังเมือง", "plan_name": "ฟื้นฟู ป้องกัน และจัดการภัยพิบัติ ", "stg_name": "ยุทธศาสตร์การจัดการทรัพยากรธรรมชาติและสิ่งแวดล้อม", "objc_level1_name": "งบลงทุน", "compare": [{"bb_amount": 12000000, "bb_province": "พังงา"}, {"gf_amount": 15749500, "gf_province": "ส่วนกลาง", "bb_amount": null, "bb_province": "กรุงเทพมหานคร"}], "gf_amount_sum": 15749500}
{"bb_code": "1500786007420116", "bb_year": "2559", "amount": 12000000, "min_code": "15000", "agc_code": "15007", "name": "เขื่อนป้องกันตลิ่งริมชายฝั่งทะเล อ่าวอ่างศิลา ต.อ่างศิลา อ.เมืองชลบุรี จ.ชลบุรี ความยาว 150 เมตร", "min": "กระทรวงมหาดไทย", "agc": "กรมโยธาธิการและผังเมือง", "plan_name": "ฟื้นฟู ป้องกัน และจัดการภัยพิบัติ ", "stg_name": "ยุทธศาสตร์การจัดการทรัพยากรธรรมชาติและสิ่งแวดล้อม", "objc_level1_name": "งบลงทุน", "compare": [{"bb_amount": 12000000, "bb_province": "ชลบุรี", "gf_amount": 3447700, "gf_province": "ชลบุรี"}], "gf_amount_sum": 3447700}
