{"bb_code": "1500425014420007", "bb_year": "2559", "amount": 11796000, "min_code": "15000", "agc_code": "15004", "name": "ก่อสร้างอาคารหอประชุม ขนาด 250 ที่นั่ง ณ ศูนย์ศึกษาและพัฒนาชุมชนอุดรธานี ตำบลบ้านธาตุ อำเภอเพ็ญ จังหวัดอุดรธานี", "min": "กระทรวงมหาดไทย", "agc": "กรมการพัฒนาชุมชน", "plan_name": "พัฒนาเศรษฐกิจระดับฐานราก ", "stg_name": "ยุทธศาสตร์การสร้างความเจริญเติบโตทางเศรษฐกิจอย่างยั่งยืนและเป็นธรรม", "objc_level1_name": "งบลงทุน", "compare": [{"bb_amount": 11796000, "bb_province": "อุดรธานี"}, {"gf_amount": 6039300, "gf_province": "ส่วนกลาง", "bb_amount": null, "bb_province": "กรุงเทพมหานคร"}], "gf_amount_sum": 6039300}
{"bb_code": "1500425014420005", "bb_year": "2559", "amount": 11796000, "min_code": "15000", "agc_code": "15004", "name": "ก่อสร้างอาคารหอประชุม ขนาด 250 ที่นั่ง ณ ศูนย์ศึกษาและพัฒนาชุมชนเพชรบุรี ตำบลเขาใหญ่ อำเภอชะอำ จังหวัดเพชรบุรี", "min": "กระทรวงมหาดไทย", "agc": "กรมการพัฒนาชุมชน", "plan_name": "พัฒนาเศรษฐกิจระดับฐานราก ", "stg_name": "ยุทธศาสตร์การสร้างความเจริญเติบโตทางเศรษฐกิจอย่างยั่งยืนและเป็นธรรม", "objc_level1_name": "งบลงทุน", "compare": [{"bb_amount": 11796000, "bb_province": "เพชรบุรี"}, {"gf_amount": 3032568, "gf_province": "ส่วนกลาง", "bb_amount": null, "bb_province": "กรุงเทพมหานคร"}], "gf_amount_sum": 3032568}
{"bb_code": "1500425014420008", "bb_year": "2559", "amount": 11796000, "min_code": "15000", "agc_code": "15004", "name": "ก่อสร้างอาคารหอประชุม ขนาด 250 ที่นั่ง ณ ศูนย์ศึกษาและพัฒนาชุมชนอุบลราชธานี ตำบลแจระเเม อำเภอเมืองอุบลราชธานี จังหวัดอุบลราชธานี", "min": "กระทรวงมหาดไทย", "agc": "กรมการพัฒนาชุมชน", "plan_name": "พัฒนาเศรษฐกิจระดับฐานราก ", "stg_name": "ยุทธศาสตร์การสร้างความเจริญเติบโตทางเศรษฐกิจอย่างยั่งยืนและเป็นธรรม", "objc_level1_name": "งบลงทุน", "compare": [{"bb_amount": 11796000, "bb_province": "อุบลราชธานี"}, {"gf_amount": 7278827.36, "gf_province": "ส่วนกลาง", "bb_amount": null, "bb_province": "กรุงเทพมหานคร"}], "gf_amount_sum": 7278827.36}
{"bb_code": "1500983034500001", "bb_year": "2559", "amount": 11794700, "min_code": "15000", "agc_code": "15009", "name": "งานดูแลบำรุงรักษาคลอง", "min": "กระทรวงมหาดไทย", "agc": "กรุงเทพมหานคร", "plan_name": "ส่งเสริมการกระจายอำนาจให้แก่องค์กรปกครองส่วนท้องถิ่น", "stg_name": "ยุทธศาสตร์การบริหารกิจการบ้านเมืองที่ดี", "objc_level1_name": "งบอุดหนุน", "compare": [{"bb_amount": 11794700, "bb_province": "กรุงเทพมหานคร", "gf_amount": 11794700, "gf_province": "ส่วนกลาง"}], "gf_amount_sum": 11794700}
{"bb_code": "1500720002120007", "bb_year": "2559", "amount": 11780000, "min_code": "15000", "agc_code": "15007", "name": "รถบรรทุก 6 ล้อ ติดตั้งเครนยกของขนาดไม่น้อยกว่า 15 ตัน-เมตร กรมโยธาธิการและผังเมือง กรุงเทพมหานคร", "min": "กระทรวงมหาดไทย", "agc": "กรมโยธาธิการและผังเมือง", "plan_name": "รักษาความมั่นคงของฐานทรัพยากรธรรมชาติและแก้ปัญหาที่ดินทำกิน", "stg_name": "ยุทธศาสตร์การจัดการทรัพยากรธรรมชาติและสิ่งแวดล้อม", "objc_level1_name": "งบลงทุน", "compare": [{"bb_amount": 11780000, "bb_province": "กรุงเทพมหานคร", "gf_amount": 9200000, "gf_province": "ส่วนกลาง"}], "gf_amount_sum": 9200000}
{"bb_code": "1500720002420065", "bb_year": "2559", "amount": 11772000, "min_code": "15000", "agc_code": "15007", "name": "โครงการพัฒนาตามผังเมืองรวมเมืองฉะเชิงเทรา อำเภอเมือง จังหวัดฉะเชิงเทรา", "min": "กระทรวงมหาดไทย", "agc": "กรมโยธาธิการและผังเมือง", "plan_name": "รักษาความมั่นคงของฐานทรัพยากรธรรมชาติและแก้ปัญหาที่ดินทำกิน", "stg_name": "ยุทธศาสตร์การจัดการทรัพยากรธรรมชาติและสิ่งแวดล้อม", "objc_level1_name": "งบลงทุน", "compare": [{"bb_amount": 11772000, "bb_province": "ฉะเชิงเทรา"}, {"gf_amount": 8602485, "gf_province": "ส่วนกลาง", "bb_amount": null, "bb_province": "กรุงเทพมหานคร"}], "gf_amount_sum": 8602485}
{"bb_code": "1500882005600004", "bb_year": "2559", "amount": 11772000, "min_code": "15000", "agc_code": "15008", "name": "โครงการก่อสร้างถนน ค.ส.ล. พร้อมไฟฟ้าแสงสว่าง จากถนนสาย ชบ. 1003 - เขาตะแบก - สวนนงนุข เทศบาลตำบลเขาชีจรรย์ อำเภอบางละมุง จังหวัดชลบุรี", "min": "กระทรวงมหาดไทย", "agc": "กรมส่งเสริมการปกครองท้องถิ่น", "plan_name": "พัฒนาประสิทธิภาพการบริหารราชการแผ่นดิน", "stg_name": "ยุทธศาสตร์การบริหารกิจการบ้านเมืองที่ดี", "objc_level1_name": "งบลงทุน", "compare": [{"bb_amount": 11772000, "bb_province": "ชลบุรี"}], "gf_amount_sum": 0}
{"bb_code": "1500342002700003", "bb_year": "2559", "amount": 11768400, "min_code": "15000", "agc_code": "15003", "name": "เงินช่วยเหลือการศึกษาบุตรสมาชิกอาสารักษาดินแดน", "min": "กระทรวงมหาดไทย", "agc": "กรมการปกครอง", "plan_name": "รักษาความสงบเรียบร้อยภายในประเทศ", "stg_name": "ยุทธศาสตร์ความมั่นคงแห่งรัฐ", "objc_level1_name": "งบดำเนินงาน", "compare": [{"bb_amount": 4685400, "bb_province": "กรุงเทพมหานคร"}, {"bb_amount": 267000, "bb_province": "เลย"}, {"bb_amount": 265500, "bb_province": "สงขลา"}, {"bb_amount": 254500, "bb_province": "ตาก"}, {"bb_amount": 254000, "bb_province": "แม่ฮ่องสอน"}, {"bb_amount": 214000, "bb_province": "อุบลราชธานี"}, {"bb_amount": 187500, "bb_province": "น่าน"}, {"bb_amount": 175000, "bb_province": "เชียงใหม่"}, {"bb_amount": 171000, "bb_province": "เชียงราย"}, {"bb_amount": 156500, "bb_province": "นครศรีธรรมราช"}, {"bb_amount": 156500, "bb_province": "สุรินทร์"}, {"bb_amount": 156000, "bb_province": "ศรีสะเกษ"}, {"bb_amount": 147500, "bb_province": "นครพนม"}, {"bb_amount": 141000, "bb_province": "เพชรบุรี"}, {"bb_amount": 138000, "bb_province": "นครราชสีมา"}, {"bb_amount": 135000, "bb_province": "สุราษฎร์ธานี"}, {"bb_amount": 133500, "bb_province": "บุรีรัมย์"}, {"bb_amount": 129500, "bb_province": "ขอนแก่น"}, {"bb_amount": 128500, "bb_province": "อุดรธานี"}, {"bb_amount": 125500, "bb_province": "สกลนคร"}, {"bb_amount": 121000, "bb_province": "อุตรดิตถ์"}, {"bb_amount": 116500, "bb_province": "ราชบุรี"}, {"bb_amount": 116000, "bb_province": "กาญจนบุรี"}, {"bb_amount": 114500, "bb_province": "พะเยา"}, {"bb_amount": 114000, "bb_province": "สตูล"}, {"bb_amount": 111500, "bb_province": "หนองคาย"}, {"bb_amount": 110000, "bb_province": "ตรัง"}, {"bb_amount": 109500, "bb_province": "พิษณุโลก"}, {"bb_amount": 107000, "bb_province": "บึงกาฬ"}, {"bb_amount": 106500, "bb_province": "ตราด"}, {"bb_amount": 104500, "bb_province": "มุกดาหาร"}, {"bb_amount": 102000, "bb_province": "สระแก้ว"}, {"bb_amount": 97500, "bb_province": "จันทบุรี"}, {"bb_amount": 97000, "bb_province": "ประจวบคีรีขันธ์"}, {"bb_amount": 96000, "bb_province": "เพชรบูรณ์"}, {"bb_amount": 90000, "bb_province": "ชัยภูมิ"}, {"bb_amount": 85500, "bb_province": "กาฬสินธุ์"}, {"bb_amount": 80000, "bb_province": "พัทลุง"}, {"bb_amount": 78000, "bb_province": "ชลบุรี"}, {"bb_amount": 73000, "bb_province": "ชุมพร"}, {"bb_amount": 70000, "bb_province": "ระนอง"}, {"bb_amount": 69000, "bb_province": "อำนาจเจริญ"}, {"bb_amount": 66500, "bb_province": "พระนครศรีอยุธยา"}, {"bb_amount": 63000, "bb_province": "ปราจีนบุรี"}, {"bb_amount": 62000, "bb_province": "กระบี่"}, {"bb_amount": 62000, "bb_province": "ร้อยเอ็ด"}, {"bb_amount": 59500, "bb_province": "นครสวรรค์"}, {"bb_amount": 59000, "bb_province": "สระบุรี"}, {"bb_amount": 57000, "bb_province": "ลำปาง"}, {"bb_amount": 56000, "bb_province": "นนทบุรี"}, {"bb_amount": 54500, "bb_province": "ฉะเชิงเทรา"}, {"bb_amount": 54000, "bb_province": "มหาสารคาม"}, {"bb_amount": 54000, "bb_province": "สมุทรปราการ"}, {"bb_amount": 53500, "bb_province": "ปทุมธานี"}, {"bb_amount": 53500, "bb_province": "สุพรรณบุรี"}, {"bb_amount": 52500, "bb_province": "อุทัยธานี"}, {"bb_amount": 51000, "bb_province": "หนองบัวลำภู"}, {"bb_amount": 50000, "bb_province": "ลพบุรี"}, {"bb_amount": 48500, "bb_province": "สุโขทัย"}, {"bb_amount": 48500, "bb_province": "ยโสธร"}, {"bb_amount": 48000, "bb_province": "พังงา"}, {"bb_amount": 47500, "bb_province": "ภูเก็ต"}, {"bb_amount": 46000, "bb_province": "กำแพงเพชร"}, {"bb_amount": 46000, "bb_province": "พิจิตร"}, {"bb_amount": 45500, "bb_province": "ระยอง"}, {"bb_amount": 45000, "bb_province": "นครปฐม"}, {"bb_amount": 41500, "bb_province": "แพร่"}, {"bb_amount": 40500, "bb_province": "ชัยนาท"}, {"bb_amount": 39500, "bb_province": "ลำพูน"}, {"bb_amount": 36000, "bb_province": "สมุทรสงคราม"}, {"bb_amount": 36000, "bb_province": "อ่างทอง"}, {"bb_amount": 36000, "bb_province": "สมุทรสาคร"}, {"bb_amount": 33500, "bb_province": "สิงห์บุรี"}, {"bb_amount": 32000, "bb_province": "นครนายก"}], "gf_amount_sum": 0}
{"bb_code": "1500720002410136", "bb_year": "2559", "amount": 11746900, "min_code": "15000", "agc_code": "15007", "name": "ค่าบำรุงรักษาและปรับปรุงซ่อมแซมเขื่อนป้องกันตลิ่ง สำนักงานโยธาธิการและผังเมืองจังหวัดอ่างทอง ตำบลบางแก้ว อำเภอเมืองอ่างทอง จังหวัดอ่างทอง", "min": "กระทรวงมหาดไทย", "agc": "กรมโยธาธิการและผังเมือง", "plan_name": "รักษาความมั่นคงของฐานทรัพยากรธรรมชาติและแก้ปัญหาที่ดินทำกิน", "stg_name": "ยุทธศาสตร์การจัดการทรัพยากรธรรมชาติและสิ่งแวดล้อม", "objc_level1_name": "งบลงทุน", "compare": [{"bb_amount": 11746900, "bb_province": "อ่างทอง", "gf_amount": 9671368, "gf_province": "อ่างทอง"}], "gf_amount_sum": 9671368}
{"bb_code": "1500786007420327", "bb_year": "2559", "amount": 11700000, "min_code": "15000", "agc_code": "15007", "name": "เขื่อนป้องกันตลิ่งริมแม่น้ำเจ้าพระยา ม.3,4 ต.กลางแดด อ.เมือง จ.นครสวรรค์ ความยาว 500 เมตร", "min": "กระทรวงมหาดไทย", "agc": "กรมโยธาธิการและผังเมือง", "plan_name": "ฟื้นฟู ป้องกัน และจัดการภัยพิบัติ ", "stg_name": "ยุทธศาสตร์การจัดการทรัพยากรธรรมชาติและสิ่งแวดล้อม", "objc_level1_name": "งบลงทุน", "compare": [{"bb_amount": 11700000, "bb_province": "นครสวรรค์"}, {"gf_amount": 8719500, "gf_province": "ส่วนกลาง", "bb_amount": null, "bb_province": "กรุงเทพมหานคร"}], "gf_amount_sum": 8719500}
{"bb_code": "1500786007420462", "bb_year": "2559", "amount": 11700000, "min_code": "15000", "agc_code": "15007", "name": "เขื่อนป้องกันตลิ่งริมแม่น้ำยม ม.4 ต.ปากแคว อ.เมือง จ.สุโขทัย ความยาว 500 เมตร", "min": "กระทรวงมหาดไทย", "agc": "กรมโยธาธิการและผังเมือง", "plan_name": "ฟื้นฟู ป้องกัน และจัดการภัยพิบัติ ", "stg_name": "ยุทธศาสตร์การจัดการทรัพยากรธรรมชาติและสิ่งแวดล้อม", "objc_level1_name": "งบลงทุน", "compare": [{"bb_amount": 11700000, "bb_province": "สุโขทัย"}, {"gf_amount": 6600000, "gf_province": "ส่วนกลาง", "bb_amount": null, "bb_province": "กรุงเทพมหานคร"}], "gf_amount_sum": 6600000}
{"bb_code": "1500786007420223", "bb_year": "2559", "amount": 11700000, "min_code": "15000", "agc_code": "15007", "name": "เขื่อนป้องกันตลิ่งริมแม่น้ำปาด วัดกกต้องสามัคคี ต.ฟากท่า อ.ฟากท่า จ.อุตรดิตถ์ ความยาว 463 เมตร", "min": "กระทรวงมหาดไทย", "agc": "กรมโยธาธิการและผังเมือง", "plan_name": "ฟื้นฟู ป้องกัน และจัดการภัยพิบัติ ", "stg_name": "ยุทธศาสตร์การจัดการทรัพยากรธรรมชาติและสิ่งแวดล้อม", "objc_level1_name": "งบลงทุน", "compare": [{"bb_amount": 11700000, "bb_province": "อุตรดิตถ์", "gf_amount": 11700000, "gf_province": "อุตรดิตถ์"}], "gf_amount_sum": 11700000}
{"bb_code": "1500786007420367", "bb_year": "2559", "amount": 11700000, "min_code": "15000", "agc_code": "15007", "name": "เขื่อนป้องกันตลิ่งริมแม่น้ำยม บ้านวังดิน (ต่อเนื่อง) ม.9 ต.บ้านกลาง อ.สอง จ.แพร่ ความยาว 150 เมตร", "min": "กระทรวงมหาดไทย", "agc": "กรมโยธาธิการและผังเมือง", "plan_name": "ฟื้นฟู ป้องกัน และจัดการภัยพิบัติ ", "stg_name": "ยุทธศาสตร์การจัดการทรัพยากรธรรมชาติและสิ่งแวดล้อม", "objc_level1_name": "งบลงทุน", "compare": [{"bb_amount": 11700000, "bb_province": "แพร่", "gf_amount": 1148100, "gf_province": "แพร่"}], "gf_amount_sum": 1148100}
{"bb_code": "1500786020420230", "bb_year": "2559", "amount": 11700000, "min_code": "15000", "agc_code": "15007", "name": "เขื่อนป้องกันตลิ่งริมแม่น้ำโขง บ้านคันสูง (ต่อเนื่องเขื่อนเดิมเหนือน้ำ) ต.โคกสาร อ.ชานุมาน จ.อำนาจเจริญ ความยาว 500 เมตร", "min": "กระทรวงมหาดไทย", "agc": "กรมโยธาธิการและผังเมือง", "plan_name": "ฟื้นฟู ป้องกัน และจัดการภัยพิบัติ ", "stg_name": "ยุทธศาสตร์การจัดการทรัพยากรธรรมชาติและสิ่งแวดล้อม", "objc_level1_name": "งบลงทุน", "compare": [{"bb_amount": 11700000, "bb_province": "อำนาจเจริญ"}, {"gf_amount": 8572140, "gf_province": "ส่วนกลาง", "bb_amount": null, "bb_province": "กรุงเทพมหานคร"}], "gf_amount_sum": 8572140}
{"bb_code": "1500786007420458", "bb_year": "2559", "amount": 11700000, "min_code": "15000", "agc_code": "15007", "name": "เขื่อนป้องกันตลิ่งริมแม่น้ำมูล ท่าน้ำวัดบ้านแดงหม้อ อบต.แดงหม้อ อ.เขื่องใน จ.อุบลราชธานี ความยาว 600 เมตร", "min": "กระทรวงมหาดไทย", "agc": "กรมโยธาธิการและผังเมือง", "plan_name": "ฟื้นฟู ป้องกัน และจัดการภัยพิบัติ ", "stg_name": "ยุทธศาสตร์การจัดการทรัพยากรธรรมชาติและสิ่งแวดล้อม", "objc_level1_name": "งบลงทุน", "compare": [{"bb_amount": 11700000, "bb_province": "อุบลราชธานี"}, {"gf_amount": 8620800, "gf_province": "ส่วนกลาง", "bb_amount": null, "bb_province": "กรุงเทพมหานคร"}], "gf_amount_sum": 8620800}
{"bb_code": "1500786007420487", "bb_year": "2559", "amount": 11700000, "min_code": "15000", "agc_code": "15007", "name": "เขื่อนป้องกันตลิ่งริมลำมูลน้อย ม.1 ต.แจระแม อ.เมือง จ.อุบลราชธานี ความยาว 600 เมตร", "min": "กระทรวงมหาดไทย", "agc": "กรมโยธาธิการและผังเมือง", "plan_name": "ฟื้นฟู ป้องกัน และจัดการภัยพิบัติ ", "stg_name": "ยุทธศาสตร์การจัดการทรัพยากรธรรมชาติและสิ่งแวดล้อม", "objc_level1_name": "งบลงทุน", "compare": [{"bb_amount": 11700000, "bb_province": "อุบลราชธานี"}], "gf_amount_sum": 0}
{"bb_code": "1500786007420356", "bb_year": "2559", "amount": 11700000, "min_code": "15000", "agc_code": "15007", "name": "เขื่อนป้องกันตลิ่งริมแม่น้ำน่าน ม.8 ต.ท่าทอง อ.เมือง จ.พิษณุโลก (ต่อเนื่องเขื่อนเดิม) ความยาว 500 เมตร", "min": "กระทรวงมหาดไทย", "agc": "กรมโยธาธิการและผังเมือง", "plan_name": "ฟื้นฟู ป้องกัน และจัดการภัยพิบัติ ", "stg_name": "ยุทธศาสตร์การจัดการทรัพยากรธรรมชาติและสิ่งแวดล้อม", "objc_level1_name": "งบลงทุน", "compare": [{"bb_amount": 11700000, "bb_province": "พิษณุโลก"}, {"gf_amount": 6579000, "gf_province": "ส่วนกลาง", "bb_amount": null, "bb_province": "กรุงเทพมหานคร"}], "gf_amount_sum": 6579000}
{"bb_code": "1500786007420202", "bb_year": "2559", "amount": 11700000, "min_code": "15000", "agc_code": "15007", "name": "เขื่อนป้องกันตลิ่งริมลำน้ำทวน ต.ในเมือง อ.เมืองยโสธร จ.ยโสธร ความยาว 600 เมตร", "min": "กระทรวงมหาดไทย", "agc": "กรมโยธาธิการและผังเมือง", "plan_name": "ฟื้นฟู ป้องกัน และจัดการภัยพิบัติ ", "stg_name": "ยุทธศาสตร์การจัดการทรัพยากรธรรมชาติและสิ่งแวดล้อม", "objc_level1_name": "งบลงทุน", "compare": [{"bb_amount": 11700000, "bb_province": "ยโสธร"}, {"gf_amount": 8700000, "gf_province": "ส่วนกลาง", "bb_amount": null, "bb_province": "กรุงเทพมหานคร"}], "gf_amount_sum": 8700000}
{"bb_code": "1500786020420201", "bb_year": "2559", "amount": 11700000, "min_code": "15000", "agc_code": "15007", "name": "เขื่อนป้องกันตลิ่งริมแม่น้ำโขง บ้านหว้านใหญ่ หมู่ 1 (ต่อเนื่องเขื่อนเดิมท้ายน้ำ) ต.หว้านใหญ่ อ.หว้านใหญ่ จ.มุกดาหาร ความยาว 500 เมตร", "min": "กระทรวงมหาดไทย", "agc": "กรมโยธาธิการและผังเมือง", "plan_name": "ฟื้นฟู ป้องกัน และจัดการภัยพิบัติ ", "stg_name": "ยุทธศาสตร์การจัดการทรัพยากรธรรมชาติและสิ่งแวดล้อม", "objc_level1_name": "งบลงทุน", "compare": [{"bb_amount": 11700000, "bb_province": "มุกดาหาร"}, {"gf_amount": 7365000, "gf_province": "ส่วนกลาง", "bb_amount": null, "bb_province": "กรุงเทพมหานคร"}], "gf_amount_sum": 7365000}
{"bb_code": "1500786007420302", "bb_year": "2559", "amount": 11700000, "min_code": "15000", "agc_code": "15007", "name": "เขื่อนป้องกันตลิ่งริมทะเล เทศบาลตำบลปากน้ำประแส อ.แกลง จ.ระยอง ความยาว 600 เมตร", "min": "กระทรวงมหาดไทย", "agc": "กรมโยธาธิการและผังเมือง", "plan_name": "ฟื้นฟู ป้องกัน และจัดการภัยพิบัติ ", "stg_name": "ยุทธศาสตร์การจัดการทรัพยากรธรรมชาติและสิ่งแวดล้อม", "objc_level1_name": "งบลงทุน", "compare": [{"bb_amount": 11700000, "bb_province": "ระยอง"}, {"gf_amount": 6972600, "gf_province": "ส่วนกลาง", "bb_amount": null, "bb_province": "กรุงเทพมหานคร"}], "gf_amount_sum": 6972600}
