{"bb_code": "1500720001700047", "bb_year": "2559", "amount": 10720000, "min_code": "15000", "agc_code": "15007", "name": "โครงการวางและจัดทำผังเมืองรวมจังหวัดเลย", "min": "กระทรวงมหาดไทย", "agc": "กรมโยธาธิการและผังเมือง", "plan_name": "รักษาความมั่นคงของฐานทรัพยากรธรรมชาติและแก้ปัญหาที่ดินทำกิน", "stg_name": "ยุทธศาสตร์การจัดการทรัพยากรธรรมชาติและสิ่งแวดล้อม", "objc_level1_name": "งบลงทุน", "compare": [{"bb_amount": 10720000, "bb_province": "เลย"}], "gf_amount_sum": 0}
{"bb_code": "1500720002410112", "bb_year": "2559", "amount": 10695100, "min_code": "15000", "agc_code": "15007", "name": "ค่าบำรุงรักษาและปรับปรุงซ่อมแซมเขื่อนป้องกันตลิ่ง สำนักงานโยธาธิการและผังเมืองจังหวัดสมุทรปราการ ตำบลปากน้ำ อำเภอเมืองสมุทรปราการ จังหวัดสมุทรปราการ", "min": "กระทรวงมหาดไทย", "agc": "กรมโยธาธิการและผังเมือง", "plan_name": "รักษาความมั่นคงของฐานทรัพยากรธรรมชาติและแก้ปัญหาที่ดินทำกิน", "stg_name": "ยุทธศาสตร์การจัดการทรัพยากรธรรมชาติและสิ่งแวดล้อม", "objc_level1_name": "งบลงทุน", "compare": [{"bb_amount": 10695100, "bb_province": "สมุทรปราการ", "gf_amount": 8641700, "gf_province": "สมุทรปราการ"}], "gf_amount_sum": 8641700}
{"bb_code": "1500785013420078", "bb_year": "2559", "amount": 10668400, "min_code": "15000", "agc_code": "15007", "name": "โครงการปรับปรุงถนนในชุมชนสายบ้านควนหรัน หมู่ที่ 2 ตำบลเปียน อำเภอสะบ้าย้อย จังหวัดสงขลา ความกว้าง 5.00 เมตร ความยาว 2.900 กม.", "min": "กระทรวงมหาดไทย", "agc": "กรมโยธาธิการและผังเมือง", "plan_name": "แก้ไขปัญหาและพัฒนาจังหวัดชายแดนภาคใต้", "stg_name": "ยุทธศาสตร์เร่งรัดวางรากฐานการพัฒนาที่ยั่งยืนของประเทศ", "objc_level1_name": "งบลงทุน", "compare": [{"bb_amount": 10668400, "bb_province": "สงขลา", "gf_amount": 10665000, "gf_province": "สงขลา"}], "gf_amount_sum": 10665000}
{"bb_code": "1500720001700039", "bb_year": "2559", "amount": 10660000, "min_code": "15000", "agc_code": "15007", "name": "โครงการวางและจัดทำผังเมืองรวมจังหวัดกาญจนบุรี", "min": "กระทรวงมหาดไทย", "agc": "กรมโยธาธิการและผังเมือง", "plan_name": "รักษาความมั่นคงของฐานทรัพยากรธรรมชาติและแก้ปัญหาที่ดินทำกิน", "stg_name": "ยุทธศาสตร์การจัดการทรัพยากรธรรมชาติและสิ่งแวดล้อม", "objc_level1_name": "งบลงทุน", "compare": [{"bb_amount": 10660000, "bb_province": "กาญจนบุรี"}], "gf_amount_sum": 0}
{"bb_code": "1500786007420119", "bb_year": "2559", "amount": 10500000, "min_code": "15000", "agc_code": "15007", "name": "เขื่อนป้องกันตลิ่งริมทะเล เขตเทศบาลตำบลบางเสร่ อ.สัตหีบ จ.ชลบุรี ความยาว 350 เมตร", "min": "กระทรวงมหาดไทย", "agc": "กรมโยธาธิการและผังเมือง", "plan_name": "ฟื้นฟู ป้องกัน และจัดการภัยพิบัติ ", "stg_name": "ยุทธศาสตร์การจัดการทรัพยากรธรรมชาติและสิ่งแวดล้อม", "objc_level1_name": "งบลงทุน", "compare": [{"bb_amount": 10500000, "bb_province": "ชลบุรี"}], "gf_amount_sum": 0}
{"bb_code": "1500520018120037", "bb_year": "2559", "amount": 10500000, "min_code": "15000", "agc_code": "15005", "name": "เครื่องรับสัญญาณดาวเทียมแบบเคลื่อนที่ ตำบลช้างเผือก อำเภอเมือง จังหวัดเชียงใหม่", "min": "กระทรวงมหาดไทย", "agc": "กรมที่ดิน", "plan_name": "รักษาความมั่นคงของฐานทรัพยากรธรรมชาติและแก้ปัญหาที่ดินทำกิน", "stg_name": "ยุทธศาสตร์การจัดการทรัพยากรธรรมชาติและสิ่งแวดล้อม", "objc_level1_name": "งบลงทุน", "compare": [{"bb_amount": 10500000, "bb_province": "เชียงใหม่"}, {"gf_amount": 8250000, "gf_province": "ส่วนกลาง", "bb_amount": null, "bb_province": "กรุงเทพมหานคร"}], "gf_amount_sum": 8250000}
{"bb_code": "1500520018120033", "bb_year": "2559", "amount": 10500000, "min_code": "15000", "agc_code": "15005", "name": "เครื่องรับสัญญาณดาวเทียมแบบเคลื่อนที่ ตำบลในเมือง อำเภอเมือง จังหวัดขอนแก่น", "min": "กระทรวงมหาดไทย", "agc": "กรมที่ดิน", "plan_name": "รักษาความมั่นคงของฐานทรัพยากรธรรมชาติและแก้ปัญหาที่ดินทำกิน", "stg_name": "ยุทธศาสตร์การจัดการทรัพยากรธรรมชาติและสิ่งแวดล้อม", "objc_level1_name": "งบลงทุน", "compare": [{"bb_amount": 10500000, "bb_province": "ขอนแก่น"}, {"gf_amount": 8250000, "gf_province": "ส่วนกลาง", "bb_amount": null, "bb_province": "กรุงเทพมหานคร"}], "gf_amount_sum": 8250000}
{"bb_code": "1500883002600IT0", "bb_year": "2559", "amount": 10444000, "min_code": "15000", "agc_code": "15008", "name": "ก่อสร้างอาคารเรียน 4 ชั้น 12 ห้องเรียน โรงเรียนเทศบาล 5 สีหรักษ์วิทยา เทศบาลนครอุดรธานี อำเภอเมืองอุดรธานี จังหวัดอุดรธานี", "min": "กระทรวงมหาดไทย", "agc": "กรมส่งเสริมการปกครองท้องถิ่น", "plan_name": "ส่งเสริมการกระจายอำนาจให้แก่องค์กรปกครองส่วนท้องถิ่น", "stg_name": "ยุทธศาสตร์การบริหารกิจการบ้านเมืองที่ดี", "objc_level1_name": "งบลงทุน", "compare": [{"bb_amount": 10444000, "bb_province": "อุดรธานี"}], "gf_amount_sum": 0}
{"bb_code": "1500883002600IS9", "bb_year": "2559", "amount": 10444000, "min_code": "15000", "agc_code": "15008", "name": "ก่อสร้างอาคารเรียน 4 ชั้น 12 ห้องเรียน โรงเรียนพันดอนวิทยา องค์การบริหารส่วนจังหวัดอุดรธานี อำเภอเมืองอุดรธานี จังหวัดอุดรธานี", "min": "กระทรวงมหาดไทย", "agc": "กรมส่งเสริมการปกครองท้องถิ่น", "plan_name": "ส่งเสริมการกระจายอำนาจให้แก่องค์กรปกครองส่วนท้องถิ่น", "stg_name": "ยุทธศาสตร์การบริหารกิจการบ้านเมืองที่ดี", "objc_level1_name": "งบลงทุน", "compare": [{"bb_amount": 10444000, "bb_province": "อุดรธานี"}], "gf_amount_sum": 0}
{"bb_code": "1500883002600IS8", "bb_year": "2559", "amount": 10444000, "min_code": "15000", "agc_code": "15008", "name": "ก่อสร้างอาคารเรียน 4 ชั้น 12 ห้องเรียน โรงเรียนเทศบาลคลองท่อมใต้ เทศบาลตำบลคลองท่อมใต้ อำเภอคลองท่อม จังหวัดกระบี่", "min": "กระทรวงมหาดไทย", "agc": "กรมส่งเสริมการปกครองท้องถิ่น", "plan_name": "ส่งเสริมการกระจายอำนาจให้แก่องค์กรปกครองส่วนท้องถิ่น", "stg_name": "ยุทธศาสตร์การบริหารกิจการบ้านเมืองที่ดี", "objc_level1_name": "งบลงทุน", "compare": [{"bb_amount": 10444000, "bb_province": "กระบี่"}], "gf_amount_sum": 0}
{"bb_code": "1500883002600IT7", "bb_year": "2559", "amount": 10444000, "min_code": "15000", "agc_code": "15008", "name": "ก่อสร้างอาคารเรียน 4 ชั้น 12 ห้องเรียน โรงเรียนเทศบาล 1 วัดเทพมงคล เทศบาลเมืองอำนาจเจริญ อำเภอเมืองอำนาจเจริญ จังหวัดอำนาจเจริญ", "min": "กระทรวงมหาดไทย", "agc": "กรมส่งเสริมการปกครองท้องถิ่น", "plan_name": "ส่งเสริมการกระจายอำนาจให้แก่องค์กรปกครองส่วนท้องถิ่น", "stg_name": "ยุทธศาสตร์การบริหารกิจการบ้านเมืองที่ดี", "objc_level1_name": "งบลงทุน", "compare": [{"bb_amount": 10444000, "bb_province": "อำนาจเจริญ"}], "gf_amount_sum": 0}
{"bb_code": "1500883002600IU2", "bb_year": "2559", "amount": 10444000, "min_code": "15000", "agc_code": "15008", "name": "ก่อสร้างอาคารเรียน 4 ชั้น 12 ห้องเรียน โรงเรียนกีฬาเทศบาลนครสุราษฎร์ธานี เทศบาลนครสุราษฎร์ธานี อำเภอเมืองสุราษฎร์ธานี จังหวัดสุราษฎร์ธานี", "min": "กระทรวงมหาดไทย", "agc": "กรมส่งเสริมการปกครองท้องถิ่น", "plan_name": "ส่งเสริมการกระจายอำนาจให้แก่องค์กรปกครองส่วนท้องถิ่น", "stg_name": "ยุทธศาสตร์การบริหารกิจการบ้านเมืองที่ดี", "objc_level1_name": "งบลงทุน", "compare": [{"bb_amount": 10444000, "bb_province": "สุราษฎร์ธานี"}], "gf_amount_sum": 0}
{"bb_code": "1500883002600IV3", "bb_year": "2559", "amount": 10444000, "min_code": "15000", "agc_code": "15008", "name": "ก่อสร้างอาคารเรียน 4 ชั้น 12 ห้องเรียน โรงเรียนเทศบาลป้อมแผลงไฟฟ้า เทศบาลเมืองพระประแดง อำเภอพระประแดง จังหวัดสมุทรปราการ", "min": "กระทรวงมหาดไทย", "agc": "กรมส่งเสริมการปกครองท้องถิ่น", "plan_name": "ส่งเสริมการกระจายอำนาจให้แก่องค์กรปกครองส่วนท้องถิ่น", "stg_name": "ยุทธศาสตร์การบริหารกิจการบ้านเมืองที่ดี", "objc_level1_name": "งบลงทุน", "compare": [{"bb_amount": 10444000, "bb_province": "สมุทรปราการ"}], "gf_amount_sum": 0}
{"bb_code": "1500883002600IV4", "bb_year": "2559", "amount": 10444000, "min_code": "15000", "agc_code": "15008", "name": "ก่อสร้างอาคารเรียน 4 ชั้น 12 ห้องเรียน โรงเรียนเทศบาลวัดช่องลม (เปี่ยมวิทยาคม) เทศบาลนครสมุทรสาคร อำเภอเมืองสมุทรสาคร จังหวัดสมุทรสาคร", "min": "กระทรวงมหาดไทย", "agc": "กรมส่งเสริมการปกครองท้องถิ่น", "plan_name": "ส่งเสริมการกระจายอำนาจให้แก่องค์กรปกครองส่วนท้องถิ่น", "stg_name": "ยุทธศาสตร์การบริหารกิจการบ้านเมืองที่ดี", "objc_level1_name": "งบลงทุน", "compare": [{"bb_amount": 10444000, "bb_province": "สมุทรสาคร"}], "gf_amount_sum": 0}
{"bb_code": "1500883002600IY7", "bb_year": "2559", "amount": 10444000, "min_code": "15000", "agc_code": "15008", "name": "ก่อสร้างอาคารเรียน 4 ชั้น 12 ห้องเรียน โรงเรียนเทศบาล 2 บ้านกะทู้ เทศบาลเมืองกะทู้ อำเภอกะทู้ จังหวัดภูเก็ต", "min": "กระทรวงมหาดไทย", "agc": "กรมส่งเสริมการปกครองท้องถิ่น", "plan_name": "ส่งเสริมการกระจายอำนาจให้แก่องค์กรปกครองส่วนท้องถิ่น", "stg_name": "ยุทธศาสตร์การบริหารกิจการบ้านเมืองที่ดี", "objc_level1_name": "งบลงทุน", "compare": [{"bb_amount": 10444000, "bb_province": "ภูเก็ต"}], "gf_amount_sum": 0}
{"bb_code": "1500883002600IY8", "bb_year": "2559", "amount": 10444000, "min_code": "15000", "agc_code": "15008", "name": "ก่อสร้างอาคารเรียน 4 ชั้น 12 ห้องเรียน โรงเรียนเทศบาล 4 วัดมัชฌิมภูมิ เทศบาลนครตรัง อำเภอเมืองตรัง จังหวัดตรัง", "min": "กระทรวงมหาดไทย", "agc": "กรมส่งเสริมการปกครองท้องถิ่น", "plan_name": "ส่งเสริมการกระจายอำนาจให้แก่องค์กรปกครองส่วนท้องถิ่น", "stg_name": "ยุทธศาสตร์การบริหารกิจการบ้านเมืองที่ดี", "objc_level1_name": "งบลงทุน", "compare": [{"bb_amount": 10444000, "bb_province": "ตรัง"}], "gf_amount_sum": 0}
{"bb_code": "1500883002600IZ0", "bb_year": "2559", "amount": 10444000, "min_code": "15000", "agc_code": "15008", "name": "ก่อสร้างอาคารเรียน 4 ชั้น 12 ห้องเรียน โรงเรียนเทศบาลตำบลบางเตย เทศบาลตำบลบางเตย อำเภอเมืองพังงา จังหวัดพังงา", "min": "กระทรวงมหาดไทย", "agc": "กรมส่งเสริมการปกครองท้องถิ่น", "plan_name": "ส่งเสริมการกระจายอำนาจให้แก่องค์กรปกครองส่วนท้องถิ่น", "stg_name": "ยุทธศาสตร์การบริหารกิจการบ้านเมืองที่ดี", "objc_level1_name": "งบลงทุน", "compare": [{"bb_amount": 10444000, "bb_province": "พังงา"}], "gf_amount_sum": 0}
{"bb_code": "1500883002600IY6", "bb_year": "2559", "amount": 10444000, "min_code": "15000", "agc_code": "15008", "name": "ก่อสร้างอาคารเรียน 4 ชั้น 12 ห้องเรียน โรงเรียนเทศบาลพิบูลสวัสดี เทศบาลนครภูเก็ต อำเภอเมืองภูเก็ต จังหวัดภูเก็ต", "min": "กระทรวงมหาดไทย", "agc": "กรมส่งเสริมการปกครองท้องถิ่น", "plan_name": "ส่งเสริมการกระจายอำนาจให้แก่องค์กรปกครองส่วนท้องถิ่น", "stg_name": "ยุทธศาสตร์การบริหารกิจการบ้านเมืองที่ดี", "objc_level1_name": "งบลงทุน", "compare": [{"bb_amount": 10444000, "bb_province": "ภูเก็ต"}], "gf_amount_sum": 0}
{"bb_code": "1500883002600IY2", "bb_year": "2559", "amount": 10444000, "min_code": "15000", "agc_code": "15008", "name": "ก่อสร้างอาคารเรียน 4 ชั้น 12 ห้องเรียน โรงเรียนโคกก่อพิทยาคม องค์การบริหารส่วนจังหวัดมหาสารคาม อำเภอเมืองมหาสารคาม จังหวัดมหาสารคาม", "min": "กระทรวงมหาดไทย", "agc": "กรมส่งเสริมการปกครองท้องถิ่น", "plan_name": "ส่งเสริมการกระจายอำนาจให้แก่องค์กรปกครองส่วนท้องถิ่น", "stg_name": "ยุทธศาสตร์การบริหารกิจการบ้านเมืองที่ดี", "objc_level1_name": "งบลงทุน", "compare": [{"bb_amount": 10444000, "bb_province": "มหาสารคาม"}], "gf_amount_sum": 0}
{"bb_code": "1500883002600IY3", "bb_year": "2559", "amount": 10444000, "min_code": "15000", "agc_code": "15008", "name": "ก่อสร้างอาคารเรียน 4 ชั้น 12 ห้องเรียน โรงเรียนเทศบาลบูรพาพิทยาคาร เทศบาลเมืองมหาสารคาม อำเภอเมืองมหาสารคาม จังหวัดมหาสารคาม", "min": "กระทรวงมหาดไทย", "agc": "กรมส่งเสริมการปกครองท้องถิ่น", "plan_name": "ส่งเสริมการกระจายอำนาจให้แก่องค์กรปกครองส่วนท้องถิ่น", "stg_name": "ยุทธศาสตร์การบริหารกิจการบ้านเมืองที่ดี", "objc_level1_name": "งบลงทุน", "compare": [{"bb_amount": 10444000, "bb_province": "มหาสารคาม"}], "gf_amount_sum": 0}
